t_s,kind,id,pos_deg,vel_deg_s,tau_nm,kp,kd,temp_c
0.0015,cmd,3,16.0513,,,0.00,0.00,
0.0016,cmd,4,32.2014,,,0.00,0.00,
0.0022,state,3,16.0513,-1.959,-0.0147,,,37.0
0.0023,state,4,32.2014,-4.757,-0.0293,,,36.0
0.0114,cmd,3,16.0513,,,0.00,0.00,
0.0115,cmd,4,32.2014,,,0.00,0.00,
0.0120,state,3,16.0513,-1.399,-0.0147,,,37.0
0.0121,state,4,32.2014,2.518,-0.0879,,,36.0
0.0213,cmd,3,16.0513,,,0.00,0.00,
0.0214,cmd,4,32.2014,,,0.00,0.00,
0.0219,state,3,16.0513,-3.638,0.0147,,,37.0
0.0220,state,4,32.2014,0.280,-0.0879,,,36.0
0.0313,cmd,3,16.0513,,,0.00,0.00,
0.0314,cmd,4,32.2014,,,0.00,0.00,
0.0320,state,3,16.0513,0.839,-0.0440,,,37.0
0.0320,state,4,32.2014,-3.078,-0.0293,,,36.0
0.0413,cmd,3,16.0513,,,0.00,0.00,
0.0413,cmd,4,32.2014,,,0.00,0.00,
0.0419,state,3,16.0513,1.959,-0.0147,,,37.0
0.0420,state,4,32.2014,-3.638,-0.0293,,,36.0
0.0513,cmd,3,16.0513,,,0.00,0.00,
0.0513,cmd,4,32.2014,,,0.00,0.00,
0.0519,state,3,16.0513,-4.197,-0.0440,,,37.0
0.0520,state,4,32.2014,-3.078,-0.0879,,,36.0
0.0614,cmd,3,16.0513,,,0.00,0.00,
0.0614,cmd,4,32.2014,,,0.00,0.00,
0.0620,state,3,16.0513,4.757,-0.0147,,,37.0
0.0621,state,4,32.2014,2.518,-0.0293,,,36.0
0.0713,cmd,3,16.0513,,,0.00,0.00,
0.0713,cmd,4,32.2014,,,0.00,0.00,
0.0719,state,3,16.0513,-0.280,-0.0147,,,37.0
0.0720,state,4,32.2014,-2.518,-0.0879,,,36.0
0.0813,cmd,3,16.0513,,,0.00,0.00,
0.0814,cmd,4,32.2014,,,0.00,0.00,
0.0819,state,3,16.0513,0.839,-0.0147,,,37.0
0.0820,state,4,32.2014,3.078,-0.0293,,,36.0
0.0913,cmd,3,16.0513,,,0.00,0.00,
0.0913,cmd,4,32.2014,,,0.00,0.00,
0.0919,state,3,16.0513,5.876,-0.0440,,,37.0
0.0920,state,4,32.2234,3.078,-0.0293,,,36.0
0.1012,cmd,3,16.0513,,,0.00,0.00,
0.1013,cmd,4,32.2014,,,0.00,0.00,
0.1018,state,3,16.0513,-1.399,-0.0147,,,37.0
0.1020,state,4,32.2234,4.757,-0.0879,,,36.0
0.1113,cmd,3,16.0513,,,0.00,0.00,
0.1113,cmd,4,32.2234,,,0.00,0.00,
0.1119,state,3,16.0513,-1.959,-0.0147,,,37.0
0.1120,state,4,32.2014,-5.317,-0.0879,,,36.0
0.1213,cmd,3,16.0513,,,0.00,0.00,
0.1213,cmd,4,32.2234,,,0.00,0.00,
0.1219,state,3,16.0513,-4.757,0.0147,,,37.0
0.1220,state,4,32.2014,-4.197,-0.0293,,,36.0
0.1313,cmd,3,16.0513,,,0.00,0.00,
0.1313,cmd,4,32.2014,,,0.00,0.00,
0.1319,state,3,16.0513,-2.518,-0.0147,,,37.0
0.1320,state,4,32.2014,1.399,-0.0293,,,36.0
0.1413,cmd,3,16.0513,,,0.00,0.00,
0.1413,cmd,4,32.2014,,,0.00,0.00,
0.1419,state,3,16.0513,2.518,-0.0147,,,37.0
0.1420,state,4,32.2014,-1.399,-0.0293,,,36.0
0.1513,cmd,3,16.0513,,,0.00,0.00,
0.1513,cmd,4,32.2014,,,0.00,0.00,
0.1519,state,3,16.0513,0.839,-0.0147,,,37.0
0.1520,state,4,32.2014,-1.399,-0.0293,,,36.0
0.1613,cmd,3,16.0513,,,0.00,0.00,
0.1613,cmd,4,32.2014,,,0.00,0.00,
0.1619,state,3,16.0513,2.518,-0.0147,,,37.0
0.1620,state,4,32.2014,2.518,-0.0293,,,36.0
0.1713,cmd,3,16.0513,,,0.00,0.00,
0.1713,cmd,4,32.2014,,,0.00,0.00,
0.1719,state,3,16.0513,1.399,-0.0147,,,37.0
0.1720,state,4,32.2014,5.876,-0.0879,,,36.0
0.1814,cmd,3,16.0513,,,0.00,0.00,
0.1814,cmd,4,32.2014,,,0.00,0.00,
0.1820,state,3,16.0513,3.078,-0.0440,,,37.0
0.1821,state,4,32.2014,-6.436,-0.0293,,,36.0
0.1913,cmd,3,16.0513,,,0.00,0.00,
0.1914,cmd,4,32.2014,,,0.00,0.00,
0.1919,state,3,16.0513,-4.197,0.0147,,,37.0
0.1920,state,4,32.2014,-2.518,-0.0879,,,36.0
0.2013,cmd,3,16.0513,,,0.00,0.00,
0.2013,cmd,4,32.2014,,,0.00,0.00,
0.2019,state,3,16.0513,-1.959,-0.0440,,,37.0
0.2020,state,4,32.2014,1.959,-0.0293,,,36.0
0.2114,cmd,3,16.0513,,,0.00,0.00,
0.2114,cmd,4,32.2014,,,0.00,0.00,
0.2120,state,3,16.0513,-0.280,-0.0440,,,37.0
0.2121,state,4,32.2014,-1.399,-0.0879,,,36.0
0.2213,cmd,3,16.0513,,,0.00,0.00,
0.2213,cmd,4,32.2014,,,0.00,0.00,
0.2219,state,3,16.0513,-1.959,-0.0733,,,37.0
0.2220,state,4,32.2014,1.959,-0.0293,,,36.0
0.2314,cmd,3,16.0513,,,0.00,0.00,
0.2314,cmd,4,32.2014,,,0.00,0.00,
0.2320,state,3,16.0513,-3.078,-0.0147,,,37.0
0.2321,state,4,32.2014,0.839,-0.0879,,,36.0
0.2413,cmd,3,16.0513,,,0.00,0.00,
0.2414,cmd,4,32.2014,,,0.00,0.00,
0.2420,state,3,16.0513,-6.436,-0.0147,,,37.0
0.2421,state,4,32.2014,-3.638,-0.0293,,,36.0
0.2513,cmd,3,16.0513,,,0.00,0.00,
0.2513,cmd,4,32.2014,,,0.00,0.00,
0.2519,state,3,16.0513,-1.959,-0.0733,,,37.0
0.2520,state,4,32.2014,5.876,-0.0293,,,36.0
0.2613,cmd,3,16.0513,,,0.00,0.00,
0.2613,cmd,4,32.2014,,,0.00,0.00,
0.2619,state,3,16.0513,-2.518,-0.0147,,,37.0
0.2620,state,4,32.2014,-4.197,-0.0879,,,36.0
0.2714,cmd,3,16.0513,,,0.00,0.00,
0.2714,cmd,4,32.2014,,,0.00,0.00,
0.2721,state,3,16.0513,-0.839,-0.0440,,,37.0
0.2721,state,4,32.2014,1.959,-0.0293,,,36.0
0.2813,cmd,3,16.0513,,,0.00,0.00,
0.2813,cmd,4,32.2014,,,0.00,0.00,
0.2819,state,3,16.0513,-8.115,-0.0147,,,37.0
0.2820,state,4,32.2014,-0.839,-0.0293,,,36.0
0.2913,cmd,3,16.0513,,,0.00,0.00,
0.2913,cmd,4,32.2014,,,0.00,0.00,
0.2919,state,3,16.0513,6.996,-0.0147,,,37.0
0.2920,state,4,32.2014,0.280,-0.0879,,,36.0
0.3013,cmd,3,16.0513,,,0.00,0.00,
0.3013,cmd,4,32.2014,,,0.00,0.00,
0.3020,state,3,16.0513,3.078,-0.0440,,,37.0
0.3020,state,4,32.2014,-0.839,-0.0293,,,36.0
0.3113,cmd,3,16.0513,,,0.00,0.00,
0.3113,cmd,4,32.2014,,,0.00,0.00,
0.3119,state,3,16.0513,-0.839,-0.0147,,,37.0
0.3120,state,4,32.2014,-0.280,-0.0879,,,36.0
0.3213,cmd,3,16.0513,,,0.00,0.00,
0.3213,cmd,4,32.2014,,,0.00,0.00,
0.3219,state,3,16.0513,-1.399,0.0147,,,37.0
0.3220,state,4,32.2014,2.518,-0.0879,,,36.0
0.3314,cmd,3,16.0513,,,0.00,0.00,
0.3314,cmd,4,32.2014,,,0.00,0.00,
0.3321,state,3,16.0513,5.876,-0.0440,,,37.0
0.3321,state,4,32.2014,-1.959,-0.0293,,,36.0
0.3413,cmd,3,16.0513,,,0.00,0.00,
0.3413,cmd,4,32.2014,,,0.00,0.00,
0.3420,state,3,16.0513,-4.197,-0.0147,,,37.0
0.3420,state,4,32.2014,1.959,-0.0293,,,36.0
0.3513,cmd,3,16.0513,,,0.00,0.00,
0.3513,cmd,4,32.2014,,,0.00,0.00,
0.3519,state,3,16.0513,4.757,-0.0147,,,37.0
0.3520,state,4,32.2014,5.317,-0.0293,,,36.0
0.3613,cmd,3,16.0513,,,0.00,0.00,
0.3613,cmd,4,32.2014,,,0.00,0.00,
0.3619,state,3,16.0513,0.280,-0.0733,,,37.0
0.3620,state,4,32.2014,-3.638,-0.0879,,,36.0
0.3713,cmd,3,16.0513,,,0.00,0.00,
0.3713,cmd,4,32.2014,,,0.00,0.00,
0.3719,state,3,16.0513,-10.913,-0.0440,,,37.0
0.3720,state,4,32.2014,3.638,-0.0293,,,36.0
0.3813,cmd,3,16.0513,,,0.00,0.00,
0.3813,cmd,4,32.2014,,,0.00,0.00,
0.3819,state,3,16.0513,-3.638,-0.0147,,,37.0
0.3820,state,4,32.2014,-2.518,-0.0879,,,36.0
0.3913,cmd,3,16.0513,,,0.00,0.00,
0.3913,cmd,4,32.2014,,,0.00,0.00,
0.3919,state,3,16.0513,0.280,0.0147,,,37.0
0.3921,state,4,32.2014,1.399,-0.0879,,,36.0
0.4013,cmd,3,16.0513,,,0.00,0.00,
0.4013,cmd,4,32.2014,,,0.00,0.00,
0.4019,state,3,16.0513,1.959,-0.0440,,,37.0
0.4020,state,4,32.2014,1.959,-0.0879,,,36.0
0.4114,cmd,3,16.0513,,,0.00,0.00,
0.4115,cmd,4,32.2014,,,0.00,0.00,
0.4121,state,3,16.0513,-3.638,0.0147,,,37.0
0.4121,state,4,32.2014,-2.518,-0.0293,,,36.0
0.4214,cmd,3,16.0513,,,0.00,0.00,
0.4214,cmd,4,32.2014,,,0.00,0.00,
0.4220,state,3,16.0513,0.280,-0.0147,,,37.0
0.4221,state,4,32.2014,-0.280,-0.0879,,,36.0
0.4314,cmd,3,16.0513,,,0.00,0.00,
0.4314,cmd,4,32.2014,,,0.00,0.00,
0.4320,state,3,16.0513,-3.638,-0.0147,,,37.0
0.4321,state,4,32.2014,1.959,-0.0293,,,36.0
0.4413,cmd,3,16.0513,,,0.00,0.00,
0.4414,cmd,4,32.2014,,,0.00,0.00,
0.4420,state,3,16.0513,-2.518,-0.0147,,,37.0
0.4421,state,4,32.2014,0.280,-0.0879,,,36.0
0.4514,cmd,3,16.0513,,,0.00,0.00,
0.4514,cmd,4,32.2014,,,0.00,0.00,
0.4521,state,3,16.0513,-5.317,-0.0147,,,37.0
0.4521,state,4,32.2014,-0.280,-0.0879,,,36.0
0.4614,cmd,3,16.0513,,,0.00,0.00,
0.4614,cmd,4,32.2014,,,0.00,0.00,
0.4620,state,3,16.0513,-0.839,-0.0147,,,37.0
0.4621,state,4,32.2014,-0.839,-0.0879,,,36.0
0.4715,cmd,3,16.0513,,,0.00,0.00,
0.4715,cmd,4,32.2014,,,0.00,0.00,
0.4721,state,3,16.0513,0.280,0.0147,,,37.0
0.4721,state,4,32.2014,-2.518,-0.0293,,,36.0
0.4815,cmd,3,16.0513,,,0.00,0.00,
0.4815,cmd,4,32.2014,,,0.00,0.00,
0.4820,state,3,16.0513,-5.317,-0.0147,,,37.0
0.4821,state,4,32.2014,-3.078,-0.0879,,,36.0
0.4914,cmd,3,16.0513,,,0.00,0.00,
0.4914,cmd,4,32.2014,,,0.00,0.00,
0.4921,state,3,16.0513,-1.959,0.0147,,,37.0
0.4921,state,4,32.2014,0.839,-0.0879,,,36.0
0.5015,cmd,3,16.0513,,,0.00,0.00,
0.5015,cmd,4,32.2014,,,0.00,0.00,
0.5020,state,3,16.0513,2.518,0.0147,,,37.0
0.5021,state,4,32.2014,0.839,-0.0879,,,36.0
0.5114,cmd,3,16.0513,,,0.00,0.00,
0.5115,cmd,4,32.2014,,,0.00,0.00,
0.5120,state,3,16.0513,3.638,-0.0147,,,37.0
0.5121,state,4,32.2014,0.280,-0.0879,,,36.0
0.5214,cmd,3,16.0513,,,0.00,0.00,
0.5214,cmd,4,32.2014,,,0.00,0.00,
0.5219,state,3,16.0513,-0.280,-0.0440,,,37.0
0.5220,state,4,32.2014,-4.757,-0.0879,,,36.0
0.5314,cmd,3,16.0513,,,0.00,0.00,
0.5314,cmd,4,32.2014,,,0.00,0.00,
0.5320,state,3,16.0513,5.317,-0.0147,,,37.0
0.5321,state,4,32.2234,1.959,-0.0879,,,36.0
0.5414,cmd,3,16.0513,,,0.00,0.00,
0.5414,cmd,4,32.2014,,,0.00,0.00,
0.5420,state,3,16.0513,0.280,-0.0147,,,37.0
0.5421,state,4,32.2014,-4.757,-0.0879,,,36.0
0.5516,cmd,3,16.0513,,,0.00,0.00,
0.5516,cmd,4,32.2234,,,0.00,0.00,
0.5521,state,3,16.0513,1.399,-0.0440,,,37.0
0.5523,state,4,32.2014,-8.675,-0.0293,,,36.0
0.5614,cmd,3,16.0513,,,0.00,0.00,
0.5615,cmd,4,32.2014,,,0.00,0.00,
0.5620,state,3,16.0513,-3.078,-0.0440,,,37.0
0.5621,state,4,32.2014,-5.317,-0.0293,,,36.0
0.5714,cmd,3,16.0513,,,0.00,0.00,
0.5714,cmd,4,32.2014,,,0.00,0.00,
0.5720,state,3,16.0513,-6.436,-0.0440,,,37.0
0.5721,state,4,32.2014,-2.518,-0.0293,,,36.0
0.5814,cmd,3,16.0513,,,0.00,0.00,
0.5815,cmd,4,32.2014,,,0.00,0.00,
0.5821,state,3,16.0513,-1.399,-0.0440,,,37.0
0.5822,state,4,32.2014,-0.839,-0.1465,,,36.0
0.5915,cmd,3,16.0513,,,0.00,0.00,
0.5915,cmd,4,32.2014,,,0.00,0.00,
0.5921,state,3,16.0513,5.876,-0.0440,,,37.0
0.5921,state,4,32.2234,3.078,-0.0879,,,36.0
0.6014,cmd,3,16.0513,,,0.00,0.00,
0.6014,cmd,4,32.2014,,,0.00,0.00,
0.6021,state,3,16.0513,-3.078,-0.0440,,,37.0
0.6021,state,4,32.2014,1.959,-0.0293,,,36.0
0.6114,cmd,3,16.0513,,,0.00,0.00,
0.6115,cmd,4,32.2234,,,0.00,0.00,
0.6121,state,3,16.0513,-4.757,-0.0440,,,37.0
0.6121,state,4,32.2014,0.839,-0.0293,,,36.0
0.6214,cmd,3,16.0513,,,0.00,0.00,
0.6214,cmd,4,32.2014,,,0.00,0.00,
0.6220,state,3,16.0513,-5.876,-0.0147,,,37.0
0.6221,state,4,32.2014,-3.078,-0.0879,,,36.0
0.6314,cmd,3,16.0513,,,0.00,0.00,
0.6314,cmd,4,32.2014,,,0.00,0.00,
0.6320,state,3,16.0513,1.959,-0.0147,,,37.0
0.6321,state,4,32.2014,-2.518,-0.0293,,,36.0
0.6414,cmd,3,16.0513,,,0.00,0.00,
0.6414,cmd,4,32.2014,,,0.00,0.00,
0.6421,state,3,16.0513,1.959,0.0147,,,37.0
0.6421,state,4,32.2014,-0.280,-0.0293,,,36.0
0.6514,cmd,3,16.0513,,,0.00,0.00,
0.6514,cmd,4,32.2014,,,0.00,0.00,
0.6520,state,3,16.0513,2.518,-0.0147,,,37.0
0.6521,state,4,32.2014,2.518,-0.0293,,,36.0
0.6614,cmd,3,16.0513,,,0.00,0.00,
0.6614,cmd,4,32.2014,,,0.00,0.00,
0.6621,state,3,16.0513,-3.078,-0.0147,,,37.0
0.6621,state,4,32.2014,-0.839,-0.0879,,,36.0
0.6715,cmd,3,16.0513,,,0.00,0.00,
0.6715,cmd,4,32.2014,,,0.00,0.00,
0.6719,state,3,16.0513,5.876,-0.0733,,,37.0
0.6721,state,4,32.2014,-3.638,-0.0879,,,36.0
0.6814,cmd,3,16.0513,,,0.00,0.00,
0.6814,cmd,4,32.2014,,,0.00,0.00,
0.6820,state,3,16.0513,-1.959,-0.0440,,,37.0
0.6821,state,4,32.2014,0.839,-0.0293,,,36.0
0.6915,cmd,3,16.0513,,,0.00,0.00,
0.6915,cmd,4,32.2014,,,0.00,0.00,
0.6919,state,3,16.0513,4.757,-0.0147,,,37.0
0.6921,state,4,32.2014,-3.638,-0.0879,,,36.0
0.7014,cmd,3,16.0513,,,0.00,0.00,
0.7014,cmd,4,32.2014,,,0.00,0.00,
0.7020,state,3,16.0513,-4.757,-0.0147,,,37.0
0.7021,state,4,32.2014,-1.399,-0.0879,,,36.0
0.7114,cmd,3,16.0513,,,0.00,0.00,
0.7114,cmd,4,32.2014,,,0.00,0.00,
0.7120,state,3,16.0513,-3.078,-0.0147,,,37.0
0.7121,state,4,32.2014,0.280,-0.0879,,,36.0
0.7214,cmd,3,16.0513,,,0.00,0.00,
0.7214,cmd,4,32.2014,,,0.00,0.00,
0.7221,state,3,16.0513,-1.399,-0.0440,,,37.0
0.7221,state,4,32.2014,-4.197,-0.0293,,,36.0
0.7314,cmd,3,16.0513,,,0.00,0.00,
0.7314,cmd,4,32.2014,,,0.00,0.00,
0.7321,state,3,16.0513,3.638,-0.0440,,,37.0
0.7321,state,4,32.2014,2.518,-0.0879,,,36.0
0.7414,cmd,3,16.0513,,,0.00,0.00,
0.7414,cmd,4,32.2014,,,0.00,0.00,
0.7421,state,3,16.0513,-5.876,-0.0440,,,37.0
0.7421,state,4,32.2014,-0.280,-0.0879,,,36.0
0.7514,cmd,3,16.0513,,,0.00,0.00,
0.7514,cmd,4,32.2014,,,0.00,0.00,
0.7521,state,3,16.0513,4.757,-0.0733,,,37.0
0.7521,state,4,32.2014,1.399,-0.0879,,,36.0
0.7614,cmd,3,16.0513,,,0.00,0.00,
0.7615,cmd,4,32.2014,,,0.00,0.00,
0.7620,state,3,16.0513,4.757,-0.0440,,,37.0
0.7621,state,4,32.2014,-3.078,-0.0879,,,36.0
0.7714,cmd,3,16.0513,,,0.00,0.00,
0.7714,cmd,4,32.2014,,,0.00,0.00,
0.7721,state,3,16.0513,1.959,-0.0147,,,37.0
0.7721,state,4,32.2234,-1.399,-0.0293,,,36.0
0.7814,cmd,3,16.0513,,,0.00,0.00,
0.7814,cmd,4,32.2014,,,0.00,0.00,
0.7821,state,3,16.0513,-4.757,-0.0147,,,37.0
0.7822,state,4,32.2014,1.959,-0.0879,,,36.0
0.7914,cmd,3,16.0513,,,0.00,0.00,
0.7915,cmd,4,32.2234,,,0.00,0.00,
0.7920,state,3,16.0513,0.839,-0.0147,,,37.0
0.7922,state,4,32.2014,-0.280,-0.0293,,,36.0
0.8014,cmd,3,16.0513,,,0.00,0.00,
0.8014,cmd,4,32.2014,,,0.00,0.00,
0.8021,state,3,16.0513,5.317,-0.0147,,,37.0
0.8021,state,4,32.2014,-0.839,-0.0293,,,36.0
0.8114,cmd,3,16.0513,,,0.00,0.00,
0.8114,cmd,4,32.2014,,,0.00,0.00,
0.8121,state,3,16.0513,6.436,-0.0440,,,37.0
0.8121,state,4,32.2014,-0.839,-0.0879,,,36.0
0.8214,cmd,3,16.0513,,,0.00,0.00,
0.8215,cmd,4,32.2014,,,0.00,0.00,
0.8221,state,3,16.0513,-2.518,-0.0440,,,37.0
0.8221,state,4,32.2014,-1.399,-0.0879,,,36.0
0.8314,cmd,3,16.0513,,,0.00,0.00,
0.8314,cmd,4,32.2014,,,0.00,0.00,
0.8321,state,3,16.0513,1.959,-0.0733,,,37.0
0.8321,state,4,32.2014,-0.839,-0.0293,,,36.0
0.8414,cmd,3,16.0513,,,0.00,0.00,
0.8414,cmd,4,32.2014,,,0.00,0.00,
0.8421,state,3,16.0513,-1.399,-0.0147,,,37.0
0.8421,state,4,32.2014,1.959,-0.0879,,,36.0
0.8515,cmd,3,16.0513,,,0.00,0.00,
0.8515,cmd,4,32.2014,,,0.00,0.00,
0.8521,state,3,16.0513,-0.280,-0.0147,,,37.0
0.8522,state,4,32.2014,-0.280,-0.0879,,,36.0
0.8614,cmd,3,16.0513,,,0.00,0.00,
0.8614,cmd,4,32.2014,,,0.00,0.00,
0.8621,state,3,16.0513,0.839,-0.0440,,,37.0
0.8621,state,4,32.2014,-3.078,-0.0293,,,36.0
0.8714,cmd,3,16.0513,,,0.00,0.00,
0.8714,cmd,4,32.2014,,,0.00,0.00,
0.8721,state,3,16.0513,0.839,-0.0440,,,37.0
0.8721,state,4,32.2014,1.959,-0.0879,,,36.0
0.8815,cmd,3,16.0513,,,0.00,0.00,
0.8815,cmd,4,32.2014,,,0.00,0.00,
0.8819,state,3,16.0513,-0.280,0.0147,,,37.0
0.8822,state,4,32.2014,4.197,-0.0293,,,36.0
0.8914,cmd,3,16.0513,,,0.00,0.00,
0.8914,cmd,4,32.2014,,,0.00,0.00,
0.8920,state,3,16.0513,5.317,-0.0147,,,37.0
0.8921,state,4,32.2014,-0.839,-0.0879,,,36.0
0.9014,cmd,3,16.0513,,,0.00,0.00,
0.9014,cmd,4,32.2014,,,0.00,0.00,
0.9021,state,3,16.0513,-5.876,-0.0147,,,37.0
0.9021,state,4,32.2014,-2.518,-0.0879,,,36.0
0.9115,cmd,3,16.0513,,,0.00,0.00,
0.9115,cmd,4,32.2014,,,0.00,0.00,
0.9121,state,3,16.0513,0.280,-0.0147,,,37.0
0.9122,state,4,32.2014,5.317,-0.0293,,,36.0
0.9215,cmd,3,16.0513,,,0.00,0.00,
0.9215,cmd,4,32.2014,,,0.00,0.00,
0.9221,state,3,16.0513,-1.959,-0.0147,,,37.0
0.9222,state,4,32.2014,-3.078,-0.0293,,,36.0
0.9314,cmd,3,16.0513,,,0.00,0.00,
0.9314,cmd,4,32.2014,,,0.00,0.00,
0.9321,state,3,16.0513,7.555,-0.0440,,,37.0
0.9321,state,4,32.2014,-0.839,-0.0879,,,36.0
0.9416,cmd,3,16.0513,,,0.00,0.00,
0.9416,cmd,4,32.2014,,,0.00,0.00,
0.9421,state,3,16.0513,-1.399,-0.0147,,,37.0
0.9427,state,4,32.2014,-3.078,-0.0879,,,36.0
0.9515,cmd,3,16.0513,,,0.00,0.00,
0.9515,cmd,4,32.2014,,,0.00,0.00,
0.9520,state,3,16.0513,-3.638,-0.0147,,,37.0
0.9522,state,4,32.2014,0.839,-0.0293,,,36.0
0.9614,cmd,3,16.0513,,,0.00,0.00,
0.9615,cmd,4,32.2014,,,0.00,0.00,
0.9621,state,3,16.0513,1.399,-0.0733,,,37.0
0.9621,state,4,32.2014,-2.518,-0.0293,,,36.0
0.9716,cmd,3,16.0513,,,0.00,0.00,
0.9716,cmd,4,32.2014,,,0.00,0.00,
0.9721,state,3,16.0513,-3.078,-0.0147,,,37.0
0.9723,state,4,32.2014,4.197,-0.0879,,,36.0
0.9815,cmd,3,16.0513,,,0.00,0.00,
0.9815,cmd,4,32.2014,,,0.00,0.00,
0.9821,state,3,16.0513,0.839,-0.0147,,,37.0
0.9821,state,4,32.2014,-1.399,-0.0879,,,36.0
0.9914,cmd,3,16.0513,,,0.00,0.00,
0.9915,cmd,4,32.2014,,,0.00,0.00,
0.9921,state,3,16.0513,-0.839,-0.0440,,,37.0
0.9922,state,4,32.2014,-1.399,-0.0879,,,36.0
1.0015,cmd,3,16.0513,,,0.00,0.00,
1.0015,cmd,4,32.2014,,,0.00,0.00,
1.0021,state,3,16.0513,-0.839,-0.0440,,,37.0
1.0022,state,4,32.2014,-5.876,-0.0879,,,36.0
1.0115,cmd,3,16.0513,,,0.00,0.00,
1.0115,cmd,4,32.2014,,,0.00,0.00,
1.0121,state,3,16.0513,0.280,-0.0147,,,37.0
1.0122,state,4,32.2014,-1.399,-0.0879,,,36.0
1.0214,cmd,3,16.0513,,,0.00,0.00,
1.0214,cmd,4,32.2014,,,0.00,0.00,
1.0221,state,3,16.0513,-0.280,-0.0733,,,37.0
1.0221,state,4,32.2014,0.839,-0.0879,,,36.0
1.0315,cmd,3,16.0513,,,0.00,0.00,
1.0315,cmd,4,32.2014,,,0.00,0.00,
1.0321,state,3,16.0513,0.280,-0.0440,,,37.0
1.0322,state,4,32.2014,-0.280,-0.0293,,,36.0
1.0414,cmd,3,16.0513,,,0.00,0.00,
1.0414,cmd,4,32.2014,,,0.00,0.00,
1.0420,state,3,16.0513,4.197,-0.0147,,,37.0
1.0422,state,4,32.2014,-2.518,-0.0293,,,36.0
1.0514,cmd,3,16.0513,,,0.00,0.00,
1.0514,cmd,4,32.2014,,,0.00,0.00,
1.0521,state,3,16.0513,-4.757,-0.0440,,,37.0
1.0522,state,4,32.2014,-5.317,-0.0293,,,36.0
1.0616,cmd,3,16.0513,,,0.00,0.00,
1.0616,cmd,4,32.2014,,,0.00,0.00,
1.0622,state,3,16.0513,-2.518,-0.0440,,,37.0
1.0623,state,4,32.2014,0.280,-0.0879,,,36.0
1.0714,cmd,3,16.0513,,,0.00,0.00,
1.0715,cmd,4,32.2014,,,0.00,0.00,
1.0721,state,3,16.0513,0.280,-0.0147,,,37.0
1.0721,state,4,32.2234,0.280,-0.0293,,,36.0
1.0815,cmd,3,16.0513,,,0.00,0.00,
1.0816,cmd,4,32.2014,,,0.00,0.00,
1.0821,state,3,16.0513,-6.436,-0.0147,,,37.0
1.0822,state,4,32.2014,-0.839,-0.0293,,,36.0
1.0915,cmd,3,16.0513,,,0.00,0.00,
1.0915,cmd,4,32.2234,,,0.00,0.00,
1.0921,state,3,16.0513,-1.959,-0.0440,,,37.0
1.0922,state,4,32.2014,0.839,-0.0879,,,36.0
1.1015,cmd,3,16.0513,,,0.00,0.00,
1.1016,cmd,4,32.2014,,,0.00,0.00,
1.1022,state,3,16.0513,-0.839,-0.0440,,,37.0
1.1023,state,4,32.2014,1.959,-0.0293,,,36.0
1.1114,cmd,3,16.0513,,,0.00,0.00,
1.1115,cmd,4,32.2014,,,0.00,0.00,
1.1121,state,3,16.0513,-3.078,0.0147,,,37.0
1.1122,state,4,32.2014,-1.399,-0.0879,,,36.0
1.1215,cmd,3,16.0513,,,0.00,0.00,
1.1215,cmd,4,32.2014,,,0.00,0.00,
1.1221,state,3,16.0513,1.399,-0.0440,,,37.0
1.1222,state,4,32.2014,-1.399,-0.0293,,,36.0
1.1315,cmd,3,16.0513,,,0.00,0.00,
1.1315,cmd,4,32.2014,,,0.00,0.00,
1.1321,state,3,16.0513,-1.959,0.0147,,,37.0
1.1322,state,4,32.2014,0.280,-0.0293,,,36.0
1.1415,cmd,3,16.0513,,,0.00,0.00,
1.1416,cmd,4,32.2014,,,0.00,0.00,
1.1421,state,3,16.0513,-2.518,-0.0733,,,37.0
1.1422,state,4,32.2014,-1.959,-0.0879,,,36.0
1.1515,cmd,3,16.0513,,,0.00,0.00,
1.1515,cmd,4,32.2014,,,0.00,0.00,
1.1521,state,3,16.0513,-3.638,-0.0440,,,37.0
1.1522,state,4,32.2014,-3.078,-0.0879,,,36.0
1.1614,cmd,3,16.0513,,,0.00,0.00,
1.1615,cmd,4,32.2014,,,0.00,0.00,
1.1621,state,3,16.0513,3.078,-0.0440,,,37.0
1.1622,state,4,32.2234,0.839,-0.0293,,,36.0
1.1715,cmd,3,16.0513,,,0.00,0.00,
1.1716,cmd,4,32.2014,,,0.00,0.00,
1.1721,state,3,16.0513,4.757,-0.0147,,,37.0
1.1722,state,4,32.2014,-3.078,-0.0879,,,36.0
1.1815,cmd,3,16.0513,,,0.00,0.00,
1.1816,cmd,4,32.2234,,,0.00,0.00,
1.1821,state,3,16.0513,6.436,0.0147,,,37.0
1.1822,state,4,32.2014,0.839,-0.0293,,,36.0
1.1915,cmd,3,16.0513,,,0.00,0.00,
1.1916,cmd,4,32.2014,,,0.00,0.00,
1.1921,state,3,16.0513,8.115,-0.0440,,,37.0
1.1922,state,4,32.2014,-0.280,-0.0293,,,36.0
1.2015,cmd,3,16.0513,,,0.00,0.00,
1.2015,cmd,4,32.2014,,,0.00,0.00,
1.2021,state,3,16.0513,0.280,-0.0147,,,37.0
1.2022,state,4,32.2014,-4.757,-0.0293,,,36.0
1.2116,cmd,3,16.0513,,,0.00,0.00,
1.2116,cmd,4,32.2014,,,0.00,0.00,
1.2121,state,3,16.0513,1.399,-0.0440,,,37.0
1.2122,state,4,32.2014,0.839,-0.0879,,,36.0
1.2215,cmd,3,16.0513,,,0.00,0.00,
1.2215,cmd,4,32.2014,,,0.00,0.00,
1.2220,state,3,16.0513,-1.399,-0.0147,,,37.0
1.2221,state,4,32.2014,0.839,-0.0879,,,36.0
1.2315,cmd,3,16.0513,,,0.00,0.00,
1.2315,cmd,4,32.2014,,,0.00,0.00,
1.2320,state,3,16.0513,0.280,-0.0440,,,37.0
1.2321,state,4,32.2014,-4.757,-0.0879,,,36.0
1.2415,cmd,3,16.0513,,,0.00,0.00,
1.2415,cmd,4,32.2014,,,0.00,0.00,
1.2421,state,3,16.0513,-5.876,-0.0733,,,37.0
1.2422,state,4,32.2014,-5.876,-0.0879,,,36.0
1.2515,cmd,3,16.0513,,,0.00,0.00,
1.2515,cmd,4,32.2014,,,0.00,0.00,
1.2521,state,3,16.0513,-5.876,0.0147,,,37.0
1.2521,state,4,32.2014,1.959,-0.0879,,,36.0
1.2615,cmd,3,16.0513,,,0.00,0.00,
1.2615,cmd,4,32.2014,,,0.00,0.00,
1.2621,state,3,16.0513,-0.280,0.0147,,,37.0
1.2622,state,4,32.2014,3.078,-0.0293,,,36.0
1.2716,cmd,3,16.0513,,,0.00,0.00,
1.2716,cmd,4,32.2014,,,0.00,0.00,
1.2722,state,3,16.0513,3.638,-0.0440,,,37.0
1.2723,state,4,32.2014,-0.839,-0.0879,,,36.0
1.2815,cmd,3,16.0513,,,0.00,0.00,
1.2815,cmd,4,32.2014,,,0.00,0.00,
1.2821,state,3,16.0513,-0.280,-0.0440,,,37.0
1.2822,state,4,32.2014,7.555,-0.0879,,,36.0
1.2914,cmd,3,16.0513,,,0.00,0.00,
1.2915,cmd,4,32.2014,,,0.00,0.00,
1.2921,state,3,16.0513,-0.280,-0.0440,,,37.0
1.2921,state,4,32.2014,-1.959,-0.0879,,,36.0
1.3015,cmd,3,16.0513,,,0.00,0.00,
1.3016,cmd,4,32.2014,,,0.00,0.00,
1.3021,state,3,16.0513,-4.197,-0.0440,,,37.0
1.3022,state,4,32.2014,-8.675,-0.0879,,,36.0
1.3115,cmd,3,16.0513,,,0.00,0.00,
1.3115,cmd,4,32.2014,,,0.00,0.00,
1.3121,state,3,16.0513,1.399,-0.0733,,,37.0
1.3122,state,4,32.2014,-0.280,-0.0293,,,36.0
1.3215,cmd,3,16.0513,,,0.00,0.00,
1.3215,cmd,4,32.2014,,,0.00,0.00,
1.3221,state,3,16.0513,1.959,-0.0440,,,37.0
1.3222,state,4,32.2014,-0.839,-0.0293,,,36.0
1.3316,cmd,3,16.0513,,,0.00,0.00,
1.3316,cmd,4,32.2014,,,0.00,0.00,
1.3322,state,3,16.0513,0.839,-0.0440,,,37.0
1.3323,state,4,32.2014,-2.518,-0.0293,,,36.0
1.3415,cmd,3,16.0513,,,0.00,0.00,
1.3415,cmd,4,32.2014,,,0.00,0.00,
1.3421,state,3,16.0513,-3.078,-0.0440,,,37.0
1.3422,state,4,32.2014,5.317,-0.0879,,,36.0
1.3515,cmd,3,16.0513,,,0.00,0.00,
1.3515,cmd,4,32.2014,,,0.00,0.00,
1.3521,state,3,16.0513,-5.876,-0.0733,,,37.0
1.3522,state,4,32.2014,4.197,-0.0293,,,36.0
1.3616,cmd,3,16.0513,,,0.00,0.00,
1.3617,cmd,4,32.2014,,,0.00,0.00,
1.3622,state,3,16.0513,0.839,-0.0147,,,37.0
1.3623,state,4,32.2014,-2.518,-0.0879,,,36.0
1.3716,cmd,3,16.0513,,,0.00,0.00,
1.3716,cmd,4,32.2014,,,0.00,0.00,
1.3722,state,3,16.0513,5.317,-0.0440,,,37.0
1.3723,state,4,32.2014,-2.518,-0.0879,,,36.0
1.3816,cmd,3,16.0513,,,0.00,0.00,
1.3816,cmd,4,32.2014,,,0.00,0.00,
1.3821,state,3,16.0513,0.280,-0.0440,,,37.0
1.3822,state,4,32.2014,-0.839,-0.0293,,,36.0
1.3916,cmd,3,16.0513,,,0.00,0.00,
1.3916,cmd,4,32.2014,,,0.00,0.00,
1.3921,state,3,16.0513,-2.518,-0.0733,,,37.0
1.3922,state,4,32.2014,-4.757,-0.0879,,,36.0
1.4015,cmd,3,16.0513,,,0.00,0.00,
1.4015,cmd,4,32.2014,,,0.00,0.00,
1.4021,state,3,16.0513,4.757,-0.0440,,,37.0
1.4022,state,4,32.2014,-3.638,-0.0879,,,36.0
1.4115,cmd,3,16.0513,,,0.00,0.00,
1.4115,cmd,4,32.2014,,,0.00,0.00,
1.4121,state,3,16.0513,-1.399,-0.0440,,,37.0
1.4122,state,4,32.2014,-1.399,-0.0879,,,36.0
1.4216,cmd,3,16.0513,,,0.00,0.00,
1.4216,cmd,4,32.2014,,,0.00,0.00,
1.4222,state,3,16.0513,-1.959,-0.0147,,,37.0
1.4223,state,4,32.2014,2.518,-0.0879,,,36.0
1.4315,cmd,3,16.0513,,,0.00,0.00,
1.4315,cmd,4,32.2014,,,0.00,0.00,
1.4321,state,3,16.0513,-2.518,-0.0147,,,37.0
1.4322,state,4,32.2014,-5.876,-0.0293,,,36.0
1.4416,cmd,3,16.0513,,,0.00,0.00,
1.4416,cmd,4,32.2014,,,0.00,0.00,
1.4421,state,3,16.0513,-6.996,-0.0440,,,37.0
1.4423,state,4,32.2234,3.078,-0.0293,,,36.0
1.4516,cmd,3,16.0513,,,0.00,0.00,
1.4516,cmd,4,32.2014,,,0.00,0.00,
1.4522,state,3,16.0513,-0.839,-0.0440,,,37.0
1.4522,state,4,32.2014,6.436,-0.0879,,,36.0
1.4616,cmd,3,16.0513,,,0.00,0.00,
1.4616,cmd,4,32.2234,,,0.00,0.00,
1.4621,state,3,16.0513,-2.518,-0.0440,,,37.0
1.4622,state,4,32.2014,-1.399,-0.0879,,,36.0
1.4715,cmd,3,16.0513,,,0.00,0.00,
1.4716,cmd,4,32.2014,,,0.00,0.00,
1.4721,state,3,16.0513,-4.197,-0.0440,,,37.0
1.4722,state,4,32.2014,1.399,-0.0293,,,36.0
1.4816,cmd,3,16.0513,,,0.00,0.00,
1.4817,cmd,4,32.2014,,,0.00,0.00,
1.4822,state,3,16.0513,-2.518,-0.0440,,,37.0
1.4823,state,4,32.2234,6.436,-0.0879,,,36.0
1.4915,cmd,3,16.0513,,,0.00,0.00,
1.4915,cmd,4,32.2014,,,0.00,0.00,
1.4921,state,3,16.0513,-4.757,-0.0440,,,37.0
1.4922,state,4,32.2014,4.757,-0.0879,,,36.0
1.5015,cmd,3,16.0513,,,0.00,0.00,
1.5016,cmd,4,32.2234,,,0.00,0.00,
1.5021,state,3,16.0513,-5.876,-0.0147,,,37.0
1.5022,state,4,32.2014,1.399,-0.0293,,,36.0
1.5116,cmd,3,16.0513,,,0.00,0.00,
1.5116,cmd,4,32.2014,,,0.00,0.00,
1.5121,state,3,16.0513,0.280,-0.0440,,,37.0
1.5122,state,4,32.2014,1.399,-0.0293,,,36.0
1.5216,cmd,3,16.0513,,,0.00,0.00,
1.5216,cmd,4,32.2014,,,0.00,0.00,
1.5221,state,3,16.0513,5.317,-0.0733,,,37.0
1.5222,state,4,32.2014,-1.959,-0.0879,,,36.0
1.5315,cmd,3,16.0513,,,0.00,0.00,
1.5316,cmd,4,32.2014,,,0.00,0.00,
1.5321,state,3,16.0513,-0.280,-0.0147,,,37.0
1.5322,state,4,32.2014,4.197,-0.0293,,,36.0
1.5416,cmd,3,16.0513,,,0.00,0.00,
1.5417,cmd,4,32.2014,,,0.00,0.00,
1.5422,state,3,16.0513,0.280,-0.0440,,,37.0
1.5423,state,4,32.2014,-3.638,-0.0293,,,36.0
1.5515,cmd,3,16.0513,,,0.00,0.00,
1.5515,cmd,4,32.2014,,,0.00,0.00,
1.5521,state,3,16.0513,9.234,-0.0147,,,37.0
1.5522,state,4,32.2234,1.959,-0.0293,,,36.0
1.5616,cmd,3,16.0513,,,0.00,0.00,
1.5616,cmd,4,32.2014,,,0.00,0.00,
1.5622,state,3,16.0513,2.518,-0.0147,,,37.0
1.5623,state,4,32.2014,0.839,-0.0293,,,36.0
1.5716,cmd,3,16.0513,,,0.00,0.00,
1.5716,cmd,4,32.2234,,,0.00,0.00,
1.5722,state,3,16.0513,7.555,-0.0440,,,37.0
1.5723,state,4,32.2014,2.518,-0.0879,,,36.0
1.5816,cmd,3,16.0513,,,0.00,0.00,
1.5816,cmd,4,32.2014,,,0.00,0.00,
1.5822,state,3,16.0513,4.197,0.0147,,,37.0
1.5822,state,4,32.2014,0.839,-0.0293,,,36.0
1.5915,cmd,3,16.0513,,,0.00,0.00,
1.5915,cmd,4,32.2014,,,0.00,0.00,
1.5921,state,3,16.0513,4.757,-0.0440,,,37.0
1.5922,state,4,32.2234,1.399,-0.0879,,,36.0
1.6016,cmd,3,16.0513,,,0.00,0.00,
1.6016,cmd,4,32.2014,,,0.00,0.00,
1.6022,state,3,16.0513,1.399,0.0147,,,37.0
1.6023,state,4,32.2014,-2.518,-0.1465,,,36.0
1.6115,cmd,3,16.0513,,,0.00,0.00,
1.6116,cmd,4,32.2234,,,0.00,0.00,
1.6122,state,3,16.0513,-1.399,-0.0733,,,37.0
1.6123,state,4,32.2014,-4.197,-0.0293,,,36.0
1.6216,cmd,3,16.0513,,,0.00,0.00,
1.6216,cmd,4,32.2014,,,0.00,0.00,
1.6222,state,3,16.0513,3.638,-0.0440,,,37.0
1.6223,state,4,32.2014,3.638,-0.0293,,,36.0
1.6316,cmd,3,16.0513,,,0.00,0.00,
1.6316,cmd,4,32.2014,,,0.00,0.00,
1.6322,state,3,16.0513,-1.959,-0.0440,,,37.0
1.6323,state,4,32.2014,3.638,-0.0293,,,36.0
1.6415,cmd,3,16.0513,,,0.00,0.00,
1.6416,cmd,4,32.2014,,,0.00,0.00,
1.6422,state,3,16.0513,-5.317,-0.0440,,,37.0
1.6423,state,4,32.2014,3.638,-0.0293,,,36.0
1.6516,cmd,3,16.0513,,,0.00,0.00,
1.6516,cmd,4,32.2014,,,0.00,0.00,
1.6522,state,3,16.0513,0.280,-0.0440,,,37.0
1.6523,state,4,32.2014,-3.638,-0.0293,,,36.0
1.6616,cmd,3,16.0513,,,0.00,0.00,
1.6616,cmd,4,32.2014,,,0.00,0.00,
1.6622,state,3,16.0513,-0.839,-0.0147,,,37.0
1.6623,state,4,32.2014,1.959,-0.0293,,,36.0
1.6715,cmd,3,16.0513,,,0.00,0.00,
1.6716,cmd,4,32.2014,,,0.00,0.00,
1.6722,state,3,16.0513,-5.876,0.0147,,,37.0
1.6723,state,4,32.2014,-5.876,-0.0293,,,36.0
1.6816,cmd,3,16.0513,,,0.00,0.00,
1.6816,cmd,4,32.2014,,,0.00,0.00,
1.6822,state,3,16.0513,-0.280,-0.0147,,,37.0
1.6823,state,4,32.2014,-3.638,-0.0879,,,36.0
1.6916,cmd,3,16.0513,,,0.00,0.00,
1.6916,cmd,4,32.2014,,,0.00,0.00,
1.6922,state,3,16.0513,-4.197,-0.0147,,,37.0
1.6923,state,4,32.2014,1.399,-0.0879,,,36.0
1.7016,cmd,3,16.0513,,,0.00,0.00,
1.7016,cmd,4,32.2014,,,0.00,0.00,
1.7021,state,3,16.0513,4.197,-0.0440,,,37.0
1.7022,state,4,32.2014,-4.757,-0.0293,,,36.0
1.7115,cmd,3,16.0513,,,0.00,0.00,
1.7116,cmd,4,32.2014,,,0.00,0.00,
1.7121,state,3,16.0513,-4.757,-0.0440,,,37.0
1.7122,state,4,32.2014,0.280,-0.0293,,,36.0
1.7216,cmd,3,16.0513,,,0.00,0.00,
1.7216,cmd,4,32.2014,,,0.00,0.00,
1.7222,state,3,16.0513,-3.638,-0.0147,,,37.0
1.7223,state,4,32.2014,0.280,-0.0293,,,36.0
1.7316,cmd,3,16.0513,,,0.00,0.00,
1.7316,cmd,4,32.2014,,,0.00,0.00,
1.7322,state,3,16.0513,0.280,-0.0440,,,37.0
1.7323,state,4,32.2014,1.399,-0.0293,,,36.0
1.7416,cmd,3,16.0513,,,0.00,0.00,
1.7416,cmd,4,32.2014,,,0.00,0.00,
1.7422,state,3,16.0513,-2.518,-0.0440,,,37.0
1.7422,state,4,32.2014,4.757,-0.0879,,,36.0
1.7518,cmd,3,16.0513,,,0.00,0.00,
1.7518,cmd,4,32.2014,,,0.00,0.00,
1.7524,state,3,16.0513,-4.197,-0.0440,,,37.0
1.7525,state,4,32.2014,-1.959,-0.0293,,,36.0
1.7618,cmd,3,16.0513,,,0.00,0.00,
1.7618,cmd,4,32.2014,,,0.00,0.00,
1.7624,state,3,16.0513,-8.115,-0.0147,,,37.0
1.7624,state,4,32.2014,-0.839,-0.0879,,,36.0
1.7716,cmd,3,16.0513,,,0.00,0.00,
1.7717,cmd,4,32.2014,,,0.00,0.00,
1.7722,state,3,16.0513,4.757,-0.0440,,,37.0
1.7723,state,4,32.2014,1.959,-0.0879,,,36.0
1.7817,cmd,3,16.0513,,,0.00,0.00,
1.7817,cmd,4,32.2014,,,0.00,0.00,
1.7822,state,3,16.0513,5.317,-0.0733,,,37.0
1.7823,state,4,32.2014,3.638,-0.0293,,,36.0
1.7916,cmd,3,16.0513,,,0.00,0.00,
1.7916,cmd,4,32.2014,,,0.00,0.00,
1.7922,state,3,16.0513,-4.197,-0.0147,,,37.0
1.7923,state,4,32.2014,-1.399,-0.0293,,,36.0
1.8016,cmd,3,16.0513,,,0.00,0.00,
1.8016,cmd,4,32.2014,,,0.00,0.00,
1.8022,state,3,16.0513,-9.794,-0.0147,,,37.0
1.8023,state,4,32.2014,2.518,-0.0293,,,36.0
1.8116,cmd,3,16.0513,,,0.00,0.00,
1.8117,cmd,4,32.2014,,,0.00,0.00,
1.8122,state,3,16.0513,-8.115,-0.0440,,,37.0
1.8123,state,4,32.2014,-4.197,-0.0293,,,36.0
1.8216,cmd,3,16.0513,,,0.00,0.00,
1.8216,cmd,4,32.2014,,,0.00,0.00,
1.8222,state,3,16.0513,-4.197,-0.0440,,,37.0
1.8223,state,4,32.2014,-1.399,-0.0293,,,36.0
1.8316,cmd,3,16.0513,,,0.00,0.00,
1.8316,cmd,4,32.2014,,,0.00,0.00,
1.8322,state,3,16.0513,0.280,-0.0440,,,37.0
1.8323,state,4,32.2014,4.757,-0.0293,,,36.0
1.8416,cmd,3,16.0513,,,0.00,0.00,
1.8416,cmd,4,32.2014,,,0.00,0.00,
1.8422,state,3,16.0513,1.399,-0.0440,,,37.0
1.8423,state,4,32.2234,6.436,-0.0879,,,36.0
1.8516,cmd,3,16.0513,,,0.00,0.00,
1.8516,cmd,4,32.2014,,,0.00,0.00,
1.8522,state,3,16.0513,-1.399,-0.0440,,,37.0
1.8523,state,4,32.2014,-1.959,-0.0879,,,36.0
1.8616,cmd,3,16.0513,,,0.00,0.00,
1.8616,cmd,4,32.2234,,,0.00,0.00,
1.8622,state,3,16.0513,-1.399,-0.0147,,,37.0
1.8623,state,4,32.2234,5.876,-0.0293,,,36.0
1.8717,cmd,3,16.0513,,,0.00,0.00,
1.8717,cmd,4,32.2014,,,0.00,0.00,
1.8723,state,3,16.0513,-0.280,-0.0147,,,37.0
1.8723,state,4,32.2014,0.280,-0.0879,,,36.0
1.8816,cmd,3,16.0513,,,0.00,0.00,
1.8816,cmd,4,32.2234,,,0.00,0.00,
1.8822,state,3,16.0513,-1.959,-0.0440,,,37.0
1.8823,state,4,32.2014,0.839,-0.0879,,,36.0
1.8916,cmd,3,16.0513,,,0.00,0.00,
1.8916,cmd,4,32.2014,,,0.00,0.00,
1.8922,state,3,16.0513,2.518,-0.0733,,,37.0
1.8923,state,4,32.2014,-2.518,-0.0879,,,36.0
1.9016,cmd,3,16.0513,,,0.00,0.00,
1.9017,cmd,4,32.2014,,,0.00,0.00,
1.9022,state,3,16.0513,-1.399,-0.0440,,,37.0
1.9023,state,4,32.2014,0.280,-0.0879,,,36.0
1.9116,cmd,3,16.0513,,,0.00,0.00,
1.9116,cmd,4,32.2014,,,0.00,0.00,
1.9122,state,3,16.0513,-0.280,-0.0440,,,37.0
1.9123,state,4,32.2014,0.839,-0.0879,,,36.0
1.9216,cmd,3,16.0513,,,0.00,0.00,
1.9216,cmd,4,32.2014,,,0.00,0.00,
1.9222,state,3,16.0513,5.317,-0.0733,,,37.0
1.9223,state,4,32.2014,-1.399,-0.0879,,,36.0
1.9316,cmd,3,16.0513,,,0.00,0.00,
1.9317,cmd,4,32.2014,,,0.00,0.00,
1.9322,state,3,16.0513,-2.518,-0.0147,,,37.0
1.9323,state,4,32.2014,1.399,-0.0879,,,36.0
1.9417,cmd,3,16.0513,,,0.00,0.00,
1.9417,cmd,4,32.2014,,,0.00,0.00,
1.9422,state,3,16.0513,6.996,-0.0733,,,37.0
1.9424,state,4,32.2014,1.959,-0.0879,,,36.0
1.9516,cmd,3,16.0513,,,0.00,0.00,
1.9516,cmd,4,32.2014,,,0.00,0.00,
1.9522,state,3,16.0513,-2.518,0.0147,,,37.0
1.9523,state,4,32.2234,1.959,-0.0879,,,36.0
1.9616,cmd,3,16.0513,,,0.00,0.00,
1.9616,cmd,4,32.2014,,,0.00,0.00,
1.9623,state,3,16.0513,3.078,-0.0147,,,37.0
1.9623,state,4,32.2014,0.280,-0.0293,,,36.0
1.9717,cmd,3,16.0513,,,0.00,0.00,
1.9717,cmd,4,32.2234,,,0.00,0.00,
1.9722,state,3,16.0513,-4.197,-0.0147,,,37.0
1.9723,state,4,32.2014,1.959,-0.0293,,,36.0
1.9816,cmd,3,16.0513,,,0.00,0.00,
1.9816,cmd,4,32.2014,,,0.00,0.00,
1.9823,state,3,16.0513,3.078,0.0147,,,37.0
1.9823,state,4,32.2234,5.317,-0.0879,,,36.0
1.9917,cmd,3,16.0513,,,0.00,0.00,
1.9917,cmd,4,32.2014,,,0.00,0.00,
1.9923,state,3,16.0513,-0.839,-0.0440,,,37.0
1.9924,state,4,32.2014,3.638,-0.0293,,,36.0
2.0016,cmd,3,16.0513,,,0.00,0.00,
2.0016,cmd,4,32.2234,,,0.00,0.00,
2.0022,state,3,16.0513,-1.399,-0.0147,,,37.0
2.0023,state,4,32.2014,-4.197,-0.0879,,,36.0
2.0117,cmd,3,16.0513,,,0.00,0.00,
2.0117,cmd,4,32.2014,,,0.00,0.00,
2.0122,state,3,16.0513,-1.399,-0.0147,,,37.0
2.0124,state,4,32.2014,0.839,-0.0293,,,36.0
2.0217,cmd,3,16.0513,,,0.00,0.00,
2.0217,cmd,4,32.2014,,,0.00,0.00,
2.0223,state,3,16.0513,-0.280,-0.0440,,,37.0
2.0224,state,4,32.2014,-6.996,-0.0879,,,36.0
2.0316,cmd,3,16.0513,,,0.00,0.00,
2.0316,cmd,4,32.2014,,,0.00,0.00,
2.0322,state,3,16.0513,-1.959,-0.0440,,,37.0
2.0323,state,4,32.2014,-5.876,-0.0293,,,36.0
2.0416,cmd,3,16.0513,,,0.00,0.00,
2.0416,cmd,4,32.2014,,,0.00,0.00,
2.0421,state,3,16.0513,3.078,-0.0147,,,37.0
2.0424,state,4,32.2014,0.280,-0.0293,,,36.0
2.0516,cmd,3,16.0513,,,0.00,0.00,
2.0517,cmd,4,32.2014,,,0.00,0.00,
2.0523,state,3,16.0513,6.436,-0.0147,,,37.0
2.0523,state,4,32.2014,-1.959,-0.0879,,,36.0
2.0617,cmd,3,16.0513,,,0.00,0.00,
2.0617,cmd,4,32.2014,,,0.00,0.00,
2.0623,state,3,16.0513,-1.399,0.0147,,,37.0
2.0624,state,4,32.2014,1.399,-0.0293,,,36.0
2.0716,cmd,3,16.0513,,,0.00,0.00,
2.0716,cmd,4,32.2014,,,0.00,0.00,
2.0722,state,3,16.0513,-0.839,-0.0440,,,37.0
2.0723,state,4,32.2014,-4.197,-0.0879,,,36.0
2.0817,cmd,3,16.0513,,,0.00,0.00,
2.0817,cmd,4,32.2014,,,0.00,0.00,
2.0823,state,3,16.0513,-0.839,-0.0147,,,37.0
2.0824,state,4,32.2234,-3.078,0.0293,,,36.0
2.0916,cmd,3,16.0513,,,0.00,0.00,
2.0916,cmd,4,32.2014,,,0.00,0.00,
2.0922,state,3,16.0513,0.839,-0.0440,,,37.0
2.0923,state,4,32.2014,-1.399,-0.0879,,,36.0
2.1016,cmd,3,16.0513,,,0.00,0.00,
2.1016,cmd,4,32.2234,,,0.00,0.00,
2.1022,state,3,16.0513,4.197,-0.0147,,,37.0
2.1023,state,4,32.2014,0.839,-0.0879,,,36.0
2.1117,cmd,3,16.0513,,,0.00,0.00,
2.1117,cmd,4,32.2014,,,0.00,0.00,
2.1123,state,3,16.0513,-2.518,-0.0440,,,37.0
2.1124,state,4,32.2234,-1.959,-0.0879,,,36.0
2.1216,cmd,3,16.0513,,,0.00,0.00,
2.1216,cmd,4,32.2014,,,0.00,0.00,
2.1222,state,3,16.0513,1.399,-0.0733,,,37.0
2.1223,state,4,32.2014,0.839,-0.0879,,,36.0
2.1316,cmd,3,16.0513,,,0.00,0.00,
2.1317,cmd,4,32.2234,,,0.00,0.00,
2.1322,state,3,16.0513,-5.876,-0.0440,,,37.0
2.1323,state,4,32.2014,-1.959,-0.0879,,,36.0
2.1417,cmd,3,16.0513,,,0.00,0.00,
2.1417,cmd,4,32.2014,,,0.00,0.00,
2.1423,state,3,16.0513,-2.518,-0.0440,,,37.0
2.1424,state,4,32.2014,1.399,-0.0879,,,36.0
2.1516,cmd,3,16.0513,,,0.00,0.00,
2.1517,cmd,4,32.2014,,,0.00,0.00,
2.1522,state,3,16.0513,5.317,0.0147,,,37.0
2.1523,state,4,32.2014,-3.638,-0.0293,,,36.0
2.1616,cmd,3,16.0513,,,0.00,0.00,
2.1616,cmd,4,32.2014,,,0.00,0.00,
2.1623,state,3,16.0513,-0.280,-0.0147,,,37.0
2.1623,state,4,32.2014,-3.078,-0.0879,,,36.0
2.1717,cmd,3,16.0513,,,0.00,0.00,
2.1717,cmd,4,32.2014,,,0.00,0.00,
2.1723,state,3,16.0513,-1.959,-0.0147,,,37.0
2.1723,state,4,32.2014,-1.399,-0.0879,,,36.0
2.1816,cmd,3,16.0513,,,0.00,0.00,
2.1817,cmd,4,32.2014,,,0.00,0.00,
2.1823,state,3,16.0513,1.399,-0.0147,,,37.0
2.1824,state,4,32.2014,-2.518,-0.0879,,,36.0
2.1916,cmd,3,16.0513,,,0.00,0.00,
2.1916,cmd,4,32.2014,,,0.00,0.00,
2.1922,state,3,16.0513,-0.280,0.0147,,,37.0
2.1923,state,4,32.2014,-0.280,-0.0293,,,36.0
2.2017,cmd,3,16.0513,,,0.00,0.00,
2.2017,cmd,4,32.2014,,,0.00,0.00,
2.2023,state,3,16.0513,2.518,-0.0147,,,37.0
2.2024,state,4,32.2014,1.959,-0.0293,,,36.0
2.2116,cmd,3,16.0513,,,0.00,0.00,
2.2117,cmd,4,32.2014,,,0.00,0.00,
2.2122,state,3,16.0513,-0.839,-0.0440,,,37.0
2.2123,state,4,32.2014,-5.317,-0.0293,,,36.0
2.2216,cmd,3,16.0513,,,0.00,0.00,
2.2217,cmd,4,32.2014,,,0.00,0.00,
2.2223,state,3,16.0513,1.399,-0.0440,,,37.0
2.2224,state,4,32.2014,3.078,-0.0293,,,36.0
2.2317,cmd,3,16.0513,,,0.00,0.00,
2.2317,cmd,4,32.2014,,,0.00,0.00,
2.2323,state,3,16.0513,1.399,-0.0440,,,37.0
2.2324,state,4,32.2014,-0.839,-0.0293,,,36.0
2.2416,cmd,3,16.0513,,,0.00,0.00,
2.2417,cmd,4,32.2014,,,0.00,0.00,
2.2423,state,3,16.0513,-5.876,-0.0440,,,37.0
2.2424,state,4,32.2014,-3.078,-0.0293,,,36.0
2.2516,cmd,3,16.0513,,,0.00,0.00,
2.2517,cmd,4,32.2014,,,0.00,0.00,
2.2523,state,3,16.0513,0.280,-0.0440,,,37.0
2.2524,state,4,32.2234,2.518,-0.0293,,,36.0
2.2617,cmd,3,16.0513,,,0.00,0.00,
2.2617,cmd,4,32.2014,,,0.00,0.00,
2.2622,state,3,16.0513,-4.757,0.0147,,,37.0
2.2624,state,4,32.2014,-1.959,-0.0879,,,36.0
2.2717,cmd,3,16.0513,,,0.00,0.00,
2.2717,cmd,4,32.2234,,,0.00,0.00,
2.2723,state,3,16.0513,1.959,-0.0147,,,37.0
2.2724,state,4,32.2014,-1.959,-0.0293,,,36.0
2.2816,cmd,3,16.0513,,,0.00,0.00,
2.2816,cmd,4,32.2014,,,0.00,0.00,
2.2822,state,3,16.0513,5.317,-0.0733,,,37.0
2.2823,state,4,32.2014,0.280,-0.0293,,,36.0
2.2917,cmd,3,16.0513,,,0.00,0.00,
2.2917,cmd,4,32.2014,,,0.00,0.00,
2.2923,state,3,16.0513,-3.638,-0.0147,,,37.0
2.2924,state,4,32.2014,0.839,-0.0293,,,36.0
2.3017,cmd,3,16.0513,,,0.00,0.00,
2.3017,cmd,4,32.2014,,,0.00,0.00,
2.3022,state,3,16.0513,1.399,-0.0440,,,37.0
2.3024,state,4,32.2014,-1.959,-0.0293,,,36.0
2.3117,cmd,3,16.0513,,,0.00,0.00,
2.3117,cmd,4,32.2014,,,0.00,0.00,
2.3123,state,3,16.0513,4.197,-0.0147,,,37.0
2.3124,state,4,32.2014,-4.197,-0.0879,,,36.0
2.3217,cmd,3,16.0513,,,0.00,0.00,
2.3218,cmd,4,32.2014,,,0.00,0.00,
2.3224,state,3,16.0513,-0.280,-0.0440,,,37.0
2.3224,state,4,32.2014,0.839,-0.0879,,,36.0
2.3317,cmd,3,16.0513,,,0.00,0.00,
2.3317,cmd,4,32.2014,,,0.00,0.00,
2.3323,state,3,16.0513,-1.959,-0.0147,,,37.0
2.3324,state,4,32.2014,-1.399,-0.0293,,,36.0
2.3417,cmd,3,16.0513,,,0.00,0.00,
2.3417,cmd,4,32.2014,,,0.00,0.00,
2.3423,state,3,16.0513,-3.078,-0.0147,,,37.0
2.3424,state,4,32.2014,3.638,-0.0879,,,36.0
2.3517,cmd,3,16.0513,,,0.00,0.00,
2.3518,cmd,4,32.2014,,,0.00,0.00,
2.3522,state,3,16.0513,0.839,-0.0733,,,37.0
2.3525,state,4,32.2014,0.280,-0.0293,,,36.0
2.3618,cmd,3,16.0513,,,0.00,0.00,
2.3618,cmd,4,32.2014,,,0.00,0.00,
2.3624,state,3,16.0513,2.518,-0.0147,,,37.0
2.3625,state,4,32.2014,-4.197,-0.0879,,,36.0
2.3717,cmd,3,16.0513,,,0.00,0.00,
2.3718,cmd,4,32.2014,,,0.00,0.00,
2.3723,state,3,16.0513,0.839,-0.0440,,,37.0
2.3724,state,4,32.2234,-0.839,-0.0293,,,36.0
2.3817,cmd,3,16.0513,,,0.00,0.00,
2.3817,cmd,4,32.2014,,,0.00,0.00,
2.3823,state,3,16.0513,3.078,-0.0147,,,37.0
2.3824,state,4,32.2014,3.638,-0.0293,,,36.0
2.3917,cmd,3,16.0513,,,0.00,0.00,
2.3918,cmd,4,32.2234,,,0.00,0.00,
2.3923,state,3,16.0513,-7.555,-0.0440,,,37.0
2.3924,state,4,32.2234,5.317,-0.0293,,,36.0
2.4018,cmd,3,16.0513,,,0.00,0.00,
2.4018,cmd,4,32.2014,,,0.00,0.00,
2.4023,state,3,16.0513,4.197,-0.0440,,,37.0
2.4024,state,4,32.2234,2.518,-0.0293,,,36.0
2.4118,cmd,3,16.0513,,,0.00,0.00,
2.4118,cmd,4,32.2234,,,0.00,0.00,
2.4122,state,3,16.0513,5.876,-0.0147,,,37.0
2.4124,state,4,32.2014,2.518,-0.0879,,,36.0
2.4218,cmd,3,16.0513,,,0.00,0.00,
2.4218,cmd,4,32.2234,,,0.00,0.00,
2.4224,state,3,16.0513,8.115,-0.0440,,,37.0
2.4224,state,4,32.2014,-5.317,-0.0293,,,36.0
2.4319,cmd,3,16.0513,,,0.00,0.00,
2.4319,cmd,4,32.2014,,,0.00,0.00,
2.4324,state,3,16.0513,3.078,-0.0440,,,37.0
2.4326,state,4,32.2014,-0.280,-0.0879,,,36.0
2.4419,cmd,3,16.0513,,,0.00,0.00,
2.4420,cmd,4,32.2014,,,0.00,0.00,
2.4425,state,3,16.0513,-2.518,-0.0440,,,37.0
2.4426,state,4,32.2014,0.280,-0.0293,,,36.0
2.4519,cmd,3,16.0513,,,0.00,0.00,
2.4519,cmd,4,32.2014,,,0.00,0.00,
2.4525,state,3,16.0513,1.959,-0.0147,,,37.0
2.4526,state,4,32.2014,-2.518,-0.0879,,,36.0
2.4618,cmd,3,16.0513,,,0.00,0.00,
2.4618,cmd,4,32.2014,,,0.00,0.00,
2.4623,state,3,16.0513,-3.078,-0.0440,,,37.0
2.4624,state,4,32.2014,-1.959,-0.0293,,,36.0
2.4718,cmd,3,16.0513,,,0.00,0.00,
2.4718,cmd,4,32.2014,,,0.00,0.00,
2.4724,state,3,16.0513,1.959,-0.0147,,,37.0
2.4725,state,4,32.2014,-0.280,-0.0293,,,36.0
2.4817,cmd,3,16.0513,,,0.00,0.00,
2.4817,cmd,4,32.2014,,,0.00,0.00,
2.4824,state,3,16.0513,-2.518,-0.0147,,,37.0
2.4824,state,4,32.2014,0.839,-0.0879,,,36.0
2.4917,cmd,3,16.0513,,,0.00,0.00,
2.4917,cmd,4,32.2014,,,0.00,0.00,
2.4923,state,3,16.0513,1.399,-0.0440,,,37.0
2.4925,state,4,32.2014,3.638,-0.0293,,,36.0
2.5019,cmd,3,16.0513,,,0.00,0.00,
2.5020,cmd,4,32.2014,,,0.00,0.00,
2.5026,state,3,16.0513,1.959,-0.0733,,,37.0
2.5026,state,4,32.2014,-5.876,-0.0293,,,36.0
2.5118,cmd,3,16.0513,,,0.00,0.00,
2.5118,cmd,4,32.2014,,,0.00,0.00,
2.5125,state,3,16.0513,0.839,-0.0147,,,37.0
2.5125,state,4,32.2234,4.197,-0.0293,,,36.0
2.5218,cmd,3,16.0513,,,0.00,0.00,
2.5218,cmd,4,32.2014,,,0.00,0.00,
2.5223,state,3,16.0513,-5.317,-0.0440,,,37.0
2.5224,state,4,32.2014,3.078,-0.0879,,,36.0
2.5319,cmd,3,16.0513,,,0.00,0.00,
2.5319,cmd,4,32.2234,,,0.00,0.00,
2.5324,state,3,16.0513,5.317,-0.0147,,,37.0
2.5326,state,4,32.2234,3.078,-0.0293,,,36.0
2.5418,cmd,3,16.0513,,,0.00,0.00,
2.5419,cmd,4,32.2014,,,0.00,0.00,
2.5425,state,3,16.0513,-3.078,-0.0440,,,37.0
2.5426,state,4,32.2014,-4.197,-0.0293,,,36.0
2.5518,cmd,3,16.0513,,,0.00,0.00,
2.5519,cmd,4,32.2234,,,0.00,0.00,
2.5525,state,3,16.0513,-2.518,-0.0147,,,37.0
2.5526,state,4,32.2234,0.280,-0.0293,,,36.0
2.5619,cmd,3,16.0513,,,0.00,0.00,
2.5619,cmd,4,32.2014,,,0.00,0.00,
2.5624,state,3,16.0513,1.399,-0.0147,,,37.0
2.5626,state,4,32.2014,0.280,-0.0293,,,36.0
2.5719,cmd,3,16.0513,,,0.00,0.00,
2.5719,cmd,4,32.2234,,,0.00,0.00,
2.5724,state,3,16.0513,4.197,-0.0440,,,37.0
2.5726,state,4,32.2014,1.399,-0.0879,,,36.0
2.5818,cmd,3,16.0513,,,0.00,0.00,
2.5818,cmd,4,32.2014,,,0.00,0.00,
2.5824,state,3,16.0513,-3.078,-0.0733,,,37.0
2.5825,state,4,32.2014,-4.197,-0.0879,,,36.0
2.5918,cmd,3,16.0513,,,0.00,0.00,
2.5919,cmd,4,32.2014,,,0.00,0.00,
2.5925,state,3,16.0513,1.399,-0.0440,,,37.0
2.5926,state,4,32.2014,-0.839,-0.0879,,,36.0
2.6018,cmd,3,16.0513,,,0.00,0.00,
2.6018,cmd,4,32.2014,,,0.00,0.00,
2.6024,state,3,16.0513,4.197,-0.0147,,,37.0
2.6025,state,4,32.2014,-3.078,-0.0879,,,36.0
2.6118,cmd,3,16.0513,,,0.00,0.00,
2.6118,cmd,4,32.2014,,,0.00,0.00,
2.6124,state,3,16.0513,-1.959,-0.0147,,,37.0
2.6125,state,4,32.2014,-2.518,-0.0879,,,36.0
2.6219,cmd,3,16.0513,,,0.00,0.00,
2.6219,cmd,4,32.2014,,,0.00,0.00,
2.6224,state,3,16.0513,-0.280,-0.0440,,,37.0
2.6226,state,4,32.2014,-1.959,-0.0879,,,36.0
2.6318,cmd,3,16.0513,,,0.00,0.00,
2.6318,cmd,4,32.2014,,,0.00,0.00,
2.6324,state,3,16.0513,1.959,-0.0440,,,37.0
2.6325,state,4,32.2234,-1.959,-0.0293,,,36.0
2.6418,cmd,3,16.0513,,,0.00,0.00,
2.6418,cmd,4,32.2014,,,0.00,0.00,
2.6424,state,3,16.0513,-0.839,-0.0440,,,37.0
2.6425,state,4,32.2014,-3.078,-0.0293,,,36.0
2.6518,cmd,3,16.0513,,,0.00,0.00,
2.6518,cmd,4,32.2234,,,0.00,0.00,
2.6524,state,3,16.0513,-1.399,-0.0440,,,37.0
2.6526,state,4,32.2234,1.959,-0.0293,,,36.0
2.6618,cmd,3,16.0513,,,0.00,0.00,
2.6618,cmd,4,32.2014,,,0.00,0.00,
2.6624,state,3,16.0513,1.399,-0.0440,,,37.0
2.6625,state,4,32.2014,-1.959,-0.0879,,,36.0
2.6718,cmd,3,16.0513,,,0.00,0.00,
2.6718,cmd,4,32.2234,,,0.00,0.00,
2.6724,state,3,16.0513,2.518,-0.0440,,,37.0
2.6725,state,4,32.2014,-0.839,-0.0293,,,36.0
2.6820,cmd,3,16.0513,,,0.00,0.00,
2.6820,cmd,4,32.2014,,,0.00,0.00,
2.6826,state,3,16.0513,-1.399,-0.0440,,,37.0
2.6827,state,4,32.2014,-0.280,-0.0293,,,36.0
2.6920,cmd,3,16.0513,,,0.00,0.00,
2.6921,cmd,4,32.2014,,,0.00,0.00,
2.6926,state,3,16.0513,-3.078,-0.0440,,,37.0
2.6926,state,4,32.2014,-3.638,-0.0293,,,36.0
2.7020,cmd,3,16.0513,,,0.00,0.00,
2.7020,cmd,4,32.2014,,,0.00,0.00,
2.7026,state,3,16.0513,0.280,-0.0147,,,37.0
2.7026,state,4,32.2014,4.757,-0.0879,,,36.0
2.7121,cmd,3,16.0513,,,0.00,0.00,
2.7121,cmd,4,32.2014,,,0.00,0.00,
2.7125,state,3,16.0513,1.959,-0.0440,,,37.0
2.7128,state,4,32.2234,3.638,-0.0879,,,36.0
2.7219,cmd,3,16.0513,,,0.00,0.00,
2.7219,cmd,4,32.2014,,,0.00,0.00,
2.7224,state,3,16.0513,3.638,-0.0147,,,37.0
2.7226,state,4,32.2014,3.078,-0.0293,,,36.0
2.7318,cmd,3,16.0513,,,0.00,0.00,
2.7318,cmd,4,32.2234,,,0.00,0.00,
2.7325,state,3,16.0513,-0.839,-0.0147,,,37.0
2.7326,state,4,32.2014,-1.399,-0.0879,,,36.0
2.7418,cmd,3,16.0513,,,0.00,0.00,
2.7418,cmd,4,32.2014,,,0.00,0.00,
2.7425,state,3,16.0513,1.399,0.0147,,,37.0
2.7426,state,4,32.2014,-0.280,-0.0879,,,36.0
2.7518,cmd,3,16.0513,,,0.00,0.00,
2.7518,cmd,4,32.2014,,,0.00,0.00,
2.7524,state,3,16.0513,10.913,-0.0147,,,37.0
2.7525,state,4,32.2234,0.280,-0.0879,,,36.0
2.7618,cmd,3,16.0513,,,0.00,0.00,
2.7618,cmd,4,32.2014,,,0.00,0.00,
2.7624,state,3,16.0513,1.399,-0.0440,,,37.0
2.7625,state,4,32.2014,3.638,-0.0293,,,36.0
2.7718,cmd,3,16.0513,,,0.00,0.00,
2.7718,cmd,4,32.2234,,,0.00,0.00,
2.7724,state,3,16.0513,-3.638,-0.0440,,,37.0
2.7725,state,4,32.2014,0.839,-0.0293,,,36.0
2.7818,cmd,3,16.0513,,,0.00,0.00,
2.7818,cmd,4,32.2014,,,0.00,0.00,
2.7826,state,3,16.0513,-3.638,-0.0440,,,37.0
2.7826,state,4,32.2014,1.399,-0.0879,,,36.0
2.7918,cmd,3,16.0513,,,0.00,0.00,
2.7918,cmd,4,32.2014,,,0.00,0.00,
2.7924,state,3,16.0513,-2.518,0.0147,,,37.0
2.7926,state,4,32.2014,-1.399,-0.0879,,,36.0
2.8018,cmd,3,16.0513,,,0.00,0.00,
2.8018,cmd,4,32.2014,,,0.00,0.00,
2.8024,state,3,16.0513,4.757,-0.0147,,,37.0
2.8025,state,4,32.2014,1.959,-0.0293,,,36.0
2.8118,cmd,3,16.0513,,,0.00,0.00,
2.8118,cmd,4,32.2014,,,0.00,0.00,
2.8124,state,3,16.0513,1.399,-0.0147,,,37.0
2.8124,state,4,32.2014,-4.757,-0.0879,,,36.0
2.8217,cmd,3,16.0513,,,0.00,0.00,
2.8218,cmd,4,32.2014,,,0.00,0.00,
2.8224,state,3,16.0513,-3.078,-0.0440,,,37.0
2.8224,state,4,32.2014,-4.197,-0.0293,,,36.0
2.8318,cmd,3,16.0513,,,0.00,0.00,
2.8318,cmd,4,32.2014,,,0.00,0.00,
2.8324,state,3,16.0513,5.317,-0.0147,,,37.0
2.8325,state,4,32.2014,-0.839,-0.0293,,,36.0
2.8418,cmd,3,16.0513,,,0.00,0.00,
2.8418,cmd,4,32.2014,,,0.00,0.00,
2.8424,state,3,16.0513,0.839,-0.0147,,,37.0
2.8425,state,4,32.2014,-8.115,-0.0879,,,36.0
2.8517,cmd,3,16.0513,,,0.00,0.00,
2.8518,cmd,4,32.2014,,,0.00,0.00,
2.8524,state,3,16.0513,5.317,-0.0147,,,37.0
2.8524,state,4,32.2014,-2.518,-0.0879,,,36.0
2.8618,cmd,3,16.0513,,,0.00,0.00,
2.8618,cmd,4,32.2014,,,0.00,0.00,
2.8624,state,3,16.0513,0.839,-0.0147,,,37.0
2.8625,state,4,32.2014,0.839,-0.0293,,,36.0
2.8719,cmd,3,16.0513,,,0.00,0.00,
2.8719,cmd,4,32.2014,,,0.00,0.00,
2.8724,state,3,16.0513,-1.959,-0.0440,,,37.0
2.8725,state,4,32.2014,-2.518,-0.0879,,,36.0
2.8818,cmd,3,16.0513,,,0.00,0.00,
2.8818,cmd,4,32.2014,,,0.00,0.00,
2.8824,state,3,16.0513,-3.638,-0.0147,,,37.0
2.8825,state,4,32.2014,0.839,-0.0293,,,36.0
2.8918,cmd,3,16.0513,,,0.00,0.00,
2.8918,cmd,4,32.2014,,,0.00,0.00,
2.8924,state,3,16.0513,-4.757,-0.0440,,,37.0
2.8925,state,4,32.2014,-6.436,-0.0293,,,36.0
2.9018,cmd,3,16.0513,,,0.00,0.00,
2.9018,cmd,4,32.2014,,,0.00,0.00,
2.9024,state,3,16.0513,-1.959,-0.0440,,,37.0
2.9025,state,4,32.2014,-5.317,-0.0879,,,36.0
2.9118,cmd,3,16.0513,,,0.00,0.00,
2.9118,cmd,4,32.2014,,,0.00,0.00,
2.9124,state,3,16.0513,4.197,-0.0440,,,37.0
2.9125,state,4,32.2014,3.638,-0.0879,,,36.0
2.9218,cmd,3,16.0513,,,0.00,0.00,
2.9218,cmd,4,32.2014,,,0.00,0.00,
2.9225,state,3,16.0513,2.518,-0.0440,,,37.0
2.9225,state,4,32.2014,4.197,-0.0879,,,36.0
2.9318,cmd,3,16.0513,,,0.00,0.00,
2.9318,cmd,4,32.2014,,,0.00,0.00,
2.9324,state,3,16.0513,-3.638,-0.0440,,,37.0
2.9325,state,4,32.2014,0.280,-0.0879,,,36.0
2.9418,cmd,3,16.0513,,,0.00,0.00,
2.9419,cmd,4,32.2014,,,0.00,0.00,
2.9423,state,3,16.0513,-3.078,-0.0147,,,37.0
2.9428,state,4,32.2014,3.078,-0.0879,,,36.0
2.9519,cmd,3,16.0513,,,0.00,0.00,
2.9519,cmd,4,32.2014,,,0.00,0.00,
2.9524,state,3,16.0513,4.757,0.0147,,,37.0
2.9525,state,4,32.2234,0.839,-0.0879,,,36.0
2.9618,cmd,3,16.0513,,,0.00,0.00,
2.9618,cmd,4,32.2014,,,0.00,0.00,
2.9624,state,3,16.0513,-1.959,-0.0147,,,37.0
2.9625,state,4,32.2014,0.839,-0.0293,,,36.0
2.9718,cmd,3,16.0513,,,0.00,0.00,
2.9718,cmd,4,32.2234,,,0.00,0.00,
2.9724,state,3,16.0513,1.959,-0.0440,,,37.0
2.9725,state,4,32.2014,4.197,-0.0293,,,36.0
2.9818,cmd,3,16.0513,,,0.00,0.00,
2.9818,cmd,4,32.2014,,,0.00,0.00,
2.9824,state,3,16.0513,3.078,-0.0733,,,37.0
2.9825,state,4,32.2014,-5.317,-0.0293,,,36.0
2.9919,cmd,3,16.0513,,,0.00,0.00,
2.9919,cmd,4,32.2014,,,0.00,0.00,
2.9925,state,3,16.0513,-4.757,-0.0440,,,37.0
2.9926,state,4,32.2014,0.280,-0.0293,,,36.0
3.0018,cmd,3,16.0513,,,0.00,0.00,
3.0018,cmd,4,32.2014,,,0.00,0.00,
3.0024,state,3,16.0513,-2.518,-0.0440,,,37.0
3.0025,state,4,32.2014,2.518,-0.0879,,,36.0
3.0119,cmd,3,16.0513,,,0.00,0.00,
3.0119,cmd,4,32.2014,,,0.00,0.00,
3.0124,state,3,16.0513,0.839,-0.0440,,,37.0
3.0125,state,4,32.2014,-2.518,-0.0879,,,36.0
3.0218,cmd,3,16.0513,,,0.00,0.00,
3.0218,cmd,4,32.2014,,,0.00,0.00,
3.0224,state,3,16.0513,2.518,-0.0147,,,37.0
3.0225,state,4,32.2014,5.317,-0.0879,,,36.0
3.0319,cmd,3,16.0513,,,0.00,0.00,
3.0319,cmd,4,32.2014,,,0.00,0.00,
3.0324,state,3,16.0513,-5.317,0.0147,,,37.0
3.0325,state,4,32.2014,-0.839,-0.0293,,,36.0
3.0419,cmd,3,16.0513,,,0.00,0.00,
3.0419,cmd,4,32.2014,,,0.00,0.00,
3.0424,state,3,16.0513,-9.794,-0.0440,,,37.0
3.0426,state,4,32.2234,2.518,-0.0879,,,36.0
3.0519,cmd,3,16.0513,,,0.00,0.00,
3.0520,cmd,4,32.2014,,,0.00,0.00,
3.0526,state,3,16.0513,-3.078,-0.0440,,,37.0
3.0526,state,4,32.2014,2.518,-0.0879,,,36.0
3.0619,cmd,3,16.0513,,,0.00,0.00,
3.0619,cmd,4,32.2234,,,0.00,0.00,
3.0625,state,3,16.0513,-4.197,-0.0147,,,37.0
3.0625,state,4,32.2014,0.839,-0.0879,,,36.0
3.0719,cmd,3,16.0513,,,0.00,0.00,
3.0719,cmd,4,32.2014,,,0.00,0.00,
3.0725,state,3,16.0513,0.839,0.0147,,,37.0
3.0726,state,4,32.2014,-1.399,-0.0879,,,36.0
3.0818,cmd,3,16.0513,,,0.00,0.00,
3.0819,cmd,4,32.2014,,,0.00,0.00,
3.0824,state,3,16.0513,4.197,0.0147,,,37.0
3.0825,state,4,32.2014,3.638,-0.0879,,,36.0
3.0919,cmd,3,16.0513,,,0.00,0.00,
3.0920,cmd,4,32.2014,,,0.00,0.00,
3.0925,state,3,16.0513,-1.399,-0.0147,,,37.0
3.0926,state,4,32.2014,-0.839,-0.0293,,,36.0
3.1018,cmd,3,16.0513,,,0.00,0.00,
3.1019,cmd,4,32.2014,,,0.00,0.00,
3.1025,state,3,16.0513,-3.078,-0.0147,,,37.0
3.1026,state,4,32.2014,-5.317,-0.0293,,,36.0
3.1118,cmd,3,16.0513,,,0.00,0.00,
3.1119,cmd,4,32.2014,,,0.00,0.00,
3.1125,state,3,16.0513,4.197,-0.0147,,,37.0
3.1125,state,4,32.2014,-3.638,-0.0879,,,36.0
3.1218,cmd,3,16.0513,,,0.00,0.00,
3.1219,cmd,4,32.2014,,,0.00,0.00,
3.1225,state,3,16.0513,2.518,-0.0147,,,37.0
3.1226,state,4,32.2014,-5.317,-0.0293,,,36.0
3.1319,cmd,3,16.0513,,,0.00,0.00,
3.1319,cmd,4,32.2014,,,0.00,0.00,
3.1325,state,3,16.0513,-2.518,-0.0440,,,37.0
3.1325,state,4,32.2014,0.280,-0.0293,,,36.0
3.1419,cmd,3,16.0513,,,0.00,0.00,
3.1419,cmd,4,32.2014,,,0.00,0.00,
3.1425,state,3,16.0513,-4.197,-0.0440,,,37.0
3.1426,state,4,32.2014,-2.518,-0.0879,,,36.0
3.1519,cmd,3,16.0513,,,0.00,0.00,
3.1519,cmd,4,32.2014,,,0.00,0.00,
3.1525,state,3,16.0513,2.518,-0.0147,,,37.0
3.1526,state,4,32.2014,5.317,-0.0293,,,36.0
3.1618,cmd,3,16.0513,,,0.00,0.00,
3.1618,cmd,4,32.2014,,,0.00,0.00,
3.1625,state,3,16.0513,-1.959,-0.0440,,,37.0
3.1625,state,4,32.2014,0.839,-0.0879,,,36.0
3.1718,cmd,3,16.0513,,,0.00,0.00,
3.1719,cmd,4,32.2014,,,0.00,0.00,
3.1725,state,3,16.0513,0.280,0.0147,,,37.0
3.1726,state,4,32.2014,0.280,-0.0879,,,36.0
3.1818,cmd,3,16.0513,,,0.00,0.00,
3.1818,cmd,4,32.2014,,,0.00,0.00,
3.1824,state,3,16.0513,4.757,-0.0440,,,37.0
3.1826,state,4,32.2014,2.518,-0.0879,,,36.0
3.1918,cmd,3,16.0513,,,0.00,0.00,
3.1918,cmd,4,32.2014,,,0.00,0.00,
3.1925,state,3,16.0513,3.638,-0.0147,,,37.0
3.1925,state,4,32.2014,1.399,-0.0879,,,36.0
3.2019,cmd,3,16.0513,,,0.00,0.00,
3.2019,cmd,4,32.2014,,,0.00,0.00,
3.2025,state,3,16.0513,1.959,-0.0147,,,37.0
3.2026,state,4,32.2014,4.197,-0.0879,,,36.0
3.2118,cmd,3,16.0513,,,0.00,0.00,
3.2119,cmd,4,32.2014,,,0.00,0.00,
3.2125,state,3,16.0513,0.280,-0.0440,,,37.0
3.2126,state,4,32.2014,-3.078,-0.0293,,,36.0
3.2218,cmd,3,16.0513,,,0.00,0.00,
3.2219,cmd,4,32.2014,,,0.00,0.00,
3.2225,state,3,16.0513,3.078,-0.0147,,,37.0
3.2226,state,4,32.2014,-0.839,-0.0293,,,36.0
3.2319,cmd,3,16.0513,,,0.00,0.00,
3.2319,cmd,4,32.2014,,,0.00,0.00,
3.2325,state,3,16.0513,0.280,-0.0440,,,37.0
3.2326,state,4,32.2014,-1.959,-0.0879,,,36.0
3.2419,cmd,3,16.0513,,,0.00,0.00,
3.2419,cmd,4,32.2014,,,0.00,0.00,
3.2425,state,3,16.0513,6.436,-0.0147,,,37.0
3.2426,state,4,32.2234,2.518,-0.0879,,,36.0
3.2518,cmd,3,16.0513,,,0.00,0.00,
3.2518,cmd,4,32.2014,,,0.00,0.00,
3.2524,state,3,16.0513,-1.399,-0.0733,,,37.0
3.2526,state,4,32.2014,-2.518,-0.0293,,,36.0
3.2618,cmd,3,16.0513,,,0.00,0.00,
3.2619,cmd,4,32.2234,,,0.00,0.00,
3.2625,state,3,16.0513,-4.757,-0.0440,,,37.0
3.2626,state,4,32.2014,3.638,-0.0293,,,36.0
3.2719,cmd,3,16.0513,,,0.00,0.00,
3.2720,cmd,4,32.2014,,,0.00,0.00,
3.2725,state,3,16.0513,-0.839,-0.0440,,,37.0
3.2726,state,4,32.2234,6.436,-0.0293,,,36.0
3.2819,cmd,3,16.0513,,,0.00,0.00,
3.2819,cmd,4,32.2014,,,0.00,0.00,
3.2825,state,3,16.0513,4.197,-0.0440,,,37.0
3.2826,state,4,32.2014,0.280,-0.0879,,,36.0
3.2919,cmd,3,16.0513,,,0.00,0.00,
3.2919,cmd,4,32.2234,,,0.00,0.00,
3.2925,state,3,16.0513,-2.518,0.0147,,,37.0
3.2926,state,4,32.2014,1.399,-0.0879,,,36.0
3.3019,cmd,3,16.0513,,,0.00,0.00,
3.3019,cmd,4,32.2014,,,0.00,0.00,
3.3025,state,3,16.0513,0.839,-0.0147,,,37.0
3.3026,state,4,32.2234,1.399,-0.0293,,,36.0
3.3119,cmd,3,16.0513,,,0.00,0.00,
3.3119,cmd,4,32.2014,,,0.00,0.00,
3.3125,state,3,16.0513,1.399,-0.0147,,,37.0
3.3126,state,4,32.2014,-1.399,-0.0293,,,36.0
3.3219,cmd,3,16.0513,,,0.00,0.00,
3.3219,cmd,4,32.2234,,,0.00,0.00,
3.3225,state,3,16.0513,-2.518,-0.0147,,,37.0
3.3226,state,4,32.2014,-7.555,-0.0293,,,36.0
3.3319,cmd,3,16.0513,,,0.00,0.00,
3.3319,cmd,4,32.2014,,,0.00,0.00,
3.3325,state,3,16.0513,-0.280,-0.0147,,,37.0
3.3326,state,4,32.2014,-3.638,-0.0293,,,36.0
3.3419,cmd,3,16.0513,,,0.00,0.00,
3.3419,cmd,4,32.2014,,,0.00,0.00,
3.3425,state,3,16.0513,-0.280,-0.0147,,,37.0
3.3426,state,4,32.2014,-3.638,-0.0293,,,36.0
3.3519,cmd,3,16.0513,,,0.00,0.00,
3.3519,cmd,4,32.2014,,,0.00,0.00,
3.3525,state,3,16.0513,0.280,-0.0147,,,37.0
3.3526,state,4,32.2014,-1.959,-0.0879,,,36.0
3.3619,cmd,3,16.0513,,,0.00,0.00,
3.3619,cmd,4,32.2014,,,0.00,0.00,
3.3625,state,3,16.0513,1.399,-0.0147,,,37.0
3.3626,state,4,32.2014,0.839,-0.0879,,,36.0
3.3719,cmd,3,16.0513,,,0.00,0.00,
3.3720,cmd,4,32.2014,,,0.00,0.00,
3.3725,state,3,16.0513,-4.197,-0.0440,,,37.0
3.3726,state,4,32.2014,0.280,-0.0293,,,36.0
3.3819,cmd,3,16.0513,,,0.00,0.00,
3.3819,cmd,4,32.2014,,,0.00,0.00,
3.3825,state,3,16.0513,-1.399,-0.0733,,,37.0
3.3826,state,4,32.2014,0.839,-0.0293,,,36.0
3.3919,cmd,3,16.0513,,,0.00,0.00,
3.3919,cmd,4,32.2014,,,0.00,0.00,
3.3925,state,3,16.0513,4.757,-0.0440,,,37.0
3.3926,state,4,32.2014,-1.399,-0.0293,,,36.0
3.4019,cmd,3,16.0513,,,0.00,0.00,
3.4019,cmd,4,32.2014,,,0.00,0.00,
3.4025,state,3,16.0513,3.638,0.0147,,,37.0
3.4026,state,4,32.2014,-1.959,-0.0293,,,36.0
3.4119,cmd,3,16.0513,,,0.00,0.00,
3.4119,cmd,4,32.2014,,,0.00,0.00,
3.4125,state,3,16.0513,-4.757,-0.0440,,,37.0
3.4126,state,4,32.2014,1.399,-0.0293,,,36.0
3.4219,cmd,3,16.0513,,,0.00,0.00,
3.4219,cmd,4,32.2014,,,0.00,0.00,
3.4225,state,3,16.0513,-3.078,-0.0440,,,37.0
3.4226,state,4,32.2014,-1.399,-0.0293,,,36.0
3.4319,cmd,3,16.0513,,,0.00,0.00,
3.4319,cmd,4,32.2014,,,0.00,0.00,
3.4325,state,3,16.0513,-1.399,-0.0147,,,37.0
3.4326,state,4,32.2234,0.839,-0.0879,,,36.0
3.4419,cmd,3,16.0513,,,0.00,0.00,
3.4419,cmd,4,32.2014,,,0.00,0.00,
3.4426,state,3,16.0513,2.518,-0.0147,,,37.0
3.4426,state,4,32.2014,-2.518,-0.0293,,,36.0
3.4519,cmd,3,16.0513,,,0.00,0.00,
3.4519,cmd,4,32.2234,,,0.00,0.00,
3.4525,state,3,16.0513,1.399,-0.0440,,,37.0
3.4526,state,4,32.2014,1.959,-0.0879,,,36.0
3.4620,cmd,3,16.0513,,,0.00,0.00,
3.4621,cmd,4,32.2014,,,0.00,0.00,
3.4628,state,3,16.0513,5.317,0.0147,,,37.0
3.4629,state,4,32.2014,-1.959,-0.0879,,,36.0
3.4719,cmd,3,16.0513,,,0.00,0.00,
3.4719,cmd,4,32.2014,,,0.00,0.00,
3.4725,state,3,16.0513,-5.876,-0.0733,,,37.0
3.4726,state,4,32.2014,3.078,-0.0293,,,36.0
3.4819,cmd,3,16.0513,,,0.00,0.00,
3.4819,cmd,4,32.2014,,,0.00,0.00,
3.4825,state,3,16.0513,-5.317,0.0147,,,37.0
3.4826,state,4,32.2014,-0.280,-0.0879,,,36.0
3.4919,cmd,3,16.0513,,,0.00,0.00,
3.4919,cmd,4,32.2014,,,0.00,0.00,
3.4925,state,3,16.0513,9.234,-0.0147,,,37.0
3.4926,state,4,32.2014,1.399,-0.0293,,,36.0
3.5019,cmd,3,16.0513,,,0.00,0.00,
3.5019,cmd,4,32.2014,,,0.00,0.00,
3.5025,state,3,16.0513,-2.518,-0.0440,,,37.0
3.5026,state,4,32.2014,-1.399,-0.0293,,,36.0
3.5119,cmd,3,16.0513,,,0.00,0.00,
3.5119,cmd,4,32.2014,,,0.00,0.00,
3.5125,state,3,16.0513,-4.197,-0.0440,,,37.0
3.5126,state,4,32.2014,0.280,-0.0293,,,36.0
3.5219,cmd,3,16.0513,,,0.00,0.00,
3.5219,cmd,4,32.2014,,,0.00,0.00,
3.5225,state,3,16.0513,2.518,-0.0440,,,37.0
3.5226,state,4,32.2014,1.959,-0.0879,,,36.0
3.5319,cmd,3,16.0513,,,0.00,0.00,
3.5319,cmd,4,32.2014,,,0.00,0.00,
3.5325,state,3,16.0513,0.839,-0.0733,,,37.0
3.5326,state,4,32.2014,3.078,-0.0293,,,36.0
3.5419,cmd,3,16.0513,,,0.00,0.00,
3.5419,cmd,4,32.2014,,,0.00,0.00,
3.5425,state,3,16.0513,-0.839,-0.0733,,,37.0
3.5426,state,4,32.2234,4.197,-0.0879,,,36.0
3.5519,cmd,3,16.0513,,,0.00,0.00,
3.5519,cmd,4,32.2014,,,0.00,0.00,
3.5524,state,3,16.0513,1.399,-0.0733,,,37.0
3.5526,state,4,32.2234,4.197,-0.0879,,,36.0
3.5619,cmd,3,16.0513,,,0.00,0.00,
3.5619,cmd,4,32.2234,,,0.00,0.00,
3.5625,state,3,16.0513,-5.317,-0.0147,,,37.0
3.5626,state,4,32.2234,3.078,-0.0879,,,36.0
3.5719,cmd,3,16.0513,,,0.00,0.00,
3.5719,cmd,4,32.2234,,,0.00,0.00,
3.5725,state,3,16.0513,-3.078,-0.0147,,,37.0
3.5726,state,4,32.2014,-0.280,-0.0293,,,36.0
3.5819,cmd,3,16.0513,,,0.00,0.00,
3.5819,cmd,4,32.2234,,,0.00,0.00,
3.5825,state,3,16.0513,-0.839,-0.0440,,,37.0
3.5826,state,4,32.2014,0.280,-0.0879,,,36.0
3.5919,cmd,3,16.0513,,,0.00,0.00,
3.5919,cmd,4,32.2014,,,0.00,0.00,
3.5925,state,3,16.0513,0.839,-0.0440,,,37.0
3.5926,state,4,32.2014,2.518,-0.0879,,,36.0
3.6019,cmd,3,16.0513,,,0.00,0.00,
3.6019,cmd,4,32.2014,,,0.00,0.00,
3.6025,state,3,16.0513,-0.839,-0.0440,,,37.0
3.6026,state,4,32.2014,3.638,-0.0293,,,36.0
3.6119,cmd,3,16.0513,,,0.00,0.00,
3.6119,cmd,4,32.2014,,,0.00,0.00,
3.6126,state,3,16.0513,0.280,-0.0147,,,37.0
3.6126,state,4,32.2014,-1.959,-0.0293,,,36.0
3.6219,cmd,3,16.0513,,,0.00,0.00,
3.6219,cmd,4,32.2014,,,0.00,0.00,
3.6225,state,3,16.0513,5.317,-0.0440,,,37.0
3.6226,state,4,32.2014,1.959,-0.0293,,,36.0
3.6319,cmd,3,16.0513,,,0.00,0.00,
3.6319,cmd,4,32.2014,,,0.00,0.00,
3.6325,state,3,16.0513,1.959,-0.0147,,,37.0
3.6326,state,4,32.2014,-4.757,-0.0293,,,36.0
3.6419,cmd,3,16.0513,,,0.00,0.00,
3.6420,cmd,4,32.2014,,,0.00,0.00,
3.6425,state,3,16.0513,-4.197,-0.0147,,,37.0
3.6426,state,4,32.2014,0.280,-0.0879,,,36.0
3.6519,cmd,3,16.0513,,,0.00,0.00,
3.6519,cmd,4,32.2014,,,0.00,0.00,
3.6525,state,3,16.0513,0.280,-0.0440,,,37.0
3.6526,state,4,32.2014,1.959,-0.0879,,,36.0
3.6619,cmd,3,16.0513,,,0.00,0.00,
3.6620,cmd,4,32.2014,,,0.00,0.00,
3.6625,state,3,16.0513,-3.078,-0.0147,,,37.0
3.6626,state,4,32.2014,-1.399,-0.0879,,,36.0
3.6719,cmd,3,16.0513,,,0.00,0.00,
3.6720,cmd,4,32.2014,,,0.00,0.00,
3.6725,state,3,16.0513,-3.078,0.0147,,,37.0
3.6726,state,4,32.2014,-3.638,-0.0879,,,36.0
3.6819,cmd,3,16.0513,,,0.00,0.00,
3.6819,cmd,4,32.2014,,,0.00,0.00,
3.6825,state,3,16.0513,1.399,0.0147,,,37.0
3.6826,state,4,32.2014,-0.280,-0.0293,,,36.0
3.6919,cmd,3,16.0513,,,0.00,0.00,
3.6919,cmd,4,32.2014,,,0.00,0.00,
3.6925,state,3,16.0513,-8.675,-0.0440,,,37.0
3.6926,state,4,32.2014,0.839,-0.0879,,,36.0
3.7019,cmd,3,16.0513,,,0.00,0.00,
3.7019,cmd,4,32.2014,,,0.00,0.00,
3.7025,state,3,16.0513,-1.959,-0.0440,,,37.0
3.7026,state,4,32.2014,-2.518,-0.0293,,,36.0
3.7120,cmd,3,16.0513,,,0.00,0.00,
3.7120,cmd,4,32.2014,,,0.00,0.00,
3.7126,state,3,16.0513,5.317,-0.0440,,,37.0
3.7127,state,4,32.2014,-6.436,-0.0879,,,36.0
3.7219,cmd,3,16.0513,,,0.00,0.00,
3.7219,cmd,4,32.2014,,,0.00,0.00,
3.7225,state,3,16.0513,-5.876,0.0147,,,37.0
3.7226,state,4,32.2014,1.959,-0.0879,,,36.0
3.7319,cmd,3,16.0513,,,0.00,0.00,
3.7319,cmd,4,32.2014,,,0.00,0.00,
3.7325,state,3,16.0293,-5.876,-0.0440,,,37.0
3.7326,state,4,32.2014,-4.757,-0.0879,,,36.0
3.7419,cmd,3,16.0513,,,0.00,0.00,
3.7419,cmd,4,32.2014,,,0.00,0.00,
3.7425,state,3,16.0513,1.959,0.0147,,,37.0
3.7426,state,4,32.2014,4.197,-0.0879,,,36.0
3.7519,cmd,3,16.0293,,,0.00,0.00,
3.7520,cmd,4,32.2014,,,0.00,0.00,
3.7525,state,3,16.0513,-0.839,-0.0733,,,37.0
3.7527,state,4,32.2014,0.839,-0.0293,,,36.0
3.7619,cmd,3,16.0513,,,0.00,0.00,
3.7619,cmd,4,32.2014,,,0.00,0.00,
3.7625,state,3,16.0513,9.794,-0.0147,,,37.0
3.7626,state,4,32.2014,3.638,-0.0293,,,36.0
3.7719,cmd,3,16.0513,,,0.00,0.00,
3.7719,cmd,4,32.2014,,,0.00,0.00,
3.7725,state,3,16.0513,2.518,-0.0147,,,37.0
3.7726,state,4,32.2014,-1.399,-0.0293,,,36.0
3.7819,cmd,3,16.0513,,,0.00,0.00,
3.7820,cmd,4,32.2014,,,0.00,0.00,
3.7826,state,3,16.0513,-5.317,-0.0733,,,37.0
3.7826,state,4,32.2014,1.399,-0.0293,,,36.0
3.7919,cmd,3,16.0513,,,0.00,0.00,
3.7919,cmd,4,32.2014,,,0.00,0.00,
3.7926,state,3,16.0513,2.518,-0.0440,,,37.0
3.7926,state,4,32.2014,-0.280,-0.0293,,,36.0
3.8019,cmd,3,16.0513,,,0.00,0.00,
3.8019,cmd,4,32.2014,,,0.00,0.00,
3.8025,state,3,16.0513,2.518,0.0147,,,37.0
3.8026,state,4,32.2014,3.078,-0.0293,,,36.0
3.8119,cmd,3,16.0513,,,0.00,0.00,
3.8119,cmd,4,32.2014,,,0.00,0.00,
3.8125,state,3,16.0513,-1.399,-0.0147,,,37.0
3.8126,state,4,32.2014,5.317,-0.0293,,,36.0
3.8219,cmd,3,16.0513,,,0.00,0.00,
3.8219,cmd,4,32.2014,,,0.00,0.00,
3.8225,state,3,16.0513,1.959,-0.0147,,,37.0
3.8226,state,4,32.2014,-0.280,-0.0879,,,36.0
3.8319,cmd,3,16.0513,,,0.00,0.00,
3.8319,cmd,4,32.2014,,,0.00,0.00,
3.8325,state,3,16.0513,3.078,-0.0440,,,37.0
3.8326,state,4,32.2014,1.399,-0.0293,,,36.0
3.8419,cmd,3,16.0513,,,0.00,0.00,
3.8419,cmd,4,32.2014,,,0.00,0.00,
3.8426,state,3,16.0513,-1.399,-0.0733,,,37.0
3.8426,state,4,32.2014,0.280,-0.0879,,,36.0
3.8519,cmd,3,16.0513,,,0.00,0.00,
3.8519,cmd,4,32.2014,,,0.00,0.00,
3.8524,state,3,16.0513,-1.399,-0.0147,,,37.0
3.8526,state,4,32.2014,-4.197,-0.0293,,,36.0
3.8619,cmd,3,16.0513,,,0.00,0.00,
3.8619,cmd,4,32.2014,,,0.00,0.00,
3.8626,state,3,16.0513,-0.280,-0.0440,,,37.0
3.8627,state,4,32.2014,-0.280,-0.0293,,,36.0
3.8719,cmd,3,16.0513,,,0.00,0.00,
3.8720,cmd,4,32.2014,,,0.00,0.00,
3.8725,state,3,16.0513,0.280,-0.0147,,,37.0
3.8726,state,4,32.2014,-4.197,-0.0293,,,36.0
3.8820,cmd,3,16.0513,,,0.00,0.00,
3.8820,cmd,4,32.2014,,,0.00,0.00,
3.8826,state,3,16.0513,0.839,-0.0440,,,37.0
3.8827,state,4,32.2014,-3.078,-0.0879,,,36.0
3.8919,cmd,3,16.0513,,,0.00,0.00,
3.8919,cmd,4,32.2014,,,0.00,0.00,
3.8926,state,3,16.0513,-1.399,-0.0733,,,37.0
3.8926,state,4,32.2014,0.280,-0.0293,,,36.0
3.9019,cmd,3,16.0513,,,0.00,0.00,
3.9019,cmd,4,32.2014,,,0.00,0.00,
3.9026,state,3,16.0513,1.399,-0.0440,,,37.0
3.9027,state,4,32.2014,2.518,-0.0293,,,36.0
3.9119,cmd,3,16.0513,,,0.00,0.00,
3.9119,cmd,4,32.2014,,,0.00,0.00,
3.9126,state,3,16.0513,0.280,-0.0147,,,37.0
3.9126,state,4,32.2014,0.280,-0.0293,,,36.0
3.9220,cmd,3,16.0513,,,0.00,0.00,
3.9220,cmd,4,32.2014,,,0.00,0.00,
3.9227,state,3,16.0513,-2.518,-0.0440,,,37.0
3.9228,state,4,32.2014,0.280,-0.0293,,,36.0
3.9319,cmd,3,16.0513,,,0.00,0.00,
3.9320,cmd,4,32.2014,,,0.00,0.00,
3.9326,state,3,16.0513,-5.317,-0.0147,,,37.0
3.9326,state,4,32.2014,-0.839,-0.0293,,,36.0
3.9419,cmd,3,16.0513,,,0.00,0.00,
3.9419,cmd,4,32.2014,,,0.00,0.00,
3.9426,state,3,16.0513,3.078,-0.0147,,,37.0
3.9427,state,4,32.2014,0.280,-0.0879,,,36.0
3.9520,cmd,3,16.0513,,,0.00,0.00,
3.9521,cmd,4,32.2014,,,0.00,0.00,
3.9526,state,3,16.0513,-0.839,-0.0147,,,37.0
3.9528,state,4,32.2014,-1.399,-0.0293,,,36.0
3.9620,cmd,3,16.0513,,,0.00,0.00,
3.9620,cmd,4,32.2014,,,0.00,0.00,
3.9626,state,3,16.0513,-2.518,-0.0147,,,37.0
3.9627,state,4,32.2014,-3.078,-0.0879,,,36.0
3.9720,cmd,3,16.0513,,,0.00,0.00,
3.9720,cmd,4,32.2014,,,0.00,0.00,
3.9726,state,3,16.0513,-4.757,-0.0147,,,37.0
3.9727,state,4,32.2014,-3.638,-0.0879,,,36.0
3.9820,cmd,3,16.0513,,,0.00,0.00,
3.9820,cmd,4,32.2014,,,0.00,0.00,
3.9826,state,3,16.0513,2.518,-0.0733,,,37.0
3.9827,state,4,32.2014,-4.757,-0.0293,,,36.0
3.9919,cmd,3,16.0513,,,0.00,0.00,
3.9920,cmd,4,32.2014,,,0.00,0.00,
3.9926,state,3,16.0513,2.518,-0.0147,,,37.0
3.9927,state,4,32.2014,-1.399,-0.0293,,,36.0
4.0020,cmd,3,16.0513,,,0.00,0.00,
4.0020,cmd,4,32.2014,,,0.00,0.00,
4.0026,state,3,16.0513,0.839,-0.0440,,,37.0
4.0027,state,4,32.2014,-3.078,-0.0879,,,36.0
4.0121,cmd,3,16.0513,,,0.00,0.00,
4.0121,cmd,4,32.2014,,,0.00,0.00,
4.0126,state,3,16.0513,-0.280,-0.0147,,,37.0
4.0128,state,4,32.2014,1.959,-0.0879,,,36.0
4.0221,cmd,3,16.0513,,,0.00,0.00,
4.0221,cmd,4,32.2014,,,0.00,0.00,
4.0227,state,3,16.0513,-8.115,-0.0147,,,37.0
4.0228,state,4,32.2234,4.197,-0.0879,,,36.0
4.0320,cmd,3,16.0513,,,0.00,0.00,
4.0320,cmd,4,32.2014,,,0.00,0.00,
4.0326,state,3,16.0513,0.839,-0.0147,,,37.0
4.0327,state,4,32.2014,0.280,-0.0293,,,36.0
4.0420,cmd,3,16.0513,,,0.00,0.00,
4.0420,cmd,4,32.2234,,,0.00,0.00,
4.0426,state,3,16.0513,5.317,0.0147,,,37.0
4.0427,state,4,32.2014,5.317,-0.0879,,,36.0
4.0519,cmd,3,16.0513,,,0.00,0.00,
4.0520,cmd,4,32.2014,,,0.00,0.00,
4.0525,state,3,16.0513,1.959,-0.0440,,,37.0
4.0526,state,4,32.2014,0.280,-0.0293,,,36.0
4.0620,cmd,3,16.0513,,,0.00,0.00,
4.0620,cmd,4,32.2014,,,0.00,0.00,
4.0626,state,3,16.0513,1.399,-0.0440,,,37.0
4.0627,state,4,32.2014,-4.197,-0.0293,,,36.0
4.0720,cmd,3,16.0513,,,0.00,0.00,
4.0720,cmd,4,32.2014,,,0.00,0.00,
4.0726,state,3,16.0513,-1.399,-0.0440,,,37.0
4.0726,state,4,32.2234,-0.839,-0.0879,,,36.0
4.0820,cmd,3,16.0513,,,0.00,0.00,
4.0820,cmd,4,32.2014,,,0.00,0.00,
4.0827,state,3,16.0513,-8.115,-0.0733,,,37.0
4.0827,state,4,32.2014,1.399,-0.0879,,,36.0
4.0920,cmd,3,16.0513,,,0.00,0.00,
4.0920,cmd,4,32.2234,,,0.00,0.00,
4.0926,state,3,16.0513,6.996,-0.1026,,,37.0
4.0927,state,4,32.2014,-0.280,-0.0879,,,36.0
4.1020,cmd,3,16.0513,,,0.00,0.00,
4.1020,cmd,4,32.2014,,,0.00,0.00,
4.1026,state,3,16.0513,2.518,-0.0440,,,37.0
4.1027,state,4,32.2014,1.959,-0.0293,,,36.0
4.1120,cmd,3,16.0513,,,0.00,0.00,
4.1120,cmd,4,32.2014,,,0.00,0.00,
4.1126,state,3,16.0513,-1.399,-0.0147,,,37.0
4.1127,state,4,32.2014,0.280,-0.0293,,,36.0
4.1220,cmd,3,16.0513,,,0.00,0.00,
4.1220,cmd,4,32.2014,,,0.00,0.00,
4.1227,state,3,16.0513,-1.399,-0.0440,,,37.0
4.1228,state,4,32.2014,0.839,-0.0879,,,36.0
4.1320,cmd,3,16.0513,,,0.00,0.00,
4.1320,cmd,4,32.2014,,,0.00,0.00,
4.1326,state,3,16.0513,-2.518,-0.0147,,,37.0
4.1327,state,4,32.2234,4.757,-0.0293,,,36.0
4.1420,cmd,3,16.0513,,,0.00,0.00,
4.1421,cmd,4,32.2014,,,0.00,0.00,
4.1427,state,3,16.0513,-0.839,-0.0440,,,37.0
4.1428,state,4,32.2014,-1.399,-0.0293,,,36.0
4.1520,cmd,3,16.0513,,,0.00,0.00,
4.1520,cmd,4,32.2234,,,0.00,0.00,
4.1526,state,3,16.0513,-4.757,-0.0440,,,37.0
4.1527,state,4,32.2014,-0.839,-0.0879,,,36.0
4.1620,cmd,3,16.0513,,,0.00,0.00,
4.1621,cmd,4,32.2014,,,0.00,0.00,
4.1627,state,3,16.0513,-2.518,-0.0440,,,37.0
4.1629,state,4,32.2014,-1.959,-0.0293,,,36.0
4.1720,cmd,3,16.0513,,,0.00,0.00,
4.1720,cmd,4,32.2014,,,0.00,0.00,
4.1727,state,3,16.0513,-0.280,-0.0440,,,37.0
4.1729,state,4,32.2014,4.197,-0.0879,,,36.0
4.1820,cmd,3,16.0513,,,0.00,0.00,
4.1820,cmd,4,32.2014,,,0.00,0.00,
4.1826,state,3,16.0513,-0.280,-0.0440,,,37.0
4.1827,state,4,32.2014,0.839,-0.0293,,,36.0
4.1920,cmd,3,16.0513,,,0.00,0.00,
4.1920,cmd,4,32.2014,,,0.00,0.00,
4.1927,state,3,16.0513,-0.839,0.0147,,,37.0
4.1928,state,4,32.2014,0.280,-0.0879,,,36.0
4.2020,cmd,3,16.0513,,,0.00,0.00,
4.2021,cmd,4,32.2014,,,0.00,0.00,
4.2027,state,3,16.0513,0.839,-0.0147,,,37.0
4.2028,state,4,32.2014,0.280,-0.0293,,,36.0
4.2120,cmd,3,16.0513,,,0.00,0.00,
4.2121,cmd,4,32.2014,,,0.00,0.00,
4.2127,state,3,16.0513,-0.280,-0.0147,,,37.0
4.2129,state,4,32.2014,-4.197,-0.0879,,,36.0
4.2220,cmd,3,16.0513,,,0.00,0.00,
4.2221,cmd,4,32.2014,,,0.00,0.00,
4.2228,state,3,16.0513,-3.638,-0.0440,,,37.0
4.2229,state,4,32.2014,-5.317,-0.0879,,,36.0
4.2320,cmd,3,16.0513,,,0.00,0.00,
4.2320,cmd,4,32.2014,,,0.00,0.00,
4.2326,state,3,16.0513,0.839,0.0147,,,37.0
4.2327,state,4,32.2014,-0.280,-0.0879,,,36.0
4.2421,cmd,3,16.0513,,,0.00,0.00,
4.2421,cmd,4,32.2014,,,0.00,0.00,
4.2427,state,3,16.0513,-0.839,-0.0440,,,37.0
4.2428,state,4,32.2014,-2.518,-0.0293,,,36.0
4.2520,cmd,3,16.0513,,,0.00,0.00,
4.2520,cmd,4,32.2014,,,0.00,0.00,
4.2527,state,3,16.0513,0.839,0.0147,,,37.0
4.2528,state,4,32.2014,0.839,-0.0293,,,36.0
4.2620,cmd,3,16.0513,,,0.00,0.00,
4.2620,cmd,4,32.2014,,,0.00,0.00,
4.2627,state,3,16.0513,-1.399,0.0147,,,37.0
4.2627,state,4,32.2014,0.839,-0.0879,,,36.0
4.2721,cmd,3,16.0513,,,0.00,0.00,
4.2722,cmd,4,32.2014,,,0.00,0.00,
4.2727,state,3,16.0513,-0.839,-0.0440,,,37.0
4.2729,state,4,32.2014,-4.197,-0.0879,,,36.0
4.2820,cmd,3,16.0513,,,0.00,0.00,
4.2820,cmd,4,32.2014,,,0.00,0.00,
4.2827,state,3,16.0513,-1.959,-0.0147,,,37.0
4.2828,state,4,32.2014,-1.959,-0.0293,,,36.0
4.2920,cmd,3,16.0513,,,0.00,0.00,
4.2920,cmd,4,32.2014,,,0.00,0.00,
4.2927,state,3,16.0513,-1.399,-0.0147,,,37.0
4.2928,state,4,32.2014,1.399,-0.0293,,,36.0
4.3020,cmd,3,16.0513,,,0.00,0.00,
4.3020,cmd,4,32.2014,,,0.00,0.00,
4.3026,state,3,16.0513,-2.518,-0.0147,,,37.0
4.3027,state,4,32.2014,-1.959,-0.0879,,,36.0
4.3121,cmd,3,16.0513,,,0.00,0.00,
4.3121,cmd,4,32.2014,,,0.00,0.00,
4.3128,state,3,16.0513,4.757,-0.0147,,,37.0
4.3129,state,4,32.2014,-0.280,-0.0293,,,36.0
4.3220,cmd,3,16.0513,,,0.00,0.00,
4.3221,cmd,4,32.2014,,,0.00,0.00,
4.3227,state,3,16.0513,-1.959,-0.0147,,,37.0
4.3228,state,4,32.2014,-3.638,-0.0879,,,36.0
4.3321,cmd,3,16.0513,,,0.00,0.00,
4.3321,cmd,4,32.2014,,,0.00,0.00,
4.3327,state,3,16.0513,0.280,-0.0147,,,37.0
4.3328,state,4,32.2014,2.518,-0.0293,,,36.0
4.3420,cmd,3,16.0513,,,0.00,0.00,
4.3420,cmd,4,32.2014,,,0.00,0.00,
4.3427,state,3,16.0513,-0.839,-0.0440,,,37.0
4.3428,state,4,32.2014,-0.280,-0.0879,,,36.0
4.3520,cmd,3,16.0513,,,0.00,0.00,
4.3520,cmd,4,32.2014,,,0.00,0.00,
4.3527,state,3,16.0513,2.518,-0.0147,,,37.0
4.3527,state,4,32.2014,-0.839,-0.0293,,,36.0
4.3620,cmd,3,16.0513,,,0.00,0.00,
4.3620,cmd,4,32.2014,,,0.00,0.00,
4.3627,state,3,16.0513,-0.280,-0.0147,,,37.0
4.3628,state,4,32.2014,-6.436,-0.0293,,,36.0
4.3720,cmd,3,16.0513,,,0.00,0.00,
4.3720,cmd,4,32.2014,,,0.00,0.00,
4.3726,state,3,16.0513,6.996,-0.0440,,,37.0
4.3727,state,4,32.2014,-4.197,-0.0293,,,36.0
4.3820,cmd,3,16.0513,,,0.00,0.00,
4.3821,cmd,4,32.2014,,,0.00,0.00,
4.3827,state,3,16.0513,-0.280,-0.0440,,,37.0
4.3828,state,4,32.2014,-1.959,-0.0879,,,36.0
4.3920,cmd,3,16.0513,,,0.00,0.00,
4.3920,cmd,4,32.2014,,,0.00,0.00,
4.3927,state,3,16.0513,-1.959,-0.0440,,,37.0
4.3929,state,4,32.2014,5.317,-0.0879,,,36.0
4.4021,cmd,3,16.0513,,,0.00,0.00,
4.4021,cmd,4,32.2014,,,0.00,0.00,
4.4027,state,3,16.0513,-3.638,-0.0147,,,37.0
4.4028,state,4,32.2014,-1.959,-0.0879,,,36.0
4.4120,cmd,3,16.0513,,,0.00,0.00,
4.4120,cmd,4,32.2014,,,0.00,0.00,
4.4127,state,3,16.0513,4.197,-0.0440,,,37.0
4.4129,state,4,32.2014,-4.757,-0.0879,,,36.0
4.4220,cmd,3,16.0513,,,0.00,0.00,
4.4220,cmd,4,32.2014,,,0.00,0.00,
4.4227,state,3,16.0513,4.757,-0.0147,,,37.0
4.4229,state,4,32.2014,-0.839,-0.0293,,,36.0
4.4321,cmd,3,16.0513,,,0.00,0.00,
4.4321,cmd,4,32.2014,,,0.00,0.00,
4.4327,state,3,16.0513,-3.078,-0.0440,,,37.0
4.4328,state,4,32.2014,0.839,-0.0879,,,36.0
4.4421,cmd,3,16.0513,,,0.00,0.00,
4.4421,cmd,4,32.2014,,,0.00,0.00,
4.4427,state,3,16.0513,-2.518,-0.0147,,,37.0
4.4428,state,4,32.2014,-2.518,-0.0879,,,36.0
4.4521,cmd,3,16.0513,,,0.00,0.00,
4.4521,cmd,4,32.2014,,,0.00,0.00,
4.4527,state,3,16.0513,-2.518,-0.0440,,,37.0
4.4528,state,4,32.2014,-1.959,-0.0879,,,36.0
4.4621,cmd,3,16.0513,,,0.00,0.00,
4.4621,cmd,4,32.2014,,,0.00,0.00,
4.4627,state,3,16.0513,0.280,-0.0147,,,37.0
4.4628,state,4,32.2014,-3.078,-0.0293,,,36.0
4.4720,cmd,3,16.0513,,,0.00,0.00,
4.4721,cmd,4,32.2014,,,0.00,0.00,
4.4728,state,3,16.0513,-3.078,-0.0440,,,37.0
4.4729,state,4,32.2014,3.638,-0.0293,,,36.0
4.4821,cmd,3,16.0513,,,0.00,0.00,
4.4821,cmd,4,32.2014,,,0.00,0.00,
4.4827,state,3,16.0513,2.518,-0.0147,,,37.0
4.4829,state,4,32.2014,-4.757,-0.0293,,,36.0
4.4921,cmd,3,16.0513,,,0.00,0.00,
4.4921,cmd,4,32.2014,,,0.00,0.00,
4.4928,state,3,16.0513,-0.839,-0.0440,,,37.0
4.4928,state,4,32.2234,3.638,-0.0879,,,36.0
4.5021,cmd,3,16.0513,,,0.00,0.00,
4.5021,cmd,4,32.2014,,,0.00,0.00,
4.5028,state,3,16.0513,-4.197,-0.0147,,,37.0
4.5029,state,4,32.2234,0.280,-0.0293,,,36.0
4.5121,cmd,3,16.0513,,,0.00,0.00,
4.5121,cmd,4,32.2234,,,0.00,0.00,
4.5128,state,3,16.0513,-1.959,0.0147,,,37.0
4.5129,state,4,32.2234,4.197,-0.0879,,,36.0
4.5221,cmd,3,16.0513,,,0.00,0.00,
4.5221,cmd,4,32.2234,,,0.00,0.00,
4.5227,state,3,16.0513,5.876,-0.0147,,,37.0
4.5228,state,4,32.2014,-5.317,-0.0879,,,36.0
4.5321,cmd,3,16.0513,,,0.00,0.00,
4.5322,cmd,4,32.2234,,,0.00,0.00,
4.5328,state,3,16.0513,3.638,-0.0440,,,37.0
4.5328,state,4,32.2014,-6.996,-0.0293,,,36.0
4.5421,cmd,3,16.0513,,,0.00,0.00,
4.5421,cmd,4,32.2014,,,0.00,0.00,
4.5427,state,3,16.0513,-5.876,-0.0147,,,37.0
4.5428,state,4,32.2014,-3.638,-0.0293,,,36.0
4.5521,cmd,3,16.0513,,,0.00,0.00,
4.5521,cmd,4,32.2014,,,0.00,0.00,
4.5527,state,3,16.0513,6.436,0.0147,,,37.0
4.5528,state,4,32.2014,-5.317,-0.0293,,,36.0
4.5621,cmd,3,16.0513,,,0.00,0.00,
4.5621,cmd,4,32.2014,,,0.00,0.00,
4.5627,state,3,16.0513,1.399,-0.0440,,,37.0
4.5629,state,4,32.2014,-3.078,-0.0879,,,36.0
4.5721,cmd,3,16.0513,,,0.00,0.00,
4.5721,cmd,4,32.2014,,,0.00,0.00,
4.5727,state,3,16.0513,-4.757,-0.0440,,,37.0
4.5728,state,4,32.2014,1.399,-0.0293,,,36.0
4.5821,cmd,3,16.0513,,,0.00,0.00,
4.5821,cmd,4,32.2014,,,0.00,0.00,
4.5827,state,3,16.0513,0.280,-0.0440,,,37.0
4.5829,state,4,32.2234,-1.399,-0.0879,,,36.0
4.5921,cmd,3,16.0513,,,0.00,0.00,
4.5921,cmd,4,32.2014,,,0.00,0.00,
4.5927,state,3,16.0513,-1.399,-0.0440,,,37.0
4.5928,state,4,32.2014,2.518,-0.0293,,,36.0
4.6023,cmd,3,16.0513,,,0.00,0.00,
4.6023,cmd,4,32.2234,,,0.00,0.00,
4.6028,state,3,16.0513,-6.436,-0.0440,,,37.0
4.6030,state,4,32.2014,-8.115,-0.0879,,,36.0
4.6122,cmd,3,16.0513,,,0.00,0.00,
4.6122,cmd,4,32.2014,,,0.00,0.00,
4.6127,state,3,16.0513,1.399,0.0147,,,37.0
4.6129,state,4,32.2014,-0.280,-0.0879,,,36.0
4.6221,cmd,3,16.0513,,,0.00,0.00,
4.6221,cmd,4,32.2014,,,0.00,0.00,
4.6226,state,3,16.0513,-2.518,-0.0733,,,37.0
4.6228,state,4,32.2014,-2.518,-0.0879,,,36.0
4.6321,cmd,3,16.0513,,,0.00,0.00,
4.6322,cmd,4,32.2014,,,0.00,0.00,
4.6327,state,3,16.0513,-1.399,-0.0733,,,37.0
4.6328,state,4,32.2014,4.757,-0.0879,,,36.0
4.6421,cmd,3,16.0513,,,0.00,0.00,
4.6422,cmd,4,32.2014,,,0.00,0.00,
4.6427,state,3,16.0513,3.638,-0.0440,,,37.0
4.6429,state,4,32.2014,1.959,-0.0879,,,36.0
4.6521,cmd,3,16.0513,,,0.00,0.00,
4.6521,cmd,4,32.2014,,,0.00,0.00,
4.6527,state,3,16.0513,2.518,-0.0440,,,37.0
4.6528,state,4,32.2014,2.518,-0.0293,,,36.0
4.6621,cmd,3,16.0513,,,0.00,0.00,
4.6621,cmd,4,32.2014,,,0.00,0.00,
4.6627,state,3,16.0513,-4.757,-0.0147,,,37.0
4.6628,state,4,32.2014,-1.959,-0.0293,,,36.0
4.6721,cmd,3,16.0513,,,0.00,0.00,
4.6721,cmd,4,32.2014,,,0.00,0.00,
4.6727,state,3,16.0513,4.197,-0.0147,,,37.0
4.6728,state,4,32.2234,4.197,-0.0293,,,36.0
4.6821,cmd,3,16.0513,,,0.00,0.00,
4.6821,cmd,4,32.2014,,,0.00,0.00,
4.6827,state,3,16.0513,-1.399,0.0147,,,37.0
4.6828,state,4,32.2014,-0.839,-0.0293,,,36.0
4.6921,cmd,3,16.0513,,,0.00,0.00,
4.6921,cmd,4,32.2234,,,0.00,0.00,
4.6927,state,3,16.0513,-9.234,0.0147,,,37.0
4.6929,state,4,32.2014,-1.399,-0.0293,,,36.0
4.7021,cmd,3,16.0513,,,0.00,0.00,
4.7021,cmd,4,32.2014,,,0.00,0.00,
4.7027,state,3,16.0513,-2.518,-0.0733,,,37.0
4.7028,state,4,32.2014,-4.197,-0.0879,,,36.0
4.7122,cmd,3,16.0513,,,0.00,0.00,
4.7122,cmd,4,32.2014,,,0.00,0.00,
4.7128,state,3,16.0513,-1.399,-0.0440,,,37.0
4.7129,state,4,32.2014,-5.876,-0.0879,,,36.0
4.7221,cmd,3,16.0513,,,0.00,0.00,
4.7222,cmd,4,32.2014,,,0.00,0.00,
4.7228,state,3,16.0513,0.839,-0.0147,,,37.0
4.7229,state,4,32.2014,-0.839,-0.0879,,,36.0
4.7321,cmd,3,16.0513,,,0.00,0.00,
4.7322,cmd,4,32.2014,,,0.00,0.00,
4.7327,state,3,16.0513,-3.078,-0.0147,,,37.0
4.7329,state,4,32.2014,-4.197,-0.0293,,,36.0
4.7421,cmd,3,16.0513,,,0.00,0.00,
4.7421,cmd,4,32.2014,,,0.00,0.00,
4.7427,state,3,16.0513,-4.757,-0.0440,,,37.0
4.7429,state,4,32.2014,-0.839,-0.0879,,,36.0
4.7521,cmd,3,16.0513,,,0.00,0.00,
4.7521,cmd,4,32.2014,,,0.00,0.00,
4.7527,state,3,16.0513,3.078,-0.0440,,,37.0
4.7529,state,4,32.2014,3.078,-0.0879,,,36.0
4.7621,cmd,3,16.0513,,,0.00,0.00,
4.7621,cmd,4,32.2014,,,0.00,0.00,
4.7627,state,3,16.0513,-2.518,-0.0440,,,37.0
4.7629,state,4,32.2014,2.518,-0.0879,,,36.0
4.7721,cmd,3,16.0513,,,0.00,0.00,
4.7721,cmd,4,32.2014,,,0.00,0.00,
4.7728,state,3,16.0513,3.078,-0.0147,,,37.0
4.7729,state,4,32.2014,0.280,-0.0293,,,36.0
4.7821,cmd,3,16.0513,,,0.00,0.00,
4.7821,cmd,4,32.2014,,,0.00,0.00,
4.7827,state,3,16.0513,8.115,-0.0440,,,37.0
4.7828,state,4,32.2014,-0.280,-0.0293,,,36.0
4.7921,cmd,3,16.0513,,,0.00,0.00,
4.7921,cmd,4,32.2014,,,0.00,0.00,
4.7927,state,3,16.0513,-1.959,-0.0733,,,37.0
4.7928,state,4,32.2014,-3.078,-0.0293,,,36.0
4.8021,cmd,3,16.0513,,,0.00,0.00,
4.8021,cmd,4,32.2014,,,0.00,0.00,
4.8027,state,3,16.0513,4.757,-0.0147,,,37.0
4.8028,state,4,32.2014,-4.757,-0.0879,,,36.0
4.8121,cmd,3,16.0513,,,0.00,0.00,
4.8121,cmd,4,32.2014,,,0.00,0.00,
4.8127,state,3,16.0513,0.839,-0.0440,,,37.0
4.8129,state,4,32.2014,-0.839,-0.0879,,,36.0
4.8222,cmd,3,16.0513,,,0.00,0.00,
4.8222,cmd,4,32.2014,,,0.00,0.00,
4.8228,state,3,16.0513,1.399,-0.0147,,,37.0
4.8229,state,4,32.2014,-3.638,-0.0879,,,36.0
4.8321,cmd,3,16.0513,,,0.00,0.00,
4.8321,cmd,4,32.2014,,,0.00,0.00,
4.8327,state,3,16.0513,1.959,-0.0733,,,37.0
4.8328,state,4,32.2234,-0.280,-0.0293,,,36.0
4.8421,cmd,3,16.0513,,,0.00,0.00,
4.8421,cmd,4,32.2014,,,0.00,0.00,
4.8427,state,3,16.0513,-0.280,-0.0147,,,37.0
4.8428,state,4,32.2014,-0.839,-0.0879,,,36.0
4.8521,cmd,3,16.0513,,,0.00,0.00,
4.8521,cmd,4,32.2234,,,0.00,0.00,
4.8527,state,3,16.0513,0.280,-0.0440,,,37.0
4.8529,state,4,32.2014,5.876,-0.0879,,,36.0
4.8621,cmd,3,16.0513,,,0.00,0.00,
4.8621,cmd,4,32.2014,,,0.00,0.00,
4.8627,state,3,16.0513,-8.115,-0.0440,,,37.0
4.8629,state,4,32.2014,-1.399,-0.0293,,,36.0
4.8721,cmd,3,16.0513,,,0.00,0.00,
4.8721,cmd,4,32.2014,,,0.00,0.00,
4.8727,state,3,16.0513,-1.959,-0.0440,,,37.0
4.8729,state,4,32.2014,3.638,-0.0293,,,36.0
4.8822,cmd,3,16.0513,,,0.00,0.00,
4.8822,cmd,4,32.2014,,,0.00,0.00,
4.8828,state,3,16.0513,-1.399,-0.0147,,,37.0
4.8829,state,4,32.2014,0.839,-0.0879,,,36.0
4.8921,cmd,3,16.0513,,,0.00,0.00,
4.8921,cmd,4,32.2014,,,0.00,0.00,
4.8927,state,3,16.0513,1.399,0.0147,,,37.0
4.8929,state,4,32.2014,-4.197,-0.0879,,,36.0
4.9021,cmd,3,16.0513,,,0.00,0.00,
4.9022,cmd,4,32.2014,,,0.00,0.00,
4.9028,state,3,16.0513,0.280,-0.0147,,,37.0
4.9028,state,4,32.2014,-3.638,-0.0293,,,36.0
4.9122,cmd,3,16.0513,,,0.00,0.00,
4.9122,cmd,4,32.2014,,,0.00,0.00,
4.9128,state,3,16.0513,-2.518,-0.0147,,,37.0
4.9129,state,4,32.2014,0.839,-0.0293,,,36.0
4.9222,cmd,3,16.0513,,,0.00,0.00,
4.9222,cmd,4,32.2014,,,0.00,0.00,
4.9228,state,3,16.0513,2.518,-0.0440,,,37.0
4.9229,state,4,32.2014,-3.078,-0.0879,,,36.0
4.9321,cmd,3,16.0513,,,0.00,0.00,
4.9321,cmd,4,32.2014,,,0.00,0.00,
4.9327,state,3,16.0513,-1.399,-0.0440,,,37.0
4.9329,state,4,32.2014,1.399,-0.0879,,,36.0
4.9423,cmd,3,16.0513,,,0.00,0.00,
4.9423,cmd,4,32.2014,,,0.00,0.00,
4.9428,state,3,16.0513,-7.555,-0.0147,,,37.0
4.9430,state,4,32.2014,0.280,-0.0293,,,36.0
4.9522,cmd,3,16.0513,,,0.00,0.00,
4.9522,cmd,4,32.2014,,,0.00,0.00,
4.9527,state,3,16.0513,0.280,-0.0440,,,37.0
4.9529,state,4,32.2014,-1.959,-0.0879,,,36.0
4.9621,cmd,3,16.0513,,,0.00,0.00,
4.9621,cmd,4,32.2014,,,0.00,0.00,
4.9627,state,3,16.0513,7.555,0.0147,,,37.0
4.9629,state,4,32.2014,0.280,-0.0879,,,36.0
4.9722,cmd,3,16.0513,,,0.00,0.00,
4.9722,cmd,4,32.2014,,,0.00,0.00,
4.9728,state,3,16.0513,-0.839,-0.0147,,,37.0
4.9728,state,4,32.2014,-4.757,-0.0879,,,36.0
4.9821,cmd,3,16.0513,,,0.00,0.00,
4.9821,cmd,4,32.2014,,,0.00,0.00,
4.9827,state,3,16.0513,-0.280,-0.0440,,,37.0
4.9829,state,4,32.2014,0.280,-0.0293,,,36.0
4.9921,cmd,3,16.0513,,,0.00,0.00,
4.9921,cmd,4,32.2014,,,0.00,0.00,
4.9927,state,3,16.0513,0.280,-0.0733,,,37.0
4.9929,state,4,32.2014,-3.638,-0.0879,,,36.0
5.0022,cmd,3,16.0513,,,0.00,0.00,
5.0022,cmd,4,32.2014,,,0.00,0.00,
5.0028,state,3,16.0513,-2.518,-0.0147,,,37.0
5.0029,state,4,32.2014,-3.078,-0.0879,,,36.0
5.0121,cmd,3,16.0513,,,0.00,0.00,
5.0121,cmd,4,32.2014,,,0.00,0.00,
5.0127,state,3,16.0513,-2.518,-0.0147,,,37.0
5.0128,state,4,32.2014,1.959,-0.0879,,,36.0
5.0221,cmd,3,16.0513,,,0.00,0.00,
5.0221,cmd,4,32.2014,,,0.00,0.00,
5.0227,state,3,16.0513,-1.959,-0.0147,,,37.0
5.0229,state,4,32.2014,2.518,-0.0879,,,36.0
5.0322,cmd,3,16.0513,,,0.00,0.00,
5.0322,cmd,4,32.2014,,,0.00,0.00,
5.0327,state,3,16.0513,3.078,-0.0147,,,37.0
5.0328,state,4,32.2014,5.317,-0.0879,,,36.0
5.0421,cmd,3,16.0513,,,0.00,0.00,
5.0421,cmd,4,32.2014,,,0.00,0.00,
5.0427,state,3,16.0513,4.757,-0.0147,,,37.0
5.0429,state,4,32.2014,3.078,-0.0879,,,36.0
5.0521,cmd,3,16.0513,,,0.00,0.00,
5.0521,cmd,4,32.2014,,,0.00,0.00,
5.0527,state,3,16.0513,4.197,0.0147,,,37.0
5.0529,state,4,32.2014,4.757,-0.0293,,,36.0
5.0622,cmd,3,16.0513,,,0.00,0.00,
5.0622,cmd,4,32.2014,,,0.00,0.00,
5.0628,state,3,16.0513,-5.876,-0.0440,,,37.0
5.0629,state,4,32.2014,0.280,-0.0879,,,36.0
5.0722,cmd,3,16.0513,,,0.00,0.00,
5.0722,cmd,4,32.2014,,,0.00,0.00,
5.0728,state,3,16.0513,1.959,-0.0147,,,37.0
5.0729,state,4,32.2014,-0.280,-0.0293,,,36.0
5.0822,cmd,3,16.0513,,,0.00,0.00,
5.0822,cmd,4,32.2014,,,0.00,0.00,
5.0827,state,3,16.0513,2.518,-0.0440,,,37.0
5.0829,state,4,32.2234,2.518,-0.0879,,,36.0
5.0922,cmd,3,16.0513,,,0.00,0.00,
5.0922,cmd,4,32.2014,,,0.00,0.00,
5.0927,state,3,16.0513,-3.078,-0.0147,,,37.0
5.0928,state,4,32.2014,0.839,-0.0293,,,36.0
5.1022,cmd,3,16.0513,,,0.00,0.00,
5.1022,cmd,4,32.2234,,,0.00,0.00,
5.1027,state,3,16.0513,4.757,-0.0147,,,37.0
5.1029,state,4,32.2014,-0.839,-0.0293,,,36.0
5.1121,cmd,3,16.0513,,,0.00,0.00,
5.1121,cmd,4,32.2014,,,0.00,0.00,
5.1127,state,3,16.0513,-5.317,-0.0733,,,37.0
5.1128,state,4,32.2014,0.280,-0.0293,,,36.0
5.1222,cmd,3,16.0513,,,0.00,0.00,
5.1222,cmd,4,32.2014,,,0.00,0.00,
5.1227,state,3,16.0513,3.638,-0.0147,,,37.0
5.1229,state,4,32.2014,-3.078,-0.0293,,,36.0
5.1321,cmd,3,16.0513,,,0.00,0.00,
5.1321,cmd,4,32.2014,,,0.00,0.00,
5.1327,state,3,16.0513,1.959,-0.0147,,,37.0
5.1329,state,4,32.2014,-0.280,-0.0879,,,36.0
5.1422,cmd,3,16.0513,,,0.00,0.00,
5.1422,cmd,4,32.2014,,,0.00,0.00,
5.1427,state,3,16.0513,-1.399,-0.0147,,,37.0
5.1429,state,4,32.2014,-1.959,-0.0293,,,36.0
5.1522,cmd,3,16.0513,,,0.00,0.00,
5.1522,cmd,4,32.2014,,,0.00,0.00,
5.1528,state,3,16.0513,-0.839,-0.0147,,,37.0
5.1529,state,4,32.2014,3.638,-0.0293,,,36.0
5.1621,cmd,3,16.0513,,,0.00,0.00,
5.1621,cmd,4,32.2014,,,0.00,0.00,
5.1628,state,3,16.0513,-1.399,-0.0147,,,37.0
5.1629,state,4,32.2014,-5.317,-0.0293,,,36.0
5.1722,cmd,3,16.0513,,,0.00,0.00,
5.1722,cmd,4,32.2014,,,0.00,0.00,
5.1728,state,3,16.0513,0.280,-0.0147,,,37.0
5.1729,state,4,32.2014,2.518,-0.0879,,,36.0
5.1822,cmd,3,16.0513,,,0.00,0.00,
5.1822,cmd,4,32.2014,,,0.00,0.00,
5.1828,state,3,16.0513,3.638,-0.0147,,,37.0
5.1829,state,4,32.2014,-0.280,-0.0879,,,36.0
5.1921,cmd,3,16.0513,,,0.00,0.00,
5.1921,cmd,4,32.2014,,,0.00,0.00,
5.1928,state,3,16.0513,-4.197,-0.0147,,,37.0
5.1929,state,4,32.2014,-0.280,-0.0879,,,36.0
5.2022,cmd,3,16.0513,,,0.00,0.00,
5.2022,cmd,4,32.2014,,,0.00,0.00,
5.2028,state,3,16.0513,0.280,-0.0440,,,37.0
5.2029,state,4,32.2014,-3.078,-0.0879,,,36.0
5.2122,cmd,3,16.0513,,,0.00,0.00,
5.2122,cmd,4,32.2014,,,0.00,0.00,
5.2128,state,3,16.0513,-5.317,-0.0440,,,37.0
5.2129,state,4,32.2014,0.839,-0.0879,,,36.0
5.2221,cmd,3,16.0513,,,0.00,0.00,
5.2221,cmd,4,32.2014,,,0.00,0.00,
5.2227,state,3,16.0513,-1.959,-0.0147,,,37.0
5.2229,state,4,32.2014,-0.839,-0.0879,,,36.0
5.2321,cmd,3,16.0513,,,0.00,0.00,
5.2321,cmd,4,32.2014,,,0.00,0.00,
5.2328,state,3,16.0513,-0.839,-0.0147,,,37.0
5.2329,state,4,32.2014,2.518,-0.0879,,,36.0
5.2422,cmd,3,16.0513,,,0.00,0.00,
5.2423,cmd,4,32.2014,,,0.00,0.00,
5.2428,state,3,16.0293,-6.436,-0.0147,,,37.0
5.2429,state,4,32.2014,3.638,-0.0879,,,36.0
5.2521,cmd,3,16.0513,,,0.00,0.00,
5.2521,cmd,4,32.2014,,,0.00,0.00,
5.2528,state,3,16.0513,1.399,-0.0440,,,37.0
5.2529,state,4,32.2234,0.839,-0.0293,,,36.0
5.2621,cmd,3,16.0293,,,0.00,0.00,
5.2621,cmd,4,32.2014,,,0.00,0.00,
5.2628,state,3,16.0513,1.399,-0.0440,,,37.0
5.2629,state,4,32.2014,1.959,-0.0293,,,36.0
5.2722,cmd,3,16.0513,,,0.00,0.00,
5.2722,cmd,4,32.2234,,,0.00,0.00,
5.2728,state,3,16.0513,-1.399,-0.0147,,,37.0
5.2728,state,4,32.2014,-2.518,-0.0293,,,36.0
5.2822,cmd,3,16.0513,,,0.00,0.00,
5.2822,cmd,4,32.2014,,,0.00,0.00,
5.2828,state,3,16.0513,1.959,-0.0440,,,37.0
5.2832,state,4,32.2014,-0.280,-0.0879,,,36.0
5.2922,cmd,3,16.0513,,,0.00,0.00,
5.2922,cmd,4,32.2014,,,0.00,0.00,
5.2927,state,3,16.0513,-0.839,-0.0733,,,37.0
5.2932,state,4,32.2014,-6.436,-0.0879,,,36.0
5.3022,cmd,3,16.0513,,,0.00,0.00,
5.3022,cmd,4,32.2014,,,0.00,0.00,
5.3027,state,3,16.0513,-5.876,0.0147,,,37.0
5.3032,state,4,32.2014,3.078,-0.0293,,,36.0
5.3122,cmd,3,16.0513,,,0.00,0.00,
5.3122,cmd,4,32.2014,,,0.00,0.00,
5.3127,state,3,16.0513,-3.078,0.0147,,,37.0
5.3132,state,4,32.2014,-0.839,-0.0879,,,36.0
5.3222,cmd,3,16.0513,,,0.00,0.00,
5.3222,cmd,4,32.2014,,,0.00,0.00,
5.3227,state,3,16.0513,0.280,-0.0440,,,37.0
5.3232,state,4,32.2014,-0.839,-0.0293,,,36.0
5.3322,cmd,3,16.0513,,,0.00,0.00,
5.3322,cmd,4,32.2014,,,0.00,0.00,
5.3327,state,3,16.0513,-0.280,-0.0147,,,37.0
5.3332,state,4,32.2014,1.959,-0.0879,,,36.0
5.3422,cmd,3,16.0513,,,0.00,0.00,
5.3422,cmd,4,32.2014,,,0.00,0.00,
5.3427,state,3,16.0513,0.280,-0.0733,,,37.0
5.3432,state,4,32.2014,-4.197,-0.0879,,,36.0
5.3522,cmd,3,16.0513,,,0.00,0.00,
5.3522,cmd,4,32.2014,,,0.00,0.00,
5.3527,state,3,16.0513,-2.518,-0.0147,,,37.0
5.3533,state,4,32.2014,-0.280,-0.0879,,,36.0
5.3623,cmd,3,16.0513,,,0.00,0.00,
5.3623,cmd,4,32.2014,,,0.00,0.00,
5.3627,state,3,16.0513,0.280,-0.0147,,,37.0
5.3632,state,4,32.2014,1.399,-0.0293,,,36.0
5.3722,cmd,3,16.0513,,,0.00,0.00,
5.3722,cmd,4,32.2014,,,0.00,0.00,
5.3727,state,3,16.0513,-1.959,0.0147,,,37.0
5.3732,state,4,32.2014,-1.399,-0.0293,,,36.0
5.3822,cmd,3,16.0513,,,0.00,0.00,
5.3822,cmd,4,32.2014,,,0.00,0.00,
5.3827,state,3,16.0513,1.959,-0.0147,,,37.0
5.3832,state,4,32.2234,5.876,-0.0879,,,36.0
5.3922,cmd,3,16.0513,,,0.00,0.00,
5.3922,cmd,4,32.2014,,,0.00,0.00,
5.3927,state,3,16.0513,-1.399,-0.0147,,,37.0
5.3932,state,4,32.2014,-1.399,-0.0293,,,36.0
5.4022,cmd,3,16.0513,,,0.00,0.00,
5.4022,cmd,4,32.2234,,,0.00,0.00,
5.4027,state,3,16.0513,-0.839,-0.0147,,,37.0
5.4032,state,4,32.2014,0.280,-0.0879,,,36.0
5.4122,cmd,3,16.0513,,,0.00,0.00,
5.4122,cmd,4,32.2014,,,0.00,0.00,
5.4128,state,3,16.0513,-1.959,0.0147,,,37.0
5.4132,state,4,32.2014,-1.959,-0.0293,,,36.0
5.4223,cmd,3,16.0513,,,0.00,0.00,
5.4223,cmd,4,32.2014,,,0.00,0.00,
5.4229,state,3,16.0513,0.839,-0.0147,,,37.0
5.4230,state,4,32.2014,-4.197,-0.0879,,,36.0
5.4322,cmd,3,16.0513,,,0.00,0.00,
5.4322,cmd,4,32.2014,,,0.00,0.00,
5.4328,state,3,16.0513,-0.839,-0.0440,,,37.0
5.4329,state,4,32.2234,3.078,-0.0293,,,36.0
5.4422,cmd,3,16.0513,,,0.00,0.00,
5.4422,cmd,4,32.2014,,,0.00,0.00,
5.4428,state,3,16.0513,3.638,-0.0147,,,37.0
5.4429,state,4,32.2234,1.959,-0.0293,,,36.0
5.4523,cmd,3,16.0513,,,0.00,0.00,
5.4523,cmd,4,32.2234,,,0.00,0.00,
5.4528,state,3,16.0513,1.399,-0.0440,,,37.0
5.4529,state,4,32.2014,-1.959,-0.0293,,,36.0
5.4622,cmd,3,16.0513,,,0.00,0.00,
5.4622,cmd,4,32.2234,,,0.00,0.00,
5.4628,state,3,16.0513,-1.399,-0.0147,,,37.0
5.4629,state,4,32.2014,-0.280,-0.0879,,,36.0
5.4722,cmd,3,16.0513,,,0.00,0.00,
5.4722,cmd,4,32.2014,,,0.00,0.00,
5.4728,state,3,16.0513,4.197,-0.0440,,,37.0
5.4729,state,4,32.2014,-2.518,-0.0879,,,36.0
5.4822,cmd,3,16.0513,,,0.00,0.00,
5.4822,cmd,4,32.2014,,,0.00,0.00,
5.4828,state,3,16.0513,-2.518,-0.0733,,,37.0
5.4829,state,4,32.2014,0.839,-0.0293,,,36.0
5.4922,cmd,3,16.0513,,,0.00,0.00,
5.4922,cmd,4,32.2014,,,0.00,0.00,
5.4928,state,3,16.0513,-1.399,-0.0147,,,37.0
5.4929,state,4,32.2014,5.876,-0.0293,,,36.0
5.5022,cmd,3,16.0513,,,0.00,0.00,
5.5022,cmd,4,32.2014,,,0.00,0.00,
5.5028,state,3,16.0513,3.078,-0.0147,,,37.0
5.5029,state,4,32.2014,-1.399,-0.0879,,,36.0
5.5122,cmd,3,16.0513,,,0.00,0.00,
5.5122,cmd,4,32.2014,,,0.00,0.00,
5.5128,state,3,16.0513,2.518,-0.0147,,,37.0
5.5129,state,4,32.2014,5.317,-0.0879,,,36.0
5.5222,cmd,3,16.0513,,,0.00,0.00,
5.5222,cmd,4,32.2014,,,0.00,0.00,
5.5228,state,3,16.0513,4.197,-0.0440,,,37.0
5.5229,state,4,32.2014,-3.638,-0.0879,,,36.0
5.5322,cmd,3,16.0513,,,0.00,0.00,
5.5322,cmd,4,32.2014,,,0.00,0.00,
5.5328,state,3,16.0513,-3.078,-0.0733,,,37.0
5.5329,state,4,32.2234,-1.959,-0.0293,,,36.0
5.5423,cmd,3,16.0513,,,0.00,0.00,
5.5423,cmd,4,32.2014,,,0.00,0.00,
5.5429,state,3,16.0513,3.638,-0.0440,,,37.0
5.5430,state,4,32.2014,3.078,-0.0879,,,36.0
5.5522,cmd,3,16.0513,,,0.00,0.00,
5.5522,cmd,4,32.2234,,,0.00,0.00,
5.5528,state,3,16.0513,2.518,-0.0440,,,37.0
5.5529,state,4,32.2014,-4.197,-0.0879,,,36.0
5.5622,cmd,3,16.0513,,,0.00,0.00,
5.5622,cmd,4,32.2014,,,0.00,0.00,
5.5628,state,3,16.0293,-5.317,-0.0440,,,37.0
5.5629,state,4,32.2014,-0.839,-0.0293,,,36.0
5.5723,cmd,3,16.0513,,,0.00,0.00,
5.5723,cmd,4,32.2014,,,0.00,0.00,
5.5729,state,3,16.0513,-7.555,-0.0147,,,37.0
5.5730,state,4,32.2014,2.518,-0.0879,,,36.0
5.5822,cmd,3,16.0293,,,0.00,0.00,
5.5822,cmd,4,32.2014,,,0.00,0.00,
5.5828,state,3,16.0513,4.757,-0.0440,,,37.0
5.5829,state,4,32.2014,-0.839,-0.0879,,,36.0
5.5922,cmd,3,16.0513,,,0.00,0.00,
5.5923,cmd,4,32.2014,,,0.00,0.00,
5.5928,state,3,16.0513,-3.078,-0.0733,,,37.0
5.5929,state,4,32.2014,-0.839,-0.0293,,,36.0
5.6023,cmd,3,16.0513,,,0.00,0.00,
5.6023,cmd,4,32.2014,,,0.00,0.00,
5.6028,state,3,16.0513,-1.959,-0.0440,,,37.0
5.6029,state,4,32.2014,-0.839,-0.0293,,,36.0
5.6122,cmd,3,16.0513,,,0.00,0.00,
5.6122,cmd,4,32.2014,,,0.00,0.00,
5.6128,state,3,16.0513,0.280,-0.0147,,,37.0
5.6129,state,4,32.2014,3.078,-0.0293,,,36.0
5.6222,cmd,3,16.0513,,,0.00,0.00,
5.6222,cmd,4,32.2014,,,0.00,0.00,
5.6228,state,3,16.0513,-1.959,-0.0147,,,37.0
5.6229,state,4,32.2234,1.959,-0.0293,,,36.0
5.6322,cmd,3,16.0513,,,0.00,0.00,
5.6322,cmd,4,32.2014,,,0.00,0.00,
5.6328,state,3,16.0513,1.399,-0.0147,,,37.0
5.6329,state,4,32.2014,2.518,-0.0879,,,36.0
5.6423,cmd,3,16.0513,,,0.00,0.00,
5.6423,cmd,4,32.2234,,,0.00,0.00,
5.6429,state,3,16.0513,3.638,-0.0147,,,37.0
5.6430,state,4,32.2014,-4.197,-0.0879,,,36.0
5.6523,cmd,3,16.0513,,,0.00,0.00,
5.6523,cmd,4,32.2014,,,0.00,0.00,
5.6527,state,3,16.0513,0.839,-0.0440,,,37.0
5.6533,state,4,32.2014,-4.197,-0.0879,,,36.0
5.6622,cmd,3,16.0513,,,0.00,0.00,
5.6622,cmd,4,32.2014,,,0.00,0.00,
5.6628,state,3,16.0513,-1.399,-0.0440,,,37.0
5.6632,state,4,32.2014,3.638,-0.0879,,,36.0
5.6723,cmd,3,16.0513,,,0.00,0.00,
5.6723,cmd,4,32.2014,,,0.00,0.00,
5.6727,state,3,16.0513,0.280,-0.0733,,,37.0
5.6732,state,4,32.2014,4.757,-0.0879,,,36.0
5.6822,cmd,3,16.0513,,,0.00,0.00,
5.6822,cmd,4,32.2014,,,0.00,0.00,
5.6828,state,3,16.0513,-1.399,-0.0440,,,37.0
5.6832,state,4,32.2014,-3.078,-0.0293,,,36.0
5.6923,cmd,3,16.0513,,,0.00,0.00,
5.6923,cmd,4,32.2014,,,0.00,0.00,
5.6928,state,3,16.0513,3.078,-0.0147,,,37.0
5.6934,state,4,32.2014,0.280,-0.0879,,,36.0
5.7022,cmd,3,16.0513,,,0.00,0.00,
5.7022,cmd,4,32.2014,,,0.00,0.00,
5.7028,state,3,16.0513,0.839,-0.0440,,,37.0
5.7032,state,4,32.2014,-3.638,-0.0293,,,36.0
5.7123,cmd,3,16.0513,,,0.00,0.00,
5.7123,cmd,4,32.2014,,,0.00,0.00,
5.7129,state,3,16.0513,0.839,-0.0147,,,37.0
5.7130,state,4,32.2234,1.399,-0.0879,,,36.0
5.7223,cmd,3,16.0513,,,0.00,0.00,
5.7223,cmd,4,32.2014,,,0.00,0.00,
5.7229,state,3,16.0513,-0.839,-0.0147,,,37.0
5.7230,state,4,32.2014,-4.757,-0.0879,,,36.0
5.7322,cmd,3,16.0513,,,0.00,0.00,
5.7322,cmd,4,32.2234,,,0.00,0.00,
5.7328,state,3,16.0513,-2.518,0.0147,,,37.0
5.7329,state,4,32.2234,1.959,-0.0293,,,36.0
5.7423,cmd,3,16.0513,,,0.00,0.00,
5.7423,cmd,4,32.2014,,,0.00,0.00,
5.7429,state,3,16.0513,-1.399,-0.0147,,,37.0
5.7430,state,4,32.2234,-1.399,-0.0879,,,36.0
5.7523,cmd,3,16.0513,,,0.00,0.00,
5.7523,cmd,4,32.2234,,,0.00,0.00,
5.7529,state,3,16.0293,-4.197,-0.0147,,,37.0
5.7530,state,4,32.2014,-0.280,-0.0293,,,36.0
5.7622,cmd,3,16.0513,,,0.00,0.00,
5.7622,cmd,4,32.2234,,,0.00,0.00,
5.7628,state,3,16.0513,-1.959,-0.0147,,,37.0
5.7629,state,4,32.2014,1.959,-0.0293,,,36.0
5.7723,cmd,3,16.0293,,,0.00,0.00,
5.7723,cmd,4,32.2014,,,0.00,0.00,
5.7729,state,3,16.0513,1.959,-0.0733,,,37.0
5.7730,state,4,32.2234,2.518,-0.0879,,,36.0
5.7823,cmd,3,16.0513,,,0.00,0.00,
5.7823,cmd,4,32.2014,,,0.00,0.00,
5.7829,state,3,16.0513,-4.757,-0.0147,,,37.0
5.7830,state,4,32.2014,-0.280,-0.0879,,,36.0
5.7922,cmd,3,16.0513,,,0.00,0.00,
5.7922,cmd,4,32.2234,,,0.00,0.00,
5.7928,state,3,16.0513,3.078,-0.0440,,,37.0
5.7929,state,4,32.2014,1.959,-0.0879,,,36.0
5.8022,cmd,3,16.0513,,,0.00,0.00,
5.8022,cmd,4,32.2014,,,0.00,0.00,
5.8028,state,3,16.0293,-8.115,-0.0147,,,37.0
5.8029,state,4,32.2014,0.280,-0.0293,,,36.0
5.8123,cmd,3,16.0513,,,0.00,0.00,
5.8123,cmd,4,32.2014,,,0.00,0.00,
5.8129,state,3,16.0513,-0.280,-0.0147,,,37.0
5.8130,state,4,32.2014,-6.996,-0.0293,,,36.0
5.8222,cmd,3,16.0293,,,0.00,0.00,
5.8222,cmd,4,32.2014,,,0.00,0.00,
5.8228,state,3,16.0513,6.436,-0.0147,,,37.0
5.8229,state,4,32.2014,-0.280,-0.0293,,,36.0
5.8323,cmd,3,16.0513,,,0.00,0.00,
5.8324,cmd,4,32.2014,,,0.00,0.00,
5.8329,state,3,16.0513,3.078,-0.0440,,,37.0
5.8330,state,4,32.2014,-4.757,-0.0879,,,36.0
5.8423,cmd,3,16.0513,,,0.00,0.00,
5.8423,cmd,4,32.2014,,,0.00,0.00,
5.8429,state,3,16.0513,-2.518,-0.0733,,,37.0
5.8430,state,4,32.2014,-3.078,-0.0293,,,36.0
5.8523,cmd,3,16.0513,,,0.00,0.00,
5.8523,cmd,4,32.2014,,,0.00,0.00,
5.8529,state,3,16.0513,0.280,-0.0147,,,37.0
5.8530,state,4,32.2014,-0.839,-0.0293,,,36.0
5.8623,cmd,3,16.0513,,,0.00,0.00,
5.8623,cmd,4,32.2014,,,0.00,0.00,
5.8629,state,3,16.0513,-3.078,-0.0147,,,37.0
5.8630,state,4,32.2014,-4.197,-0.0879,,,36.0
5.8724,cmd,3,16.0513,,,0.00,0.00,
5.8724,cmd,4,32.2014,,,0.00,0.00,
5.8730,state,3,16.0513,-0.839,-0.0147,,,37.0
5.8731,state,4,32.2014,0.839,-0.0879,,,36.0
5.8823,cmd,3,16.0513,,,0.00,0.00,
5.8823,cmd,4,32.2014,,,0.00,0.00,
5.8829,state,3,16.0513,1.399,-0.0147,,,37.0
5.8830,state,4,32.2014,0.839,-0.0293,,,36.0
5.8923,cmd,3,16.0513,,,0.00,0.00,
5.8923,cmd,4,32.2014,,,0.00,0.00,
5.8929,state,3,16.0513,-4.757,-0.0440,,,37.0
5.8930,state,4,32.2014,0.839,-0.0879,,,36.0
5.9023,cmd,3,16.0513,,,0.00,0.00,
5.9023,cmd,4,32.2014,,,0.00,0.00,
5.9029,state,3,16.0513,-1.399,-0.0147,,,37.0
5.9030,state,4,32.2234,3.638,-0.0879,,,36.0
5.9123,cmd,3,16.0513,,,0.00,0.00,
5.9123,cmd,4,32.2014,,,0.00,0.00,
5.9129,state,3,16.0513,-0.839,-0.0440,,,37.0
5.9130,state,4,32.2014,-0.280,-0.0879,,,36.0
5.9223,cmd,3,16.0513,,,0.00,0.00,
5.9223,cmd,4,32.2234,,,0.00,0.00,
5.9229,state,3,16.0513,-6.436,-0.0440,,,37.0
5.9230,state,4,32.2234,2.518,-0.0879,,,36.0
5.9323,cmd,3,16.0513,,,0.00,0.00,
5.9323,cmd,4,32.2014,,,0.00,0.00,
5.9329,state,3,16.0513,-1.399,-0.0733,,,37.0
5.9330,state,4,32.2234,-0.839,-0.0879,,,36.0
5.9423,cmd,3,16.0513,,,0.00,0.00,
5.9423,cmd,4,32.2234,,,0.00,0.00,
5.9429,state,3,16.0513,-4.757,-0.0147,,,37.0
5.9429,state,4,32.2014,-1.399,-0.0293,,,36.0
5.9522,cmd,3,16.0513,,,0.00,0.00,
5.9522,cmd,4,32.2234,,,0.00,0.00,
5.9529,state,3,16.0513,-0.839,-0.0147,,,37.0
5.9530,state,4,32.2014,-3.638,-0.0879,,,36.0
5.9624,cmd,3,16.0513,,,0.00,0.00,
5.9624,cmd,4,32.2014,,,0.00,0.00,
5.9630,state,3,16.0513,-1.399,-0.0440,,,37.0
5.9631,state,4,32.2014,-3.638,-0.0879,,,36.0
5.9723,cmd,3,16.0513,,,0.00,0.00,
5.9723,cmd,4,32.2014,,,0.00,0.00,
5.9729,state,3,16.0513,0.280,0.0147,,,37.0
5.9730,state,4,32.2014,4.197,-0.0879,,,36.0
5.9823,cmd,3,16.0513,,,0.00,0.00,
5.9823,cmd,4,32.2014,,,0.00,0.00,
5.9829,state,3,16.0513,-1.959,-0.0440,,,37.0
5.9830,state,4,32.2014,-0.280,-0.0293,,,36.0
5.9923,cmd,3,16.0513,,,0.00,0.00,
5.9923,cmd,4,32.2014,,,0.00,0.00,
5.9929,state,3,16.0513,2.518,-0.0440,,,37.0
5.9930,state,4,32.2014,-1.399,-0.0293,,,36.0
6.0023,cmd,3,16.0513,,,0.00,0.00,
6.0023,cmd,4,32.2014,,,0.00,0.00,
6.0029,state,3,16.0513,3.638,-0.0147,,,37.0
6.0030,state,4,32.2014,5.876,-0.0293,,,36.0
6.0124,cmd,3,16.0513,,,0.00,0.00,
6.0124,cmd,4,32.2014,,,0.00,0.00,
6.0130,state,3,16.0513,6.996,-0.0147,,,37.0
6.0132,state,4,32.2014,3.078,-0.0293,,,36.0
6.0224,cmd,3,16.0513,,,0.00,0.00,
6.0224,cmd,4,32.2014,,,0.00,0.00,
6.0230,state,3,16.0513,0.839,-0.0440,,,37.0
6.0231,state,4,32.2234,6.436,-0.0293,,,36.0
6.0323,cmd,3,16.0513,,,0.00,0.00,
6.0323,cmd,4,32.2014,,,0.00,0.00,
6.0329,state,3,16.0293,-5.876,-0.0147,,,37.0
6.0330,state,4,32.2014,0.280,-0.0879,,,36.0
6.0423,cmd,3,16.0513,,,0.00,0.00,
6.0423,cmd,4,32.2234,,,0.00,0.00,
6.0429,state,3,16.0513,-0.839,0.0147,,,37.0
6.0430,state,4,32.2014,-3.638,-0.0879,,,36.0
6.0524,cmd,3,16.0293,,,0.00,0.00,
6.0524,cmd,4,32.2014,,,0.00,0.00,
6.0529,state,3,16.0513,1.399,-0.0147,,,37.0
6.0530,state,4,32.2014,-3.638,-0.0879,,,36.0
6.0623,cmd,3,16.0513,,,0.00,0.00,
6.0623,cmd,4,32.2014,,,0.00,0.00,
6.0629,state,3,16.0513,-5.317,-0.0147,,,37.0
6.0630,state,4,32.2234,3.638,-0.0879,,,36.0
6.0723,cmd,3,16.0513,,,0.00,0.00,
6.0723,cmd,4,32.2014,,,0.00,0.00,
6.0728,state,3,16.0513,-6.996,-0.0147,,,37.0
6.0729,state,4,32.2014,-3.078,-0.0293,,,36.0
6.0823,cmd,3,16.0513,,,0.00,0.00,
6.0823,cmd,4,32.2234,,,0.00,0.00,
6.0829,state,3,16.0513,4.197,-0.0147,,,37.0
6.0830,state,4,32.2234,1.399,-0.0293,,,36.0
6.0923,cmd,3,16.0513,,,0.00,0.00,
6.0923,cmd,4,32.2014,,,0.00,0.00,
6.0929,state,3,16.0513,0.839,-0.0147,,,37.0
6.0930,state,4,32.2014,-2.518,-0.0879,,,36.0
6.1023,cmd,3,16.0513,,,0.00,0.00,
6.1023,cmd,4,32.2234,,,0.00,0.00,
6.1029,state,3,16.0513,-1.959,-0.0147,,,37.0
6.1030,state,4,32.2014,0.839,-0.0879,,,36.0
6.1123,cmd,3,16.0513,,,0.00,0.00,
6.1123,cmd,4,32.2014,,,0.00,0.00,
6.1129,state,3,16.0513,0.839,-0.0733,,,37.0
6.1130,state,4,32.2014,-1.959,-0.0879,,,36.0
6.1223,cmd,3,16.0513,,,0.00,0.00,
6.1223,cmd,4,32.2014,,,0.00,0.00,
6.1229,state,3,16.0513,4.197,-0.0147,,,37.0
6.1230,state,4,32.2014,1.959,-0.0879,,,36.0
6.1323,cmd,3,16.0513,,,0.00,0.00,
6.1323,cmd,4,32.2014,,,0.00,0.00,
6.1329,state,3,16.0513,5.876,-0.0147,,,37.0
6.1330,state,4,32.2234,-0.280,-0.0293,,,36.0
6.1423,cmd,3,16.0513,,,0.00,0.00,
6.1424,cmd,4,32.2014,,,0.00,0.00,
6.1429,state,3,16.0513,-5.317,-0.0733,,,37.0
6.1430,state,4,32.2014,2.518,-0.0293,,,36.0
6.1523,cmd,3,16.0513,,,0.00,0.00,
6.1523,cmd,4,32.2234,,,0.00,0.00,
6.1529,state,3,16.0513,0.280,-0.0440,,,37.0
6.1530,state,4,32.2234,1.959,-0.0293,,,36.0
6.1623,cmd,3,16.0513,,,0.00,0.00,
6.1623,cmd,4,32.2014,,,0.00,0.00,
6.1629,state,3,16.0513,0.280,-0.1026,,,37.0
6.1630,state,4,32.2014,-0.280,-0.0293,,,36.0
6.1723,cmd,3,16.0513,,,0.00,0.00,
6.1723,cmd,4,32.2234,,,0.00,0.00,
6.1729,state,3,16.0513,5.876,-0.0440,,,37.0
6.1730,state,4,32.2014,-0.839,-0.0879,,,36.0
6.1823,cmd,3,16.0513,,,0.00,0.00,
6.1823,cmd,4,32.2014,,,0.00,0.00,
6.1829,state,3,16.0513,-5.317,-0.0147,,,37.0
6.1830,state,4,32.2014,-1.399,-0.0879,,,36.0
6.1924,cmd,3,16.0513,,,0.00,0.00,
6.1924,cmd,4,32.2014,,,0.00,0.00,
6.1930,state,3,16.0513,3.638,-0.0440,,,37.0
6.1930,state,4,32.2014,0.280,-0.0879,,,36.0
6.2024,cmd,3,16.0513,,,0.00,0.00,
6.2024,cmd,4,32.2014,,,0.00,0.00,
6.2029,state,3,16.0513,-1.399,-0.0147,,,37.0
6.2030,state,4,32.2014,-6.436,-0.0879,,,36.0
6.2123,cmd,3,16.0513,,,0.00,0.00,
6.2124,cmd,4,32.2014,,,0.00,0.00,
6.2129,state,3,16.0513,1.399,0.0147,,,37.0
6.2130,state,4,32.2014,-4.757,-0.0293,,,36.0
6.2223,cmd,3,16.0513,,,0.00,0.00,
6.2223,cmd,4,32.2014,,,0.00,0.00,
6.2229,state,3,16.0513,-3.078,-0.0440,,,37.0
6.2230,state,4,32.2014,-4.757,-0.0879,,,36.0
6.2324,cmd,3,16.0513,,,0.00,0.00,
6.2324,cmd,4,32.2014,,,0.00,0.00,
6.2329,state,3,16.0513,-5.876,-0.0440,,,37.0
6.2330,state,4,32.2014,-4.757,-0.0293,,,36.0
6.2424,cmd,3,16.0513,,,0.00,0.00,
6.2424,cmd,4,32.2014,,,0.00,0.00,
6.2429,state,3,16.0513,-5.876,-0.0440,,,37.0
6.2430,state,4,32.2014,-0.839,-0.0879,,,36.0
6.2523,cmd,3,16.0513,,,0.00,0.00,
6.2524,cmd,4,32.2014,,,0.00,0.00,
6.2529,state,3,16.0513,4.757,-0.0440,,,37.0
6.2530,state,4,32.2014,-4.757,-0.0293,,,36.0
6.2624,cmd,3,16.0513,,,0.00,0.00,
6.2624,cmd,4,32.2014,,,0.00,0.00,
6.2629,state,3,16.0513,0.280,-0.0440,,,37.0
6.2630,state,4,32.2234,2.518,-0.0879,,,36.0
6.2723,cmd,3,16.0513,,,0.00,0.00,
6.2723,cmd,4,32.2014,,,0.00,0.00,
6.2729,state,3,16.0513,1.959,-0.0147,,,37.0
6.2730,state,4,32.2014,-4.757,-0.0879,,,36.0
6.2823,cmd,3,16.0513,,,0.00,0.00,
6.2823,cmd,4,32.2234,,,0.00,0.00,
6.2829,state,3,16.0513,1.399,-0.0147,,,37.0
6.2830,state,4,32.2014,-2.518,-0.0293,,,36.0
6.2923,cmd,3,16.0513,,,0.00,0.00,
6.2923,cmd,4,32.2014,,,0.00,0.00,
6.2929,state,3,16.0513,5.317,-0.0147,,,37.0
6.2930,state,4,32.2014,-2.518,-0.0879,,,36.0
6.3023,cmd,3,16.0513,,,0.00,0.00,
6.3024,cmd,4,32.2014,,,0.00,0.00,
6.3029,state,3,16.0513,3.078,-0.0733,,,37.0
6.3030,state,4,32.2014,0.280,-0.0879,,,36.0
6.3123,cmd,3,16.0513,,,0.00,0.00,
6.3123,cmd,4,32.2014,,,0.00,0.00,
6.3129,state,3,16.0513,-0.839,-0.0440,,,37.0
6.3130,state,4,32.2014,3.078,-0.0293,,,36.0
6.3223,cmd,3,16.0513,,,0.00,0.00,
6.3224,cmd,4,32.2014,,,0.00,0.00,
6.3229,state,3,16.0513,1.399,-0.0440,,,37.0
6.3230,state,4,32.2014,-3.638,-0.0879,,,36.0
6.3323,cmd,3,16.0513,,,0.00,0.00,
6.3323,cmd,4,32.2014,,,0.00,0.00,
6.3329,state,3,16.0293,-7.555,-0.0440,,,37.0
6.3330,state,4,32.2014,3.638,-0.0293,,,36.0
6.3423,cmd,3,16.0513,,,0.00,0.00,
6.3423,cmd,4,32.2014,,,0.00,0.00,
6.3429,state,3,16.0513,-1.959,-0.0147,,,37.0
6.3430,state,4,32.2234,-0.839,-0.0293,,,36.0
6.3523,cmd,3,16.0293,,,0.00,0.00,
6.3523,cmd,4,32.2014,,,0.00,0.00,
6.3529,state,3,16.0513,-3.078,-0.0147,,,37.0
6.3530,state,4,32.2014,3.078,-0.0879,,,36.0
6.3624,cmd,3,16.0513,,,0.00,0.00,
6.3624,cmd,4,32.2234,,,0.00,0.00,
6.3630,state,3,16.0513,3.638,-0.0147,,,37.0
6.3631,state,4,32.2014,8.115,-0.0879,,,36.0
6.3723,cmd,3,16.0513,,,0.00,0.00,
6.3723,cmd,4,32.2014,,,0.00,0.00,
6.3729,state,3,16.0513,-3.078,0.0147,,,37.0
6.3730,state,4,32.2014,-1.959,-0.0879,,,36.0
6.3825,cmd,3,16.0513,,,0.00,0.00,
6.3825,cmd,4,32.2014,,,0.00,0.00,
6.3831,state,3,16.0513,-3.638,0.0147,,,37.0
6.3832,state,4,32.2014,0.280,-0.0879,,,36.0
6.3924,cmd,3,16.0513,,,0.00,0.00,
6.3924,cmd,4,32.2014,,,0.00,0.00,
6.3930,state,3,16.0513,3.638,-0.0147,,,37.0
6.3931,state,4,32.2014,0.839,-0.0293,,,36.0
6.4024,cmd,3,16.0513,,,0.00,0.00,
6.4024,cmd,4,32.2014,,,0.00,0.00,
6.4030,state,3,16.0513,0.839,-0.0733,,,37.0
6.4031,state,4,32.2014,1.399,-0.0879,,,36.0
6.4124,cmd,3,16.0513,,,0.00,0.00,
6.4124,cmd,4,32.2014,,,0.00,0.00,
6.4130,state,3,16.0513,3.638,-0.0440,,,37.0
6.4132,state,4,32.2234,-0.280,-0.0293,,,36.0
6.4224,cmd,3,16.0513,,,0.00,0.00,
6.4224,cmd,4,32.2014,,,0.00,0.00,
6.4229,state,3,16.0513,-3.638,-0.0147,,,37.0
6.4230,state,4,32.2014,-0.839,-0.0879,,,36.0
6.4324,cmd,3,16.0513,,,0.00,0.00,
6.4324,cmd,4,32.2234,,,0.00,0.00,
6.4330,state,3,16.0513,-4.757,-0.0440,,,37.0
6.4331,state,4,32.2014,-0.839,-0.0293,,,36.0
6.4424,cmd,3,16.0513,,,0.00,0.00,
6.4424,cmd,4,32.2014,,,0.00,0.00,
6.4430,state,3,16.0513,3.638,-0.0147,,,37.0
6.4432,state,4,32.2014,-0.839,-0.0879,,,36.0
6.4524,cmd,3,16.0513,,,0.00,0.00,
6.4524,cmd,4,32.2014,,,0.00,0.00,
6.4530,state,3,16.0513,2.518,-0.0733,,,37.0
6.4532,state,4,32.2014,-4.197,-0.0293,,,36.0
6.4624,cmd,3,16.0513,,,0.00,0.00,
6.4624,cmd,4,32.2014,,,0.00,0.00,
6.4630,state,3,16.0513,2.518,-0.0147,,,37.0
6.4631,state,4,32.2234,0.839,-0.0879,,,36.0
6.4724,cmd,3,16.0513,,,0.00,0.00,
6.4724,cmd,4,32.2014,,,0.00,0.00,
6.4730,state,3,16.0513,1.399,-0.0733,,,37.0
6.4732,state,4,32.2014,3.638,-0.0293,,,36.0
6.4824,cmd,3,16.0513,,,0.00,0.00,
6.4824,cmd,4,32.2234,,,0.00,0.00,
6.4830,state,3,16.0513,4.197,-0.0440,,,37.0
6.4832,state,4,32.2234,3.638,-0.0293,,,36.0
6.4923,cmd,3,16.0513,,,0.00,0.00,
6.4923,cmd,4,32.2014,,,0.00,0.00,
6.4929,state,3,16.0513,6.996,-0.0147,,,37.0
6.4930,state,4,32.2014,-1.959,-0.0879,,,36.0
6.5024,cmd,3,16.0513,,,0.00,0.00,
6.5024,cmd,4,32.2234,,,0.00,0.00,
6.5030,state,3,16.0513,-3.638,-0.0147,,,37.0
6.5032,state,4,32.2014,-1.399,-0.0879,,,36.0
6.5123,cmd,3,16.0513,,,0.00,0.00,
6.5124,cmd,4,32.2014,,,0.00,0.00,
6.5130,state,3,16.0513,-4.197,0.0147,,,37.0
6.5131,state,4,32.2014,-0.839,-0.0293,,,36.0
6.5223,cmd,3,16.0513,,,0.00,0.00,
6.5224,cmd,4,32.2014,,,0.00,0.00,
6.5230,state,3,16.0513,-3.078,-0.0147,,,37.0
6.5230,state,4,32.2014,0.839,-0.0879,,,36.0
6.5324,cmd,3,16.0513,,,0.00,0.00,
6.5324,cmd,4,32.2014,,,0.00,0.00,
6.5330,state,3,16.0513,1.959,-0.0440,,,37.0
6.5332,state,4,32.2014,-2.518,-0.0293,,,36.0
6.5423,cmd,3,16.0513,,,0.00,0.00,
6.5424,cmd,4,32.2014,,,0.00,0.00,
6.5430,state,3,16.0513,-3.638,-0.0440,,,37.0
6.5430,state,4,32.2014,1.399,-0.0879,,,36.0
6.5523,cmd,3,16.0513,,,0.00,0.00,
6.5523,cmd,4,32.2014,,,0.00,0.00,
6.5529,state,3,16.0513,0.839,-0.0733,,,37.0
6.5531,state,4,32.2014,-1.959,-0.0879,,,36.0
6.5624,cmd,3,16.0513,,,0.00,0.00,
6.5624,cmd,4,32.2014,,,0.00,0.00,
6.5630,state,3,16.0513,-0.280,-0.0440,,,37.0
6.5632,state,4,32.2014,-3.638,-0.0879,,,36.0
6.5723,cmd,3,16.0513,,,0.00,0.00,
6.5723,cmd,4,32.2014,,,0.00,0.00,
6.5730,state,3,16.0513,-1.399,-0.0440,,,37.0
6.5731,state,4,32.2014,-3.638,-0.0293,,,36.0
6.5823,cmd,3,16.0513,,,0.00,0.00,
6.5824,cmd,4,32.2014,,,0.00,0.00,
6.5830,state,3,16.0513,-6.996,-0.0733,,,37.0
6.5830,state,4,32.2014,0.839,-0.0879,,,36.0
6.5924,cmd,3,16.0513,,,0.00,0.00,
6.5924,cmd,4,32.2014,,,0.00,0.00,
6.5930,state,3,16.0513,0.839,-0.0147,,,37.0
6.5931,state,4,32.2014,-0.280,-0.0293,,,36.0
6.6023,cmd,3,16.0513,,,0.00,0.00,
6.6024,cmd,4,32.2014,,,0.00,0.00,
6.6029,state,3,16.0513,-1.399,0.0147,,,37.0
6.6030,state,4,32.2014,3.638,-0.0293,,,36.0
6.6123,cmd,3,16.0513,,,0.00,0.00,
6.6124,cmd,4,32.2014,,,0.00,0.00,
6.6130,state,3,16.0513,0.280,-0.0440,,,37.0
6.6131,state,4,32.2014,-1.959,-0.0293,,,36.0
6.6223,cmd,3,16.0513,,,0.00,0.00,
6.6224,cmd,4,32.2014,,,0.00,0.00,
6.6230,state,3,16.0513,-1.959,0.0147,,,37.0
6.6231,state,4,32.2014,-0.839,-0.0879,,,36.0
6.6323,cmd,3,16.0513,,,0.00,0.00,
6.6324,cmd,4,32.2014,,,0.00,0.00,
6.6330,state,3,16.0513,5.317,-0.0147,,,37.0
6.6331,state,4,32.2234,-0.839,-0.0879,,,36.0
6.6424,cmd,3,16.0513,,,0.00,0.00,
6.6424,cmd,4,32.2014,,,0.00,0.00,
6.6430,state,3,16.0513,0.280,-0.0440,,,37.0
6.6431,state,4,32.2234,0.839,-0.0293,,,36.0
6.6524,cmd,3,16.0513,,,0.00,0.00,
6.6524,cmd,4,32.2234,,,0.00,0.00,
6.6529,state,3,16.0513,3.078,-0.0440,,,37.0
6.6531,state,4,32.2014,3.078,-0.0293,,,36.0
6.6624,cmd,3,16.0513,,,0.00,0.00,
6.6624,cmd,4,32.2234,,,0.00,0.00,
6.6630,state,3,16.0513,-4.197,-0.0440,,,37.0
6.6631,state,4,32.2014,0.280,-0.0293,,,36.0
6.6724,cmd,3,16.0513,,,0.00,0.00,
6.6724,cmd,4,32.2014,,,0.00,0.00,
6.6730,state,3,16.0513,-4.197,0.0147,,,37.0
6.6731,state,4,32.2014,-3.078,-0.0293,,,36.0
6.6825,cmd,3,16.0513,,,0.00,0.00,
6.6825,cmd,4,32.2014,,,0.00,0.00,
6.6831,state,3,16.0513,4.197,-0.0147,,,37.0
6.6832,state,4,32.2014,4.757,-0.0293,,,36.0
6.6924,cmd,3,16.0513,,,0.00,0.00,
6.6924,cmd,4,32.2014,,,0.00,0.00,
6.6930,state,3,16.0513,-0.839,0.0147,,,37.0
6.6932,state,4,32.2014,-4.197,-0.0879,,,36.0
6.7024,cmd,3,16.0513,,,0.00,0.00,
6.7024,cmd,4,32.2014,,,0.00,0.00,
6.7030,state,3,16.0513,1.399,-0.0147,,,37.0
6.7031,state,4,32.2014,-3.078,-0.0879,,,36.0
6.7124,cmd,3,16.0513,,,0.00,0.00,
6.7124,cmd,4,32.2014,,,0.00,0.00,
6.7130,state,3,16.0513,-5.876,-0.0147,,,37.0
6.7131,state,4,32.2014,-0.839,-0.0293,,,36.0
6.7225,cmd,3,16.0513,,,0.00,0.00,
6.7225,cmd,4,32.2014,,,0.00,0.00,
6.7231,state,3,16.0513,0.839,-0.0440,,,37.0
6.7232,state,4,32.2014,-2.518,-0.0293,,,36.0
6.7324,cmd,3,16.0513,,,0.00,0.00,
6.7324,cmd,4,32.2014,,,0.00,0.00,
6.7329,state,3,16.0513,-1.399,-0.0440,,,37.0
6.7332,state,4,32.2014,-0.839,-0.0879,,,36.0
6.7424,cmd,3,16.0513,,,0.00,0.00,
6.7424,cmd,4,32.2014,,,0.00,0.00,
6.7430,state,3,16.0513,-3.078,-0.0440,,,37.0
6.7432,state,4,32.2234,1.399,-0.0293,,,36.0
6.7524,cmd,3,16.0513,,,0.00,0.00,
6.7525,cmd,4,32.2014,,,0.00,0.00,
6.7530,state,3,16.0513,10.354,-0.0440,,,37.0
6.7532,state,4,32.2014,-1.399,-0.0293,,,36.0
6.7624,cmd,3,16.0513,,,0.00,0.00,
6.7624,cmd,4,32.2234,,,0.00,0.00,
6.7630,state,3,16.0513,3.638,-0.0733,,,37.0
6.7632,state,4,32.2014,1.959,-0.0879,,,36.0
6.7724,cmd,3,16.0513,,,0.00,0.00,
6.7724,cmd,4,32.2014,,,0.00,0.00,
6.7730,state,3,16.0513,3.078,-0.0147,,,37.0
6.7732,state,4,32.2014,1.959,-0.0879,,,36.0
6.7824,cmd,3,16.0513,,,0.00,0.00,
6.7824,cmd,4,32.2014,,,0.00,0.00,
6.7830,state,3,16.0513,-3.638,-0.0147,,,37.0
6.7832,state,4,32.2014,-1.959,-0.0293,,,36.0
6.7925,cmd,3,16.0513,,,0.00,0.00,
6.7925,cmd,4,32.2014,,,0.00,0.00,
6.7931,state,3,16.0293,-4.757,-0.0147,,,37.0
6.7932,state,4,32.2014,-3.638,-0.0293,,,36.0
6.8024,cmd,3,16.0513,,,0.00,0.00,
6.8024,cmd,4,32.2014,,,0.00,0.00,
6.8030,state,3,16.0513,1.399,-0.0147,,,37.0
6.8032,state,4,32.2014,3.638,-0.0879,,,36.0
6.8124,cmd,3,16.0293,,,0.00,0.00,
6.8124,cmd,4,32.2014,,,0.00,0.00,
6.8130,state,3,16.0513,1.399,-0.0147,,,37.0
6.8132,state,4,32.2014,-3.078,-0.0293,,,36.0
6.8224,cmd,3,16.0513,,,0.00,0.00,
6.8225,cmd,4,32.2014,,,0.00,0.00,
6.8230,state,3,16.0513,3.638,-0.0147,,,37.0
6.8232,state,4,32.2014,-2.518,-0.0879,,,36.0
6.8325,cmd,3,16.0513,,,0.00,0.00,
6.8325,cmd,4,32.2014,,,0.00,0.00,
6.8331,state,3,16.0513,0.839,0.0147,,,37.0
6.8332,state,4,32.2014,-0.839,-0.0879,,,36.0
6.8424,cmd,3,16.0513,,,0.00,0.00,
6.8424,cmd,4,32.2014,,,0.00,0.00,
6.8430,state,3,16.0513,6.436,-0.0147,,,37.0
6.8432,state,4,32.2014,-1.959,-0.0879,,,36.0
6.8524,cmd,3,16.0513,,,0.00,0.00,
6.8525,cmd,4,32.2014,,,0.00,0.00,
6.8530,state,3,16.0513,7.555,-0.0147,,,37.0
6.8532,state,4,32.2014,-0.839,-0.0293,,,36.0
6.8624,cmd,3,16.0513,,,0.00,0.00,
6.8624,cmd,4,32.2014,,,0.00,0.00,
6.8630,state,3,16.0513,-1.959,-0.0440,,,37.0
6.8632,state,4,32.2014,-0.839,-0.0293,,,36.0
6.8725,cmd,3,16.0513,,,0.00,0.00,
6.8725,cmd,4,32.2014,,,0.00,0.00,
6.8730,state,3,16.0513,3.638,-0.0440,,,37.0
6.8732,state,4,32.2014,-5.317,-0.0879,,,36.0
6.8824,cmd,3,16.0513,,,0.00,0.00,
6.8824,cmd,4,32.2014,,,0.00,0.00,
6.8829,state,3,16.0513,3.638,-0.0147,,,37.0
6.8834,state,4,32.2014,-3.078,-0.0879,,,36.0
6.8925,cmd,3,16.0513,,,0.00,0.00,
6.8925,cmd,4,32.2014,,,0.00,0.00,
6.8930,state,3,16.0513,3.078,-0.0440,,,37.0
6.8934,state,4,32.2014,0.280,-0.0879,,,36.0
6.9025,cmd,3,16.0513,,,0.00,0.00,
6.9025,cmd,4,32.2014,,,0.00,0.00,
6.9031,state,3,16.0513,1.959,0.0147,,,37.0
6.9032,state,4,32.2014,1.399,-0.0879,,,36.0
6.9125,cmd,3,16.0513,,,0.00,0.00,
6.9125,cmd,4,32.2014,,,0.00,0.00,
6.9131,state,3,16.0513,-0.839,-0.0147,,,37.0
6.9132,state,4,32.2014,-3.638,-0.0879,,,36.0
6.9225,cmd,3,16.0513,,,0.00,0.00,
6.9225,cmd,4,32.2014,,,0.00,0.00,
6.9231,state,3,16.0513,3.078,0.0147,,,37.0
6.9232,state,4,32.2234,-1.399,-0.0293,,,36.0
6.9324,cmd,3,16.0513,,,0.00,0.00,
6.9324,cmd,4,32.2014,,,0.00,0.00,
6.9330,state,3,16.0513,0.280,-0.0440,,,37.0
6.9332,state,4,32.2014,0.839,-0.0293,,,36.0
6.9424,cmd,3,16.0513,,,0.00,0.00,
6.9425,cmd,4,32.2234,,,0.00,0.00,
6.9431,state,3,16.0513,-5.317,-0.0147,,,37.0
6.9432,state,4,32.2014,-0.280,-0.0879,,,36.0
6.9526,cmd,3,16.0513,,,0.00,0.00,
6.9526,cmd,4,32.2014,,,0.00,0.00,
6.9532,state,3,16.0513,-5.317,-0.0440,,,37.0
6.9532,state,4,32.2014,-1.959,-0.0293,,,36.0
6.9626,cmd,3,16.0513,,,0.00,0.00,
6.9626,cmd,4,32.2014,,,0.00,0.00,
6.9632,state,3,16.0513,-0.280,-0.0440,,,37.0
6.9633,state,4,32.2014,0.280,-0.0879,,,36.0
6.9724,cmd,3,16.0513,,,0.00,0.00,
6.9725,cmd,4,32.2014,,,0.00,0.00,
6.9731,state,3,16.0513,-4.197,-0.0440,,,37.0
6.9732,state,4,32.2014,-2.518,-0.0879,,,36.0
6.9824,cmd,3,16.0513,,,0.00,0.00,
6.9825,cmd,4,32.2014,,,0.00,0.00,
6.9830,state,3,16.0513,3.638,-0.0147,,,37.0
6.9832,state,4,32.2014,0.280,-0.0293,,,36.0
6.9925,cmd,3,16.0513,,,0.00,0.00,
6.9925,cmd,4,32.2014,,,0.00,0.00,
6.9932,state,3,16.0513,-3.078,-0.0440,,,37.0
6.9933,state,4,32.2014,1.399,-0.0879,,,36.0
7.0024,cmd,3,16.0513,,,0.00,0.00,
7.0024,cmd,4,32.2014,,,0.00,0.00,
7.0030,state,3,16.0513,0.839,-0.0147,,,37.0
7.0032,state,4,32.2014,-2.518,-0.0293,,,36.0
7.0124,cmd,3,16.0513,,,0.00,0.00,
7.0124,cmd,4,32.2014,,,0.00,0.00,
7.0130,state,3,16.0513,-1.959,-0.0733,,,37.0
7.0132,state,4,32.2234,4.197,-0.0879,,,36.0
7.0224,cmd,3,16.0513,,,0.00,0.00,
7.0225,cmd,4,32.2014,,,0.00,0.00,
7.0231,state,3,16.0513,0.280,-0.0440,,,37.0
7.0232,state,4,32.2014,-3.638,-0.0293,,,36.0
7.0325,cmd,3,16.0513,,,0.00,0.00,
7.0325,cmd,4,32.2234,,,0.00,0.00,
7.0330,state,3,16.0293,-5.317,-0.0147,,,37.0
7.0332,state,4,32.2014,-2.518,-0.0293,,,36.0
7.0424,cmd,3,16.0513,,,0.00,0.00,
7.0424,cmd,4,32.2014,,,0.00,0.00,
7.0430,state,3,16.0513,-0.280,-0.0440,,,37.0
7.0432,state,4,32.2234,4.757,-0.0293,,,36.0
7.0525,cmd,3,16.0293,,,0.00,0.00,
7.0525,cmd,4,32.2014,,,0.00,0.00,
7.0531,state,3,16.0513,3.078,-0.0440,,,37.0
7.0532,state,4,32.2014,2.518,-0.0879,,,36.0
7.0624,cmd,3,16.0513,,,0.00,0.00,
7.0625,cmd,4,32.2234,,,0.00,0.00,
7.0631,state,3,16.0513,-0.839,-0.0147,,,37.0
7.0632,state,4,32.2014,4.197,-0.0293,,,36.0
7.0724,cmd,3,16.0513,,,0.00,0.00,
7.0724,cmd,4,32.2014,,,0.00,0.00,
7.0730,state,3,16.0513,1.399,-0.0147,,,37.0
7.0732,state,4,32.2014,2.518,-0.0879,,,36.0
7.0825,cmd,3,16.0513,,,0.00,0.00,
7.0826,cmd,4,32.2014,,,0.00,0.00,
7.0832,state,3,16.0513,-3.078,-0.0147,,,37.0
7.0832,state,4,32.2014,-3.638,-0.0879,,,36.0
7.0925,cmd,3,16.0513,,,0.00,0.00,
7.0925,cmd,4,32.2014,,,0.00,0.00,
7.0931,state,3,16.0513,-6.996,-0.0440,,,37.0
7.0932,state,4,32.2014,-1.399,-0.0879,,,36.0
7.1024,cmd,3,16.0513,,,0.00,0.00,
7.1025,cmd,4,32.2014,,,0.00,0.00,
7.1030,state,3,16.0513,0.839,-0.0147,,,37.0
7.1032,state,4,32.2014,-5.876,-0.0293,,,36.0
7.1125,cmd,3,16.0513,,,0.00,0.00,
7.1125,cmd,4,32.2014,,,0.00,0.00,
7.1131,state,3,16.0513,0.839,0.0147,,,37.0
7.1132,state,4,32.2014,-5.876,-0.0879,,,36.0
7.1224,cmd,3,16.0513,,,0.00,0.00,
7.1224,cmd,4,32.2014,,,0.00,0.00,
7.1230,state,3,16.0513,3.078,-0.0147,,,37.0
7.1232,state,4,32.2014,-0.839,-0.0293,,,36.0
7.1324,cmd,3,16.0513,,,0.00,0.00,
7.1325,cmd,4,32.2014,,,0.00,0.00,
7.1331,state,3,16.0513,4.197,-0.0733,,,37.0
7.1332,state,4,32.2014,3.638,-0.0879,,,36.0
7.1425,cmd,3,16.0513,,,0.00,0.00,
7.1425,cmd,4,32.2014,,,0.00,0.00,
7.1432,state,3,16.0513,0.839,-0.0147,,,37.0
7.1432,state,4,32.2234,5.317,-0.0293,,,36.0
7.1524,cmd,3,16.0513,,,0.00,0.00,
7.1525,cmd,4,32.2014,,,0.00,0.00,
7.1530,state,3,16.0513,0.280,-0.0440,,,37.0
7.1532,state,4,32.2014,0.280,-0.0879,,,36.0
7.1624,cmd,3,16.0513,,,0.00,0.00,
7.1625,cmd,4,32.2234,,,0.00,0.00,
7.1630,state,3,16.0513,3.078,-0.0147,,,37.0
7.1632,state,4,32.2014,-2.518,-0.0293,,,36.0
7.1725,cmd,3,16.0513,,,0.00,0.00,
7.1725,cmd,4,32.2014,,,0.00,0.00,
7.1731,state,3,16.0513,-0.280,-0.0147,,,37.0
7.1732,state,4,32.2014,3.638,-0.0293,,,36.0
7.1824,cmd,3,16.0513,,,0.00,0.00,
7.1825,cmd,4,32.2014,,,0.00,0.00,
7.1831,state,3,16.0513,-0.280,-0.1026,,,37.0
7.1832,state,4,32.2014,-1.959,-0.0293,,,36.0
7.1925,cmd,3,16.0513,,,0.00,0.00,
7.1925,cmd,4,32.2014,,,0.00,0.00,
7.1930,state,3,16.0513,6.436,-0.0440,,,37.0
7.1932,state,4,32.2234,5.876,-0.0293,,,36.0
7.2025,cmd,3,16.0513,,,0.00,0.00,
7.2025,cmd,4,32.2014,,,0.00,0.00,
7.2031,state,3,16.0513,-4.757,-0.0440,,,37.0
7.2032,state,4,32.2014,0.280,-0.0879,,,36.0
7.2125,cmd,3,16.0513,,,0.00,0.00,
7.2125,cmd,4,32.2234,,,0.00,0.00,
7.2131,state,3,16.0513,1.399,-0.0440,,,37.0
7.2132,state,4,32.2234,-2.518,-0.0879,,,36.0
7.2225,cmd,3,16.0513,,,0.00,0.00,
7.2225,cmd,4,32.2014,,,0.00,0.00,
7.2231,state,3,16.0513,0.280,-0.0147,,,37.0
7.2232,state,4,32.2014,-0.839,-0.0879,,,36.0
7.2325,cmd,3,16.0513,,,0.00,0.00,
7.2325,cmd,4,32.2234,,,0.00,0.00,
7.2331,state,3,16.0513,4.197,-0.0147,,,37.0
7.2332,state,4,32.2014,-2.518,-0.0879,,,36.0
7.2425,cmd,3,16.0513,,,0.00,0.00,
7.2425,cmd,4,32.2014,,,0.00,0.00,
7.2431,state,3,16.0513,-4.757,-0.0147,,,37.0
7.2432,state,4,32.2014,3.078,-0.0293,,,36.0
7.2525,cmd,3,16.0513,,,0.00,0.00,
7.2525,cmd,4,32.2014,,,0.00,0.00,
7.2530,state,3,16.0513,-2.518,0.0147,,,37.0
7.2532,state,4,32.2014,0.839,-0.0879,,,36.0
7.2625,cmd,3,16.0513,,,0.00,0.00,
7.2625,cmd,4,32.2014,,,0.00,0.00,
7.2631,state,3,16.0513,-3.078,0.0147,,,37.0
7.2632,state,4,32.2014,0.839,-0.0293,,,36.0
7.2725,cmd,3,16.0513,,,0.00,0.00,
7.2725,cmd,4,32.2014,,,0.00,0.00,
7.2730,state,3,16.0513,-0.839,-0.0440,,,37.0
7.2732,state,4,32.2014,-3.078,-0.0879,,,36.0
7.2825,cmd,3,16.0513,,,0.00,0.00,
7.2825,cmd,4,32.2014,,,0.00,0.00,
7.2831,state,3,16.0513,-4.757,-0.0440,,,37.0
7.2832,state,4,32.2014,0.280,-0.0879,,,36.0
7.2925,cmd,3,16.0513,,,0.00,0.00,
7.2925,cmd,4,32.2014,,,0.00,0.00,
7.2931,state,3,16.0513,1.959,-0.0147,,,37.0
7.2932,state,4,32.2014,-6.996,-0.0293,,,36.0
7.3025,cmd,3,16.0513,,,0.00,0.00,
7.3025,cmd,4,32.2014,,,0.00,0.00,
7.3031,state,3,16.0513,-2.518,-0.0440,,,37.0
7.3032,state,4,32.2014,-1.399,-0.0879,,,36.0
7.3125,cmd,3,16.0513,,,0.00,0.00,
7.3125,cmd,4,32.2014,,,0.00,0.00,
7.3131,state,3,16.0513,0.839,-0.0147,,,37.0
7.3132,state,4,32.2014,3.078,-0.0293,,,36.0
7.3225,cmd,3,16.0513,,,0.00,0.00,
7.3225,cmd,4,32.2014,,,0.00,0.00,
7.3231,state,3,16.0513,-3.638,-0.0440,,,37.0
7.3232,state,4,32.2014,0.839,-0.0293,,,36.0
7.3325,cmd,3,16.0513,,,0.00,0.00,
7.3325,cmd,4,32.2014,,,0.00,0.00,
7.3331,state,3,16.0513,-1.399,-0.0440,,,37.0
7.3332,state,4,32.2014,4.757,-0.0879,,,36.0
7.3425,cmd,3,16.0513,,,0.00,0.00,
7.3425,cmd,4,32.2014,,,0.00,0.00,
7.3430,state,3,16.0513,3.638,-0.0440,,,37.0
7.3432,state,4,32.2234,1.399,-0.0293,,,36.0
7.3525,cmd,3,16.0513,,,0.00,0.00,
7.3525,cmd,4,32.2014,,,0.00,0.00,
7.3532,state,3,16.0513,2.518,-0.0147,,,37.0
7.3533,state,4,32.2014,4.757,-0.0293,,,36.0
7.3625,cmd,3,16.0513,,,0.00,0.00,
7.3625,cmd,4,32.2234,,,0.00,0.00,
7.3631,state,3,16.0513,-0.839,-0.0147,,,37.0
7.3632,state,4,32.2014,0.280,-0.0293,,,36.0
7.3725,cmd,3,16.0513,,,0.00,0.00,
7.3725,cmd,4,32.2014,,,0.00,0.00,
7.3731,state,3,16.0513,3.638,-0.0440,,,37.0
7.3732,state,4,32.2014,1.399,-0.0293,,,36.0
7.3825,cmd,3,16.0513,,,0.00,0.00,
7.3825,cmd,4,32.2014,,,0.00,0.00,
7.3831,state,3,16.0513,3.638,-0.0440,,,37.0
7.3832,state,4,32.2014,-1.959,-0.0293,,,36.0
7.3925,cmd,3,16.0513,,,0.00,0.00,
7.3925,cmd,4,32.2014,,,0.00,0.00,
7.3931,state,3,16.0513,-4.197,-0.0440,,,37.0
7.3932,state,4,32.2014,1.959,-0.0879,,,36.0
7.4025,cmd,3,16.0513,,,0.00,0.00,
7.4025,cmd,4,32.2014,,,0.00,0.00,
7.4031,state,3,16.0513,-0.280,-0.0440,,,37.0
7.4032,state,4,32.2014,0.280,-0.0293,,,36.0
7.4125,cmd,3,16.0513,,,0.00,0.00,
7.4125,cmd,4,32.2014,,,0.00,0.00,
7.4131,state,3,16.0513,-3.638,-0.0440,,,37.0
7.4132,state,4,32.2014,-0.280,-0.0293,,,36.0
7.4225,cmd,3,16.0513,,,0.00,0.00,
7.4225,cmd,4,32.2014,,,0.00,0.00,
7.4231,state,3,16.0513,-1.959,-0.0440,,,37.0
7.4232,state,4,32.2014,0.839,-0.0293,,,36.0
7.4325,cmd,3,16.0513,,,0.00,0.00,
7.4325,cmd,4,32.2014,,,0.00,0.00,
7.4332,state,3,16.0513,-3.638,0.0147,,,37.0
7.4332,state,4,32.2014,-1.399,-0.0293,,,36.0
7.4425,cmd,3,16.0513,,,0.00,0.00,
7.4425,cmd,4,32.2014,,,0.00,0.00,
7.4433,state,3,16.0513,2.518,-0.0440,,,37.0
7.4433,state,4,32.2014,-3.638,-0.0293,,,36.0
7.4525,cmd,3,16.0513,,,0.00,0.00,
7.4525,cmd,4,32.2014,,,0.00,0.00,
7.4531,state,3,16.0513,-3.638,-0.0147,,,37.0
7.4532,state,4,32.2234,4.757,-0.0879,,,36.0
7.4626,cmd,3,16.0513,,,0.00,0.00,
7.4626,cmd,4,32.2014,,,0.00,0.00,
7.4632,state,3,16.0513,0.839,-0.0733,,,37.0
7.4633,state,4,32.2014,-0.280,-0.0293,,,36.0
7.4725,cmd,3,16.0513,,,0.00,0.00,
7.4726,cmd,4,32.2234,,,0.00,0.00,
7.4733,state,3,16.0513,-5.317,-0.0440,,,37.0
7.4733,state,4,32.2014,2.518,-0.0879,,,36.0
7.4825,cmd,3,16.0513,,,0.00,0.00,
7.4825,cmd,4,32.2014,,,0.00,0.00,
7.4831,state,3,16.0513,-3.638,-0.0440,,,37.0
7.4832,state,4,32.2014,0.280,-0.0293,,,36.0
7.4925,cmd,3,16.0513,,,0.00,0.00,
7.4925,cmd,4,32.2014,,,0.00,0.00,
7.4931,state,3,16.0513,-1.959,-0.0147,,,37.0
7.4932,state,4,32.2014,-0.280,-0.0879,,,36.0
7.5025,cmd,3,16.0513,,,0.00,0.00,
7.5025,cmd,4,32.2014,,,0.00,0.00,
7.5032,state,3,16.0513,-1.399,-0.0147,,,37.0
7.5033,state,4,32.2014,2.518,-0.0879,,,36.0
7.5125,cmd,3,16.0513,,,0.00,0.00,
7.5125,cmd,4,32.2014,,,0.00,0.00,
7.5131,state,3,16.0513,0.280,-0.0440,,,37.0
7.5132,state,4,32.2014,0.280,-0.0293,,,36.0
7.5225,cmd,3,16.0513,,,0.00,0.00,
7.5225,cmd,4,32.2014,,,0.00,0.00,
7.5231,state,3,16.0513,4.197,-0.0147,,,37.0
7.5232,state,4,32.2014,-1.399,-0.0293,,,36.0
7.5326,cmd,3,16.0513,,,0.00,0.00,
7.5326,cmd,4,32.2014,,,0.00,0.00,
7.5332,state,3,16.0513,5.317,-0.0147,,,37.0
7.5333,state,4,32.2014,-3.638,-0.0293,,,36.0
7.5425,cmd,3,16.0513,,,0.00,0.00,
7.5425,cmd,4,32.2014,,,0.00,0.00,
7.5432,state,3,16.0513,-5.876,-0.0440,,,37.0
7.5433,state,4,32.2014,0.280,-0.0293,,,36.0
7.5525,cmd,3,16.0513,,,0.00,0.00,
7.5525,cmd,4,32.2014,,,0.00,0.00,
7.5531,state,3,16.0513,-0.839,-0.0147,,,37.0
7.5532,state,4,32.2014,-1.399,-0.0293,,,36.0
7.5626,cmd,3,16.0513,,,0.00,0.00,
7.5626,cmd,4,32.2014,,,0.00,0.00,
7.5633,state,3,16.0513,-1.959,-0.0733,,,37.0
7.5633,state,4,32.2234,3.078,-0.0879,,,36.0
7.5725,cmd,3,16.0513,,,0.00,0.00,
7.5725,cmd,4,32.2014,,,0.00,0.00,
7.5732,state,3,16.0513,-3.078,-0.0147,,,37.0
7.5732,state,4,32.2014,-5.317,-0.0879,,,36.0
7.5825,cmd,3,16.0513,,,0.00,0.00,
7.5826,cmd,4,32.2234,,,0.00,0.00,
7.5831,state,3,16.0513,-0.280,-0.0147,,,37.0
7.5832,state,4,32.2014,4.197,-0.0879,,,36.0
7.5925,cmd,3,16.0513,,,0.00,0.00,
7.5925,cmd,4,32.2014,,,0.00,0.00,
7.5933,state,3,16.0513,-0.839,-0.0147,,,37.0
7.5933,state,4,32.2014,1.399,-0.0879,,,36.0
7.6025,cmd,3,16.0513,,,0.00,0.00,
7.6025,cmd,4,32.2014,,,0.00,0.00,
7.6032,state,3,16.0513,-1.959,-0.0147,,,37.0
7.6033,state,4,32.2014,-3.638,-0.0879,,,36.0
7.6125,cmd,3,16.0513,,,0.00,0.00,
7.6125,cmd,4,32.2014,,,0.00,0.00,
7.6132,state,3,16.0513,1.399,-0.0440,,,37.0
7.6133,state,4,32.2234,4.197,-0.0293,,,36.0
7.6225,cmd,3,16.0513,,,0.00,0.00,
7.6225,cmd,4,32.2014,,,0.00,0.00,
7.6232,state,3,16.0513,-1.959,-0.0440,,,37.0
7.6233,state,4,32.2014,0.839,-0.0293,,,36.0
7.6325,cmd,3,16.0513,,,0.00,0.00,
7.6325,cmd,4,32.2234,,,0.00,0.00,
7.6332,state,3,16.0293,-5.317,-0.0147,,,37.0
7.6333,state,4,32.2014,-4.197,-0.0879,,,36.0
7.6425,cmd,3,16.0513,,,0.00,0.00,
7.6425,cmd,4,32.2014,,,0.00,0.00,
7.6432,state,3,16.0513,-0.839,-0.0147,,,37.0
7.6433,state,4,32.2014,4.197,-0.0293,,,36.0
7.6526,cmd,3,16.0293,,,0.00,0.00,
7.6527,cmd,4,32.2014,,,0.00,0.00,
7.6532,state,3,16.0513,-0.839,-0.0440,,,37.0
7.6533,state,4,32.2014,-1.399,-0.0879,,,36.0
7.6626,cmd,3,16.0513,,,0.00,0.00,
7.6626,cmd,4,32.2014,,,0.00,0.00,
7.6631,state,3,16.0513,-1.399,-0.0147,,,37.0
7.6635,state,4,32.2014,0.280,-0.0879,,,36.0
7.6725,cmd,3,16.0513,,,0.00,0.00,
7.6725,cmd,4,32.2014,,,0.00,0.00,
7.6730,state,3,16.0513,1.399,-0.0147,,,37.0
7.6735,state,4,32.2014,0.839,-0.0879,,,36.0
7.6826,cmd,3,16.0513,,,0.00,0.00,
7.6827,cmd,4,32.2014,,,0.00,0.00,
7.6832,state,3,16.0513,-0.839,-0.0440,,,37.0
7.6834,state,4,32.2014,-7.555,-0.0879,,,36.0
7.6926,cmd,3,16.0513,,,0.00,0.00,
7.6926,cmd,4,32.2014,,,0.00,0.00,
7.6932,state,3,16.0513,3.638,-0.0440,,,37.0
7.6933,state,4,32.2234,1.959,-0.0293,,,36.0
7.7025,cmd,3,16.0513,,,0.00,0.00,
7.7026,cmd,4,32.2014,,,0.00,0.00,
7.7033,state,3,16.0513,-1.959,-0.0147,,,37.0
7.7033,state,4,32.2014,-1.959,-0.0293,,,36.0
7.7126,cmd,3,16.0513,,,0.00,0.00,
7.7126,cmd,4,32.2234,,,0.00,0.00,
7.7132,state,3,16.0513,1.959,-0.0147,,,37.0
7.7133,state,4,32.2014,-8.115,-0.0879,,,36.0
7.7226,cmd,3,16.0513,,,0.00,0.00,
7.7226,cmd,4,32.2014,,,0.00,0.00,
7.7232,state,3,16.0513,3.078,-0.0733,,,37.0
7.7233,state,4,32.2014,-0.839,-0.0293,,,36.0
7.7326,cmd,3,16.0513,,,0.00,0.00,
7.7326,cmd,4,32.2014,,,0.00,0.00,
7.7332,state,3,16.0513,5.876,-0.0147,,,37.0
7.7333,state,4,32.2014,-0.839,-0.0879,,,36.0
7.7426,cmd,3,16.0513,,,0.00,0.00,
7.7426,cmd,4,32.2014,,,0.00,0.00,
7.7432,state,3,16.0513,-3.078,0.0147,,,37.0
7.7433,state,4,32.2234,1.959,-0.0293,,,36.0
7.7526,cmd,3,16.0513,,,0.00,0.00,
7.7527,cmd,4,32.2014,,,0.00,0.00,
7.7533,state,3,16.0513,-0.280,-0.0440,,,37.0
7.7533,state,4,32.2014,-3.078,-0.0293,,,36.0
7.7626,cmd,3,16.0513,,,0.00,0.00,
7.7626,cmd,4,32.2234,,,0.00,0.00,
7.7632,state,3,16.0513,10.354,-0.0147,,,37.0
7.7633,state,4,32.2014,0.839,-0.0879,,,36.0
7.7726,cmd,3,16.0513,,,0.00,0.00,
7.7727,cmd,4,32.2014,,,0.00,0.00,
7.7733,state,3,16.0513,-4.197,-0.0440,,,37.0
7.7733,state,4,32.2014,-0.280,-0.0879,,,36.0
7.7826,cmd,3,16.0513,,,0.00,0.00,
7.7826,cmd,4,32.2014,,,0.00,0.00,
7.7833,state,3,16.0513,4.197,-0.0440,,,37.0
7.7833,state,4,32.2234,-0.280,-0.0879,,,36.0
7.7926,cmd,3,16.0513,,,0.00,0.00,
7.7926,cmd,4,32.2014,,,0.00,0.00,
7.7933,state,3,16.0513,-0.839,-0.0440,,,37.0
7.7933,state,4,32.2014,1.959,-0.0293,,,36.0
7.8026,cmd,3,16.0513,,,0.00,0.00,
7.8026,cmd,4,32.2234,,,0.00,0.00,
7.8032,state,3,16.0513,-4.757,-0.0147,,,37.0
7.8033,state,4,32.2014,-5.317,-0.0293,,,36.0
7.8126,cmd,3,16.0513,,,0.00,0.00,
7.8126,cmd,4,32.2014,,,0.00,0.00,
7.8132,state,3,16.0513,-3.078,-0.0733,,,37.0
7.8133,state,4,32.2014,2.518,-0.0293,,,36.0
7.8226,cmd,3,16.0513,,,0.00,0.00,
7.8226,cmd,4,32.2014,,,0.00,0.00,
7.8233,state,3,16.0513,3.638,-0.0440,,,37.0
7.8233,state,4,32.2014,-1.959,-0.0293,,,36.0
7.8327,cmd,3,16.0513,,,0.00,0.00,
7.8327,cmd,4,32.2014,,,0.00,0.00,
7.8332,state,3,16.0513,4.197,-0.0147,,,37.0
7.8334,state,4,32.2014,-1.399,-0.0293,,,36.0
7.8426,cmd,3,16.0513,,,0.00,0.00,
7.8426,cmd,4,32.2014,,,0.00,0.00,
7.8432,state,3,16.0513,1.959,-0.0733,,,37.0
7.8433,state,4,32.2014,0.839,-0.0879,,,36.0
7.8526,cmd,3,16.0513,,,0.00,0.00,
7.8526,cmd,4,32.2014,,,0.00,0.00,
7.8532,state,3,16.0513,4.757,-0.0440,,,37.0
7.8533,state,4,32.2014,0.280,-0.0293,,,36.0
7.8626,cmd,3,16.0513,,,0.00,0.00,
7.8626,cmd,4,32.2014,,,0.00,0.00,
7.8632,state,3,16.0513,10.354,-0.0440,,,37.0
7.8633,state,4,32.2014,-0.280,-0.0879,,,36.0
7.8726,cmd,3,16.0513,,,0.00,0.00,
7.8726,cmd,4,32.2014,,,0.00,0.00,
7.8732,state,3,16.0513,1.959,-0.0147,,,37.0
7.8733,state,4,32.2014,-1.959,-0.0879,,,36.0
7.8826,cmd,3,16.0513,,,0.00,0.00,
7.8826,cmd,4,32.2014,,,0.00,0.00,
7.8832,state,3,16.0513,0.839,-0.0147,,,37.0
7.8833,state,4,32.2014,2.518,-0.0293,,,36.0
7.8926,cmd,3,16.0513,,,0.00,0.00,
7.8926,cmd,4,32.2014,,,0.00,0.00,
7.8932,state,3,16.0513,1.959,-0.0147,,,37.0
7.8933,state,4,32.2014,-3.638,-0.0293,,,36.0
7.9026,cmd,3,16.0513,,,0.00,0.00,
7.9026,cmd,4,32.2014,,,0.00,0.00,
7.9032,state,3,16.0513,-1.399,-0.0147,,,37.0
7.9033,state,4,32.2014,-0.839,-0.0293,,,36.0
7.9126,cmd,3,16.0513,,,0.00,0.00,
7.9126,cmd,4,32.2014,,,0.00,0.00,
7.9133,state,3,16.0513,-0.839,-0.0440,,,37.0
7.9133,state,4,32.2014,-4.757,-0.0879,,,36.0
7.9226,cmd,3,16.0513,,,0.00,0.00,
7.9226,cmd,4,32.2014,,,0.00,0.00,
7.9233,state,3,16.0513,0.280,-0.0733,,,37.0
7.9233,state,4,32.2014,1.399,-0.0879,,,36.0
7.9326,cmd,3,16.0513,,,0.00,0.00,
7.9326,cmd,4,32.2014,,,0.00,0.00,
7.9332,state,3,16.0513,1.959,-0.0147,,,37.0
7.9333,state,4,32.2014,0.280,-0.0293,,,36.0
7.9426,cmd,3,16.0513,,,0.00,0.00,
7.9426,cmd,4,32.2014,,,0.00,0.00,
7.9432,state,3,16.0513,3.078,-0.0440,,,37.0
7.9433,state,4,32.2014,-0.839,-0.0879,,,36.0
7.9526,cmd,3,16.0513,,,0.00,0.00,
7.9526,cmd,4,32.2014,,,0.00,0.00,
7.9533,state,3,16.0513,-0.280,-0.0440,,,37.0
7.9533,state,4,32.2014,5.876,-0.0293,,,36.0
7.9628,cmd,3,16.0513,,,0.00,0.00,
7.9628,cmd,4,32.2014,,,0.00,0.00,
7.9632,state,3,16.0513,-0.839,-0.0147,,,37.0
7.9635,state,4,32.2234,-0.839,-0.0879,,,36.0
7.9727,cmd,3,16.0513,,,0.00,0.00,
7.9728,cmd,4,32.2014,,,0.00,0.00,
7.9731,state,3,16.0513,-1.959,-0.0147,,,37.0
7.9734,state,4,32.2014,1.959,-0.0293,,,36.0
7.9827,cmd,3,16.0513,,,0.00,0.00,
7.9827,cmd,4,32.2234,,,0.00,0.00,
7.9832,state,3,16.0513,6.996,-0.0440,,,37.0
7.9837,state,4,32.2234,7.555,-0.0293,,,36.0
7.9927,cmd,3,16.0513,,,0.00,0.00,
7.9927,cmd,4,32.2014,,,0.00,0.00,
7.9933,state,3,16.0513,-1.959,-0.0440,,,37.0
7.9933,state,4,32.2014,-7.555,-0.0879,,,36.0
8.0026,cmd,3,16.0513,,,0.00,0.00,
8.0027,cmd,4,32.2234,,,0.00,0.00,
8.0033,state,3,16.0513,-2.518,-0.0733,,,37.0
8.0033,state,4,32.2014,-2.518,-0.0879,,,36.0
8.0127,cmd,3,16.0513,,,0.00,0.00,
8.0127,cmd,4,32.2014,,,0.00,0.00,
8.0132,state,3,16.0293,-9.234,-0.0440,,,37.0
8.0133,state,4,32.2014,0.280,-0.0293,,,36.0
8.0227,cmd,3,16.0513,,,0.00,0.00,
8.0227,cmd,4,32.2014,,,0.00,0.00,
8.0233,state,3,16.0513,3.638,-0.0440,,,37.0
8.0234,state,4,32.2234,-2.518,-0.0293,,,36.0
8.0326,cmd,3,16.0293,,,0.00,0.00,
8.0327,cmd,4,32.2014,,,0.00,0.00,
8.0332,state,3,16.0513,-1.959,-0.0147,,,37.0
8.0333,state,4,32.2234,1.959,-0.0293,,,36.0
8.0427,cmd,3,16.0513,,,0.00,0.00,
8.0427,cmd,4,32.2234,,,0.00,0.00,
8.0433,state,3,16.0513,-6.996,-0.0147,,,37.0
8.0433,state,4,32.2014,-3.638,-0.0293,,,36.0
8.0527,cmd,3,16.0513,,,0.00,0.00,
8.0527,cmd,4,32.2234,,,0.00,0.00,
8.0532,state,3,16.0513,-1.399,-0.0733,,,37.0
8.0538,state,4,32.2014,-1.959,-0.0879,,,36.0
8.0627,cmd,3,16.0513,,,0.00,0.00,
8.0627,cmd,4,32.2014,,,0.00,0.00,
8.0633,state,3,16.0513,3.078,-0.0147,,,37.0
8.0634,state,4,32.2014,-0.280,-0.0293,,,36.0
8.0727,cmd,3,16.0513,,,0.00,0.00,
8.0727,cmd,4,32.2014,,,0.00,0.00,
8.0733,state,3,16.0513,3.638,-0.0147,,,37.0
8.0734,state,4,32.2014,-0.839,-0.0879,,,36.0
8.0826,cmd,3,16.0513,,,0.00,0.00,
8.0827,cmd,4,32.2014,,,0.00,0.00,
8.0833,state,3,16.0513,0.280,-0.0147,,,37.0
8.0834,state,4,32.2014,-1.959,-0.0879,,,36.0
8.0926,cmd,3,16.0513,,,0.00,0.00,
8.0926,cmd,4,32.2014,,,0.00,0.00,
8.0933,state,3,16.0513,-0.839,-0.0147,,,37.0
8.0933,state,4,32.2014,-3.078,-0.0879,,,36.0
8.1027,cmd,3,16.0513,,,0.00,0.00,
8.1028,cmd,4,32.2014,,,0.00,0.00,
8.1033,state,3,16.0513,0.280,-0.0147,,,37.0
8.1034,state,4,32.2014,0.839,-0.0879,,,36.0
8.1126,cmd,3,16.0513,,,0.00,0.00,
8.1126,cmd,4,32.2014,,,0.00,0.00,
8.1133,state,3,16.0513,5.876,-0.0440,,,37.0
8.1133,state,4,32.2014,-3.638,-0.0293,,,36.0
8.1226,cmd,3,16.0513,,,0.00,0.00,
8.1227,cmd,4,32.2014,,,0.00,0.00,
8.1232,state,3,16.0513,0.280,-0.0733,,,37.0
8.1233,state,4,32.2014,-0.839,-0.0879,,,36.0
8.1327,cmd,3,16.0513,,,0.00,0.00,
8.1327,cmd,4,32.2014,,,0.00,0.00,
8.1332,state,3,16.0513,-0.280,-0.0440,,,37.0
8.1337,state,4,32.2014,0.280,-0.0879,,,36.0
8.1427,cmd,3,16.0513,,,0.00,0.00,
8.1427,cmd,4,32.2014,,,0.00,0.00,
8.1432,state,3,16.0513,0.280,-0.0147,,,37.0
8.1437,state,4,32.2014,-1.959,-0.0879,,,36.0
8.1527,cmd,3,16.0513,,,0.00,0.00,
8.1527,cmd,4,32.2014,,,0.00,0.00,
8.1532,state,3,16.0513,-0.839,-0.0440,,,37.0
8.1537,state,4,32.2234,1.959,-0.0293,,,36.0
8.1626,cmd,3,16.0513,,,0.00,0.00,
8.1627,cmd,4,32.2014,,,0.00,0.00,
8.1632,state,3,16.0513,-2.518,-0.0147,,,37.0
8.1636,state,4,32.2014,3.078,-0.0293,,,36.0
8.1726,cmd,3,16.0513,,,0.00,0.00,
8.1727,cmd,4,32.2234,,,0.00,0.00,
8.1732,state,3,16.0513,-2.518,-0.0147,,,37.0
8.1736,state,4,32.2014,-1.959,-0.0293,,,36.0
8.1826,cmd,3,16.0513,,,0.00,0.00,
8.1826,cmd,4,32.2014,,,0.00,0.00,
8.1832,state,3,16.0513,1.959,-0.0147,,,37.0
8.1836,state,4,32.2014,0.839,-0.0879,,,36.0
8.1927,cmd,3,16.0513,,,0.00,0.00,
8.1927,cmd,4,32.2014,,,0.00,0.00,
8.1933,state,3,16.0513,-4.197,-0.0440,,,37.0
8.1937,state,4,32.2014,-3.078,-0.0879,,,36.0
8.2027,cmd,3,16.0513,,,0.00,0.00,
8.2027,cmd,4,32.2014,,,0.00,0.00,
8.2033,state,3,16.0513,-1.959,-0.0147,,,37.0
8.2034,state,4,32.2014,0.280,-0.0293,,,36.0
8.2127,cmd,3,16.0513,,,0.00,0.00,
8.2127,cmd,4,32.2014,,,0.00,0.00,
8.2133,state,3,16.0513,6.996,-0.0440,,,37.0
8.2134,state,4,32.2234,4.757,-0.0293,,,36.0
8.2227,cmd,3,16.0513,,,0.00,0.00,
8.2227,cmd,4,32.2014,,,0.00,0.00,
8.2233,state,3,16.0513,4.197,-0.0147,,,37.0
8.2233,state,4,32.2014,-3.078,-0.0879,,,36.0
8.2327,cmd,3,16.0513,,,0.00,0.00,
8.2327,cmd,4,32.2234,,,0.00,0.00,
8.2334,state,3,16.0513,4.197,-0.0440,,,37.0
8.2334,state,4,32.2014,0.839,-0.0879,,,36.0
8.2427,cmd,3,16.0513,,,0.00,0.00,
8.2427,cmd,4,32.2014,,,0.00,0.00,
8.2433,state,3,16.0513,-4.757,-0.0440,,,37.0
8.2434,state,4,32.2014,-0.839,-0.0879,,,36.0
8.2527,cmd,3,16.0513,,,0.00,0.00,
8.2527,cmd,4,32.2014,,,0.00,0.00,
8.2533,state,3,16.0513,-2.518,-0.0147,,,37.0
8.2534,state,4,32.2014,4.757,-0.0293,,,36.0
8.2627,cmd,3,16.0513,,,0.00,0.00,
8.2627,cmd,4,32.2014,,,0.00,0.00,
8.2633,state,3,16.0513,8.675,-0.0440,,,37.0
8.2634,state,4,32.2014,-1.399,-0.0293,,,36.0
8.2727,cmd,3,16.0513,,,0.00,0.00,
8.2727,cmd,4,32.2014,,,0.00,0.00,
8.2733,state,3,16.0513,-3.638,-0.0440,,,37.0
8.2734,state,4,32.2014,-4.197,-0.0293,,,36.0
8.2827,cmd,3,16.0513,,,0.00,0.00,
8.2828,cmd,4,32.2014,,,0.00,0.00,
8.2833,state,3,16.0513,-3.638,-0.0440,,,37.0
8.2834,state,4,32.2014,-0.839,-0.0879,,,36.0
8.2927,cmd,3,16.0513,,,0.00,0.00,
8.2927,cmd,4,32.2014,,,0.00,0.00,
8.2933,state,3,16.0513,-2.518,-0.0147,,,37.0
8.2934,state,4,32.2014,1.959,-0.0879,,,36.0
8.3027,cmd,3,16.0513,,,0.00,0.00,
8.3027,cmd,4,32.2014,,,0.00,0.00,
8.3033,state,3,16.0513,2.518,-0.0733,,,37.0
8.3034,state,4,32.2014,-1.399,-0.0293,,,36.0
8.3127,cmd,3,16.0513,,,0.00,0.00,
8.3127,cmd,4,32.2014,,,0.00,0.00,
8.3133,state,3,16.0513,-0.839,-0.0147,,,37.0
8.3134,state,4,32.2014,-1.399,-0.0293,,,36.0
8.3227,cmd,3,16.0513,,,0.00,0.00,
8.3228,cmd,4,32.2014,,,0.00,0.00,
8.3234,state,3,16.0513,2.518,-0.0147,,,37.0
8.3234,state,4,32.2014,1.959,-0.0879,,,36.0
8.3327,cmd,3,16.0513,,,0.00,0.00,
8.3327,cmd,4,32.2014,,,0.00,0.00,
8.3333,state,3,16.0513,-4.757,-0.0147,,,37.0
8.3334,state,4,32.2014,4.197,-0.0879,,,36.0
8.3427,cmd,3,16.0513,,,0.00,0.00,
8.3427,cmd,4,32.2014,,,0.00,0.00,
8.3433,state,3,16.0513,4.757,-0.0440,,,37.0
8.3435,state,4,32.2014,0.280,-0.0293,,,36.0
8.3527,cmd,3,16.0513,,,0.00,0.00,
8.3527,cmd,4,32.2014,,,0.00,0.00,
8.3533,state,3,16.0513,-0.839,-0.1026,,,37.0
8.3535,state,4,32.2014,2.518,-0.0879,,,36.0
8.3627,cmd,3,16.0513,,,0.00,0.00,
8.3627,cmd,4,32.2014,,,0.00,0.00,
8.3633,state,3,16.0513,1.959,-0.0147,,,37.0
8.3634,state,4,32.2014,-4.757,-0.0879,,,36.0
8.3727,cmd,3,16.0513,,,0.00,0.00,
8.3728,cmd,4,32.2014,,,0.00,0.00,
8.3734,state,3,16.0513,5.317,0.0147,,,37.0
8.3735,state,4,32.2014,-1.959,-0.0879,,,36.0
8.3827,cmd,3,16.0513,,,0.00,0.00,
8.3827,cmd,4,32.2014,,,0.00,0.00,
8.3833,state,3,16.0513,-0.839,-0.0147,,,37.0
8.3834,state,4,32.2014,3.638,-0.0293,,,36.0
8.3927,cmd,3,16.0513,,,0.00,0.00,
8.3928,cmd,4,32.2014,,,0.00,0.00,
8.3933,state,3,16.0513,-2.518,0.0147,,,37.0
8.3934,state,4,32.2014,-0.839,-0.0879,,,36.0
8.4028,cmd,3,16.0513,,,0.00,0.00,
8.4028,cmd,4,32.2014,,,0.00,0.00,
8.4034,state,3,16.0513,-0.280,-0.0440,,,37.0
8.4034,state,4,32.2014,-2.518,-0.0293,,,36.0
8.4127,cmd,3,16.0513,,,0.00,0.00,
8.4127,cmd,4,32.2014,,,0.00,0.00,
8.4133,state,3,16.0513,1.399,-0.0440,,,37.0
8.4134,state,4,32.2014,6.996,-0.0879,,,36.0
8.4227,cmd,3,16.0513,,,0.00,0.00,
8.4227,cmd,4,32.2014,,,0.00,0.00,
8.4233,state,3,16.0513,1.399,-0.0147,,,37.0
8.4235,state,4,32.2234,2.518,-0.0293,,,36.0
8.4328,cmd,3,16.0513,,,0.00,0.00,
8.4328,cmd,4,32.2014,,,0.00,0.00,
8.4334,state,3,16.0513,5.317,-0.0147,,,37.0
8.4334,state,4,32.2234,-3.078,-0.0879,,,36.0
8.4428,cmd,3,16.0513,,,0.00,0.00,
8.4428,cmd,4,32.2234,,,0.00,0.00,
8.4434,state,3,16.0513,6.996,-0.0440,,,37.0
8.4434,state,4,32.2014,3.078,-0.0293,,,36.0
8.4527,cmd,3,16.0513,,,0.00,0.00,
8.4527,cmd,4,32.2234,,,0.00,0.00,
8.4533,state,3,16.0513,-9.794,-0.0147,,,37.0
8.4534,state,4,32.2014,-0.839,-0.0293,,,36.0
8.4628,cmd,3,16.0513,,,0.00,0.00,
8.4628,cmd,4,32.2014,,,0.00,0.00,
8.4634,state,3,16.0513,1.959,-0.0440,,,37.0
8.4634,state,4,32.2014,5.317,-0.0879,,,36.0
8.4727,cmd,3,16.0513,,,0.00,0.00,
8.4727,cmd,4,32.2014,,,0.00,0.00,
8.4733,state,3,16.0513,5.317,-0.0440,,,37.0
8.4734,state,4,32.2014,0.839,-0.0879,,,36.0
8.4827,cmd,3,16.0513,,,0.00,0.00,
8.4827,cmd,4,32.2014,,,0.00,0.00,
8.4833,state,3,16.0513,1.959,-0.0440,,,37.0
8.4834,state,4,32.2014,-0.839,-0.0879,,,36.0
8.4928,cmd,3,16.0513,,,0.00,0.00,
8.4928,cmd,4,32.2014,,,0.00,0.00,
8.4934,state,3,16.0513,0.280,-0.0440,,,37.0
8.4934,state,4,32.2014,2.518,-0.0879,,,36.0
8.5027,cmd,3,16.0513,,,0.00,0.00,
8.5027,cmd,4,32.2014,,,0.00,0.00,
8.5033,state,3,16.0513,-1.959,-0.0440,,,37.0
8.5034,state,4,32.2014,-0.280,-0.0879,,,36.0
8.5127,cmd,3,16.0513,,,0.00,0.00,
8.5127,cmd,4,32.2014,,,0.00,0.00,
8.5133,state,3,16.0513,-3.078,-0.0147,,,37.0
8.5134,state,4,32.2014,-3.078,-0.0879,,,36.0
8.5228,cmd,3,16.0513,,,0.00,0.00,
8.5228,cmd,4,32.2014,,,0.00,0.00,
8.5234,state,3,16.0513,0.839,-0.0440,,,37.0
8.5234,state,4,32.2234,1.959,-0.0879,,,36.0
8.5327,cmd,3,16.0513,,,0.00,0.00,
8.5328,cmd,4,32.2014,,,0.00,0.00,
8.5333,state,3,16.0513,-2.518,-0.0147,,,37.0
8.5334,state,4,32.2014,-3.638,-0.0879,,,36.0
8.5428,cmd,3,16.0513,,,0.00,0.00,
8.5428,cmd,4,32.2234,,,0.00,0.00,
8.5434,state,3,16.0513,1.959,-0.0440,,,37.0
8.5435,state,4,32.2014,-2.518,-0.0293,,,36.0
8.5528,cmd,3,16.0513,,,0.00,0.00,
8.5528,cmd,4,32.2014,,,0.00,0.00,
8.5534,state,3,16.0513,-1.959,0.0147,,,37.0
8.5534,state,4,32.2014,0.839,-0.0293,,,36.0
8.5627,cmd,3,16.0513,,,0.00,0.00,
8.5628,cmd,4,32.2014,,,0.00,0.00,
8.5633,state,3,16.0513,1.399,-0.0440,,,37.0
8.5635,state,4,32.2014,-0.839,-0.0879,,,36.0
8.5727,cmd,3,16.0513,,,0.00,0.00,
8.5727,cmd,4,32.2014,,,0.00,0.00,
8.5733,state,3,16.0513,-1.399,-0.0440,,,37.0
8.5734,state,4,32.2234,4.757,-0.0879,,,36.0
8.5828,cmd,3,16.0513,,,0.00,0.00,
8.5828,cmd,4,32.2014,,,0.00,0.00,
8.5834,state,3,16.0513,-3.638,-0.0733,,,37.0
8.5835,state,4,32.2014,-0.280,-0.0293,,,36.0
8.5927,cmd,3,16.0513,,,0.00,0.00,
8.5928,cmd,4,32.2234,,,0.00,0.00,
8.5933,state,3,16.0513,-0.280,-0.0147,,,37.0
8.5934,state,4,32.2234,-2.518,-0.0879,,,36.0
8.6028,cmd,3,16.0513,,,0.00,0.00,
8.6028,cmd,4,32.2014,,,0.00,0.00,
8.6033,state,3,16.0513,-1.959,-0.0147,,,37.0
8.6034,state,4,32.2014,-3.078,-0.0879,,,36.0
8.6128,cmd,3,16.0513,,,0.00,0.00,
8.6128,cmd,4,32.2234,,,0.00,0.00,
8.6133,state,3,16.0513,9.234,-0.0147,,,37.0
8.6134,state,4,32.2014,-0.280,-0.0293,,,36.0
8.6227,cmd,3,16.0513,,,0.00,0.00,
8.6227,cmd,4,32.2014,,,0.00,0.00,
8.6233,state,3,16.0513,-6.996,-0.0147,,,37.0
8.6235,state,4,32.2014,-4.197,-0.0879,,,36.0
8.6328,cmd,3,16.0513,,,0.00,0.00,
8.6328,cmd,4,32.2014,,,0.00,0.00,
8.6334,state,3,16.0513,4.757,-0.0147,,,37.0
8.6334,state,4,32.2014,-0.280,-0.0879,,,36.0
8.6428,cmd,3,16.0513,,,0.00,0.00,
8.6428,cmd,4,32.2014,,,0.00,0.00,
8.6434,state,3,16.0513,1.959,-0.0147,,,37.0
8.6434,state,4,32.2234,0.839,-0.0879,,,36.0
8.6527,cmd,3,16.0513,,,0.00,0.00,
8.6528,cmd,4,32.2014,,,0.00,0.00,
8.6533,state,3,16.0513,3.638,-0.0147,,,37.0
8.6535,state,4,32.2014,-1.399,-0.0293,,,36.0
8.6629,cmd,3,16.0513,,,0.00,0.00,
8.6629,cmd,4,32.2234,,,0.00,0.00,
8.6635,state,3,16.0513,5.317,-0.0147,,,37.0
8.6636,state,4,32.2014,-8.115,-0.0293,,,36.0
8.6728,cmd,3,16.0513,,,0.00,0.00,
8.6729,cmd,4,32.2014,,,0.00,0.00,
8.6734,state,3,16.0513,-0.839,0.0147,,,37.0
8.6735,state,4,32.2014,4.197,-0.0293,,,36.0
8.6828,cmd,3,16.0513,,,0.00,0.00,
8.6828,cmd,4,32.2014,,,0.00,0.00,
8.6833,state,3,16.0513,0.839,-0.0733,,,37.0
8.6834,state,4,32.2014,-2.518,-0.0293,,,36.0
8.6928,cmd,3,16.0513,,,0.00,0.00,
8.6928,cmd,4,32.2014,,,0.00,0.00,
8.6934,state,3,16.0513,1.959,0.0147,,,37.0
8.6935,state,4,32.2014,-1.959,-0.0879,,,36.0
8.7028,cmd,3,16.0513,,,0.00,0.00,
8.7028,cmd,4,32.2014,,,0.00,0.00,
8.7033,state,3,16.0513,0.280,-0.0147,,,37.0
8.7035,state,4,32.2014,-4.197,-0.0879,,,36.0
8.7128,cmd,3,16.0513,,,0.00,0.00,
8.7128,cmd,4,32.2014,,,0.00,0.00,
8.7134,state,3,16.0513,-1.959,-0.0440,,,37.0
8.7135,state,4,32.2014,1.399,-0.0293,,,36.0
8.7227,cmd,3,16.0513,,,0.00,0.00,
8.7228,cmd,4,32.2014,,,0.00,0.00,
8.7233,state,3,16.0513,4.197,-0.0147,,,37.0
8.7234,state,4,32.2014,1.399,-0.0879,,,36.0
8.7327,cmd,3,16.0513,,,0.00,0.00,
8.7328,cmd,4,32.2014,,,0.00,0.00,
8.7333,state,3,16.0513,0.280,-0.0147,,,37.0
8.7334,state,4,32.2014,-3.638,-0.0879,,,36.0
8.7427,cmd,3,16.0513,,,0.00,0.00,
8.7427,cmd,4,32.2014,,,0.00,0.00,
8.7433,state,3,16.0513,1.959,-0.0147,,,37.0
8.7434,state,4,32.2014,-0.280,-0.0879,,,36.0
8.7527,cmd,3,16.0513,,,0.00,0.00,
8.7527,cmd,4,32.2014,,,0.00,0.00,
8.7533,state,3,16.0513,-1.399,-0.0147,,,37.0
8.7535,state,4,32.2234,4.197,-0.0293,,,36.0
8.7627,cmd,3,16.0513,,,0.00,0.00,
8.7627,cmd,4,32.2014,,,0.00,0.00,
8.7633,state,3,16.0513,0.839,-0.0440,,,37.0
8.7635,state,4,32.2014,-0.839,-0.0293,,,36.0
8.7727,cmd,3,16.0513,,,0.00,0.00,
8.7727,cmd,4,32.2234,,,0.00,0.00,
8.7733,state,3,16.0513,-3.638,-0.0147,,,37.0
8.7734,state,4,32.2014,0.280,-0.0293,,,36.0
8.7827,cmd,3,16.0513,,,0.00,0.00,
8.7827,cmd,4,32.2014,,,0.00,0.00,
8.7833,state,3,16.0513,0.839,-0.0147,,,37.0
8.7834,state,4,32.2014,1.959,-0.0879,,,36.0
8.7927,cmd,3,16.0513,,,0.00,0.00,
8.7928,cmd,4,32.2014,,,0.00,0.00,
8.7933,state,3,16.0513,-2.518,0.0147,,,37.0
8.7935,state,4,32.2234,3.638,-0.0879,,,36.0
8.8028,cmd,3,16.0513,,,0.00,0.00,
8.8028,cmd,4,32.2014,,,0.00,0.00,
8.8033,state,3,16.0513,5.876,-0.0147,,,37.0
8.8037,state,4,32.2014,3.078,-0.0879,,,36.0
8.8127,cmd,3,16.0513,,,0.00,0.00,
8.8128,cmd,4,32.2234,,,0.00,0.00,
8.8133,state,3,16.0513,0.280,-0.0440,,,37.0
8.8137,state,4,32.2014,-2.518,-0.0293,,,36.0
8.8228,cmd,3,16.0513,,,0.00,0.00,
8.8228,cmd,4,32.2014,,,0.00,0.00,
8.8233,state,3,16.0513,3.078,-0.0440,,,37.0
8.8237,state,4,32.2234,3.638,-0.0879,,,36.0
8.8328,cmd,3,16.0513,,,0.00,0.00,
8.8328,cmd,4,32.2014,,,0.00,0.00,
8.8334,state,3,16.0513,1.959,-0.0440,,,37.0
8.8335,state,4,32.2014,0.280,-0.0879,,,36.0
8.8427,cmd,3,16.0513,,,0.00,0.00,
8.8428,cmd,4,32.2234,,,0.00,0.00,
8.8433,state,3,16.0513,5.317,-0.0147,,,37.0
8.8434,state,4,32.2014,5.876,-0.0293,,,36.0
8.8527,cmd,3,16.0513,,,0.00,0.00,
8.8528,cmd,4,32.2014,,,0.00,0.00,
8.8532,state,3,16.0513,1.959,-0.0440,,,37.0
8.8535,state,4,32.2234,0.280,-0.0879,,,36.0
8.8628,cmd,3,16.0513,,,0.00,0.00,
8.8628,cmd,4,32.2014,,,0.00,0.00,
8.8633,state,3,16.0513,-1.959,-0.0147,,,37.0
8.8638,state,4,32.2014,0.839,-0.0879,,,36.0
8.8727,cmd,3,16.0513,,,0.00,0.00,
8.8727,cmd,4,32.2234,,,0.00,0.00,
8.8733,state,3,16.0513,-3.078,-0.0147,,,37.0
8.8737,state,4,32.2014,-1.399,-0.0293,,,36.0
8.8828,cmd,3,16.0513,,,0.00,0.00,
8.8828,cmd,4,32.2014,,,0.00,0.00,
8.8833,state,3,16.0513,-0.280,-0.0147,,,37.0
8.8838,state,4,32.2014,5.317,-0.0879,,,36.0
8.8928,cmd,3,16.0513,,,0.00,0.00,
8.8928,cmd,4,32.2014,,,0.00,0.00,
8.8933,state,3,16.0513,-0.280,-0.0440,,,37.0
8.8937,state,4,32.2014,3.638,-0.0879,,,36.0
8.9027,cmd,3,16.0513,,,0.00,0.00,
8.9028,cmd,4,32.2014,,,0.00,0.00,
8.9034,state,3,16.0513,0.280,0.0147,,,37.0
8.9034,state,4,32.2014,3.638,-0.0879,,,36.0
8.9128,cmd,3,16.0513,,,0.00,0.00,
8.9128,cmd,4,32.2014,,,0.00,0.00,
8.9134,state,3,16.0513,-1.399,-0.0440,,,37.0
8.9135,state,4,32.2014,1.959,-0.0879,,,36.0
8.9227,cmd,3,16.0513,,,0.00,0.00,
8.9228,cmd,4,32.2014,,,0.00,0.00,
8.9234,state,3,16.0513,-1.959,-0.0147,,,37.0
8.9234,state,4,32.2014,-6.436,-0.0293,,,36.0
8.9328,cmd,3,16.0513,,,0.00,0.00,
8.9328,cmd,4,32.2014,,,0.00,0.00,
8.9333,state,3,16.0513,-1.399,-0.0440,,,37.0
8.9337,state,4,32.2014,3.638,-0.0879,,,36.0
8.9428,cmd,3,16.0513,,,0.00,0.00,
8.9428,cmd,4,32.2014,,,0.00,0.00,
8.9433,state,3,16.0513,-5.317,-0.0147,,,37.0
8.9438,state,4,32.2014,3.078,-0.0879,,,36.0
8.9528,cmd,3,16.0513,,,0.00,0.00,
8.9528,cmd,4,32.2014,,,0.00,0.00,
8.9533,state,3,16.0513,0.839,-0.0440,,,37.0
8.9538,state,4,32.2014,-0.839,-0.0293,,,36.0
8.9628,cmd,3,16.0513,,,0.00,0.00,
8.9628,cmd,4,32.2014,,,0.00,0.00,
8.9633,state,3,16.0513,1.399,0.0147,,,37.0
8.9637,state,4,32.2014,-3.078,-0.0879,,,36.0
8.9729,cmd,3,16.0513,,,0.00,0.00,
8.9729,cmd,4,32.2014,,,0.00,0.00,
8.9735,state,3,16.0513,3.078,-0.0440,,,37.0
8.9739,state,4,32.2014,-3.638,-0.0293,,,36.0
8.9829,cmd,3,16.0513,,,0.00,0.00,
8.9829,cmd,4,32.2014,,,0.00,0.00,
8.9833,state,3,16.0513,-0.280,-0.0147,,,37.0
8.9838,state,4,32.2014,-1.399,-0.0293,,,36.0
8.9928,cmd,3,16.0513,,,0.00,0.00,
8.9928,cmd,4,32.2014,,,0.00,0.00,
8.9934,state,3,16.0513,-1.399,-0.0440,,,37.0
8.9935,state,4,32.2014,-2.518,-0.0293,,,36.0
9.0028,cmd,3,16.0513,,,0.00,0.00,
9.0028,cmd,4,32.2014,,,0.00,0.00,
9.0034,state,3,16.0513,-2.518,-0.0147,,,37.0
9.0037,state,4,32.2014,-4.197,-0.0879,,,36.0
9.0128,cmd,3,16.0513,,,0.00,0.00,
9.0128,cmd,4,32.2014,,,0.00,0.00,
9.0134,state,3,16.0513,3.078,-0.0440,,,37.0
9.0137,state,4,32.2014,-1.959,-0.0879,,,36.0
9.0228,cmd,3,16.0513,,,0.00,0.00,
9.0228,cmd,4,32.2014,,,0.00,0.00,
9.0232,state,3,16.0513,-2.518,-0.0440,,,37.0
9.0237,state,4,32.2014,1.959,-0.0293,,,36.0
9.0328,cmd,3,16.0513,,,0.00,0.00,
9.0328,cmd,4,32.2014,,,0.00,0.00,
9.0333,state,3,16.0513,4.757,-0.0733,,,37.0
9.0337,state,4,32.2014,2.518,-0.0293,,,36.0
9.0428,cmd,3,16.0513,,,0.00,0.00,
9.0428,cmd,4,32.2014,,,0.00,0.00,
9.0433,state,3,16.0513,-1.959,-0.0147,,,37.0
9.0438,state,4,32.2234,4.197,-0.0293,,,36.0
9.0528,cmd,3,16.0513,,,0.00,0.00,
9.0528,cmd,4,32.2014,,,0.00,0.00,
9.0533,state,3,16.0513,0.280,-0.0440,,,37.0
9.0537,state,4,32.2014,-0.839,-0.0293,,,36.0
9.0628,cmd,3,16.0513,,,0.00,0.00,
9.0628,cmd,4,32.2234,,,0.00,0.00,
9.0633,state,3,16.0513,2.518,-0.0147,,,37.0
9.0637,state,4,32.2014,-4.757,-0.0293,,,36.0
9.0728,cmd,3,16.0513,,,0.00,0.00,
9.0728,cmd,4,32.2014,,,0.00,0.00,
9.0733,state,3,16.0513,6.436,0.0147,,,37.0
9.0738,state,4,32.2014,-1.399,-0.0293,,,36.0
9.0829,cmd,3,16.0513,,,0.00,0.00,
9.0829,cmd,4,32.2014,,,0.00,0.00,
9.0834,state,3,16.0513,1.399,-0.0440,,,37.0
9.0840,state,4,32.2014,1.959,-0.0879,,,36.0
9.0928,cmd,3,16.0513,,,0.00,0.00,
9.0929,cmd,4,32.2014,,,0.00,0.00,
9.0935,state,3,16.0513,-0.839,-0.0440,,,37.0
9.0936,state,4,32.2014,-2.518,-0.0879,,,36.0
9.1028,cmd,3,16.0513,,,0.00,0.00,
9.1028,cmd,4,32.2014,,,0.00,0.00,
9.1034,state,3,16.0513,-0.839,-0.0440,,,37.0
9.1035,state,4,32.2014,-3.078,-0.0293,,,36.0
9.1128,cmd,3,16.0513,,,0.00,0.00,
9.1128,cmd,4,32.2014,,,0.00,0.00,
9.1134,state,3,16.0513,-5.317,0.0147,,,37.0
9.1135,state,4,32.2014,-2.518,-0.0293,,,36.0
9.1228,cmd,3,16.0513,,,0.00,0.00,
9.1228,cmd,4,32.2014,,,0.00,0.00,
9.1234,state,3,16.0513,0.280,-0.0147,,,37.0
9.1235,state,4,32.2014,0.280,-0.0293,,,36.0
9.1328,cmd,3,16.0513,,,0.00,0.00,
9.1329,cmd,4,32.2014,,,0.00,0.00,
9.1335,state,3,16.0513,-3.078,0.0147,,,37.0
9.1335,state,4,32.2014,-1.399,-0.1465,,,36.0
9.1428,cmd,3,16.0513,,,0.00,0.00,
9.1428,cmd,4,32.2014,,,0.00,0.00,
9.1434,state,3,16.0513,-3.638,-0.0440,,,37.0
9.1435,state,4,32.2014,0.280,-0.0879,,,36.0
9.1528,cmd,3,16.0513,,,0.00,0.00,
9.1528,cmd,4,32.2014,,,0.00,0.00,
9.1534,state,3,16.0513,-1.399,-0.0733,,,37.0
9.1535,state,4,32.2234,3.638,-0.0879,,,36.0
9.1628,cmd,3,16.0513,,,0.00,0.00,
9.1628,cmd,4,32.2014,,,0.00,0.00,
9.1634,state,3,16.0513,2.518,-0.0147,,,37.0
9.1638,state,4,32.2014,2.518,-0.0293,,,36.0
9.1728,cmd,3,16.0513,,,0.00,0.00,
9.1728,cmd,4,32.2234,,,0.00,0.00,
9.1733,state,3,16.0513,3.078,-0.0440,,,37.0
9.1738,state,4,32.2014,3.078,-0.0879,,,36.0
9.1828,cmd,3,16.0513,,,0.00,0.00,
9.1828,cmd,4,32.2014,,,0.00,0.00,
9.1833,state,3,16.0513,2.518,-0.0440,,,37.0
9.1837,state,4,32.2014,0.839,-0.1465,,,36.0
9.1928,cmd,3,16.0513,,,0.00,0.00,
9.1929,cmd,4,32.2014,,,0.00,0.00,
9.1934,state,3,16.0513,2.518,-0.0147,,,37.0
9.1935,state,4,32.2014,1.959,-0.0879,,,36.0
9.2028,cmd,3,16.0513,,,0.00,0.00,
9.2028,cmd,4,32.2014,,,0.00,0.00,
9.2034,state,3,16.0513,2.518,-0.0440,,,37.0
9.2035,state,4,32.2014,-2.518,-0.0879,,,36.0
9.2128,cmd,3,16.0513,,,0.00,0.00,
9.2128,cmd,4,32.2014,,,0.00,0.00,
9.2134,state,3,16.0513,-4.757,-0.0733,,,37.0
9.2135,state,4,32.2014,0.280,-0.0293,,,36.0
9.2228,cmd,3,16.0513,,,0.00,0.00,
9.2228,cmd,4,32.2014,,,0.00,0.00,
9.2234,state,3,16.0513,3.078,-0.0440,,,37.0
9.2235,state,4,32.2014,-1.399,-0.0293,,,36.0
9.2328,cmd,3,16.0513,,,0.00,0.00,
9.2328,cmd,4,32.2014,,,0.00,0.00,
9.2334,state,3,16.0513,5.317,-0.0147,,,37.0
9.2335,state,4,32.2014,-4.197,-0.0293,,,36.0
9.2428,cmd,3,16.0513,,,0.00,0.00,
9.2429,cmd,4,32.2014,,,0.00,0.00,
9.2434,state,3,16.0513,0.839,-0.0733,,,37.0
9.2438,state,4,32.2014,-1.399,-0.0879,,,36.0
9.2528,cmd,3,16.0513,,,0.00,0.00,
9.2528,cmd,4,32.2014,,,0.00,0.00,
9.2534,state,3,16.0513,2.518,-0.0147,,,37.0
9.2535,state,4,32.2234,0.839,-0.0879,,,36.0
9.2628,cmd,3,16.0513,,,0.00,0.00,
9.2628,cmd,4,32.2014,,,0.00,0.00,
9.2635,state,3,16.0513,3.638,-0.0147,,,37.0
9.2636,state,4,32.2014,-4.757,-0.0293,,,36.0
9.2728,cmd,3,16.0513,,,0.00,0.00,
9.2728,cmd,4,32.2234,,,0.00,0.00,
9.2734,state,3,16.0513,-3.078,-0.0440,,,37.0
9.2735,state,4,32.2014,-0.839,-0.0293,,,36.0
9.2828,cmd,3,16.0513,,,0.00,0.00,
9.2829,cmd,4,32.2014,,,0.00,0.00,
9.2835,state,3,16.0513,-4.197,-0.0440,,,37.0
9.2836,state,4,32.2014,-1.399,-0.0293,,,36.0
9.2928,cmd,3,16.0513,,,0.00,0.00,
9.2928,cmd,4,32.2014,,,0.00,0.00,
9.2934,state,3,16.0513,-3.078,-0.0733,,,37.0
9.2935,state,4,32.2014,-4.197,-0.0879,,,36.0
9.3028,cmd,3,16.0513,,,0.00,0.00,
9.3028,cmd,4,32.2014,,,0.00,0.00,
9.3035,state,3,16.0513,3.638,-0.0147,,,37.0
9.3036,state,4,32.2014,-3.078,-0.0293,,,36.0
9.3128,cmd,3,16.0513,,,0.00,0.00,
9.3128,cmd,4,32.2014,,,0.00,0.00,
9.3134,state,3,16.0513,-5.317,-0.0440,,,37.0
9.3135,state,4,32.2014,1.399,-0.0879,,,36.0
9.3228,cmd,3,16.0513,,,0.00,0.00,
9.3228,cmd,4,32.2014,,,0.00,0.00,
9.3235,state,3,16.0513,-1.399,-0.0147,,,37.0
9.3236,state,4,32.2014,-0.280,-0.0293,,,36.0
9.3328,cmd,3,16.0513,,,0.00,0.00,
9.3328,cmd,4,32.2014,,,0.00,0.00,
9.3334,state,3,16.0513,-0.280,-0.0440,,,37.0
9.3335,state,4,32.2014,-1.959,-0.0879,,,36.0
9.3429,cmd,3,16.0513,,,0.00,0.00,
9.3429,cmd,4,32.2014,,,0.00,0.00,
9.3435,state,3,16.0513,-3.638,-0.0440,,,37.0
9.3436,state,4,32.2014,-3.638,-0.0293,,,36.0
9.3528,cmd,3,16.0513,,,0.00,0.00,
9.3528,cmd,4,32.2014,,,0.00,0.00,
9.3534,state,3,16.0513,-1.959,-0.0440,,,37.0
9.3535,state,4,32.2014,-3.638,-0.0879,,,36.0
9.3628,cmd,3,16.0513,,,0.00,0.00,
9.3628,cmd,4,32.2014,,,0.00,0.00,
9.3634,state,3,16.0513,-1.399,-0.0147,,,37.0
9.3635,state,4,32.2014,3.078,-0.0293,,,36.0
9.3729,cmd,3,16.0513,,,0.00,0.00,
9.3729,cmd,4,32.2014,,,0.00,0.00,
9.3735,state,3,16.0513,-0.839,-0.0440,,,37.0
9.3739,state,4,32.2014,-3.078,-0.0293,,,36.0
9.3828,cmd,3,16.0513,,,0.00,0.00,
9.3829,cmd,4,32.2014,,,0.00,0.00,
9.3833,state,3,16.0513,6.436,-0.0147,,,37.0
9.3838,state,4,32.2014,0.839,-0.0293,,,36.0
9.3929,cmd,3,16.0513,,,0.00,0.00,
9.3929,cmd,4,32.2014,,,0.00,0.00,
9.3933,state,3,16.0513,2.518,-0.0147,,,37.0
9.3938,state,4,32.2014,5.317,-0.0293,,,36.0
9.4029,cmd,3,16.0513,,,0.00,0.00,
9.4029,cmd,4,32.2014,,,0.00,0.00,
9.4035,state,3,16.0513,-3.078,-0.0147,,,37.0
9.4036,state,4,32.2014,-0.839,-0.0293,,,36.0
9.4128,cmd,3,16.0513,,,0.00,0.00,
9.4128,cmd,4,32.2014,,,0.00,0.00,
9.4134,state,3,16.0513,-0.839,-0.0147,,,37.0
9.4135,state,4,32.2014,-0.839,-0.0293,,,36.0
9.4229,cmd,3,16.0513,,,0.00,0.00,
9.4229,cmd,4,32.2014,,,0.00,0.00,
9.4235,state,3,16.0513,-10.354,0.0147,,,37.0
9.4236,state,4,32.2014,-1.959,-0.0293,,,36.0
9.4329,cmd,3,16.0513,,,0.00,0.00,
9.4329,cmd,4,32.2014,,,0.00,0.00,
9.4335,state,3,16.0513,-6.996,-0.0147,,,37.0
9.4336,state,4,32.2014,1.959,-0.0293,,,36.0
9.4428,cmd,3,16.0513,,,0.00,0.00,
9.4429,cmd,4,32.2014,,,0.00,0.00,
9.4435,state,3,16.0513,-6.436,-0.0147,,,37.0
9.4436,state,4,32.2234,4.197,-0.0293,,,36.0
9.4528,cmd,3,16.0513,,,0.00,0.00,
9.4529,cmd,4,32.2014,,,0.00,0.00,
9.4535,state,3,16.0513,-5.876,0.0147,,,37.0
9.4536,state,4,32.2014,-5.317,-0.0879,,,36.0
9.4629,cmd,3,16.0513,,,0.00,0.00,
9.4629,cmd,4,32.2234,,,0.00,0.00,
9.4635,state,3,16.0513,-9.234,-0.0733,,,37.0
9.4635,state,4,32.2014,-2.518,-0.0293,,,36.0
9.4729,cmd,3,16.0513,,,0.00,0.00,
9.4729,cmd,4,32.2014,,,0.00,0.00,
9.4735,state,3,16.0513,0.280,-0.0440,,,37.0
9.4735,state,4,32.2014,-1.959,-0.0879,,,36.0
9.4829,cmd,3,16.0513,,,0.00,0.00,
9.4829,cmd,4,32.2014,,,0.00,0.00,
9.4835,state,3,16.0513,3.078,-0.0440,,,37.0
9.4836,state,4,32.2014,3.078,-0.0293,,,36.0
9.4929,cmd,3,16.0513,,,0.00,0.00,
9.4929,cmd,4,32.2014,,,0.00,0.00,
9.4935,state,3,16.0513,-0.280,-0.0440,,,37.0
9.4936,state,4,32.2014,-1.959,-0.0879,,,36.0
9.5029,cmd,3,16.0513,,,0.00,0.00,
9.5029,cmd,4,32.2014,,,0.00,0.00,
9.5035,state,3,16.0513,5.317,-0.0440,,,37.0
9.5035,state,4,32.2234,1.959,-0.0293,,,36.0
9.5128,cmd,3,16.0513,,,0.00,0.00,
9.5128,cmd,4,32.2014,,,0.00,0.00,
9.5134,state,3,16.0513,1.399,-0.0147,,,37.0
9.5135,state,4,32.2014,0.839,-0.0879,,,36.0
9.5228,cmd,3,16.0513,,,0.00,0.00,
9.5229,cmd,4,32.2234,,,0.00,0.00,
9.5235,state,3,16.0293,-2.518,-0.0147,,,37.0
9.5235,state,4,32.2014,-1.399,-0.0293,,,36.0
9.5329,cmd,3,16.0513,,,0.00,0.00,
9.5329,cmd,4,32.2014,,,0.00,0.00,
9.5335,state,3,16.0513,-1.959,-0.0147,,,37.0
9.5336,state,4,32.2014,-3.638,-0.0293,,,36.0
9.5428,cmd,3,16.0293,,,0.00,0.00,
9.5429,cmd,4,32.2014,,,0.00,0.00,
9.5434,state,3,16.0513,-2.518,-0.0440,,,37.0
9.5435,state,4,32.2014,-1.959,-0.0879,,,36.0
9.5529,cmd,3,16.0513,,,0.00,0.00,
9.5529,cmd,4,32.2014,,,0.00,0.00,
9.5535,state,3,16.0513,-3.078,-0.0147,,,37.0
9.5536,state,4,32.2014,-0.839,-0.0879,,,36.0
9.5629,cmd,3,16.0513,,,0.00,0.00,
9.5629,cmd,4,32.2014,,,0.00,0.00,
9.5634,state,3,16.0513,-1.959,-0.0440,,,37.0
9.5635,state,4,32.2234,1.959,-0.0879,,,36.0
9.5729,cmd,3,16.0513,,,0.00,0.00,
9.5729,cmd,4,32.2014,,,0.00,0.00,
9.5735,state,3,16.0513,-8.675,-0.0440,,,37.0
9.5736,state,4,32.2014,-4.197,-0.0879,,,36.0
9.5830,cmd,3,16.0513,,,0.00,0.00,
9.5831,cmd,4,32.2234,,,0.00,0.00,
9.5835,state,3,16.0513,-3.078,-0.0147,,,37.0
9.5838,state,4,32.2014,0.839,-0.0293,,,36.0
9.5930,cmd,3,16.0513,,,0.00,0.00,
9.5930,cmd,4,32.2014,,,0.00,0.00,
9.5936,state,3,16.0513,0.839,-0.0147,,,37.0
9.5941,state,4,32.2014,0.839,-0.0879,,,36.0
9.6031,cmd,3,16.0513,,,0.00,0.00,
9.6031,cmd,4,32.2014,,,0.00,0.00,
9.6036,state,3,16.0513,-5.317,-0.0440,,,37.0
9.6041,state,4,32.2014,-3.078,-0.0293,,,36.0
9.6130,cmd,3,16.0513,,,0.00,0.00,
9.6130,cmd,4,32.2014,,,0.00,0.00,
9.6135,state,3,16.0513,1.959,-0.0147,,,37.0
9.6139,state,4,32.2014,-0.280,-0.0293,,,36.0
9.6229,cmd,3,16.0513,,,0.00,0.00,
9.6230,cmd,4,32.2014,,,0.00,0.00,
9.6236,state,3,16.0513,1.399,-0.0440,,,37.0
9.6237,state,4,32.2014,-1.399,-0.0293,,,36.0
9.6329,cmd,3,16.0513,,,0.00,0.00,
9.6329,cmd,4,32.2014,,,0.00,0.00,
9.6335,state,3,16.0513,1.399,-0.0440,,,37.0
9.6336,state,4,32.2014,-0.280,-0.0293,,,36.0
9.6429,cmd,3,16.0513,,,0.00,0.00,
9.6429,cmd,4,32.2014,,,0.00,0.00,
9.6435,state,3,16.0513,1.399,0.0147,,,37.0
9.6436,state,4,32.2014,1.959,-0.0879,,,36.0
9.6529,cmd,3,16.0513,,,0.00,0.00,
9.6529,cmd,4,32.2014,,,0.00,0.00,
9.6535,state,3,16.0513,-3.078,-0.0440,,,37.0
9.6536,state,4,32.2014,-3.078,-0.0293,,,36.0
9.6629,cmd,3,16.0513,,,0.00,0.00,
9.6629,cmd,4,32.2014,,,0.00,0.00,
9.6635,state,3,16.0293,-4.197,-0.0733,,,37.0
9.6636,state,4,32.2234,3.638,-0.0293,,,36.0
9.6729,cmd,3,16.0513,,,0.00,0.00,
9.6729,cmd,4,32.2014,,,0.00,0.00,
9.6735,state,3,16.0513,1.399,-0.0147,,,37.0
9.6736,state,4,32.2014,-3.078,-0.0879,,,36.0
9.6829,cmd,3,16.0293,,,0.00,0.00,
9.6829,cmd,4,32.2234,,,0.00,0.00,
9.6835,state,3,16.0513,-4.197,-0.0440,,,37.0
9.6836,state,4,32.2234,-0.839,-0.0879,,,36.0
9.6929,cmd,3,16.0513,,,0.00,0.00,
9.6929,cmd,4,32.2014,,,0.00,0.00,
9.6935,state,3,16.0513,3.638,-0.0147,,,37.0
9.6936,state,4,32.2234,2.518,-0.0879,,,36.0
9.7029,cmd,3,16.0513,,,0.00,0.00,
9.7029,cmd,4,32.2234,,,0.00,0.00,
9.7035,state,3,16.0513,3.078,-0.0733,,,37.0
9.7036,state,4,32.2014,3.638,-0.0879,,,36.0
9.7129,cmd,3,16.0513,,,0.00,0.00,
9.7129,cmd,4,32.2234,,,0.00,0.00,
9.7135,state,3,16.0513,6.436,-0.0147,,,37.0
9.7136,state,4,32.2014,3.078,-0.0293,,,36.0
9.7229,cmd,3,16.0513,,,0.00,0.00,
9.7229,cmd,4,32.2014,,,0.00,0.00,
9.7235,state,3,16.0513,1.399,-0.0147,,,37.0
9.7236,state,4,32.2014,3.638,-0.0293,,,36.0
9.7329,cmd,3,16.0513,,,0.00,0.00,
9.7330,cmd,4,32.2014,,,0.00,0.00,
9.7335,state,3,16.0513,-0.839,-0.0440,,,37.0
9.7336,state,4,32.2014,0.280,-0.0879,,,36.0
9.7429,cmd,3,16.0513,,,0.00,0.00,
9.7429,cmd,4,32.2014,,,0.00,0.00,
9.7434,state,3,16.0513,4.197,-0.0147,,,37.0
9.7435,state,4,32.2014,0.839,-0.0879,,,36.0
9.7529,cmd,3,16.0513,,,0.00,0.00,
9.7529,cmd,4,32.2014,,,0.00,0.00,
9.7535,state,3,16.0513,1.959,-0.0440,,,37.0
9.7536,state,4,32.2014,-0.839,-0.0879,,,36.0
9.7629,cmd,3,16.0513,,,0.00,0.00,
9.7629,cmd,4,32.2014,,,0.00,0.00,
9.7635,state,3,16.0513,2.518,-0.0440,,,37.0
9.7636,state,4,32.2234,2.518,-0.0293,,,36.0
9.7729,cmd,3,16.0513,,,0.00,0.00,
9.7729,cmd,4,32.2014,,,0.00,0.00,
9.7734,state,3,16.0513,1.399,-0.0733,,,37.0
9.7735,state,4,32.2014,1.399,-0.0879,,,36.0
9.7829,cmd,3,16.0513,,,0.00,0.00,
9.7829,cmd,4,32.2234,,,0.00,0.00,
9.7835,state,3,16.0513,-9.234,-0.0733,,,37.0
9.7836,state,4,32.2014,-3.078,-0.0879,,,36.0
9.7929,cmd,3,16.0513,,,0.00,0.00,
9.7929,cmd,4,32.2014,,,0.00,0.00,
9.7935,state,3,16.0513,-1.959,-0.0147,,,37.0
9.7936,state,4,32.2014,-4.757,-0.0879,,,36.0
9.8029,cmd,3,16.0513,,,0.00,0.00,
9.8029,cmd,4,32.2014,,,0.00,0.00,
9.8035,state,3,16.0513,-3.638,-0.0147,,,37.0
9.8036,state,4,32.2014,-0.839,-0.0293,,,36.0
9.8129,cmd,3,16.0513,,,0.00,0.00,
9.8129,cmd,4,32.2014,,,0.00,0.00,
9.8135,state,3,16.0513,1.959,-0.0440,,,37.0
9.8136,state,4,32.2014,-0.280,-0.0293,,,36.0
9.8230,cmd,3,16.0513,,,0.00,0.00,
9.8230,cmd,4,32.2014,,,0.00,0.00,
9.8236,state,3,16.0513,-5.317,-0.0147,,,37.0
9.8237,state,4,32.2014,-4.757,-0.0879,,,36.0
9.8330,cmd,3,16.0513,,,0.00,0.00,
9.8330,cmd,4,32.2014,,,0.00,0.00,
9.8336,state,3,16.0513,1.959,-0.0733,,,37.0
9.8336,state,4,32.2014,-0.839,-0.0293,,,36.0
9.8429,cmd,3,16.0513,,,0.00,0.00,
9.8429,cmd,4,32.2014,,,0.00,0.00,
9.8435,state,3,16.0293,-3.078,0.0147,,,37.0
9.8436,state,4,32.2014,1.399,-0.0879,,,36.0
9.8530,cmd,3,16.0513,,,0.00,0.00,
9.8530,cmd,4,32.2014,,,0.00,0.00,
9.8535,state,3,16.0513,1.399,-0.0147,,,37.0
9.8536,state,4,32.2014,3.078,-0.0293,,,36.0
9.8629,cmd,3,16.0293,,,0.00,0.00,
9.8629,cmd,4,32.2014,,,0.00,0.00,
9.8635,state,3,16.0513,-0.280,-0.0147,,,37.0
9.8636,state,4,32.2234,-0.280,-0.0879,,,36.0
9.8729,cmd,3,16.0513,,,0.00,0.00,
9.8729,cmd,4,32.2014,,,0.00,0.00,
9.8735,state,3,16.0513,4.757,0.0147,,,37.0
9.8736,state,4,32.2014,-1.399,-0.0879,,,36.0
9.8830,cmd,3,16.0513,,,0.00,0.00,
9.8830,cmd,4,32.2234,,,0.00,0.00,
9.8835,state,3,16.0513,1.959,-0.0147,,,37.0
9.8837,state,4,32.2014,3.078,-0.0293,,,36.0
9.8929,cmd,3,16.0513,,,0.00,0.00,
9.8929,cmd,4,32.2014,,,0.00,0.00,
9.8935,state,3,16.0513,-0.280,-0.0147,,,37.0
9.8936,state,4,32.2014,-1.959,-0.0879,,,36.0
9.9029,cmd,3,16.0513,,,0.00,0.00,
9.9029,cmd,4,32.2014,,,0.00,0.00,
9.9035,state,3,16.0513,-8.675,-0.0733,,,37.0
9.9036,state,4,32.2014,0.280,-0.0293,,,36.0
9.9130,cmd,3,16.0513,,,0.00,0.00,
9.9130,cmd,4,32.2014,,,0.00,0.00,
9.9136,state,3,16.0513,-1.399,-0.0440,,,37.0
9.9137,state,4,32.2234,0.839,-0.0879,,,36.0
9.9229,cmd,3,16.0513,,,0.00,0.00,
9.9229,cmd,4,32.2014,,,0.00,0.00,
9.9235,state,3,16.0513,-0.839,-0.0440,,,37.0
9.9236,state,4,32.2014,1.399,-0.0293,,,36.0
9.9329,cmd,3,16.0513,,,0.00,0.00,
9.9329,cmd,4,32.2234,,,0.00,0.00,
9.9336,state,3,16.0513,1.959,-0.0440,,,37.0
9.9337,state,4,32.2014,-3.078,-0.0293,,,36.0
9.9430,cmd,3,16.0513,,,0.00,0.00,
9.9431,cmd,4,32.2014,,,0.00,0.00,
9.9436,state,3,16.0513,2.518,-0.0440,,,37.0
9.9437,state,4,32.2014,0.839,-0.0293,,,36.0
9.9530,cmd,3,16.0513,,,0.00,0.00,
9.9530,cmd,4,32.2014,,,0.00,0.00,
9.9536,state,3,16.0513,9.794,-0.0440,,,37.0
9.9537,state,4,32.2234,-1.959,-0.0293,,,36.0
9.9630,cmd,3,16.0513,,,0.00,0.00,
9.9630,cmd,4,32.2014,,,0.00,0.00,
9.9636,state,3,16.0513,1.399,-0.0440,,,37.0
9.9637,state,4,32.2014,-4.197,-0.0879,,,36.0
9.9731,cmd,3,16.0513,,,0.00,0.00,
9.9731,cmd,4,32.2234,,,0.00,0.00,
9.9736,state,3,16.0513,1.959,-0.0440,,,37.0
9.9738,state,4,32.2014,-4.197,-0.0293,,,36.0
9.9830,cmd,3,16.0513,,,0.00,0.00,
9.9830,cmd,4,32.2014,,,0.00,0.00,
9.9836,state,3,16.0513,1.399,-0.0147,,,37.0
9.9837,state,4,32.2014,-0.839,-0.0879,,,36.0
9.9929,cmd,3,16.0513,,,0.00,0.00,
9.9930,cmd,4,32.2014,,,0.00,0.00,
9.9935,state,3,16.0293,-3.078,-0.0147,,,37.0
9.9936,state,4,32.2014,-7.555,-0.0879,,,36.0
10.0030,cmd,3,16.0513,,,0.00,0.00,
10.0030,cmd,4,32.2014,,,0.00,0.00,
10.0036,state,3,16.0513,3.638,-0.0440,,,37.0
10.0037,state,4,32.2014,-3.638,-0.0293,,,36.0
10.0129,cmd,3,16.0293,,,0.00,0.00,
10.0130,cmd,4,32.2014,,,0.00,0.00,
10.0135,state,3,16.0513,1.399,-0.0440,,,37.0
10.0136,state,4,32.2014,-3.078,-0.0293,,,36.0
10.0231,cmd,3,16.0513,,,0.00,0.00,
10.0231,cmd,4,32.2014,,,0.00,0.00,
10.0236,state,3,16.0513,-2.518,0.0147,,,37.0
10.0238,state,4,32.2234,4.197,-0.0879,,,36.0
10.0331,cmd,3,16.0513,,,0.00,0.00,
10.0331,cmd,4,32.2014,,,0.00,0.00,
10.0335,state,3,16.0513,-0.280,-0.0147,,,37.0
10.0338,state,4,32.2234,-0.839,-0.0293,,,36.0
10.0430,cmd,3,16.0513,,,0.00,0.00,
10.0430,cmd,4,32.2234,,,0.00,0.00,
10.0436,state,3,16.0513,3.078,-0.0440,,,37.0
10.0437,state,4,32.2014,0.280,-0.0293,,,36.0
10.0529,cmd,3,16.0513,,,0.00,0.00,
10.0529,cmd,4,32.2234,,,0.00,0.00,
10.0535,state,3,16.0513,-0.280,-0.0147,,,37.0
10.0537,state,4,32.2014,-0.839,-0.0879,,,36.0
10.0629,cmd,3,16.0513,,,0.00,0.00,
10.0630,cmd,4,32.2014,,,0.00,0.00,
10.0636,state,3,16.0513,5.317,-0.0440,,,37.0
10.0637,state,4,32.2014,1.399,-0.0293,,,36.0
10.0729,cmd,3,16.0513,,,0.00,0.00,
10.0730,cmd,4,32.2014,,,0.00,0.00,
10.0735,state,3,16.0513,0.839,-0.0440,,,37.0
10.0736,state,4,32.2234,3.078,-0.0293,,,36.0
10.0829,cmd,3,16.0513,,,0.00,0.00,
10.0829,cmd,4,32.2014,,,0.00,0.00,
10.0835,state,3,16.0513,1.959,0.0147,,,37.0
10.0837,state,4,32.2014,-0.280,-0.0293,,,36.0
10.0930,cmd,3,16.0513,,,0.00,0.00,
10.0930,cmd,4,32.2234,,,0.00,0.00,
10.0936,state,3,16.0513,-3.078,0.0147,,,37.0
10.0937,state,4,32.2014,-0.839,-0.0293,,,36.0
10.1029,cmd,3,16.0513,,,0.00,0.00,
10.1029,cmd,4,32.2014,,,0.00,0.00,
10.1035,state,3,16.0513,-1.959,-0.0440,,,37.0
10.1036,state,4,32.2014,1.399,-0.0879,,,36.0
10.1130,cmd,3,16.0513,,,0.00,0.00,
10.1131,cmd,4,32.2014,,,0.00,0.00,
10.1135,state,3,16.0513,-1.959,-0.0440,,,37.0
10.1137,state,4,32.2234,-0.280,-0.0293,,,36.0
10.1231,cmd,3,16.0513,,,0.00,0.00,
10.1231,cmd,4,32.2014,,,0.00,0.00,
10.1237,state,3,16.0513,0.839,-0.0440,,,37.0
10.1238,state,4,32.2014,-1.959,-0.0879,,,36.0
10.1329,cmd,3,16.0513,,,0.00,0.00,
10.1330,cmd,4,32.2234,,,0.00,0.00,
10.1335,state,3,16.0513,-3.078,-0.0147,,,37.0
10.1336,state,4,32.2014,-0.839,-0.0293,,,36.0
10.1430,cmd,3,16.0513,,,0.00,0.00,
10.1430,cmd,4,32.2014,,,0.00,0.00,
10.1434,state,3,16.0513,-0.839,-0.0440,,,37.0
10.1437,state,4,32.2234,1.399,-0.0293,,,36.0
10.1531,cmd,3,16.0513,,,0.00,0.00,
10.1531,cmd,4,32.2014,,,0.00,0.00,
10.1536,state,3,16.0513,0.839,-0.0733,,,37.0
10.1541,state,4,32.2014,-5.317,-0.0293,,,36.0
10.1630,cmd,3,16.0513,,,0.00,0.00,
10.1631,cmd,4,32.2234,,,0.00,0.00,
10.1636,state,3,16.0513,0.839,-0.0147,,,37.0
10.1637,state,4,32.2014,-0.839,-0.0879,,,36.0
10.1730,cmd,3,16.0513,,,0.00,0.00,
10.1730,cmd,4,32.2014,,,0.00,0.00,
10.1736,state,3,16.0513,-5.876,-0.0147,,,37.0
10.1737,state,4,32.2014,0.280,-0.0879,,,36.0
10.1830,cmd,3,16.0513,,,0.00,0.00,
10.1831,cmd,4,32.2014,,,0.00,0.00,
10.1836,state,3,16.0513,-5.317,-0.0733,,,37.0
10.1840,state,4,32.2014,-1.399,-0.0293,,,36.0
10.1930,cmd,3,16.0513,,,0.00,0.00,
10.1931,cmd,4,32.2014,,,0.00,0.00,
10.1936,state,3,16.0513,-5.876,-0.0440,,,37.0
10.1940,state,4,32.2014,-1.399,-0.0293,,,36.0
10.2030,cmd,3,16.0513,,,0.00,0.00,
10.2031,cmd,4,32.2014,,,0.00,0.00,
10.2036,state,3,16.0513,-0.280,-0.0147,,,37.0
10.2040,state,4,32.2014,-1.959,-0.0879,,,36.0
10.2130,cmd,3,16.0513,,,0.00,0.00,
10.2130,cmd,4,32.2014,,,0.00,0.00,
10.2135,state,3,16.0513,-0.839,-0.0147,,,37.0
10.2140,state,4,32.2014,-3.638,-0.0293,,,36.0
10.2230,cmd,3,16.0513,,,0.00,0.00,
10.2230,cmd,4,32.2014,,,0.00,0.00,
10.2235,state,3,16.0513,-2.518,-0.0440,,,37.0
10.2239,state,4,32.2014,0.280,-0.0293,,,36.0
10.2330,cmd,3,16.0513,,,0.00,0.00,
10.2330,cmd,4,32.2014,,,0.00,0.00,
10.2336,state,3,16.0513,0.280,0.0147,,,37.0
10.2337,state,4,32.2234,0.280,-0.0879,,,36.0
10.2430,cmd,3,16.0513,,,0.00,0.00,
10.2430,cmd,4,32.2014,,,0.00,0.00,
10.2436,state,3,16.0513,-1.959,-0.0147,,,37.0
10.2437,state,4,32.2014,3.078,-0.0293,,,36.0
10.2530,cmd,3,16.0513,,,0.00,0.00,
10.2530,cmd,4,32.2234,,,0.00,0.00,
10.2536,state,3,16.0513,-0.839,-0.0440,,,37.0
10.2537,state,4,32.2014,0.280,-0.0879,,,36.0
10.2630,cmd,3,16.0513,,,0.00,0.00,
10.2630,cmd,4,32.2014,,,0.00,0.00,
10.2635,state,3,16.0513,-0.839,-0.0440,,,37.0
10.2639,state,4,32.2014,-7.555,-0.0879,,,36.0
10.2730,cmd,3,16.0513,,,0.00,0.00,
10.2730,cmd,4,32.2014,,,0.00,0.00,
10.2735,state,3,16.0513,1.399,-0.0733,,,37.0
10.2739,state,4,32.2014,-0.280,-0.0879,,,36.0
10.2830,cmd,3,16.0513,,,0.00,0.00,
10.2830,cmd,4,32.2014,,,0.00,0.00,
10.2836,state,3,16.0513,-4.197,0.0147,,,37.0
10.2838,state,4,32.2014,-3.078,-0.0293,,,36.0
10.2930,cmd,3,16.0513,,,0.00,0.00,
10.2930,cmd,4,32.2014,,,0.00,0.00,
10.2936,state,3,16.0513,0.839,0.0147,,,37.0
10.2940,state,4,32.2014,-2.518,-0.0879,,,36.0
10.3030,cmd,3,16.0513,,,0.00,0.00,
10.3030,cmd,4,32.2014,,,0.00,0.00,
10.3036,state,3,16.0513,-3.638,-0.0147,,,37.0
10.3039,state,4,32.2014,-0.280,-0.0879,,,36.0
10.3130,cmd,3,16.0513,,,0.00,0.00,
10.3130,cmd,4,32.2014,,,0.00,0.00,
10.3136,state,3,16.0513,-5.317,0.0147,,,37.0
10.3137,state,4,32.2014,-3.078,-0.0879,,,36.0
10.3230,cmd,3,16.0513,,,0.00,0.00,
10.3230,cmd,4,32.2014,,,0.00,0.00,
10.3236,state,3,16.0513,-3.638,-0.0147,,,37.0
10.3237,state,4,32.2014,1.959,-0.0879,,,36.0
10.3331,cmd,3,16.0513,,,0.00,0.00,
10.3331,cmd,4,32.2014,,,0.00,0.00,
10.3337,state,3,16.0513,-2.518,-0.0440,,,37.0
10.3338,state,4,32.2234,0.839,-0.0293,,,36.0
10.3430,cmd,3,16.0513,,,0.00,0.00,
10.3430,cmd,4,32.2014,,,0.00,0.00,
10.3436,state,3,16.0513,-1.399,-0.0440,,,37.0
10.3438,state,4,32.2014,0.280,-0.0879,,,36.0
10.3530,cmd,3,16.0513,,,0.00,0.00,
10.3530,cmd,4,32.2234,,,0.00,0.00,
10.3536,state,3,16.0513,3.638,-0.0440,,,37.0
10.3537,state,4,32.2234,0.839,-0.0879,,,36.0
10.3630,cmd,3,16.0513,,,0.00,0.00,
10.3630,cmd,4,32.2014,,,0.00,0.00,
10.3636,state,3,16.0513,0.839,-0.0440,,,37.0
10.3638,state,4,32.2014,-1.399,-0.0293,,,36.0
10.3730,cmd,3,16.0513,,,0.00,0.00,
10.3730,cmd,4,32.2234,,,0.00,0.00,
10.3736,state,3,16.0513,6.436,-0.0147,,,37.0
10.3737,state,4,32.2014,-0.839,-0.0293,,,36.0
10.3830,cmd,3,16.0513,,,0.00,0.00,
10.3830,cmd,4,32.2014,,,0.00,0.00,
10.3836,state,3,16.0513,-5.876,-0.0440,,,37.0
10.3838,state,4,32.2234,2.518,-0.0879,,,36.0
10.3930,cmd,3,16.0513,,,0.00,0.00,
10.3930,cmd,4,32.2014,,,0.00,0.00,
10.3936,state,3,16.0513,5.317,0.0147,,,37.0
10.3938,state,4,32.2014,1.399,-0.0293,,,36.0
10.4030,cmd,3,16.0513,,,0.00,0.00,
10.4031,cmd,4,32.2234,,,0.00,0.00,
10.4035,state,3,16.0293,-4.757,0.0147,,,37.0
10.4038,state,4,32.2014,-2.518,-0.0293,,,36.0
10.4130,cmd,3,16.0513,,,0.00,0.00,
10.4130,cmd,4,32.2014,,,0.00,0.00,
10.4136,state,3,16.0513,-5.317,-0.0147,,,37.0
10.4137,state,4,32.2234,0.839,-0.0879,,,36.0
10.4230,cmd,3,16.0293,,,0.00,0.00,
10.4230,cmd,4,32.2014,,,0.00,0.00,
10.4236,state,3,16.0513,-1.399,-0.0440,,,37.0
10.4237,state,4,32.2014,-1.959,-0.0293,,,36.0
10.4330,cmd,3,16.0513,,,0.00,0.00,
10.4330,cmd,4,32.2234,,,0.00,0.00,
10.4336,state,3,16.0513,0.839,-0.0147,,,37.0
10.4337,state,4,32.2014,-1.399,-0.0293,,,36.0
10.4430,cmd,3,16.0513,,,0.00,0.00,
10.4430,cmd,4,32.2014,,,0.00,0.00,
10.4436,state,3,16.0513,-1.399,-0.0440,,,37.0
10.4437,state,4,32.2014,-1.959,-0.0293,,,36.0
10.4530,cmd,3,16.0513,,,0.00,0.00,
10.4531,cmd,4,32.2014,,,0.00,0.00,
10.4536,state,3,16.0513,-0.839,-0.0440,,,37.0
10.4541,state,4,32.2014,-2.518,-0.0879,,,36.0
10.4631,cmd,3,16.0513,,,0.00,0.00,
10.4631,cmd,4,32.2014,,,0.00,0.00,
10.4636,state,3,16.0513,-2.518,-0.0147,,,37.0
10.4640,state,4,32.2014,0.839,-0.0879,,,36.0
10.4730,cmd,3,16.0513,,,0.00,0.00,
10.4730,cmd,4,32.2014,,,0.00,0.00,
10.4736,state,3,16.0513,3.638,-0.0733,,,37.0
10.4738,state,4,32.2014,1.959,-0.0879,,,36.0
10.4830,cmd,3,16.0513,,,0.00,0.00,
10.4830,cmd,4,32.2014,,,0.00,0.00,
10.4837,state,3,16.0513,-13.712,-0.0440,,,37.0
10.4838,state,4,32.2014,-3.638,-0.0293,,,36.0
10.4931,cmd,3,16.0513,,,0.00,0.00,
10.4931,cmd,4,32.2014,,,0.00,0.00,
10.4937,state,3,16.0513,-4.197,-0.0147,,,37.0
10.4938,state,4,32.2014,-0.839,-0.0879,,,36.0
10.5031,cmd,3,16.0513,,,0.00,0.00,
10.5031,cmd,4,32.2014,,,0.00,0.00,
10.5036,state,3,16.0513,-1.959,-0.0147,,,37.0
10.5040,state,4,32.2234,0.280,-0.0293,,,36.0
10.5130,cmd,3,16.0513,,,0.00,0.00,
10.5130,cmd,4,32.2014,,,0.00,0.00,
10.5136,state,3,16.0513,3.638,-0.0440,,,37.0
10.5139,state,4,32.2014,-4.757,-0.0293,,,36.0
10.5231,cmd,3,16.0513,,,0.00,0.00,
10.5231,cmd,4,32.2234,,,0.00,0.00,
10.5237,state,3,16.0513,2.518,-0.0440,,,37.0
10.5238,state,4,32.2014,-8.115,-0.0879,,,36.0
10.5331,cmd,3,16.0513,,,0.00,0.00,
10.5331,cmd,4,32.2014,,,0.00,0.00,
10.5337,state,3,16.0513,-2.518,-0.0147,,,37.0
10.5338,state,4,32.2014,-3.638,-0.0879,,,36.0
10.5430,cmd,3,16.0513,,,0.00,0.00,
10.5431,cmd,4,32.2014,,,0.00,0.00,
10.5437,state,3,16.0513,0.839,-0.0440,,,37.0
10.5437,state,4,32.2014,3.638,-0.0879,,,36.0
10.5531,cmd,3,16.0513,,,0.00,0.00,
10.5531,cmd,4,32.2014,,,0.00,0.00,
10.5536,state,3,16.0513,0.839,0.0147,,,37.0
10.5540,state,4,32.2014,-4.757,-0.0293,,,36.0
10.5631,cmd,3,16.0513,,,0.00,0.00,
10.5631,cmd,4,32.2014,,,0.00,0.00,
10.5637,state,3,16.0513,5.876,0.0147,,,37.0
10.5638,state,4,32.2234,-3.078,-0.0879,,,36.0
10.5731,cmd,3,16.0513,,,0.00,0.00,
10.5731,cmd,4,32.2014,,,0.00,0.00,
10.5737,state,3,16.0513,1.399,-0.0733,,,37.0
10.5738,state,4,32.2014,-0.839,-0.0293,,,36.0
10.5830,cmd,3,16.0513,,,0.00,0.00,
10.5831,cmd,4,32.2234,,,0.00,0.00,
10.5837,state,3,16.0513,-2.518,-0.0733,,,37.0
10.5838,state,4,32.2014,-0.839,-0.0879,,,36.0
10.5930,cmd,3,16.0513,,,0.00,0.00,
10.5931,cmd,4,32.2014,,,0.00,0.00,
10.5937,state,3,16.0513,3.078,-0.0440,,,37.0
10.5938,state,4,32.2014,-4.757,-0.0293,,,36.0
10.6031,cmd,3,16.0513,,,0.00,0.00,
10.6031,cmd,4,32.2014,,,0.00,0.00,
10.6038,state,3,16.0293,-8.115,-0.0147,,,37.0
10.6039,state,4,32.2014,-0.280,-0.0879,,,36.0
10.6131,cmd,3,16.0513,,,0.00,0.00,
10.6131,cmd,4,32.2014,,,0.00,0.00,
10.6137,state,3,16.0513,0.839,-0.0440,,,37.0
10.6138,state,4,32.2014,-2.518,-0.0879,,,36.0
10.6231,cmd,3,16.0293,,,0.00,0.00,
10.6231,cmd,4,32.2014,,,0.00,0.00,
10.6237,state,3,16.0513,1.399,-0.0440,,,37.0
10.6238,state,4,32.2014,-3.078,-0.0879,,,36.0
10.6331,cmd,3,16.0513,,,0.00,0.00,
10.6331,cmd,4,32.2014,,,0.00,0.00,
10.6337,state,3,16.0513,3.078,-0.0733,,,37.0
10.6338,state,4,32.2014,-3.638,-0.0879,,,36.0
10.6431,cmd,3,16.0513,,,0.00,0.00,
10.6431,cmd,4,32.2014,,,0.00,0.00,
10.6437,state,3,16.0513,-0.280,-0.0733,,,37.0
10.6438,state,4,32.2014,-5.317,-0.0293,,,36.0
10.6530,cmd,3,16.0513,,,0.00,0.00,
10.6530,cmd,4,32.2014,,,0.00,0.00,
10.6536,state,3,16.0513,1.959,-0.0147,,,37.0
10.6537,state,4,32.2014,-2.518,-0.0879,,,36.0
10.6631,cmd,3,16.0513,,,0.00,0.00,
10.6631,cmd,4,32.2014,,,0.00,0.00,
10.6637,state,3,16.0513,3.078,-0.0733,,,37.0
10.6638,state,4,32.2014,-2.518,-0.0879,,,36.0
10.6732,cmd,3,16.0513,,,0.00,0.00,
10.6732,cmd,4,32.2014,,,0.00,0.00,
10.6738,state,3,16.0513,-3.638,-0.0440,,,37.0
10.6739,state,4,32.2014,1.399,-0.0293,,,36.0
10.6831,cmd,3,16.0513,,,0.00,0.00,
10.6831,cmd,4,32.2014,,,0.00,0.00,
10.6837,state,3,16.0513,-3.078,-0.0440,,,37.0
10.6839,state,4,32.2014,0.839,-0.0293,,,36.0
10.6932,cmd,3,16.0513,,,0.00,0.00,
10.6932,cmd,4,32.2014,,,0.00,0.00,
10.6938,state,3,16.0513,-1.399,-0.0440,,,37.0
10.6939,state,4,32.2234,1.399,-0.0293,,,36.0
10.7031,cmd,3,16.0513,,,0.00,0.00,
10.7031,cmd,4,32.2014,,,0.00,0.00,
10.7037,state,3,16.0513,-1.399,-0.0147,,,37.0
10.7039,state,4,32.2014,-1.399,-0.0293,,,36.0
10.7131,cmd,3,16.0513,,,0.00,0.00,
10.7131,cmd,4,32.2234,,,0.00,0.00,
10.7137,state,3,16.0513,-5.876,-0.0147,,,37.0
10.7139,state,4,32.2014,1.399,-0.0879,,,36.0
10.7231,cmd,3,16.0513,,,0.00,0.00,
10.7231,cmd,4,32.2014,,,0.00,0.00,
10.7237,state,3,16.0513,6.436,-0.0147,,,37.0
10.7239,state,4,32.2014,-6.436,-0.0879,,,36.0
10.7331,cmd,3,16.0513,,,0.00,0.00,
10.7331,cmd,4,32.2014,,,0.00,0.00,
10.7337,state,3,16.0513,0.839,-0.0147,,,37.0
10.7339,state,4,32.2014,-0.839,-0.0879,,,36.0
10.7431,cmd,3,16.0513,,,0.00,0.00,
10.7431,cmd,4,32.2014,,,0.00,0.00,
10.7437,state,3,16.0513,0.280,-0.0733,,,37.0
10.7439,state,4,32.2234,0.280,-0.0293,,,36.0
10.7532,cmd,3,16.0513,,,0.00,0.00,
10.7532,cmd,4,32.2014,,,0.00,0.00,
10.7538,state,3,16.0513,-1.399,-0.0733,,,37.0
10.7539,state,4,32.2234,-0.280,-0.0879,,,36.0
10.7631,cmd,3,16.0513,,,0.00,0.00,
10.7632,cmd,4,32.2234,,,0.00,0.00,
10.7638,state,3,16.0513,-3.078,-0.0147,,,37.0
10.7639,state,4,32.2234,3.078,-0.0293,,,36.0
10.7731,cmd,3,16.0513,,,0.00,0.00,
10.7731,cmd,4,32.2234,,,0.00,0.00,
10.7738,state,3,16.0513,1.399,-0.0147,,,37.0
10.7739,state,4,32.2234,-0.839,-0.0293,,,36.0
10.7831,cmd,3,16.0513,,,0.00,0.00,
10.7832,cmd,4,32.2234,,,0.00,0.00,
10.7838,state,3,16.0513,-5.876,-0.0147,,,37.0
10.7839,state,4,32.2014,-0.280,-0.0293,,,36.0
10.7931,cmd,3,16.0513,,,0.00,0.00,
10.7931,cmd,4,32.2234,,,0.00,0.00,
10.7937,state,3,16.0513,1.959,-0.0440,,,37.0
10.7939,state,4,32.2014,1.959,-0.0293,,,36.0
10.8031,cmd,3,16.0513,,,0.00,0.00,
10.8031,cmd,4,32.2014,,,0.00,0.00,
10.8037,state,3,16.0513,-3.078,-0.0440,,,37.0
10.8040,state,4,32.2234,-1.399,-0.0293,,,36.0
10.8131,cmd,3,16.0513,,,0.00,0.00,
10.8132,cmd,4,32.2014,,,0.00,0.00,
10.8138,state,3,16.0513,-0.280,-0.1026,,,37.0
10.8138,state,4,32.2014,-1.959,-0.0879,,,36.0
10.8231,cmd,3,16.0513,,,0.00,0.00,
10.8231,cmd,4,32.2234,,,0.00,0.00,
10.8237,state,3,16.0513,0.839,-0.0733,,,37.0
10.8239,state,4,32.2014,-3.078,-0.0293,,,36.0
10.8331,cmd,3,16.0513,,,0.00,0.00,
10.8331,cmd,4,32.2014,,,0.00,0.00,
10.8337,state,3,16.0513,6.436,-0.0440,,,37.0
10.8339,state,4,32.2014,3.078,-0.0879,,,36.0
10.8432,cmd,3,16.0513,,,0.00,0.00,
10.8432,cmd,4,32.2014,,,0.00,0.00,
10.8439,state,3,16.0513,-6.996,-0.0147,,,37.0
10.8440,state,4,32.2014,0.839,-0.0293,,,36.0
10.8531,cmd,3,16.0513,,,0.00,0.00,
10.8531,cmd,4,32.2014,,,0.00,0.00,
10.8538,state,3,16.0513,1.959,-0.0733,,,37.0
10.8539,state,4,32.2234,6.436,-0.0879,,,36.0
10.8631,cmd,3,16.0513,,,0.00,0.00,
10.8631,cmd,4,32.2014,,,0.00,0.00,
10.8637,state,3,16.0513,-0.280,-0.0440,,,37.0
10.8639,state,4,32.2014,-2.518,-0.0879,,,36.0
10.8732,cmd,3,16.0513,,,0.00,0.00,
10.8732,cmd,4,32.2234,,,0.00,0.00,
10.8738,state,3,16.0513,-0.839,-0.0440,,,37.0
10.8739,state,4,32.2014,1.959,-0.0293,,,36.0
10.8832,cmd,3,16.0513,,,0.00,0.00,
10.8832,cmd,4,32.2014,,,0.00,0.00,
10.8838,state,3,16.0513,1.959,0.0147,,,37.0
10.8839,state,4,32.2014,0.280,-0.0293,,,36.0
10.8931,cmd,3,16.0513,,,0.00,0.00,
10.8931,cmd,4,32.2014,,,0.00,0.00,
10.8937,state,3,16.0513,0.280,0.0147,,,37.0
10.8939,state,4,32.2234,-4.197,-0.0293,,,36.0
10.9032,cmd,3,16.0513,,,0.00,0.00,
10.9032,cmd,4,32.2014,,,0.00,0.00,
10.9038,state,3,16.0513,1.959,-0.0440,,,37.0
10.9039,state,4,32.2014,0.839,-0.0293,,,36.0
10.9131,cmd,3,16.0513,,,0.00,0.00,
10.9132,cmd,4,32.2234,,,0.00,0.00,
10.9137,state,3,16.0513,-4.197,-0.0147,,,37.0
10.9142,state,4,32.2014,-0.839,-0.0879,,,36.0
10.9231,cmd,3,16.0513,,,0.00,0.00,
10.9231,cmd,4,32.2014,,,0.00,0.00,
10.9237,state,3,16.0513,-0.280,-0.0440,,,37.0
10.9242,state,4,32.2014,-0.280,-0.0879,,,36.0
10.9332,cmd,3,16.0513,,,0.00,0.00,
10.9332,cmd,4,32.2014,,,0.00,0.00,
10.9338,state,3,16.0513,8.675,-0.0147,,,37.0
10.9344,state,4,32.2014,-6.436,-0.0293,,,36.0
10.9432,cmd,3,16.0513,,,0.00,0.00,
10.9432,cmd,4,32.2014,,,0.00,0.00,
10.9438,state,3,16.0513,0.839,0.0440,,,37.0
10.9439,state,4,32.2014,0.280,-0.0879,,,36.0
10.9531,cmd,3,16.0513,,,0.00,0.00,
10.9531,cmd,4,32.2014,,,0.00,0.00,
10.9537,state,3,16.0513,-5.876,-0.0440,,,37.0
10.9539,state,4,32.2014,-1.959,-0.0293,,,36.0
10.9632,cmd,3,16.0513,,,0.00,0.00,
10.9632,cmd,4,32.2014,,,0.00,0.00,
10.9638,state,3,16.0513,0.280,-0.0733,,,37.0
10.9639,state,4,32.2014,0.280,-0.0879,,,36.0
10.9733,cmd,3,16.0513,,,0.00,0.00,
10.9733,cmd,4,32.2014,,,0.00,0.00,
10.9739,state,3,16.0513,-1.399,-0.0440,,,37.0
10.9740,state,4,32.2234,3.638,-0.0879,,,36.0
10.9833,cmd,3,16.0513,,,0.00,0.00,
10.9833,cmd,4,32.2014,,,0.00,0.00,
10.9839,state,3,16.0513,-1.399,-0.0440,,,37.0
10.9840,state,4,32.2014,4.757,-0.0293,,,36.0
10.9933,cmd,3,16.0513,,,0.00,0.00,
10.9933,cmd,4,32.2234,,,0.00,0.00,
10.9939,state,3,16.0513,0.839,-0.0440,,,37.0
10.9940,state,4,32.2014,-3.078,-0.0879,,,36.0
11.0033,cmd,3,16.0513,,,0.00,0.00,
11.0033,cmd,4,32.2014,,,0.00,0.00,
11.0039,state,3,16.0513,-5.317,-0.0147,,,37.0
11.0040,state,4,32.2234,2.518,-0.0293,,,36.0
11.0132,cmd,3,16.0513,,,0.00,0.00,
11.0132,cmd,4,32.2014,,,0.00,0.00,
11.0138,state,3,16.0513,-5.317,-0.0440,,,37.0
11.0139,state,4,32.2234,6.436,-0.0879,,,36.0
11.0232,cmd,3,16.0513,,,0.00,0.00,
11.0232,cmd,4,32.2234,,,0.00,0.00,
11.0238,state,3,16.0513,-1.959,-0.0440,,,37.0
11.0239,state,4,32.2014,0.280,-0.0293,,,36.0
11.0332,cmd,3,16.0513,,,0.00,0.00,
11.0332,cmd,4,32.2234,,,0.00,0.00,
11.0339,state,3,16.0513,-1.399,-0.0440,,,37.0
11.0339,state,4,32.2014,1.399,-0.0879,,,36.0
11.0432,cmd,3,16.0513,,,0.00,0.00,
11.0432,cmd,4,32.2014,,,0.00,0.00,
11.0438,state,3,16.0513,1.959,-0.0440,,,37.0
11.0439,state,4,32.2014,-4.757,-0.0293,,,36.0
11.0532,cmd,3,16.0513,,,0.00,0.00,
11.0532,cmd,4,32.2014,,,0.00,0.00,
11.0538,state,3,16.0513,6.436,-0.0147,,,37.0
11.0539,state,4,32.2014,0.280,-0.0879,,,36.0
11.0632,cmd,3,16.0513,,,0.00,0.00,
11.0632,cmd,4,32.2014,,,0.00,0.00,
11.0638,state,3,16.0513,-0.839,-0.0147,,,37.0
11.0639,state,4,32.2014,5.317,-0.0879,,,36.0
11.0732,cmd,3,16.0513,,,0.00,0.00,
11.0732,cmd,4,32.2014,,,0.00,0.00,
11.0738,state,3,16.0513,-0.839,-0.0147,,,37.0
11.0739,state,4,32.2234,1.399,-0.0879,,,36.0
11.0832,cmd,3,16.0513,,,0.00,0.00,
11.0832,cmd,4,32.2014,,,0.00,0.00,
11.0838,state,3,16.0513,5.876,-0.0147,,,37.0
11.0839,state,4,32.2014,-2.518,-0.0293,,,36.0
11.0932,cmd,3,16.0513,,,0.00,0.00,
11.0932,cmd,4,32.2234,,,0.00,0.00,
11.0938,state,3,16.0513,-4.757,0.0440,,,37.0
11.0939,state,4,32.2014,1.959,-0.0293,,,36.0
11.1032,cmd,3,16.0513,,,0.00,0.00,
11.1033,cmd,4,32.2014,,,0.00,0.00,
11.1038,state,3,16.0513,0.280,-0.0147,,,37.0
11.1039,state,4,32.2234,5.876,-0.0293,,,36.0
11.1132,cmd,3,16.0513,,,0.00,0.00,
11.1132,cmd,4,32.2014,,,0.00,0.00,
11.1138,state,3,16.0513,1.399,-0.0440,,,37.0
11.1139,state,4,32.2014,3.638,-0.0879,,,36.0
11.1233,cmd,3,16.0513,,,0.00,0.00,
11.1233,cmd,4,32.2234,,,0.00,0.00,
11.1238,state,3,16.0513,-6.436,0.0440,,,37.0
11.1239,state,4,32.2014,1.399,-0.0293,,,36.0
11.1332,cmd,3,16.0513,,,0.00,0.00,
11.1332,cmd,4,32.2014,,,0.00,0.00,
11.1339,state,3,16.0513,-6.436,-0.0440,,,37.0
11.1340,state,4,32.2014,1.959,-0.0879,,,36.0
11.1433,cmd,3,16.0513,,,0.00,0.00,
11.1433,cmd,4,32.2014,,,0.00,0.00,
11.1438,state,3,16.0513,-0.839,-0.0147,,,37.0
11.1440,state,4,32.2014,0.280,-0.0879,,,36.0
11.1533,cmd,3,16.0513,,,0.00,0.00,
11.1533,cmd,4,32.2014,,,0.00,0.00,
11.1538,state,3,16.0513,3.078,-0.0147,,,37.0
11.1539,state,4,32.2014,0.839,-0.0879,,,36.0
11.1632,cmd,3,16.0513,,,0.00,0.00,
11.1632,cmd,4,32.2014,,,0.00,0.00,
11.1638,state,3,16.0513,1.399,-0.0147,,,37.0
11.1639,state,4,32.2014,-3.638,-0.0293,,,36.0
11.1732,cmd,3,16.0513,,,0.00,0.00,
11.1732,cmd,4,32.2014,,,0.00,0.00,
11.1738,state,3,16.0513,-1.399,0.0147,,,37.0
11.1743,state,4,32.2014,0.280,-0.0293,,,36.0
11.1832,cmd,3,16.0513,,,0.00,0.00,
11.1832,cmd,4,32.2014,,,0.00,0.00,
11.1838,state,3,16.0513,-2.518,-0.0147,,,37.0
11.1839,state,4,32.2014,1.399,-0.0879,,,36.0
11.1932,cmd,3,16.0513,,,0.00,0.00,
11.1933,cmd,4,32.2014,,,0.00,0.00,
11.1938,state,3,16.0513,2.518,-0.0147,,,37.0
11.1939,state,4,32.2234,1.959,-0.0293,,,36.0
11.2033,cmd,3,16.0513,,,0.00,0.00,
11.2033,cmd,4,32.2014,,,0.00,0.00,
11.2038,state,3,16.0513,4.197,-0.0147,,,37.0
11.2039,state,4,32.2014,2.518,-0.0293,,,36.0
11.2133,cmd,3,16.0513,,,0.00,0.00,
11.2133,cmd,4,32.2234,,,0.00,0.00,
11.2138,state,3,16.0513,0.280,-0.0147,,,37.0
11.2140,state,4,32.2234,0.280,-0.0879,,,36.0
11.2232,cmd,3,16.0513,,,0.00,0.00,
11.2232,cmd,4,32.2014,,,0.00,0.00,
11.2239,state,3,16.0513,-3.638,-0.0733,,,37.0
11.2240,state,4,32.2014,2.518,-0.0293,,,36.0
11.2332,cmd,3,16.0513,,,0.00,0.00,
11.2333,cmd,4,32.2234,,,0.00,0.00,
11.2338,state,3,16.0513,2.518,-0.0440,,,37.0
11.2339,state,4,32.2014,2.518,-0.0879,,,36.0
11.2432,cmd,3,16.0513,,,0.00,0.00,
11.2432,cmd,4,32.2014,,,0.00,0.00,
11.2438,state,3,16.0513,1.399,-0.0147,,,37.0
11.2439,state,4,32.2014,-1.959,-0.0293,,,36.0
11.2532,cmd,3,16.0513,,,0.00,0.00,
11.2533,cmd,4,32.2014,,,0.00,0.00,
11.2538,state,3,16.0513,-3.078,-0.0147,,,37.0
11.2543,state,4,32.2014,0.280,-0.0293,,,36.0
11.2633,cmd,3,16.0513,,,0.00,0.00,
11.2633,cmd,4,32.2014,,,0.00,0.00,
11.2638,state,3,16.0513,-5.317,0.0147,,,37.0
11.2643,state,4,32.2014,-1.399,-0.0293,,,36.0
11.2733,cmd,3,16.0513,,,0.00,0.00,
11.2733,cmd,4,32.2014,,,0.00,0.00,
11.2738,state,3,16.0513,-0.839,-0.0147,,,37.0
11.2743,state,4,32.2014,-2.518,-0.0293,,,36.0
11.2832,cmd,3,16.0513,,,0.00,0.00,
11.2833,cmd,4,32.2014,,,0.00,0.00,
11.2837,state,3,16.0513,3.078,-0.0440,,,37.0
11.2842,state,4,32.2014,-0.280,-0.0879,,,36.0
11.2932,cmd,3,16.0513,,,0.00,0.00,
11.2933,cmd,4,32.2014,,,0.00,0.00,
11.2938,state,3,16.0513,-8.115,-0.0147,,,37.0
11.2942,state,4,32.2234,1.959,-0.0293,,,36.0
11.3033,cmd,3,16.0513,,,0.00,0.00,
11.3033,cmd,4,32.2014,,,0.00,0.00,
11.3038,state,3,16.0513,0.280,-0.0440,,,37.0
11.3044,state,4,32.2014,-0.280,-0.0879,,,36.0
11.3133,cmd,3,16.0513,,,0.00,0.00,
11.3133,cmd,4,32.2234,,,0.00,0.00,
11.3138,state,3,16.0513,-4.757,-0.0440,,,37.0
11.3142,state,4,32.2014,5.317,-0.0293,,,36.0
11.3233,cmd,3,16.0513,,,0.00,0.00,
11.3233,cmd,4,32.2014,,,0.00,0.00,
11.3238,state,3,16.0513,-10.354,-0.0440,,,37.0
11.3243,state,4,32.2014,3.078,-0.0879,,,36.0
11.3333,cmd,3,16.0513,,,0.00,0.00,
11.3333,cmd,4,32.2014,,,0.00,0.00,
11.3338,state,3,16.0513,5.876,-0.0440,,,37.0
11.3343,state,4,32.2014,0.280,-0.0293,,,36.0
11.3432,cmd,3,16.0513,,,0.00,0.00,
11.3433,cmd,4,32.2014,,,0.00,0.00,
11.3438,state,3,16.0513,-0.280,-0.0147,,,37.0
11.3442,state,4,32.2014,-4.197,-0.0293,,,36.0
11.3533,cmd,3,16.0513,,,0.00,0.00,
11.3533,cmd,4,32.2014,,,0.00,0.00,
11.3538,state,3,16.0513,6.436,-0.0440,,,37.0
11.3543,state,4,32.2014,-2.518,-0.0879,,,36.0
11.3634,cmd,3,16.0513,,,0.00,0.00,
11.3634,cmd,4,32.2014,,,0.00,0.00,
11.3639,state,3,16.0513,-0.280,-0.0147,,,37.0
11.3644,state,4,32.2014,3.078,-0.0293,,,36.0
11.3733,cmd,3,16.0513,,,0.00,0.00,
11.3734,cmd,4,32.2014,,,0.00,0.00,
11.3739,state,3,16.0513,4.757,-0.0440,,,37.0
11.3740,state,4,32.2234,3.078,-0.0293,,,36.0
11.3833,cmd,3,16.0513,,,0.00,0.00,
11.3833,cmd,4,32.2014,,,0.00,0.00,
11.3839,state,3,16.0513,-3.638,-0.0147,,,37.0
11.3840,state,4,32.2014,-1.399,-0.0879,,,36.0
11.3933,cmd,3,16.0513,,,0.00,0.00,
11.3933,cmd,4,32.2234,,,0.00,0.00,
11.3939,state,3,16.0513,-3.078,-0.0147,,,37.0
11.3940,state,4,32.2014,0.839,-0.0879,,,36.0
11.4033,cmd,3,16.0513,,,0.00,0.00,
11.4033,cmd,4,32.2014,,,0.00,0.00,
11.4038,state,3,16.0513,-2.518,-0.1026,,,37.0
11.4043,state,4,32.2014,-0.839,-0.0879,,,36.0
11.4133,cmd,3,16.0513,,,0.00,0.00,
11.4133,cmd,4,32.2014,,,0.00,0.00,
11.4138,state,3,16.0513,7.555,-0.0147,,,37.0
11.4142,state,4,32.2014,3.078,-0.0293,,,36.0
11.4233,cmd,3,16.0513,,,0.00,0.00,
11.4233,cmd,4,32.2014,,,0.00,0.00,
11.4239,state,3,16.0513,8.115,-0.0440,,,37.0
11.4240,state,4,32.2234,5.317,-0.0293,,,36.0
11.4333,cmd,3,16.0513,,,0.00,0.00,
11.4333,cmd,4,32.2014,,,0.00,0.00,
11.4339,state,3,16.0513,2.518,-0.0147,,,37.0
11.4340,state,4,32.2234,-0.839,-0.0879,,,36.0
11.4433,cmd,3,16.0513,,,0.00,0.00,
11.4433,cmd,4,32.2234,,,0.00,0.00,
11.4438,state,3,16.0513,0.839,-0.0440,,,37.0
11.4443,state,4,32.2014,-7.555,-0.0879,,,36.0
11.4536,cmd,3,16.0513,,,0.00,0.00,
11.4537,cmd,4,32.2234,,,0.00,0.00,
11.4541,state,3,16.0513,-0.280,-0.0147,,,37.0
11.4551,state,4,32.2014,-1.959,-0.0879,,,36.0
11.4633,cmd,3,16.0513,,,0.00,0.00,
11.4633,cmd,4,32.2014,,,0.00,0.00,
11.4639,state,3,16.0513,-5.876,-0.0147,,,37.0
11.4643,state,4,32.2014,1.959,-0.0879,,,36.0
11.4733,cmd,3,16.0513,,,0.00,0.00,
11.4733,cmd,4,32.2014,,,0.00,0.00,
11.4738,state,3,16.0513,-0.280,0.0147,,,37.0
11.4742,state,4,32.2014,-1.399,-0.0293,,,36.0
11.4833,cmd,3,16.0513,,,0.00,0.00,
11.4833,cmd,4,32.2014,,,0.00,0.00,
11.4838,state,3,16.0513,-0.280,-0.0440,,,37.0
11.4843,state,4,32.2014,2.518,-0.0879,,,36.0
11.4933,cmd,3,16.0513,,,0.00,0.00,
11.4933,cmd,4,32.2014,,,0.00,0.00,
11.4939,state,3,16.0513,1.959,-0.0733,,,37.0
11.4940,state,4,32.2014,-6.436,-0.0293,,,36.0
11.5033,cmd,3,16.0513,,,0.00,0.00,
11.5033,cmd,4,32.2014,,,0.00,0.00,
11.5039,state,3,16.0513,-3.638,-0.0440,,,37.0
11.5040,state,4,32.2234,1.399,-0.0879,,,36.0
11.5134,cmd,3,16.0513,,,0.00,0.00,
11.5134,cmd,4,32.2014,,,0.00,0.00,
11.5139,state,3,16.0513,-3.078,-0.0147,,,37.0
11.5140,state,4,32.2014,-3.638,-0.0879,,,36.0
11.5233,cmd,3,16.0513,,,0.00,0.00,
11.5233,cmd,4,32.2234,,,0.00,0.00,
11.5238,state,3,16.0513,-1.399,-0.0440,,,37.0
11.5243,state,4,32.2014,4.197,-0.0879,,,36.0
11.5333,cmd,3,16.0513,,,0.00,0.00,
11.5333,cmd,4,32.2014,,,0.00,0.00,
11.5339,state,3,16.0513,-3.638,-0.0733,,,37.0
11.5340,state,4,32.2014,-2.518,-0.0293,,,36.0
11.5433,cmd,3,16.0513,,,0.00,0.00,
11.5434,cmd,4,32.2014,,,0.00,0.00,
11.5439,state,3,16.0513,1.399,-0.0733,,,37.0
11.5443,state,4,32.2014,3.078,-0.0293,,,36.0
11.5533,cmd,3,16.0513,,,0.00,0.00,
11.5533,cmd,4,32.2014,,,0.00,0.00,
11.5538,state,3,16.0513,-1.399,-0.0440,,,37.0
11.5543,state,4,32.2014,-3.078,-0.0879,,,36.0
11.5633,cmd,3,16.0513,,,0.00,0.00,
11.5633,cmd,4,32.2014,,,0.00,0.00,
11.5639,state,3,16.0513,-3.078,-0.0440,,,37.0
11.5640,state,4,32.2014,-7.555,-0.0879,,,36.0
11.5733,cmd,3,16.0513,,,0.00,0.00,
11.5733,cmd,4,32.2014,,,0.00,0.00,
11.5738,state,3,16.0513,0.839,-0.0440,,,37.0
11.5742,state,4,32.2234,5.876,-0.0879,,,36.0
11.5833,cmd,3,16.0513,,,0.00,0.00,
11.5833,cmd,4,32.2014,,,0.00,0.00,
11.5838,state,3,16.0513,-2.518,-0.0440,,,37.0
11.5843,state,4,32.2014,-2.518,-0.0879,,,36.0
11.5933,cmd,3,16.0513,,,0.00,0.00,
11.5933,cmd,4,32.2234,,,0.00,0.00,
11.5938,state,3,16.0513,-0.280,0.0147,,,37.0
11.5942,state,4,32.2014,-0.839,-0.0293,,,36.0
11.6033,cmd,3,16.0513,,,0.00,0.00,
11.6033,cmd,4,32.2014,,,0.00,0.00,
11.6039,state,3,16.0513,3.078,-0.0440,,,37.0
11.6043,state,4,32.2014,-0.280,-0.0293,,,36.0
11.6134,cmd,3,16.0513,,,0.00,0.00,
11.6134,cmd,4,32.2014,,,0.00,0.00,
11.6139,state,3,16.0513,1.399,0.0147,,,37.0
11.6144,state,4,32.2234,-3.078,-0.0879,,,36.0
11.6233,cmd,3,16.0513,,,0.00,0.00,
11.6233,cmd,4,32.2014,,,0.00,0.00,
11.6238,state,3,16.0513,6.996,-0.0733,,,37.0
11.6243,state,4,32.2014,4.197,-0.0293,,,36.0
11.6333,cmd,3,16.0513,,,0.00,0.00,
11.6333,cmd,4,32.2234,,,0.00,0.00,
11.6339,state,3,16.0513,5.876,0.0147,,,37.0
11.6343,state,4,32.2014,-4.197,-0.0879,,,36.0
11.6433,cmd,3,16.0513,,,0.00,0.00,
11.6433,cmd,4,32.2014,,,0.00,0.00,
11.6439,state,3,16.0513,-2.518,-0.0147,,,37.0
11.6443,state,4,32.2014,-4.197,-0.0879,,,36.0
11.6533,cmd,3,16.0513,,,0.00,0.00,
11.6533,cmd,4,32.2014,,,0.00,0.00,
11.6538,state,3,16.0513,-7.555,-0.0440,,,37.0
11.6543,state,4,32.2014,1.399,-0.0879,,,36.0
11.6633,cmd,3,16.0513,,,0.00,0.00,
11.6633,cmd,4,32.2014,,,0.00,0.00,
11.6639,state,3,16.0513,6.436,-0.0440,,,37.0
11.6640,state,4,32.2234,3.078,-0.0879,,,36.0
11.6733,cmd,3,16.0513,,,0.00,0.00,
11.6733,cmd,4,32.2014,,,0.00,0.00,
11.6739,state,3,16.0513,-3.638,0.0147,,,37.0
11.6740,state,4,32.2014,-2.518,-0.0293,,,36.0
11.6833,cmd,3,16.0513,,,0.00,0.00,
11.6833,cmd,4,32.2234,,,0.00,0.00,
11.6839,state,3,16.0513,3.638,-0.0147,,,37.0
11.6840,state,4,32.2014,-5.317,-0.0879,,,36.0
11.6934,cmd,3,16.0513,,,0.00,0.00,
11.6935,cmd,4,32.2014,,,0.00,0.00,
11.6940,state,3,16.0513,0.839,-0.0733,,,37.0
11.6940,state,4,32.2014,-1.959,-0.0879,,,36.0
11.7033,cmd,3,16.0513,,,29.30,1.49,
11.7034,cmd,4,32.1794,,,29.30,1.49,
11.7038,state,3,16.0513,4.197,-0.0147,,,37.0
11.7044,state,4,32.2014,-2.518,-0.0293,,,36.0
11.7133,cmd,3,16.0513,,,29.30,1.49,
11.7133,cmd,4,32.1794,,,29.30,1.49,
11.7139,state,3,16.0513,-2.518,-0.0147,,,37.0
11.7144,state,4,32.2234,3.638,-0.0879,,,36.0
11.7233,cmd,3,16.0513,,,29.30,1.49,
11.7234,cmd,4,32.1794,,,29.30,1.49,
11.7240,state,3,16.0513,2.518,-0.0440,,,37.0
11.7241,state,4,32.2014,2.518,-0.0879,,,36.0
11.7333,cmd,3,16.0513,,,29.30,1.49,
11.7334,cmd,4,32.1794,,,29.30,1.49,
11.7338,state,3,16.0513,3.638,-0.0733,,,37.0
11.7344,state,4,32.2014,-1.959,-0.0879,,,36.0
11.7433,cmd,3,16.0513,,,29.30,1.49,
11.7433,cmd,4,32.1794,,,29.30,1.49,
11.7438,state,3,16.0513,6.996,-0.0147,,,37.0
11.7444,state,4,32.2014,-0.280,-0.0879,,,36.0
11.7533,cmd,3,16.0513,,,29.30,1.49,
11.7534,cmd,4,32.1794,,,29.30,1.49,
11.7538,state,3,16.0513,-3.638,-0.0147,,,37.0
11.7544,state,4,32.2014,0.839,-0.0879,,,36.0
11.7633,cmd,3,16.0513,,,29.30,1.49,
11.7634,cmd,4,32.1794,,,29.30,1.49,
11.7640,state,3,16.0513,-0.280,-0.0147,,,37.0
11.7641,state,4,32.2234,-0.280,-0.0879,,,36.0
11.7733,cmd,3,16.0513,,,29.30,1.49,
11.7734,cmd,4,32.1794,,,29.30,1.49,
11.7739,state,3,16.0513,-0.839,-0.0440,,,37.0
11.7740,state,4,32.2014,-4.757,-0.1465,,,36.0
11.7833,cmd,3,16.0513,,,29.30,1.49,
11.7833,cmd,4,32.1794,,,29.30,1.49,
11.7839,state,3,16.0513,-1.399,-0.0147,,,37.0
11.7840,state,4,32.2234,1.959,-0.0879,,,36.0
11.7934,cmd,3,16.0513,,,29.30,1.49,
11.7935,cmd,4,32.1794,,,29.30,1.49,
11.7940,state,3,16.0513,1.959,-0.0440,,,37.0
11.7941,state,4,32.2014,0.280,-0.0879,,,36.0
11.8034,cmd,3,16.0513,,,29.30,1.49,
11.8035,cmd,4,32.1794,,,29.30,1.49,
11.8040,state,3,16.0513,-0.839,-0.0440,,,37.0
11.8044,state,4,32.2234,5.876,-0.0879,,,36.0
11.8134,cmd,3,16.0513,,,29.30,1.49,
11.8134,cmd,4,32.1794,,,29.30,1.49,
11.8140,state,3,16.0513,-6.436,-0.0733,,,37.0
11.8142,state,4,32.2014,-5.317,-0.0879,,,36.0
11.8233,cmd,3,16.0513,,,29.30,1.49,
11.8233,cmd,4,32.1794,,,29.30,1.49,
11.8239,state,3,16.0513,4.757,-0.1026,,,37.0
11.8240,state,4,32.2234,3.078,-0.1465,,,36.0
11.8333,cmd,3,16.0513,,,29.30,1.49,
11.8334,cmd,4,32.1794,,,29.30,1.49,
11.8339,state,3,16.0513,-0.280,-0.0440,,,37.0
11.8340,state,4,32.2014,4.757,-0.0879,,,36.0
11.8434,cmd,3,16.0513,,,29.30,1.49,
11.8434,cmd,4,32.1794,,,29.30,1.49,
11.8439,state,3,16.0513,1.399,-0.0440,,,37.0
11.8440,state,4,32.2014,-0.839,-0.0879,,,36.0
11.8534,cmd,3,16.0513,,,29.30,1.49,
11.8534,cmd,4,32.1794,,,29.30,1.49,
11.8540,state,3,16.0513,3.638,0.0147,,,37.0
11.8541,state,4,32.2014,-0.839,-0.0879,,,36.0
11.8634,cmd,3,16.0513,,,29.30,1.49,
11.8634,cmd,4,32.1794,,,29.30,1.49,
11.8640,state,3,16.0513,2.518,-0.0440,,,37.0
11.8640,state,4,32.2014,-1.959,-0.0293,,,36.0
11.8733,cmd,3,16.0513,,,29.30,1.49,
11.8734,cmd,4,32.1794,,,29.30,1.49,
11.8739,state,3,16.0513,4.757,-0.0440,,,37.0
11.8740,state,4,32.2014,1.399,-0.0879,,,36.0
11.8834,cmd,3,16.0513,,,29.30,1.49,
11.8834,cmd,4,32.1794,,,29.30,1.49,
11.8839,state,3,16.0513,0.839,-0.0147,,,37.0
11.8840,state,4,32.2014,-3.078,-0.0879,,,36.0
11.8934,cmd,3,16.0513,,,29.30,1.49,
11.8934,cmd,4,32.1794,,,29.30,1.49,
11.8940,state,3,16.0513,-7.555,-0.0440,,,37.0
11.8941,state,4,32.2014,3.638,-0.0879,,,36.0
11.9034,cmd,3,16.0513,,,29.30,1.49,
11.9034,cmd,4,32.1794,,,29.30,1.49,
11.9040,state,3,16.0513,0.839,-0.0440,,,37.0
11.9041,state,4,32.2014,-5.876,-0.0879,,,36.0
11.9134,cmd,3,16.0513,,,29.30,1.49,
11.9134,cmd,4,32.1794,,,29.30,1.49,
11.9139,state,3,16.0513,3.638,-0.0147,,,37.0
11.9141,state,4,32.2234,-0.839,-0.0879,,,36.0
11.9234,cmd,3,16.0513,,,29.30,1.49,
11.9234,cmd,4,32.1794,,,29.30,1.49,
11.9240,state,3,16.0513,1.959,-0.0147,,,37.0
11.9241,state,4,32.2014,-1.959,-0.0879,,,36.0
11.9334,cmd,3,16.0513,,,29.30,1.49,
11.9335,cmd,4,32.1794,,,29.30,1.49,
11.9339,state,3,16.0513,-1.399,-0.0440,,,37.0
11.9345,state,4,32.2014,0.280,-0.0879,,,36.0
11.9434,cmd,3,16.0513,,,29.30,1.49,
11.9434,cmd,4,32.1794,,,29.30,1.49,
11.9439,state,3,16.0513,0.839,-0.0733,,,37.0
11.9443,state,4,32.2014,-2.518,-0.0879,,,36.0
11.9534,cmd,3,16.0513,,,29.30,1.49,
11.9534,cmd,4,32.1794,,,29.30,1.49,
11.9539,state,3,16.0513,5.317,-0.0147,,,37.0
11.9540,state,4,32.2014,2.518,-0.0879,,,36.0
11.9634,cmd,3,16.0513,,,29.30,1.49,
11.9634,cmd,4,32.1794,,,29.30,1.49,
11.9640,state,3,16.0513,-1.959,-0.0147,,,37.0
11.9641,state,4,32.2014,2.518,-0.0879,,,36.0
11.9733,cmd,3,16.0513,,,29.30,1.49,
11.9734,cmd,4,32.1794,,,29.30,1.49,
11.9740,state,3,16.0513,4.757,-0.0440,,,37.0
11.9741,state,4,32.2014,1.399,-0.0879,,,36.0
11.9834,cmd,3,16.0513,,,29.30,1.49,
11.9835,cmd,4,32.1794,,,29.30,1.49,
11.9840,state,3,16.0513,-2.518,-0.0147,,,37.0
11.9841,state,4,32.2014,-1.959,-0.1465,,,36.0
11.9934,cmd,3,16.0513,,,29.30,1.49,
11.9936,cmd,4,32.1794,,,29.30,1.49,
11.9939,state,3,16.0513,6.436,-0.0733,,,37.0
11.9942,state,4,32.2014,-0.280,-0.0879,,,36.0
12.0034,cmd,3,16.0513,,,29.30,1.49,
12.0034,cmd,4,32.1794,,,29.30,1.49,
12.0040,state,3,16.0513,-1.959,-0.0440,,,37.0
12.0041,state,4,32.2014,1.959,-0.0879,,,36.0
12.0134,cmd,3,16.0513,,,29.30,1.49,
12.0134,cmd,4,32.1794,,,29.30,1.49,
12.0140,state,3,16.0513,-2.518,-0.0733,,,37.0
12.0140,state,4,32.2014,-0.839,-0.0879,,,36.0
12.0234,cmd,3,16.0513,,,29.30,1.49,
12.0234,cmd,4,32.1794,,,29.30,1.49,
12.0240,state,3,16.0513,3.638,-0.0440,,,37.0
12.0241,state,4,32.2234,4.197,-0.1465,,,36.0
12.0334,cmd,3,16.0513,,,29.30,1.49,
12.0335,cmd,4,32.1794,,,29.30,1.49,
12.0341,state,3,16.0513,1.959,-0.0440,,,37.0
12.0342,state,4,32.2014,3.078,-0.0879,,,36.0
12.0434,cmd,3,16.0513,,,29.30,1.49,
12.0435,cmd,4,32.1794,,,29.30,1.49,
12.0440,state,3,16.0513,1.959,-0.0147,,,37.0
12.0442,state,4,32.2014,1.959,-0.0879,,,36.0
12.0534,cmd,3,16.0513,,,29.30,1.49,
12.0534,cmd,4,32.1794,,,29.30,1.49,
12.0539,state,3,16.0513,-4.757,0.0147,,,37.0
12.0541,state,4,32.2014,0.839,-0.0879,,,36.0
12.0634,cmd,3,16.0513,,,29.30,1.49,
12.0634,cmd,4,32.1794,,,29.30,1.49,
12.0640,state,3,16.0513,2.518,-0.0440,,,37.0
12.0641,state,4,32.2014,2.518,-0.1465,,,36.0
12.0734,cmd,3,16.0513,,,29.30,1.49,
12.0735,cmd,4,32.1794,,,29.30,1.49,
12.0739,state,3,16.0513,3.078,-0.0440,,,37.0
12.0742,state,4,32.2014,2.518,-0.0879,,,36.0
12.0834,cmd,3,16.0513,,,29.30,1.49,
12.0834,cmd,4,32.1794,,,29.30,1.49,
12.0840,state,3,16.0513,-1.959,-0.0147,,,37.0
12.0841,state,4,32.2234,4.757,-0.0879,,,36.0
12.0934,cmd,3,16.0513,,,29.30,1.49,
12.0934,cmd,4,32.1794,,,29.30,1.49,
12.0940,state,3,16.0513,4.757,-0.1026,,,37.0
12.0941,state,4,32.2014,0.280,-0.0879,,,36.0
12.1034,cmd,3,16.0513,,,29.30,1.49,
12.1034,cmd,4,32.1794,,,29.30,1.49,
12.1040,state,3,16.0513,6.996,-0.0440,,,37.0
12.1041,state,4,32.2014,-1.959,-0.0879,,,36.0
12.1134,cmd,3,16.0513,,,29.30,1.49,
12.1134,cmd,4,32.1794,,,29.30,1.49,
12.1140,state,3,16.0513,-3.078,-0.0440,,,37.0
12.1141,state,4,32.2014,-1.399,-0.0879,,,36.0
12.1234,cmd,3,16.0513,,,29.30,1.49,
12.1234,cmd,4,32.1794,,,29.30,1.49,
12.1240,state,3,16.0513,-3.078,-0.1319,,,37.0
12.1241,state,4,32.2014,0.280,-0.0293,,,36.0
12.1334,cmd,3,16.0513,,,29.30,1.49,
12.1334,cmd,4,32.1794,,,29.30,1.49,
12.1339,state,3,16.0513,-3.078,-0.0733,,,37.0
12.1340,state,4,32.2014,-0.839,-0.0879,,,36.0
12.1434,cmd,3,16.0513,,,29.30,1.49,
12.1434,cmd,4,32.1794,,,29.30,1.49,
12.1440,state,3,16.0513,2.518,-0.0440,,,37.0
12.1441,state,4,32.2014,1.959,-0.0293,,,36.0
12.1534,cmd,3,16.0513,,,29.30,1.49,
12.1535,cmd,4,32.1794,,,29.30,1.49,
12.1540,state,3,16.0513,-0.839,-0.0440,,,37.0
12.1541,state,4,32.2014,0.280,-0.0293,,,36.0
12.1634,cmd,3,16.0513,,,29.30,1.49,
12.1634,cmd,4,32.1794,,,29.30,1.49,
12.1640,state,3,16.0513,2.518,-0.0440,,,37.0
12.1640,state,4,32.2234,4.757,-0.0879,,,36.0
12.1734,cmd,3,16.0513,,,29.30,1.49,
12.1734,cmd,4,32.1794,,,29.30,1.49,
12.1740,state,3,16.0513,4.197,-0.0440,,,37.0
12.1741,state,4,32.2014,-2.518,-0.0879,,,36.0
12.1834,cmd,3,16.0513,,,29.30,1.49,
12.1834,cmd,4,32.1794,,,29.30,1.49,
12.1841,state,3,16.0513,1.399,0.0147,,,37.0
12.1841,state,4,32.2014,5.876,-0.0879,,,36.0
12.1934,cmd,3,19.0396,,,29.30,1.49,
12.1934,cmd,4,35.1897,,,29.30,1.49,
12.1940,state,3,16.0513,0.280,-0.0147,,,37.0
12.1941,state,4,32.2014,0.280,-0.0879,,,36.0
12.2034,cmd,3,19.0396,,,29.30,1.49,
12.2034,cmd,4,35.1897,,,29.30,1.49,
12.2040,state,3,16.0732,-5.317,0.2198,,,37.0
12.2041,state,4,32.2454,8.115,0.6154,,,36.0
12.2134,cmd,3,19.0396,,,29.30,1.49,
12.2134,cmd,4,35.1897,,,29.30,1.49,
12.2140,state,3,16.1392,1.399,0.4249,,,37.0
12.2141,state,4,32.3333,15.391,0.7912,,,36.0
12.2234,cmd,3,19.0616,,,29.30,1.49,
12.2234,cmd,4,35.2337,,,29.30,1.49,
12.2240,state,3,16.2930,18.749,0.7473,,,37.0
12.2241,state,4,32.4431,12.592,0.9670,,,36.0
12.2334,cmd,3,19.1275,,,29.30,1.49,
12.2334,cmd,4,35.3216,,,29.30,1.49,
12.2340,state,3,16.5127,19.308,0.9231,,,37.0
12.2341,state,4,32.5750,14.271,1.0256,,,36.0
12.2434,cmd,3,19.2813,,,29.30,1.49,
12.2435,cmd,4,35.4314,,,29.30,1.49,
12.2440,state,3,16.7544,32.740,0.7473,,,37.0
12.2441,state,4,32.7068,22.107,1.0842,,,36.0
12.2534,cmd,3,19.5010,,,29.30,1.49,
12.2534,cmd,4,35.5633,,,29.30,1.49,
12.2540,state,3,16.9741,24.905,0.6300,,,37.0
12.2542,state,4,32.8606,20.428,0.9670,,,36.0
12.2634,cmd,3,19.7427,,,29.30,1.49,
12.2634,cmd,4,35.6951,,,29.30,1.49,
12.2641,state,3,17.1939,22.107,0.2198,,,37.0
12.2641,state,4,32.9924,15.950,0.8498,,,36.0
12.2734,cmd,3,19.9625,,,29.30,1.49,
12.2734,cmd,4,35.8489,,,29.30,1.49,
12.2740,state,3,17.4136,27.144,-0.0733,,,37.0
12.2741,state,4,33.1243,16.510,0.8498,,,36.0
12.2834,cmd,3,20.1822,,,29.30,1.49,
12.2834,cmd,4,35.9808,,,29.30,1.49,
12.2840,state,3,17.6992,25.465,-0.1905,,,37.0
12.2841,state,4,33.2341,15.391,0.7912,,,36.0
12.2934,cmd,3,20.4019,,,29.30,1.49,
12.2934,cmd,4,36.1126,,,29.30,1.49,
12.2940,state,3,18.0728,42.255,0.1612,,,37.0
12.2941,state,4,33.3440,17.070,0.6740,,,36.0
12.3034,cmd,3,20.6876,,,29.30,1.49,
12.3034,cmd,4,36.2225,,,29.30,1.49,
12.3040,state,3,18.4683,40.016,0.5714,,,37.0
12.3041,state,4,33.4978,25.465,0.3810,,,36.0
12.3134,cmd,3,21.0611,,,29.30,1.49,
12.3134,cmd,4,36.3323,,,29.30,1.49,
12.3140,state,3,18.8199,30.502,0.6300,,,37.0
12.3141,state,4,33.6956,29.942,0.1465,,,36.0
12.3235,cmd,3,21.4566,,,29.30,1.49,
12.3235,cmd,4,36.4862,,,29.30,1.49,
12.3240,state,3,19.1055,30.502,0.2491,,,37.0
12.3241,state,4,33.9593,29.942,0.2637,,,36.0
12.3334,cmd,3,21.8082,,,29.30,1.49,
12.3334,cmd,4,36.6839,,,29.30,1.49,
12.3340,state,3,19.3692,29.942,-0.1026,,,37.0
12.3341,state,4,34.2889,48.971,0.6154,,,36.0
12.3434,cmd,3,22.0938,,,29.30,1.49,
12.3435,cmd,4,36.9476,,,29.30,1.49,
12.3440,state,3,19.6768,34.419,-0.3077,,,37.0
12.3441,state,4,34.5745,37.218,0.9084,,,36.0
12.3534,cmd,3,22.3575,,,29.30,1.49,
12.3534,cmd,4,37.2772,,,29.30,1.49,
12.3540,state,3,20.0284,34.979,0.0733,,,37.0
12.3541,state,4,34.8382,32.740,0.8498,,,36.0
12.3634,cmd,3,22.6651,,,29.30,1.49,
12.3634,cmd,4,37.5628,,,29.30,1.49,
12.3640,state,3,20.4239,38.897,0.6300,,,37.0
12.3641,state,4,35.0579,28.263,0.5568,,,36.0
12.3735,cmd,3,23.0167,,,29.30,1.49,
12.3735,cmd,4,37.8265,,,29.30,1.49,
12.3740,state,3,20.7755,29.382,0.7179,,,37.0
12.3741,state,4,35.2776,34.419,0.3223,,,36.0
12.3834,cmd,3,23.4122,,,29.30,1.49,
12.3835,cmd,4,38.0462,,,29.30,1.49,
12.3840,state,3,21.0611,26.584,0.3663,,,37.0
12.3841,state,4,35.4754,21.547,0.0879,,,36.0
12.3935,cmd,3,23.7638,,,29.30,1.49,
12.3935,cmd,4,38.2660,,,29.30,1.49,
12.3941,state,3,21.3248,27.144,-0.1026,,,37.0
12.3942,state,4,35.6951,32.740,0.1465,,,36.0
12.4035,cmd,3,24.0494,,,29.30,1.49,
12.4035,cmd,4,38.4637,,,29.30,1.49,
12.4040,state,3,21.6324,34.419,-0.2784,,,37.0
12.4041,state,4,35.9808,42.814,0.3223,,,36.0
12.4134,cmd,3,24.3131,,,29.30,1.49,
12.4134,cmd,4,38.6835,,,29.30,1.49,
12.4140,state,3,21.9840,40.576,0.0147,,,37.0
12.4141,state,4,36.2884,43.374,0.6740,,,36.0
12.4235,cmd,3,24.6207,,,29.30,1.49,
12.4235,cmd,4,38.9691,,,29.30,1.49,
12.4240,state,3,22.3355,41.695,0.6007,,,37.0
12.4241,state,4,36.5960,37.777,0.9670,,,36.0
12.4334,cmd,3,24.9723,,,29.30,1.49,
12.4334,cmd,4,39.2767,,,29.30,1.49,
12.4340,state,3,22.7091,34.979,0.7179,,,37.0
12.4341,state,4,36.8377,27.703,0.8498,,,36.0
12.4435,cmd,3,25.3239,,,29.30,1.49,
12.4436,cmd,4,39.5843,,,29.30,1.49,
12.4441,state,3,23.0167,28.263,0.4249,,,37.0
12.4442,state,4,37.0135,26.024,0.6154,,,36.0
12.4535,cmd,3,25.6974,,,29.30,1.49,
12.4535,cmd,4,39.8260,,,29.30,1.49,
12.4540,state,3,23.2804,28.263,0.0440,,,37.0
12.4541,state,4,37.2113,24.345,0.2637,,,36.0
12.4634,cmd,3,26.0050,,,29.30,1.49,
12.4634,cmd,4,40.0018,,,29.30,1.49,
12.4640,state,3,23.5660,28.823,-0.2784,,,37.0
12.4641,state,4,37.4310,31.621,0.0293,,,36.0
12.4735,cmd,3,26.2687,,,29.30,1.49,
12.4735,cmd,4,40.1996,,,29.30,1.49,
12.4739,state,3,23.8956,37.218,-0.1026,,,37.0
12.4742,state,4,37.6947,35.539,0.2051,,,36.0
12.4835,cmd,3,26.5544,,,29.30,1.49,
12.4835,cmd,4,40.4193,,,29.30,1.49,
12.4841,state,3,24.2692,37.777,0.5714,,,37.0
12.4842,state,4,37.9803,36.098,0.5568,,,36.0
12.4934,cmd,3,26.8840,,,29.30,1.49,
12.4934,cmd,4,40.6830,,,29.30,1.49,
12.4940,state,3,24.6427,38.897,0.7179,,,37.0
12.4941,state,4,38.2879,34.979,0.7326,,,36.0
12.5035,cmd,3,27.2575,,,29.30,1.49,
12.5035,cmd,4,40.9686,,,29.30,1.49,
12.5041,state,3,24.9503,26.024,0.5714,,,37.0
12.5042,state,4,38.5736,37.218,0.8498,,,36.0
12.5135,cmd,3,27.6310,,,29.30,1.49,
12.5136,cmd,4,41.2763,,,29.30,1.49,
12.5141,state,3,25.2140,16.510,0.0147,,,37.0
12.5142,state,4,38.7933,24.905,0.6740,,,36.0
12.5235,cmd,3,27.9387,,,29.30,1.49,
12.5235,cmd,4,41.5619,,,29.30,1.49,
12.5241,state,3,25.4557,23.226,-0.1612,,,37.0
12.5242,state,4,38.9911,18.189,0.6154,,,36.0
12.5335,cmd,3,28.2023,,,29.30,1.49,
12.5335,cmd,4,41.7816,,,29.30,1.49,
12.5341,state,3,25.8073,33.300,-0.1905,,,37.0
12.5342,state,4,39.1449,20.987,0.3810,,,36.0
12.5435,cmd,3,28.4440,,,29.30,1.49,
12.5435,cmd,4,41.9794,,,29.30,1.49,
12.5441,state,3,26.1588,35.539,0.3370,,,37.0
12.5443,state,4,39.3646,29.382,-0.0293,,,36.0
12.5535,cmd,3,28.7956,,,29.30,1.49,
12.5535,cmd,4,42.1332,,,29.30,1.49,
12.5541,state,3,26.5104,32.740,0.6886,,,37.0
12.5542,state,4,39.6283,36.658,0.1465,,,36.0
12.5635,cmd,3,29.1472,,,29.30,1.49,
12.5635,cmd,4,42.3529,,,29.30,1.49,
12.5641,state,3,26.8620,28.263,0.5128,,,37.0
12.5642,state,4,39.9359,43.374,0.5568,,,36.0
12.5735,cmd,3,29.4987,,,29.30,1.49,
12.5736,cmd,4,42.6166,,,29.30,1.49,
12.5741,state,3,27.1476,23.786,0.1612,,,37.0
12.5745,state,4,40.2435,40.016,0.9084,,,36.0
12.5836,cmd,3,29.8503,,,29.30,1.49,
12.5837,cmd,4,42.9242,,,29.30,1.49,
12.5841,state,3,27.4113,26.024,-0.1319,,,37.0
12.5842,state,4,40.4852,31.621,0.8498,,,36.0
12.5935,cmd,3,30.1360,,,29.30,1.49,
12.5936,cmd,4,43.2319,,,29.30,1.49,
12.5941,state,3,27.7189,36.098,-0.2491,,,37.0
12.5943,state,4,40.7269,28.823,0.5568,,,36.0
12.6035,cmd,3,30.3996,,,29.30,1.49,
12.6035,cmd,4,43.4736,,,29.30,1.49,
12.6040,state,3,28.0705,34.979,0.1905,,,37.0
12.6041,state,4,40.9247,26.024,0.4396,,,36.0
12.6135,cmd,3,30.7073,,,29.30,1.49,
12.6135,cmd,4,43.7153,,,29.30,1.49,
12.6140,state,3,28.4440,40.016,0.5714,,,37.0
12.6145,state,4,41.1225,25.465,0.2051,,,36.0
12.6235,cmd,3,31.0588,,,29.30,1.49,
12.6235,cmd,4,43.9130,,,29.30,1.49,
12.6240,state,3,28.7956,26.024,0.6300,,,37.0
12.6242,state,4,41.3202,31.061,0.0879,,,36.0
12.6335,cmd,3,31.4324,,,29.30,1.49,
12.6336,cmd,4,44.1108,,,29.30,1.49,
12.6341,state,3,29.1032,29.382,0.2784,,,37.0
12.6342,state,4,41.5619,40.016,0.2051,,,36.0
12.6435,cmd,3,31.7839,,,29.30,1.49,
12.6435,cmd,4,44.3085,,,29.30,1.49,
12.6441,state,3,29.3669,29.382,-0.0733,,,37.0
12.6442,state,4,41.8915,43.934,0.5568,,,36.0
12.6534,cmd,3,32.0916,,,29.30,1.49,
12.6535,cmd,4,44.5502,,,29.30,1.49,
12.6541,state,3,29.6526,31.061,-0.2198,,,37.0
12.6542,state,4,42.1991,34.979,0.8498,,,36.0
12.6636,cmd,3,32.3552,,,29.30,1.49,
12.6636,cmd,4,44.8798,,,29.30,1.49,
12.6641,state,3,29.9821,36.658,0.0147,,,37.0
12.6643,state,4,42.4628,28.263,0.8498,,,36.0
12.6736,cmd,3,32.6409,,,29.30,1.49,
12.6736,cmd,4,45.1875,,,29.30,1.49,
12.6742,state,3,30.3777,43.374,0.6593,,,37.0
12.6743,state,4,42.6606,29.382,0.6154,,,36.0
12.6835,cmd,3,32.9705,,,29.30,1.49,
12.6835,cmd,4,45.4511,,,29.30,1.49,
12.6841,state,3,30.7292,36.658,0.6886,,,37.0
12.6842,state,4,42.8583,28.823,0.3810,,,36.0
12.6936,cmd,3,33.3660,,,29.30,1.49,
12.6936,cmd,4,45.6489,,,29.30,1.49,
12.6942,state,3,31.0369,29.382,0.4249,,,37.0
12.6943,state,4,43.0780,32.181,0.0293,,,36.0
12.7035,cmd,3,33.7176,,,29.30,1.49,
12.7035,cmd,4,45.8466,,,29.30,1.49,
12.7041,state,3,31.3005,20.987,-0.0440,,,37.0
12.7041,state,4,43.3198,31.621,0.1465,,,36.0
12.7135,cmd,3,34.0252,,,29.30,1.49,
12.7136,cmd,4,46.0664,,,29.30,1.49,
12.7142,state,3,31.5862,30.502,-0.2784,,,37.0
12.7143,state,4,43.5834,34.419,0.4396,,,36.0
12.7240,cmd,3,34.2889,,,29.30,1.49,
12.7240,cmd,4,46.3081,,,29.30,1.49,
12.7244,state,3,31.9377,34.419,-0.0733,,,37.0
12.7246,state,4,43.8911,39.456,0.7326,,,36.0
12.7337,cmd,3,34.5745,,,29.30,1.49,
12.7338,cmd,4,46.5718,,,29.30,1.49,
12.7344,state,3,32.2893,32.181,0.5421,,,37.0
12.7344,state,4,44.1987,39.456,0.9670,,,36.0
12.7438,cmd,3,34.9261,,,29.30,1.49,
12.7438,cmd,4,46.8794,,,29.30,1.49,
12.7442,state,3,32.6848,37.218,0.7473,,,37.0
12.7444,state,4,44.4404,27.703,0.7912,,,36.0
12.7536,cmd,3,35.2776,,,29.30,1.49,
12.7537,cmd,4,47.1870,,,29.30,1.49,
12.7542,state,3,32.9924,30.502,0.4835,,,37.0
12.7543,state,4,44.6162,20.428,0.7912,,,36.0
12.7636,cmd,3,35.6732,,,29.30,1.49,
12.7636,cmd,4,47.4287,,,29.30,1.49,
12.7641,state,3,33.2561,22.107,0.0147,,,37.0
12.7643,state,4,44.7480,22.107,0.6154,,,36.0
12.7735,cmd,3,35.9808,,,29.30,1.49,
12.7736,cmd,4,47.6045,,,29.30,1.49,
12.7741,state,3,33.5198,32.181,-0.2784,,,37.0
12.7742,state,4,44.9458,26.024,0.0879,,,36.0
12.7837,cmd,3,36.2444,,,29.30,1.49,
12.7837,cmd,4,47.7363,,,29.30,1.49,
12.7842,state,3,33.8714,32.740,-0.1612,,,37.0
12.7844,state,4,45.1875,35.539,0.0293,,,36.0
12.7935,cmd,3,36.5081,,,29.30,1.49,
12.7936,cmd,4,47.9341,,,29.30,1.49,
12.7941,state,3,34.2229,38.337,0.5421,,,37.0
12.7942,state,4,45.4511,36.658,0.3223,,,36.0
12.8035,cmd,3,36.8597,,,29.30,1.49,
12.8035,cmd,4,48.1758,,,29.30,1.49,
12.8041,state,3,34.5965,37.777,0.7179,,,37.0
12.8042,state,4,45.7588,37.777,0.7326,,,36.0
12.8136,cmd,3,37.2113,,,29.30,1.49,
12.8136,cmd,4,48.4395,,,29.30,1.49,
12.8142,state,3,34.9480,30.502,0.5714,,,37.0
12.8143,state,4,46.0224,36.658,0.9084,,,36.0
12.8238,cmd,3,37.5848,,,29.30,1.49,
12.8238,cmd,4,48.7471,,,29.30,1.49,
12.8242,state,3,35.2117,23.786,0.0440,,,37.0
12.8244,state,4,46.2861,32.181,0.7912,,,36.0
12.8337,cmd,3,37.9364,,,29.30,1.49,
12.8337,cmd,4,49.0108,,,29.30,1.49,
12.8344,state,3,35.4314,20.428,-0.1612,,,37.0
12.8344,state,4,46.4839,28.823,0.7326,,,36.0
12.8437,cmd,3,38.2000,,,29.30,1.49,
12.8437,cmd,4,49.2744,,,29.30,1.49,
12.8442,state,3,35.7830,36.098,-0.2784,,,37.0
12.8443,state,4,46.6377,17.629,0.6740,,,36.0
12.8536,cmd,3,38.4198,,,29.30,1.49,
12.8536,cmd,4,49.4722,,,29.30,1.49,
12.8542,state,3,36.1346,40.576,0.3663,,,37.0
12.8543,state,4,46.7915,27.703,0.3810,,,36.0
12.8636,cmd,3,38.7713,,,29.30,1.49,
12.8637,cmd,4,49.6260,,,29.30,1.49,
12.8642,state,3,36.5081,33.860,0.6886,,,37.0
12.8643,state,4,46.9673,27.703,0.2637,,,36.0
12.8738,cmd,3,39.1229,,,29.30,1.49,
12.8738,cmd,4,49.7798,,,29.30,1.49,
12.8744,state,3,36.8597,27.703,0.5421,,,37.0
12.8744,state,4,47.1870,37.218,0.2051,,,36.0
12.8836,cmd,3,39.4965,,,29.30,1.49,
12.8836,cmd,4,49.9556,,,29.30,1.49,
12.8842,state,3,37.1453,31.621,0.1319,,,37.0
12.8843,state,4,47.4726,46.732,0.4396,,,36.0
12.8936,cmd,3,39.8480,,,29.30,1.49,
12.8936,cmd,4,50.1753,,,29.30,1.49,
12.8942,state,3,37.4090,37.218,-0.1905,,,37.0
12.8943,state,4,47.7803,41.135,0.7326,,,36.0
12.9038,cmd,3,40.1337,,,29.30,1.49,
12.9038,cmd,4,50.4610,,,29.30,1.49,
12.9042,state,3,37.7166,34.979,-0.2198,,,37.0
12.9044,state,4,48.0439,32.181,1.0842,,,36.0
12.9136,cmd,3,40.3973,,,29.30,1.49,
12.9136,cmd,4,50.7686,,,29.30,1.49,
12.9142,state,3,38.0682,28.263,0.2491,,,37.0
12.9143,state,4,48.2637,28.823,0.7326,,,36.0
12.9236,cmd,3,40.4852,,,29.30,1.49,
12.9236,cmd,4,51.0323,,,29.30,1.49,
12.9242,state,3,38.4417,32.181,0.6593,,,37.0
12.9243,state,4,48.4395,23.226,0.6154,,,36.0
12.9337,cmd,3,40.4852,,,29.30,1.49,
12.9337,cmd,4,51.2520,,,29.30,1.49,
12.9341,state,3,38.7933,28.823,0.6886,,,37.0
12.9344,state,4,48.6372,26.584,0.3810,,,36.0
12.9436,cmd,3,40.4852,,,29.30,1.49,
12.9436,cmd,4,51.4278,,,29.30,1.49,
12.9442,state,3,39.0790,26.584,0.1905,,,37.0
12.9443,state,4,48.8130,24.905,0.2637,,,36.0
12.9537,cmd,3,40.4852,,,29.30,1.49,
12.9537,cmd,4,51.6255,,,29.30,1.49,
12.9542,state,3,39.2767,15.950,-0.0440,,,37.0
12.9544,state,4,49.0108,24.905,0.2051,,,36.0
12.9637,cmd,3,40.4852,,,29.30,1.49,
12.9638,cmd,4,51.8013,,,29.30,1.49,
12.9644,state,3,39.4965,20.428,-0.3663,,,37.0
12.9644,state,4,49.2305,31.061,0.4396,,,36.0
12.9738,cmd,3,40.4852,,,29.30,1.49,
12.9738,cmd,4,51.9991,,,29.30,1.49,
12.9743,state,3,39.7162,24.905,-0.3370,,,37.0
12.9745,state,4,49.5381,42.255,0.6740,,,36.0
12.9838,cmd,3,40.4852,,,29.30,1.49,
12.9838,cmd,4,52.2188,,,29.30,1.49,
12.9844,state,3,39.9359,23.226,-0.0733,,,37.0
12.9846,state,4,49.8238,33.860,0.9670,,,36.0
12.9939,cmd,3,40.4852,,,29.30,1.49,
12.9939,cmd,4,52.5264,,,29.30,1.49,
12.9944,state,3,40.1556,17.070,0.1905,,,37.0
12.9950,state,4,50.0655,26.584,1.0256,,,36.0
13.0038,cmd,3,40.4852,,,29.30,1.49,
13.0038,cmd,4,52.8121,,,29.30,1.49,
13.0043,state,3,40.3314,14.831,0.4249,,,37.0
13.0049,state,4,50.2193,20.428,0.8498,,,36.0
13.0137,cmd,3,40.4852,,,29.30,1.49,
13.0138,cmd,4,53.0538,,,29.30,1.49,
13.0143,state,3,40.4413,8.675,0.5128,,,37.0
13.0149,state,4,50.3291,13.712,0.8498,,,36.0
13.0236,cmd,3,40.4852,,,29.30,1.49,
13.0237,cmd,4,53.2076,,,29.30,1.49,
13.0242,state,3,40.4633,-0.280,0.5714,,,37.0
13.0247,state,4,50.4829,18.749,0.5568,,,36.0
13.0336,cmd,3,40.4852,,,29.30,1.49,
13.0336,cmd,4,53.3175,,,29.30,1.49,
13.0341,state,3,40.4413,0.280,0.4542,,,37.0
13.0346,state,4,50.6587,23.786,0.3223,,,36.0
13.0436,cmd,3,40.4852,,,29.30,1.49,
13.0436,cmd,4,53.4713,,,29.30,1.49,
13.0442,state,3,40.4193,-4.757,0.3077,,,37.0
13.0443,state,4,50.8565,34.979,0.0879,,,36.0
13.0537,cmd,3,40.4852,,,29.30,1.49,
13.0538,cmd,4,53.6471,,,29.30,1.49,
13.0543,state,3,40.3973,-2.518,0.2198,,,37.0
13.0544,state,4,51.1202,30.502,0.3810,,,36.0
13.0636,cmd,3,40.4852,,,29.30,1.49,
13.0636,cmd,4,53.8448,,,29.30,1.49,
13.0641,state,3,40.3534,-6.436,0.1612,,,37.0
13.0646,state,4,51.4058,36.658,0.6154,,,36.0
13.0736,cmd,3,40.4852,,,29.30,1.49,
13.0736,cmd,4,54.1085,,,29.30,1.49,
13.0741,state,3,40.3314,-4.757,0.1319,,,37.0
13.0742,state,4,51.6695,38.337,0.7912,,,36.0
13.0836,cmd,3,40.4852,,,29.30,1.49,
13.0836,cmd,4,54.3941,,,29.30,1.49,
13.0841,state,3,40.3095,0.839,0.1319,,,37.0
13.0845,state,4,51.9551,35.539,0.9084,,,36.0
13.0936,cmd,3,40.4852,,,29.30,1.49,
13.0937,cmd,4,54.6578,,,29.30,1.49,
13.0942,state,3,40.2875,-4.757,0.0440,,,37.0
13.0943,state,4,52.1309,21.547,0.7912,,,36.0
13.1036,cmd,3,40.4852,,,29.30,1.49,
13.1036,cmd,4,54.9435,,,29.30,1.49,
13.1042,state,3,40.2655,1.959,0.0733,,,37.0
13.1043,state,4,52.3067,15.950,0.7912,,,36.0
13.1136,cmd,3,40.4852,,,29.30,1.49,
13.1136,cmd,4,55.1192,,,29.30,1.49,
13.1142,state,3,40.2435,-4.197,0.0733,,,37.0
13.1143,state,4,52.4385,22.107,0.6740,,,36.0
13.1235,cmd,3,40.4852,,,29.30,1.49,
13.1235,cmd,4,55.2950,,,29.30,1.49,
13.1241,state,3,40.2435,-4.197,0.0440,,,37.0
13.1243,state,4,52.5924,20.987,0.3223,,,36.0
13.1336,cmd,3,40.4852,,,29.30,1.49,
13.1336,cmd,4,55.4269,,,29.30,1.49,
13.1342,state,3,40.2435,-2.518,0.0440,,,37.0
13.1343,state,4,52.7901,32.181,0.1465,,,36.0
13.1436,cmd,3,40.4852,,,29.30,1.49,
13.1436,cmd,4,55.5807,,,29.30,1.49,
13.1442,state,3,40.2655,3.638,0.0733,,,37.0
13.1443,state,4,53.0538,39.456,0.3810,,,36.0
13.1536,cmd,3,40.4852,,,29.30,1.49,
13.1536,cmd,4,55.7784,,,29.30,1.49,
13.1542,state,3,40.2655,-0.839,0.0733,,,37.0
13.1543,state,4,53.3614,34.419,0.6740,,,36.0
13.1635,cmd,3,40.4852,,,29.30,1.49,
13.1635,cmd,4,56.0421,,,29.30,1.49,
13.1641,state,3,40.2655,0.280,0.0733,,,37.0
13.1643,state,4,53.6031,28.263,1.0256,,,36.0
13.1736,cmd,3,40.4852,,,29.30,1.49,
13.1737,cmd,4,56.3497,,,29.30,1.49,
13.1742,state,3,40.2655,-4.757,0.0733,,,37.0
13.1743,state,4,53.8448,26.024,0.9084,,,36.0
13.1835,cmd,3,40.4852,,,29.30,1.49,
13.1836,cmd,4,56.5914,,,29.30,1.49,
13.1842,state,3,40.2435,3.638,0.0440,,,37.0
13.1843,state,4,54.0426,26.584,0.6740,,,36.0
13.1936,cmd,3,40.4852,,,29.30,1.49,
13.1936,cmd,4,56.8331,,,29.30,1.49,
13.1942,state,3,40.2655,0.280,0.0440,,,37.0
13.1943,state,4,54.2403,26.024,0.5568,,,36.0
13.2036,cmd,3,40.4852,,,29.30,1.49,
13.2036,cmd,4,57.0309,,,29.30,1.49,
13.2042,state,3,40.2655,-0.280,0.0733,,,37.0
13.2043,state,4,54.4161,22.666,0.3810,,,36.0
13.2136,cmd,3,40.4852,,,29.30,1.49,
13.2136,cmd,4,57.1847,,,29.30,1.49,
13.2142,state,3,40.2655,-1.959,0.0440,,,37.0
13.2143,state,4,54.5919,24.905,0.2637,,,36.0
13.2236,cmd,3,40.4852,,,29.30,1.49,
13.2236,cmd,4,57.1847,,,29.30,1.49,
13.2241,state,3,40.2655,8.115,0.0733,,,37.0
13.2243,state,4,54.8116,36.098,0.2051,,,36.0
13.2336,cmd,3,40.4852,,,29.30,1.49,
13.2336,cmd,4,57.1847,,,29.30,1.49,
13.2342,state,3,40.2655,4.197,0.0733,,,37.0
13.2343,state,4,55.0973,37.777,0.4396,,,36.0
13.2436,cmd,3,40.4852,,,29.30,1.49,
13.2436,cmd,4,57.1847,,,29.30,1.49,
13.2442,state,3,40.2435,-5.876,0.0733,,,37.0
13.2443,state,4,55.4049,38.337,0.7326,,,36.0
13.2536,cmd,3,40.4852,,,29.30,1.49,
13.2536,cmd,4,57.1847,,,29.30,1.49,
13.2542,state,3,40.2655,0.280,0.0733,,,37.0
13.2543,state,4,55.6466,27.144,0.9084,,,36.0
13.2636,cmd,3,40.4852,,,29.30,1.49,
13.2636,cmd,4,57.1847,,,29.30,1.49,
13.2642,state,3,40.2435,-3.638,0.0440,,,37.0
13.2643,state,4,55.8004,14.831,0.7912,,,36.0
13.2736,cmd,3,40.4852,,,29.30,1.49,
13.2736,cmd,4,57.1847,,,29.30,1.49,
13.2742,state,3,40.2655,3.638,0.1319,,,37.0
13.2743,state,4,55.8663,5.876,0.8498,,,36.0
13.2837,cmd,3,40.4852,,,29.30,1.49,
13.2837,cmd,4,57.1847,,,29.30,1.49,
13.2841,state,3,40.2655,0.839,0.1026,,,37.0
13.2847,state,4,55.9103,6.996,0.7912,,,36.0
13.2936,cmd,3,40.4852,,,29.30,1.49,
13.2937,cmd,4,57.1847,,,29.30,1.49,
13.2942,state,3,40.2655,0.839,0.0440,,,37.0
13.2946,state,4,55.9322,6.436,0.6740,,,36.0
13.3037,cmd,3,40.4852,,,29.30,1.49,
13.3037,cmd,4,57.1847,,,29.30,1.49,
13.3043,state,3,40.2655,3.638,0.0733,,,37.0
13.3043,state,4,55.9322,-1.959,0.6740,,,36.0
13.3136,cmd,3,40.4852,,,29.30,1.49,
13.3137,cmd,4,57.1847,,,29.30,1.49,
13.3142,state,3,40.2435,-1.959,0.1026,,,37.0
13.3143,state,4,55.9322,-1.399,0.6154,,,36.0
13.3237,cmd,3,40.4852,,,29.30,1.49,
13.3237,cmd,4,57.1847,,,29.30,1.49,
13.3243,state,3,40.2655,-1.959,0.0733,,,37.0
13.3243,state,4,55.9322,3.638,0.6154,,,36.0
13.3337,cmd,3,40.4852,,,29.30,1.49,
13.3338,cmd,4,57.1847,,,29.30,1.49,
13.3343,state,3,40.2655,-0.280,0.0440,,,37.0
13.3344,state,4,55.9322,0.280,0.6154,,,36.0
13.3436,cmd,3,40.4852,,,29.30,1.49,
13.3436,cmd,4,57.1847,,,29.30,1.49,
13.3440,state,3,40.2655,-3.638,0.0733,,,37.0
13.3445,state,4,55.9322,-4.757,0.6154,,,36.0
13.3536,cmd,3,40.4852,,,29.30,1.49,
13.3536,cmd,4,57.1847,,,29.30,1.49,
13.3542,state,3,40.2655,-3.638,0.0733,,,37.0
13.3546,state,4,55.9322,5.876,0.6154,,,36.0
13.3636,cmd,3,40.4852,,,29.30,1.49,
13.3636,cmd,4,57.1847,,,29.30,1.49,
13.3642,state,3,40.2435,-3.638,0.0733,,,37.0
13.3643,state,4,55.9103,-1.399,0.6154,,,36.0
13.3737,cmd,3,40.4852,,,29.30,1.49,
13.3737,cmd,4,57.1847,,,29.30,1.49,
13.3743,state,3,40.2435,-11.473,0.1026,,,37.0
13.3743,state,4,55.9322,1.959,0.5568,,,36.0
13.3837,cmd,3,40.4852,,,29.30,1.49,
13.3837,cmd,4,57.1847,,,29.30,1.49,
13.3844,state,3,40.2435,-4.197,0.0733,,,37.0
13.3844,state,4,55.9322,0.839,0.6154,,,36.0
13.3936,cmd,3,40.4852,,,29.30,1.49,
13.3936,cmd,4,57.1847,,,29.30,1.49,
13.3941,state,3,40.2435,-3.638,0.0733,,,37.0
13.3946,state,4,55.9103,-5.317,0.5568,,,36.0
13.4037,cmd,3,40.4852,,,29.30,1.49,
13.4037,cmd,4,57.1847,,,29.30,1.49,
13.4044,state,3,40.2655,-1.399,0.0440,,,37.0
13.4044,state,4,55.9322,7.555,0.5568,,,36.0
13.4136,cmd,3,40.4852,,,29.30,1.49,
13.4136,cmd,4,57.1847,,,29.30,1.49,
13.4142,state,3,40.2655,0.839,0.0733,,,37.0
13.4143,state,4,55.9322,-1.399,0.5568,,,36.0
13.4236,cmd,3,40.4852,,,29.30,1.49,
13.4237,cmd,4,57.1847,,,29.30,1.49,
13.4243,state,3,40.2655,3.078,0.0733,,,37.0
13.4243,state,4,55.9322,2.518,0.5568,,,36.0
13.4336,cmd,3,40.4852,,,29.30,1.49,
13.4336,cmd,4,57.1847,,,29.30,1.49,
13.4342,state,3,40.2655,-0.280,0.0733,,,37.0
13.4343,state,4,55.9322,3.638,0.6154,,,36.0
13.4436,cmd,3,40.4852,,,29.30,1.49,
13.4437,cmd,4,57.1847,,,29.30,1.49,
13.4442,state,3,40.2655,-4.757,0.0733,,,37.0
13.4443,state,4,55.9322,-0.839,0.6154,,,36.0
13.4536,cmd,3,40.4852,,,29.30,1.49,
13.4536,cmd,4,57.1847,,,29.30,1.49,
13.4542,state,3,40.2655,-0.280,0.1026,,,37.0
13.4543,state,4,55.9322,0.280,0.5568,,,36.0
13.4637,cmd,3,40.4852,,,29.30,1.49,
13.4637,cmd,4,57.1847,,,29.30,1.49,
13.4643,state,3,40.2655,1.399,0.0440,,,37.0
13.4643,state,4,55.9322,1.399,0.5568,,,36.0
13.4736,cmd,3,40.4852,,,29.30,1.49,
13.4736,cmd,4,57.1847,,,29.30,1.49,
13.4742,state,3,40.2655,1.959,0.0733,,,37.0
13.4743,state,4,55.9322,0.280,0.5568,,,36.0
13.4837,cmd,3,40.4852,,,29.30,1.49,
13.4837,cmd,4,57.1847,,,29.30,1.49,
13.4842,state,3,40.2655,0.839,0.0733,,,37.0
13.4846,state,4,55.9322,0.280,0.6154,,,36.0
13.4937,cmd,3,40.4852,,,29.30,1.49,
13.4937,cmd,4,57.1847,,,29.30,1.49,
13.4942,state,3,40.2655,-1.399,0.0733,,,37.0
13.4947,state,4,55.9322,-0.839,0.5568,,,36.0
13.5037,cmd,3,40.4852,,,29.30,1.49,
13.5037,cmd,4,57.1847,,,29.30,1.49,
13.5042,state,3,40.2655,1.399,0.0733,,,37.0
13.5049,state,4,55.9322,4.197,0.5568,,,36.0
13.5137,cmd,3,40.4852,,,29.30,1.49,
13.5137,cmd,4,57.1847,,,29.30,1.49,
13.5142,state,3,40.2655,7.555,0.0440,,,37.0
13.5147,state,4,55.9322,-1.399,0.6154,,,36.0
13.5236,cmd,3,40.4852,,,29.30,1.49,
13.5237,cmd,4,57.1847,,,29.30,1.49,
13.5241,state,3,40.2655,-1.399,0.0440,,,37.0
13.5247,state,4,55.9322,-1.959,0.5568,,,36.0
13.5337,cmd,3,40.4852,,,29.30,1.49,
13.5338,cmd,4,57.1847,,,29.30,1.49,
13.5343,state,3,40.2655,0.280,0.0147,,,37.0
13.5344,state,4,55.9103,-2.518,0.6154,,,36.0
13.5437,cmd,3,40.4852,,,29.30,1.49,
13.5437,cmd,4,57.1847,,,29.30,1.49,
13.5443,state,3,40.2655,0.280,0.0440,,,37.0
13.5444,state,4,55.9322,-4.197,0.5568,,,36.0
13.5536,cmd,3,40.4852,,,29.30,1.49,
13.5536,cmd,4,57.1847,,,29.30,1.49,
13.5544,state,3,40.2655,-0.280,0.0733,,,37.0
13.5544,state,4,55.9322,0.280,0.6154,,,36.0
13.5636,cmd,3,40.4852,,,29.30,1.49,
13.5636,cmd,4,57.1847,,,29.30,1.49,
13.5642,state,3,40.2655,1.959,0.1026,,,37.0
13.5643,state,4,55.9322,0.839,0.5568,,,36.0
13.5737,cmd,3,40.4852,,,29.30,1.49,
13.5738,cmd,4,57.1847,,,29.30,1.49,
13.5743,state,3,40.2655,-2.518,0.0733,,,37.0
13.5743,state,4,55.9322,3.638,0.5568,,,36.0
13.5836,cmd,3,40.4852,,,29.30,1.49,
13.5836,cmd,4,57.1847,,,29.30,1.49,
13.5842,state,3,40.2655,1.399,0.1026,,,37.0
13.5843,state,4,55.9103,-4.757,0.5568,,,36.0
13.5936,cmd,3,40.4852,,,29.30,1.49,
13.5936,cmd,4,57.1847,,,29.30,1.49,
13.5942,state,3,40.2655,0.280,0.0733,,,37.0
13.5943,state,4,55.9322,-4.197,0.5568,,,36.0
13.6037,cmd,3,40.4852,,,29.30,1.49,
13.6037,cmd,4,57.1847,,,29.30,1.49,
13.6042,state,3,40.2435,-2.518,0.1026,,,37.0
13.6044,state,4,55.9322,1.959,0.5568,,,36.0
13.6137,cmd,3,40.4852,,,29.30,1.49,
13.6137,cmd,4,57.1847,,,29.30,1.49,
13.6142,state,3,40.2655,1.959,0.0733,,,37.0
13.6143,state,4,55.9103,0.839,0.5568,,,36.0
13.6236,cmd,3,40.4852,,,29.30,1.49,
13.6236,cmd,4,57.1847,,,29.30,1.49,
13.6242,state,3,40.2655,-2.518,0.1026,,,37.0
13.6243,state,4,55.9322,-0.839,0.5568,,,36.0
13.6337,cmd,3,40.4852,,,29.30,1.49,
13.6338,cmd,4,57.1847,,,29.30,1.49,
13.6342,state,3,40.2655,2.518,0.1319,,,37.0
13.6348,state,4,55.9103,-3.638,0.5568,,,36.0
13.6436,cmd,3,40.4852,,,29.30,1.49,
13.6436,cmd,4,57.1847,,,29.30,1.49,
13.6442,state,3,40.2435,0.280,0.0733,,,37.0
13.6443,state,4,55.9322,-2.518,0.6154,,,36.0
13.6536,cmd,3,40.4852,,,29.30,1.49,
13.6537,cmd,4,57.1847,,,29.30,1.49,
13.6542,state,3,40.2655,-1.959,0.0440,,,37.0
13.6543,state,4,55.9322,1.399,0.5568,,,36.0
13.6637,cmd,3,40.4852,,,29.30,1.49,
13.6637,cmd,4,57.1847,,,29.30,1.49,
13.6643,state,3,40.2655,0.280,0.1026,,,37.0
13.6644,state,4,55.9322,5.317,0.5568,,,36.0
13.6737,cmd,3,40.4852,,,29.30,1.49,
13.6737,cmd,4,57.1847,,,29.30,1.49,
13.6742,state,3,40.2655,5.876,0.0733,,,37.0
13.6743,state,4,55.9322,4.197,0.6154,,,36.0
13.6836,cmd,3,40.4852,,,29.30,1.49,
13.6836,cmd,4,57.1847,,,29.30,1.49,
13.6842,state,3,40.2655,-0.280,0.1026,,,37.0
13.6843,state,4,55.9322,-0.839,0.6154,,,36.0
13.6937,cmd,3,40.4852,,,29.30,1.49,
13.6937,cmd,4,57.1847,,,29.30,1.49,
13.6942,state,3,40.2655,-0.839,0.1026,,,37.0
13.6944,state,4,55.9322,-0.839,0.5568,,,36.0
13.7036,cmd,3,40.4852,,,29.30,1.49,
13.7037,cmd,4,57.1847,,,29.30,1.49,
13.7042,state,3,40.2655,-0.839,0.0733,,,37.0
13.7043,state,4,55.9322,-4.757,0.4982,,,36.0
13.7137,cmd,3,40.4852,,,29.30,1.49,
13.7137,cmd,4,57.1847,,,29.30,1.49,
13.7142,state,3,40.2435,-9.234,0.0440,,,37.0
13.7144,state,4,55.9322,0.839,0.5568,,,36.0
13.7237,cmd,3,40.4852,,,29.30,1.49,
13.7238,cmd,4,57.1847,,,29.30,1.49,
13.7243,state,3,40.2655,1.399,0.0733,,,37.0
13.7244,state,4,55.9322,-2.518,0.5568,,,36.0
13.7337,cmd,3,40.4852,,,29.30,1.49,
13.7337,cmd,4,57.1847,,,29.30,1.49,
13.7342,state,3,40.2435,-1.959,0.1026,,,37.0
13.7344,state,4,55.9322,-1.959,0.6154,,,36.0
13.7437,cmd,3,40.4852,,,29.30,1.49,
13.7437,cmd,4,57.1847,,,29.30,1.49,
13.7443,state,3,40.2655,6.436,0.1026,,,37.0
13.7444,state,4,55.9322,4.197,0.6154,,,36.0
13.7537,cmd,3,40.4852,,,29.30,1.49,
13.7537,cmd,4,57.1847,,,29.30,1.49,
13.7543,state,3,40.2655,-3.078,0.1026,,,37.0
13.7544,state,4,55.9322,-4.197,0.5568,,,36.0
13.7636,cmd,3,40.4852,,,29.30,1.49,
13.7637,cmd,4,57.1847,,,29.30,1.49,
13.7642,state,3,40.2435,1.399,0.0733,,,37.0
13.7643,state,4,55.9103,-0.280,0.5568,,,36.0
13.7737,cmd,3,40.4852,,,29.30,1.49,
13.7737,cmd,4,57.1847,,,29.30,1.49,
13.7742,state,3,40.2435,-0.839,0.0440,,,37.0
13.7743,state,4,55.9322,0.839,0.5568,,,36.0
13.7837,cmd,3,40.4852,,,29.30,1.49,
13.7837,cmd,4,57.1847,,,29.30,1.49,
13.7842,state,3,40.2435,-7.555,0.1026,,,37.0
13.7844,state,4,55.9322,5.317,0.5568,,,36.0
13.7937,cmd,3,40.4852,,,29.30,1.49,
13.7937,cmd,4,57.1847,,,29.30,1.49,
13.7943,state,3,40.2655,-0.280,0.0440,,,37.0
13.7944,state,4,55.9322,-0.839,0.5568,,,36.0
13.8037,cmd,3,40.4852,,,29.30,1.49,
13.8037,cmd,4,57.1847,,,29.30,1.49,
13.8044,state,3,40.2655,-1.399,0.0733,,,37.0
13.8044,state,4,55.9322,-4.197,0.5568,,,36.0
13.8137,cmd,3,40.4852,,,29.30,1.49,
13.8137,cmd,4,57.1847,,,29.30,1.49,
13.8144,state,3,40.2435,-8.675,0.0733,,,37.0
13.8144,state,4,55.9322,0.280,0.6154,,,36.0
13.8237,cmd,3,40.4852,,,29.30,1.49,
13.8237,cmd,4,57.1847,,,29.30,1.49,
13.8244,state,3,40.2655,0.839,0.0733,,,37.0
13.8244,state,4,55.9322,0.280,0.5568,,,36.0
13.8337,cmd,3,40.4852,,,29.30,1.49,
13.8337,cmd,4,57.1847,,,29.30,1.49,
13.8343,state,3,40.2655,5.317,0.0733,,,37.0
13.8344,state,4,55.9322,4.757,0.5568,,,36.0
13.8437,cmd,3,40.4852,,,29.30,1.49,
13.8437,cmd,4,57.1847,,,29.30,1.49,
13.8444,state,3,40.2655,1.399,0.0733,,,37.0
13.8444,state,4,55.9322,1.399,0.5568,,,36.0
13.8537,cmd,3,40.4852,,,29.30,1.49,
13.8537,cmd,4,57.1847,,,29.30,1.49,
13.8544,state,3,40.2435,-5.876,0.0440,,,37.0
13.8544,state,4,55.9322,-0.839,0.5568,,,36.0
13.8637,cmd,3,40.4852,,,29.30,1.49,
13.8637,cmd,4,57.1847,,,29.30,1.49,
13.8644,state,3,40.2655,6.996,0.0440,,,37.0
13.8644,state,4,55.9322,-0.280,0.5568,,,36.0
13.8737,cmd,3,40.4852,,,29.30,1.49,
13.8737,cmd,4,57.1847,,,29.30,1.49,
13.8744,state,3,40.2655,5.317,0.1026,,,37.0
13.8744,state,4,55.9322,-2.518,0.5568,,,36.0
13.8837,cmd,3,40.4852,,,29.30,1.49,
13.8837,cmd,4,57.1847,,,29.30,1.49,
13.8844,state,3,40.2655,-1.399,0.0733,,,37.0
13.8844,state,4,55.9322,-0.839,0.6154,,,36.0
13.8937,cmd,3,40.4852,,,29.30,1.49,
13.8937,cmd,4,57.1847,,,29.30,1.49,
13.8944,state,3,40.2435,-0.839,0.0733,,,37.0
13.8944,state,4,55.9103,-6.436,0.5568,,,36.0
13.9037,cmd,3,40.4852,,,29.30,1.49,
13.9038,cmd,4,57.1847,,,29.30,1.49,
13.9044,state,3,40.2655,-3.638,0.0440,,,37.0
13.9044,state,4,55.9322,-1.399,0.6154,,,36.0
13.9137,cmd,3,40.4852,,,29.30,1.49,
13.9138,cmd,4,57.1847,,,29.30,1.49,
13.9144,state,3,40.2435,-3.078,0.0733,,,37.0
13.9144,state,4,55.9322,-1.399,0.5568,,,36.0
13.9237,cmd,3,40.4852,,,29.30,1.49,
13.9237,cmd,4,57.1847,,,29.30,1.49,
13.9244,state,3,40.2655,-1.399,0.0733,,,37.0
13.9244,state,4,55.9322,1.399,0.5568,,,36.0
13.9337,cmd,3,40.4852,,,29.30,1.49,
13.9338,cmd,4,57.1847,,,29.30,1.49,
13.9344,state,3,40.2655,2.518,0.1026,,,37.0
13.9344,state,4,55.9322,-0.280,0.5568,,,36.0
13.9437,cmd,3,40.4852,,,29.30,1.49,
13.9437,cmd,4,57.1847,,,29.30,1.49,
13.9444,state,3,40.2435,-5.876,0.1026,,,37.0
13.9444,state,4,55.9322,2.518,0.5568,,,36.0
13.9537,cmd,3,40.4852,,,29.30,1.49,
13.9537,cmd,4,57.1847,,,29.30,1.49,
13.9543,state,3,40.2435,-4.197,0.0440,,,37.0
13.9544,state,4,55.9322,3.638,0.6154,,,36.0
13.9637,cmd,3,40.4852,,,29.30,1.49,
13.9637,cmd,4,57.1847,,,29.30,1.49,
13.9644,state,3,40.2435,-0.839,0.1026,,,37.0
13.9644,state,4,55.9322,1.399,0.6154,,,36.0
13.9737,cmd,3,40.4852,,,29.30,1.49,
13.9737,cmd,4,57.1847,,,29.30,1.49,
13.9744,state,3,40.2655,1.959,0.0733,,,37.0
13.9744,state,4,55.9322,2.518,0.5568,,,36.0
13.9837,cmd,3,40.4852,,,29.30,1.49,
13.9837,cmd,4,57.1847,,,29.30,1.49,
13.9844,state,3,40.2435,3.078,0.0440,,,37.0
13.9844,state,4,55.9322,2.518,0.6154,,,36.0
13.9938,cmd,3,40.4852,,,29.30,1.49,
13.9938,cmd,4,57.1847,,,29.30,1.49,
13.9944,state,3,40.2655,1.959,0.1026,,,37.0
13.9945,state,4,55.9322,-1.959,0.6154,,,36.0
14.0038,cmd,3,40.4852,,,29.30,1.49,
14.0038,cmd,4,57.1847,,,29.30,1.49,
14.0044,state,3,40.2655,0.839,0.0440,,,37.0
14.0048,state,4,55.9103,-7.555,0.5568,,,36.0
14.0137,cmd,3,40.4852,,,29.30,1.49,
14.0137,cmd,4,57.1847,,,29.30,1.49,
14.0144,state,3,40.2655,4.197,0.0733,,,37.0
14.0144,state,4,55.9322,-0.839,0.5568,,,36.0
14.0237,cmd,3,40.4852,,,29.30,1.49,
14.0237,cmd,4,57.1847,,,29.30,1.49,
14.0244,state,3,40.2655,2.518,0.1026,,,37.0
14.0244,state,4,55.9322,-3.078,0.5568,,,36.0
14.0339,cmd,3,40.4852,,,29.30,1.49,
14.0339,cmd,4,57.1847,,,29.30,1.49,
14.0344,state,3,40.2435,-5.876,0.0440,,,37.0
14.0349,state,4,55.9322,-5.876,0.6154,,,36.0
14.0437,cmd,3,40.4852,,,29.30,1.49,
14.0438,cmd,4,57.1847,,,29.30,1.49,
14.0444,state,3,40.2655,-3.078,0.0440,,,37.0
14.0446,state,4,55.9322,0.280,0.5568,,,36.0
14.0538,cmd,3,40.4852,,,29.30,1.49,
14.0538,cmd,4,57.1847,,,29.30,1.49,
14.0544,state,3,40.2435,-0.839,0.0733,,,37.0
14.0544,state,4,55.9322,-0.280,0.6154,,,36.0
14.0638,cmd,3,40.4852,,,29.30,1.49,
14.0638,cmd,4,57.1847,,,29.30,1.49,
14.0644,state,3,40.2655,1.399,0.0733,,,37.0
14.0644,state,4,55.9322,1.959,0.5568,,,36.0
14.0737,cmd,3,40.4852,,,29.30,1.49,
14.0737,cmd,4,57.1847,,,29.30,1.49,
14.0744,state,3,40.2655,2.518,0.0440,,,37.0
14.0744,state,4,55.9103,-2.518,0.6154,,,36.0
14.0838,cmd,3,40.4852,,,29.30,1.49,
14.0838,cmd,4,57.1847,,,29.30,1.49,
14.0843,state,3,40.2655,8.115,0.0733,,,37.0
14.0847,state,4,55.9322,-1.959,0.5568,,,36.0
14.0937,cmd,3,40.4852,,,29.30,1.49,
14.0937,cmd,4,57.1847,,,29.30,1.49,
14.0944,state,3,40.2655,3.078,0.0733,,,37.0
14.0944,state,4,55.9322,5.317,0.5568,,,36.0
14.1038,cmd,3,40.4852,,,29.30,1.49,
14.1038,cmd,4,57.1847,,,29.30,1.49,
14.1044,state,3,40.2435,0.280,0.1026,,,37.0
14.1044,state,4,55.9322,1.959,0.5568,,,36.0
14.1138,cmd,3,40.4852,,,29.30,1.49,
14.1138,cmd,4,57.1847,,,29.30,1.49,
14.1144,state,3,40.2435,0.280,0.1319,,,37.0
14.1145,state,4,55.9322,0.280,0.5568,,,36.0
14.1237,cmd,3,40.4852,,,29.30,1.49,
14.1237,cmd,4,57.1847,,,29.30,1.49,
14.1244,state,3,40.2655,1.399,0.1026,,,37.0
14.1244,state,4,55.9322,-1.399,0.6154,,,36.0
14.1338,cmd,3,40.4852,,,29.30,1.49,
14.1338,cmd,4,57.1847,,,29.30,1.49,
14.1343,state,3,40.2655,2.518,0.1026,,,37.0
14.1347,state,4,55.9322,-3.078,0.5568,,,36.0
14.1438,cmd,3,40.4852,,,29.30,1.49,
14.1439,cmd,4,57.1847,,,29.30,1.49,
14.1445,state,3,40.2655,5.876,0.0733,,,37.0
14.1446,state,4,55.9322,-0.839,0.6154,,,36.0
14.1537,cmd,3,40.4852,,,29.30,1.49,
14.1538,cmd,4,57.1847,,,29.30,1.49,
14.1544,state,3,40.2655,3.078,0.0733,,,37.0
14.1544,state,4,55.9322,0.280,0.6154,,,36.0
14.1637,cmd,3,40.4852,,,29.30,1.49,
14.1637,cmd,4,57.1847,,,29.30,1.49,
14.1644,state,3,40.2655,2.518,0.0733,,,37.0
14.1644,state,4,55.9103,-0.280,0.6154,,,36.0
14.1738,cmd,3,40.4852,,,29.30,1.49,
14.1738,cmd,4,57.1847,,,29.30,1.49,
14.1744,state,3,40.2655,3.078,0.0733,,,37.0
14.1746,state,4,55.9322,-4.757,0.5568,,,36.0
14.1837,cmd,3,40.4852,,,29.30,1.49,
14.1838,cmd,4,57.1847,,,29.30,1.49,
14.1844,state,3,40.2655,5.317,0.1026,,,37.0
14.1844,state,4,55.9103,-3.638,0.5568,,,36.0
14.1937,cmd,3,40.4852,,,29.30,1.49,
14.1938,cmd,4,57.1847,,,29.30,1.49,
14.1944,state,3,40.2435,-4.757,0.1026,,,37.0
14.1945,state,4,55.9322,0.280,0.5568,,,36.0
14.2038,cmd,3,40.4852,,,29.30,1.49,
14.2038,cmd,4,57.1847,,,29.30,1.49,
14.2044,state,3,40.2435,-2.518,0.0733,,,37.0
14.2044,state,4,55.9322,-1.399,0.5568,,,36.0
14.2137,cmd,3,40.4852,,,29.30,1.49,
14.2138,cmd,4,57.1847,,,29.30,1.49,
14.2144,state,3,40.2435,0.280,0.1026,,,37.0
14.2144,state,4,55.9322,-0.839,0.5568,,,36.0
14.2237,cmd,3,40.4852,,,29.30,1.49,
14.2237,cmd,4,57.1847,,,29.30,1.49,
14.2244,state,3,40.2435,-1.399,0.0733,,,37.0
14.2244,state,4,55.9322,0.280,0.5568,,,36.0
14.2338,cmd,3,40.4852,,,29.30,1.49,
14.2338,cmd,4,57.1847,,,29.30,1.49,
14.2344,state,3,40.2435,-5.876,0.0733,,,37.0
14.2344,state,4,55.9322,0.280,0.5568,,,36.0
14.2438,cmd,3,40.4852,,,29.30,1.49,
14.2438,cmd,4,57.1847,,,29.30,1.49,
14.2444,state,3,40.2655,-4.757,0.1026,,,37.0
14.2444,state,4,55.9322,-1.399,0.5568,,,36.0
14.2538,cmd,3,40.4852,,,29.30,1.49,
14.2538,cmd,4,57.1847,,,29.30,1.49,
14.2544,state,3,40.2655,-0.839,0.0440,,,37.0
14.2544,state,4,55.9322,0.280,0.6154,,,36.0
14.2638,cmd,3,40.4852,,,29.30,1.49,
14.2638,cmd,4,57.1847,,,29.30,1.49,
14.2644,state,3,40.2655,-0.839,0.0440,,,37.0
14.2644,state,4,55.9322,0.839,0.6154,,,36.0
14.2738,cmd,3,40.4852,,,29.30,1.49,
14.2738,cmd,4,57.1847,,,29.30,1.49,
14.2744,state,3,40.2655,0.839,0.0440,,,37.0
14.2745,state,4,55.9322,3.078,0.5568,,,36.0
14.2838,cmd,3,40.4852,,,29.30,1.49,
14.2838,cmd,4,57.1847,,,29.30,1.49,
14.2844,state,3,40.2655,-7.555,0.0733,,,37.0
14.2844,state,4,55.9103,-0.280,0.5568,,,36.0
14.2939,cmd,3,40.4852,,,29.30,1.49,
14.2939,cmd,4,57.1847,,,29.30,1.49,
14.2945,state,3,40.2655,1.399,0.1612,,,37.0
14.2946,state,4,55.9322,4.757,0.5568,,,36.0
14.3038,cmd,3,40.4852,,,29.30,1.49,
14.3038,cmd,4,57.1847,,,29.30,1.49,
14.3044,state,3,40.2655,-4.757,0.0733,,,37.0
14.3044,state,4,55.9322,2.518,0.5568,,,36.0
14.3138,cmd,3,40.4852,,,29.30,1.49,
14.3138,cmd,4,57.1847,,,29.30,1.49,
14.3144,state,3,40.2655,2.518,0.0733,,,37.0
14.3144,state,4,55.9322,-5.876,0.5568,,,36.0
14.3238,cmd,3,40.4852,,,29.30,1.49,
14.3238,cmd,4,57.1847,,,29.30,1.49,
14.3244,state,3,40.2655,-1.399,0.0733,,,37.0
14.3244,state,4,55.9322,-1.399,0.6154,,,36.0
14.3337,cmd,3,40.4852,,,29.30,1.49,
14.3338,cmd,4,57.1847,,,29.30,1.49,
14.3344,state,3,40.2655,2.518,0.0733,,,37.0
14.3344,state,4,55.9322,1.959,0.5568,,,36.0
14.3438,cmd,3,40.4852,,,29.30,1.49,
14.3438,cmd,4,57.1847,,,29.30,1.49,
14.3444,state,3,40.2655,-2.518,0.0440,,,37.0
14.3445,state,4,55.9322,-4.197,0.5568,,,36.0
14.3538,cmd,3,40.4852,,,29.30,1.49,
14.3538,cmd,4,57.1847,,,29.30,1.49,
14.3544,state,3,40.2655,1.399,0.0733,,,37.0
14.3545,state,4,55.9322,-3.078,0.6154,,,36.0
14.3637,cmd,3,40.4852,,,29.30,1.49,
14.3638,cmd,4,57.1847,,,29.30,1.49,
14.3644,state,3,40.2435,-6.436,0.0440,,,37.0
14.3645,state,4,55.9322,1.959,0.6154,,,36.0
14.3738,cmd,3,40.4852,,,29.30,1.49,
14.3738,cmd,4,57.1847,,,29.30,1.49,
14.3744,state,3,40.2655,2.518,0.0733,,,37.0
14.3744,state,4,55.9322,-0.280,0.5568,,,36.0
14.3838,cmd,3,40.4852,,,29.30,1.49,
14.3838,cmd,4,57.1847,,,29.30,1.49,
14.3844,state,3,40.2655,8.115,0.0733,,,37.0
14.3845,state,4,55.9322,-2.518,0.5568,,,36.0
14.3939,cmd,3,40.4852,,,29.30,1.49,
14.3939,cmd,4,57.1847,,,29.30,1.49,
14.3945,state,3,40.2655,-0.280,0.0733,,,37.0
14.3946,state,4,55.9322,-4.197,0.6154,,,36.0
14.4038,cmd,3,40.4852,,,29.30,1.49,
14.4038,cmd,4,57.1847,,,29.30,1.49,
14.4044,state,3,40.2435,-0.839,0.0733,,,37.0
14.4045,state,4,55.9322,4.757,0.5568,,,36.0
14.4138,cmd,3,40.4852,,,29.30,1.49,
14.4139,cmd,4,57.1847,,,29.30,1.49,
14.4145,state,3,40.2655,1.959,0.0733,,,37.0
14.4146,state,4,55.9322,-0.280,0.5568,,,36.0
14.4238,cmd,3,40.4852,,,29.30,1.49,
14.4238,cmd,4,57.1847,,,29.30,1.49,
14.4244,state,3,40.2655,-10.913,0.1319,,,37.0
14.4245,state,4,55.9322,-3.638,0.5568,,,36.0
14.4338,cmd,3,40.4852,,,29.30,1.49,
14.4338,cmd,4,57.1847,,,29.30,1.49,
14.4344,state,3,40.2435,-12.592,0.0733,,,37.0
14.4344,state,4,55.9322,2.518,0.5568,,,36.0
14.4439,cmd,3,40.4852,,,29.30,1.49,
14.4439,cmd,4,57.1847,,,29.30,1.49,
14.4445,state,3,40.2655,2.518,0.0440,,,37.0
14.4445,state,4,55.9322,-0.280,0.5568,,,36.0
14.4542,cmd,3,40.4852,,,29.30,1.49,
14.4542,cmd,4,57.1847,,,29.30,1.49,
14.4547,state,3,40.2655,-2.518,0.0733,,,37.0
14.4548,state,4,55.9322,-0.280,0.5568,,,36.0
14.4638,cmd,3,40.4852,,,29.30,1.49,
14.4638,cmd,4,57.1847,,,29.30,1.49,
14.4644,state,3,40.2655,-0.280,0.0733,,,37.0
14.4646,state,4,55.9322,6.996,0.6154,,,36.0
14.4738,cmd,3,40.4852,,,29.30,1.49,
14.4739,cmd,4,57.1847,,,29.30,1.49,
14.4745,state,3,40.2435,-3.078,0.0733,,,37.0
14.4746,state,4,55.9322,-0.280,0.5568,,,36.0
14.4838,cmd,3,40.4852,,,29.30,1.49,
14.4839,cmd,4,57.1847,,,29.30,1.49,
14.4845,state,3,40.2655,0.280,0.0733,,,37.0
14.4846,state,4,55.9322,-0.839,0.5568,,,36.0
14.4938,cmd,3,40.4852,,,29.30,1.49,
14.4938,cmd,4,57.1847,,,29.30,1.49,
14.4944,state,3,40.2655,2.518,0.0440,,,37.0
14.4945,state,4,55.9322,-0.839,0.6154,,,36.0
14.5038,cmd,3,40.4852,,,29.30,1.49,
14.5038,cmd,4,57.1847,,,29.30,1.49,
14.5045,state,3,40.2655,0.280,0.0440,,,37.0
14.5046,state,4,55.9103,-2.518,0.5568,,,36.0
14.5138,cmd,3,40.4852,,,29.30,1.49,
14.5138,cmd,4,57.1847,,,29.30,1.49,
14.5144,state,3,40.2655,0.839,0.0440,,,37.0
14.5146,state,4,55.9322,0.839,0.6154,,,36.0
14.5238,cmd,3,40.4852,,,29.30,1.49,
14.5238,cmd,4,57.1847,,,29.30,1.49,
14.5244,state,3,40.2655,1.959,0.0733,,,37.0
14.5245,state,4,55.9322,3.078,0.6154,,,36.0
14.5338,cmd,3,40.4852,,,29.30,1.49,
14.5339,cmd,4,57.1847,,,29.30,1.49,
14.5344,state,3,40.2655,-2.518,0.0733,,,37.0
14.5346,state,4,55.9322,4.197,0.5568,,,36.0
14.5438,cmd,3,40.4852,,,29.30,1.49,
14.5438,cmd,4,57.1847,,,29.30,1.49,
14.5445,state,3,40.2435,-6.436,0.0733,,,37.0
14.5446,state,4,55.9322,-2.518,0.6154,,,36.0
14.5538,cmd,3,40.4852,,,29.30,1.49,
14.5538,cmd,4,57.1847,,,29.30,1.49,
14.5544,state,3,40.2655,-3.078,0.0733,,,37.0
14.5546,state,4,55.9322,-3.078,0.6154,,,36.0
14.5638,cmd,3,40.4852,,,29.30,1.49,
14.5638,cmd,4,57.1847,,,29.30,1.49,
14.5645,state,3,40.2655,6.996,0.1026,,,37.0
14.5646,state,4,55.9322,3.638,0.5568,,,36.0
14.5738,cmd,3,40.4852,,,29.30,1.49,
14.5739,cmd,4,57.1847,,,29.30,1.49,
14.5745,state,3,40.2655,1.399,0.0733,,,37.0
14.5746,state,4,55.9322,0.280,0.5568,,,36.0
14.5839,cmd,3,40.4852,,,29.30,1.49,
14.5839,cmd,4,57.1847,,,29.30,1.49,
14.5845,state,3,40.2655,-2.518,0.0733,,,37.0
14.5845,state,4,55.9103,-1.399,0.5568,,,36.0
14.5940,cmd,3,40.4852,,,29.30,1.49,
14.5940,cmd,4,57.1847,,,29.30,1.49,
14.5945,state,3,40.2435,0.839,0.1026,,,37.0
14.5946,state,4,55.9322,-1.399,0.5568,,,36.0
14.6039,cmd,3,40.4852,,,29.30,1.49,
14.6039,cmd,4,57.1847,,,29.30,1.49,
14.6045,state,3,40.2655,-5.876,0.0733,,,37.0
14.6045,state,4,55.9322,3.638,0.5568,,,36.0
14.6138,cmd,3,40.4852,,,29.30,1.49,
14.6139,cmd,4,57.1847,,,29.30,1.49,
14.6144,state,3,40.2655,0.839,0.1026,,,37.0
14.6145,state,4,55.9103,-5.317,0.5568,,,36.0
14.6239,cmd,3,40.4852,,,29.30,1.49,
14.6239,cmd,4,57.1847,,,29.30,1.49,
14.6245,state,3,40.2655,-4.757,0.1026,,,37.0
14.6246,state,4,55.9322,1.399,0.5568,,,36.0
14.6338,cmd,3,40.4852,,,29.30,1.49,
14.6339,cmd,4,57.1847,,,29.30,1.49,
14.6344,state,3,40.2435,-1.399,0.0440,,,37.0
14.6345,state,4,55.9322,-2.518,0.5568,,,36.0
14.6439,cmd,3,40.4852,,,29.30,1.49,
14.6439,cmd,4,57.1847,,,29.30,1.49,
14.6444,state,3,40.2655,-1.959,0.0440,,,37.0
14.6445,state,4,55.9322,5.876,0.5568,,,36.0
14.6539,cmd,3,40.4852,,,29.30,1.49,
14.6539,cmd,4,57.1847,,,29.30,1.49,
14.6544,state,3,40.2655,5.876,0.0733,,,37.0
14.6545,state,4,55.9103,1.399,0.6154,,,36.0
14.6638,cmd,3,40.4852,,,29.30,1.49,
14.6639,cmd,4,57.1847,,,29.30,1.49,
14.6644,state,3,40.2655,-0.280,0.0440,,,37.0
14.6645,state,4,55.9322,1.959,0.5568,,,36.0
14.6739,cmd,3,40.4852,,,29.30,1.49,
14.6739,cmd,4,57.1847,,,29.30,1.49,
14.6744,state,3,40.2655,-1.959,0.0147,,,37.0
14.6745,state,4,55.9322,3.078,0.5568,,,36.0
14.6838,cmd,3,40.4852,,,29.30,1.49,
14.6839,cmd,4,57.1847,,,29.30,1.49,
14.6844,state,3,40.2655,-1.959,0.1319,,,37.0
14.6845,state,4,55.9322,-1.959,0.5568,,,36.0
14.6939,cmd,3,40.4852,,,29.30,1.49,
14.6939,cmd,4,57.1847,,,29.30,1.49,
14.6944,state,3,40.2435,-4.197,0.1319,,,37.0
14.6946,state,4,55.9322,-4.757,0.6154,,,36.0
14.7038,cmd,3,40.4852,,,29.30,1.49,
14.7038,cmd,4,57.1847,,,29.30,1.49,
14.7044,state,3,40.2655,2.518,0.0733,,,37.0
14.7045,state,4,55.9322,3.078,0.5568,,,36.0
14.7138,cmd,3,40.4852,,,29.30,1.49,
14.7139,cmd,4,57.1847,,,29.30,1.49,
14.7144,state,3,40.2655,6.996,0.1026,,,37.0
14.7145,state,4,55.9322,1.399,0.5568,,,36.0
14.7239,cmd,3,40.4852,,,29.30,1.49,
14.7239,cmd,4,57.1847,,,29.30,1.49,
14.7245,state,3,40.2655,-0.280,0.1026,,,37.0
14.7245,state,4,55.9322,-0.280,0.5568,,,36.0
14.7339,cmd,3,40.4852,,,29.30,1.49,
14.7339,cmd,4,57.1847,,,29.30,1.49,
14.7345,state,3,40.2655,-3.638,0.1026,,,37.0
14.7346,state,4,55.9103,-1.959,0.6154,,,36.0
14.7439,cmd,3,40.4852,,,29.30,1.49,
14.7439,cmd,4,57.1847,,,29.30,1.49,
14.7445,state,3,40.2655,3.078,0.0440,,,37.0
14.7445,state,4,55.9322,-1.399,0.5568,,,36.0
14.7538,cmd,3,40.4852,,,29.30,1.49,
14.7538,cmd,4,57.1847,,,29.30,1.49,
14.7544,state,3,40.2655,0.839,0.1026,,,37.0
14.7545,state,4,55.9322,0.280,0.6154,,,36.0
14.7639,cmd,3,40.4852,,,29.30,1.49,
14.7639,cmd,4,57.1847,,,29.30,1.49,
14.7645,state,3,40.2655,-5.876,0.0733,,,37.0
14.7646,state,4,55.9322,2.518,0.5568,,,36.0
14.7739,cmd,3,40.4852,,,29.30,1.49,
14.7739,cmd,4,57.1847,,,29.30,1.49,
14.7745,state,3,40.2655,0.280,0.0733,,,37.0
14.7746,state,4,55.9322,-4.197,0.5568,,,36.0
14.7838,cmd,3,40.4852,,,29.30,1.49,
14.7839,cmd,4,57.1847,,,29.30,1.49,
14.7845,state,3,40.2655,0.280,0.0440,,,37.0
14.7845,state,4,55.9322,-1.959,0.5568,,,36.0
14.7938,cmd,3,40.4852,,,29.30,1.49,
14.7939,cmd,4,57.1847,,,29.30,1.49,
14.7944,state,3,40.2655,-0.839,0.1026,,,37.0
14.7945,state,4,55.9322,1.959,0.4982,,,36.0
14.8038,cmd,3,40.4852,,,29.30,1.49,
14.8039,cmd,4,57.1847,,,29.30,1.49,
14.8045,state,3,40.2435,-1.959,0.0733,,,37.0
14.8046,state,4,55.9322,6.436,0.5568,,,36.0
14.8139,cmd,3,40.4852,,,29.30,1.49,
14.8139,cmd,4,57.1847,,,29.30,1.49,
14.8145,state,3,40.2655,-4.757,0.0440,,,37.0
14.8146,state,4,55.9103,1.399,0.5568,,,36.0
14.8238,cmd,3,40.4852,,,29.30,1.49,
14.8239,cmd,4,57.1847,,,29.30,1.49,
14.8244,state,3,40.2655,-1.399,0.1026,,,37.0
14.8246,state,4,55.9103,-1.959,0.5568,,,36.0
14.8339,cmd,3,40.4852,,,29.30,1.49,
14.8340,cmd,4,57.1847,,,29.30,1.49,
14.8345,state,3,40.2435,0.839,0.0733,,,37.0
14.8347,state,4,55.9103,0.280,0.5568,,,36.0
14.8438,cmd,3,40.4852,,,29.30,1.49,
14.8439,cmd,4,57.1847,,,29.30,1.49,
14.8444,state,3,40.2655,-4.197,0.0147,,,37.0
14.8446,state,4,55.9322,3.638,0.6154,,,36.0
14.8539,cmd,3,40.4852,,,29.30,1.49,
14.8539,cmd,4,57.1847,,,29.30,1.49,
14.8544,state,3,40.2435,-3.078,0.0440,,,37.0
14.8546,state,4,55.9322,0.280,0.5568,,,36.0
14.8639,cmd,3,40.4852,,,29.30,1.49,
14.8639,cmd,4,57.1847,,,29.30,1.49,
14.8645,state,3,40.2655,5.876,0.0440,,,37.0
14.8646,state,4,55.9322,2.518,0.5568,,,36.0
14.8739,cmd,3,40.4852,,,29.30,1.49,
14.8739,cmd,4,57.1847,,,29.30,1.49,
14.8745,state,3,40.2655,2.518,0.0733,,,37.0
14.8746,state,4,55.9322,-2.518,0.5568,,,36.0
14.8839,cmd,3,40.4852,,,29.30,1.49,
14.8839,cmd,4,57.1847,,,29.30,1.49,
14.8845,state,3,40.2655,1.399,0.0733,,,37.0
14.8846,state,4,55.9103,-1.399,0.5568,,,36.0
14.8940,cmd,3,40.4852,,,29.30,1.49,
14.8940,cmd,4,57.1847,,,29.30,1.49,
14.8946,state,3,40.2655,2.518,0.1026,,,37.0
14.8947,state,4,55.9322,-4.197,0.5568,,,36.0
14.9039,cmd,3,40.4852,,,29.30,1.49,
14.9039,cmd,4,57.1847,,,29.30,1.49,
14.9045,state,3,40.2435,-2.518,0.0733,,,37.0
14.9046,state,4,55.9322,-2.518,0.5568,,,36.0
14.9139,cmd,3,40.4852,,,29.30,1.49,
14.9139,cmd,4,57.1847,,,29.30,1.49,
14.9145,state,3,40.2655,-1.399,0.1026,,,37.0
14.9146,state,4,55.9322,0.280,0.5568,,,36.0
14.9239,cmd,3,40.4852,,,29.30,1.49,
14.9240,cmd,4,57.1847,,,29.30,1.49,
14.9245,state,3,40.2655,0.839,0.0733,,,37.0
14.9246,state,4,55.9322,1.399,0.5568,,,36.0
14.9339,cmd,3,40.4852,,,29.30,1.49,
14.9340,cmd,4,57.1847,,,29.30,1.49,
14.9346,state,3,40.2435,-3.078,0.0440,,,37.0
14.9346,state,4,55.9322,-2.518,0.5568,,,36.0
14.9439,cmd,3,40.4852,,,29.30,1.49,
14.9439,cmd,4,57.1847,,,29.30,1.49,
14.9445,state,3,40.2655,5.317,0.1026,,,37.0
14.9446,state,4,55.9322,3.078,0.5568,,,36.0
14.9539,cmd,3,40.4852,,,29.30,1.49,
14.9539,cmd,4,57.1847,,,29.30,1.49,
14.9545,state,3,40.2655,3.638,0.0733,,,37.0
14.9546,state,4,55.9322,-0.280,0.6154,,,36.0
14.9638,cmd,3,40.4852,,,29.30,1.49,
14.9639,cmd,4,57.1847,,,29.30,1.49,
14.9645,state,3,40.2655,-0.280,0.1026,,,37.0
14.9646,state,4,55.9322,-4.757,0.5568,,,36.0
14.9739,cmd,3,40.4852,,,29.30,1.49,
14.9739,cmd,4,57.1847,,,29.30,1.49,
14.9745,state,3,40.2655,8.115,0.0733,,,37.0
14.9745,state,4,55.9322,1.959,0.5568,,,36.0
14.9839,cmd,3,40.4852,,,29.30,1.49,
14.9839,cmd,4,57.1847,,,29.30,1.49,
14.9845,state,3,40.2655,4.197,0.0440,,,37.0
14.9846,state,4,55.9322,-0.280,0.5568,,,36.0
14.9940,cmd,3,40.4852,,,29.30,1.49,
14.9941,cmd,4,57.1847,,,29.30,1.49,
14.9946,state,3,40.2655,-5.876,0.0440,,,37.0
14.9947,state,4,55.9322,-0.280,0.5568,,,36.0
15.0039,cmd,3,40.4852,,,29.30,1.49,
15.0039,cmd,4,57.1847,,,29.30,1.49,
15.0045,state,3,40.2655,-6.436,0.0440,,,37.0
15.0046,state,4,55.9322,3.078,0.5568,,,36.0
15.0140,cmd,3,40.4852,,,29.30,1.49,
15.0141,cmd,4,57.1847,,,29.30,1.49,
15.0147,state,3,40.2655,-4.757,0.0733,,,37.0
15.0147,state,4,55.9322,-1.959,0.6154,,,36.0
15.0239,cmd,3,40.4852,,,29.30,1.49,
15.0239,cmd,4,57.1847,,,29.30,1.49,
15.0245,state,3,40.2655,3.078,0.0733,,,37.0
15.0245,state,4,55.9322,0.839,0.5568,,,36.0
15.0339,cmd,3,40.4852,,,29.30,1.49,
15.0339,cmd,4,57.1847,,,29.30,1.49,
15.0345,state,3,40.2655,1.399,0.0733,,,37.0
15.0346,state,4,55.9322,-0.839,0.5568,,,36.0
15.0439,cmd,3,40.4852,,,29.30,1.49,
15.0439,cmd,4,57.1847,,,29.30,1.49,
15.0445,state,3,40.2655,4.197,0.0733,,,37.0
15.0446,state,4,55.9322,-4.197,0.5568,,,36.0
15.0539,cmd,3,40.4852,,,29.30,1.49,
15.0539,cmd,4,57.1847,,,29.30,1.49,
15.0545,state,3,40.2655,-1.399,0.1026,,,37.0
15.0545,state,4,55.9322,3.078,0.5568,,,36.0
15.0639,cmd,3,40.4852,,,29.30,1.49,
15.0639,cmd,4,57.1847,,,29.30,1.49,
15.0645,state,3,40.2655,-0.280,0.0733,,,37.0
15.0646,state,4,55.9322,1.399,0.6154,,,36.0
15.0739,cmd,3,40.4852,,,29.30,1.49,
15.0739,cmd,4,57.1847,,,29.30,1.49,
15.0745,state,3,40.2435,-3.638,0.0440,,,37.0
15.0746,state,4,55.9322,-3.078,0.6154,,,36.0
15.0839,cmd,3,40.4852,,,29.30,1.49,
15.0839,cmd,4,57.1847,,,29.30,1.49,
15.0845,state,3,40.2435,-6.436,0.0440,,,37.0
15.0846,state,4,55.9103,0.280,0.5568,,,36.0
15.0940,cmd,3,40.4852,,,29.30,1.49,
15.0940,cmd,4,57.1847,,,29.30,1.49,
15.0945,state,3,40.2655,6.996,0.0440,,,37.0
15.0946,state,4,55.9322,6.436,0.6154,,,36.0
15.1039,cmd,3,40.4852,,,29.30,1.49,
15.1039,cmd,4,57.1847,,,29.30,1.49,
15.1045,state,3,40.2655,2.518,0.1026,,,37.0
15.1046,state,4,55.9322,5.317,0.6154,,,36.0
15.1139,cmd,3,40.4852,,,29.30,1.49,
15.1139,cmd,4,57.1847,,,29.30,1.49,
15.1145,state,3,40.2435,-1.399,0.0440,,,37.0
15.1146,state,4,55.9322,3.078,0.5568,,,36.0
15.1239,cmd,3,40.4852,,,29.30,1.49,
15.1239,cmd,4,57.1847,,,29.30,1.49,
15.1245,state,3,40.2655,3.638,0.0733,,,37.0
15.1246,state,4,55.9322,-0.280,0.6154,,,36.0
15.1339,cmd,3,40.4852,,,29.30,1.49,
15.1340,cmd,4,57.1847,,,29.30,1.49,
15.1345,state,3,40.2655,0.839,0.0733,,,37.0
15.1346,state,4,55.9322,-4.197,0.5568,,,36.0
15.1439,cmd,3,40.4852,,,29.30,1.49,
15.1439,cmd,4,57.1847,,,29.30,1.49,
15.1445,state,3,40.2655,4.197,0.0440,,,37.0
15.1446,state,4,55.9322,-0.280,0.6154,,,36.0
15.1539,cmd,3,40.4852,,,29.30,1.49,
15.1540,cmd,4,57.1847,,,29.30,1.49,
15.1545,state,3,40.2435,3.078,0.0733,,,37.0
15.1546,state,4,55.9322,1.399,0.5568,,,36.0
15.1640,cmd,3,40.4852,,,29.30,1.49,
15.1640,cmd,4,57.1847,,,29.30,1.49,
15.1646,state,3,40.2435,-1.399,0.0440,,,37.0
15.1647,state,4,55.9322,0.839,0.5568,,,36.0
15.1740,cmd,3,40.4852,,,29.30,1.49,
15.1740,cmd,4,57.1847,,,29.30,1.49,
15.1745,state,3,40.2655,0.280,0.0733,,,37.0
15.1746,state,4,55.9322,-1.959,0.5568,,,36.0
15.1839,cmd,3,40.4852,,,29.30,1.49,
15.1839,cmd,4,57.1847,,,29.30,1.49,
15.1845,state,3,40.2655,3.638,0.0733,,,37.0
15.1846,state,4,55.9322,-1.959,0.5568,,,36.0
15.1940,cmd,3,40.4852,,,29.30,1.49,
15.1940,cmd,4,57.1847,,,29.30,1.49,
15.1945,state,3,40.2435,2.518,0.0733,,,37.0
15.1946,state,4,55.9322,0.280,0.5568,,,36.0
15.2040,cmd,3,40.4852,,,29.30,1.49,
15.2040,cmd,4,57.1847,,,29.30,1.49,
15.2045,state,3,40.2655,2.518,0.0440,,,37.0
15.2049,state,4,55.9322,-1.959,0.5568,,,36.0
15.2140,cmd,3,40.4852,,,29.30,1.49,
15.2140,cmd,4,57.1847,,,29.30,1.49,
15.2145,state,3,40.2655,5.876,0.0733,,,37.0
15.2148,state,4,55.9322,-1.959,0.6154,,,36.0
15.2239,cmd,3,40.4852,,,29.30,1.49,
15.2239,cmd,4,57.1847,,,29.30,1.49,
15.2244,state,3,40.2655,2.518,0.0733,,,37.0
15.2248,state,4,55.9322,-0.280,0.6154,,,36.0
15.2340,cmd,3,40.4852,,,29.30,1.49,
15.2341,cmd,4,57.1847,,,29.30,1.49,
15.2346,state,3,40.2655,3.078,0.0147,,,37.0
15.2347,state,4,55.9322,-1.959,0.6154,,,36.0
15.2439,cmd,3,40.4852,,,29.30,1.49,
15.2440,cmd,4,57.1847,,,29.30,1.49,
15.2445,state,3,40.2655,-0.280,0.0440,,,37.0
15.2446,state,4,55.9322,1.959,0.6154,,,36.0
15.2540,cmd,3,40.4852,,,29.30,1.49,
15.2540,cmd,4,57.1847,,,29.30,1.49,
15.2546,state,3,40.2655,0.839,0.0440,,,37.0
15.2547,state,4,55.9322,-3.078,0.5568,,,36.0
15.2639,cmd,3,40.4852,,,29.30,1.49,
15.2642,cmd,4,57.1847,,,29.30,1.49,
15.2644,state,3,40.2435,-3.078,0.0440,,,37.0
15.2649,state,4,55.9322,-1.959,0.5568,,,36.0
15.2740,cmd,3,40.4852,,,29.30,1.49,
15.2740,cmd,4,57.1847,,,29.30,1.49,
15.2745,state,3,40.2655,5.317,0.0440,,,37.0
15.2746,state,4,55.9322,-2.518,0.6154,,,36.0
15.2840,cmd,3,40.4852,,,29.30,1.49,
15.2840,cmd,4,57.1847,,,29.30,1.49,
15.2846,state,3,40.2435,-1.399,0.1026,,,37.0
15.2847,state,4,55.9322,4.757,0.5568,,,36.0
15.2940,cmd,3,40.4852,,,29.30,1.49,
15.2940,cmd,4,57.1847,,,29.30,1.49,
15.2946,state,3,40.2655,-1.959,0.1026,,,37.0
15.2947,state,4,55.9322,2.518,0.5568,,,36.0
15.3040,cmd,3,40.4852,,,29.30,1.49,
15.3040,cmd,4,57.1847,,,29.30,1.49,
15.3046,state,3,40.2435,-5.876,0.1026,,,37.0
15.3047,state,4,55.9322,-4.757,0.6154,,,36.0
15.3140,cmd,3,40.4852,,,29.30,1.49,
15.3140,cmd,4,57.1847,,,29.30,1.49,
15.3146,state,3,40.2655,1.959,0.0733,,,37.0
15.3147,state,4,55.9322,-1.399,0.5568,,,36.0
15.3240,cmd,3,40.4852,,,29.30,1.49,
15.3240,cmd,4,57.1847,,,29.30,1.49,
15.3245,state,3,40.2655,2.518,0.0733,,,37.0
15.3246,state,4,55.9322,3.078,0.5568,,,36.0
15.3339,cmd,3,40.4852,,,29.30,1.49,
15.3339,cmd,4,57.1847,,,29.30,1.49,
15.3345,state,3,40.2435,-8.675,0.1319,,,37.0
15.3346,state,4,55.9322,1.399,0.5568,,,36.0
15.3440,cmd,3,40.4852,,,29.30,1.49,
15.3440,cmd,4,57.1847,,,29.30,1.49,
15.3446,state,3,40.2655,-0.839,0.1026,,,37.0
15.3446,state,4,55.9103,-4.197,0.5568,,,36.0
15.3539,cmd,3,40.4852,,,29.30,1.49,
15.3539,cmd,4,57.1847,,,29.30,1.49,
15.3545,state,3,40.2655,0.839,0.0733,,,37.0
15.3546,state,4,55.9322,0.280,0.5568,,,36.0
15.3639,cmd,3,40.4852,,,29.30,1.49,
15.3640,cmd,4,57.1847,,,29.30,1.49,
15.3645,state,3,40.2655,1.959,0.0733,,,37.0
15.3646,state,4,55.9322,-3.078,0.5568,,,36.0
15.3740,cmd,3,40.4852,,,29.30,1.49,
15.3740,cmd,4,57.1847,,,29.30,1.49,
15.3745,state,3,40.2655,-0.280,0.0733,,,37.0
15.3746,state,4,55.9103,0.280,0.5568,,,36.0
15.3839,cmd,3,40.4852,,,29.30,1.49,
15.3839,cmd,4,57.1847,,,29.30,1.49,
15.3845,state,3,40.2435,-7.555,0.0440,,,37.0
15.3846,state,4,55.9322,-3.078,0.5568,,,36.0
15.3939,cmd,3,40.4852,,,29.30,1.49,
15.3939,cmd,4,57.1847,,,29.30,1.49,
15.3945,state,3,40.2655,-5.876,0.0440,,,37.0
15.3946,state,4,55.9322,-5.317,0.6154,,,36.0
15.4039,cmd,3,40.4852,,,29.30,1.49,
15.4039,cmd,4,57.1847,,,29.30,1.49,
15.4045,state,3,40.2435,-2.518,0.1026,,,37.0
15.4046,state,4,55.9322,4.757,0.5568,,,36.0
15.4140,cmd,3,40.4852,,,29.30,1.49,
15.4140,cmd,4,57.1847,,,29.30,1.49,
15.4145,state,3,40.2655,4.757,0.0440,,,37.0
15.4146,state,4,55.9103,-2.518,0.5568,,,36.0
15.4239,cmd,3,40.4852,,,29.30,1.49,
15.4239,cmd,4,57.1847,,,29.30,1.49,
15.4245,state,3,40.2435,-5.876,0.1026,,,37.0
15.4246,state,4,55.9322,0.839,0.5568,,,36.0
15.4339,cmd,3,40.4852,,,29.30,1.49,
15.4340,cmd,4,57.1847,,,29.30,1.49,
15.4345,state,3,40.2655,-0.839,0.0440,,,37.0
15.4346,state,4,55.9322,-0.839,0.5568,,,36.0
15.4440,cmd,3,40.4852,,,29.30,1.49,
15.4440,cmd,4,57.1847,,,29.30,1.49,
15.4445,state,3,40.2655,1.959,0.1026,,,37.0
15.4446,state,4,55.9322,1.959,0.5568,,,36.0
15.4539,cmd,3,40.4852,,,29.30,1.49,
15.4539,cmd,4,57.1847,,,29.30,1.49,
15.4545,state,3,40.2655,4.757,0.0440,,,37.0
15.4546,state,4,55.9322,3.638,0.5568,,,36.0
15.4640,cmd,3,40.4852,,,29.30,1.49,
15.4641,cmd,4,57.1847,,,29.30,1.49,
15.4646,state,3,40.2655,-0.280,0.0733,,,37.0
15.4647,state,4,55.9322,-2.518,0.5568,,,36.0
15.4740,cmd,3,40.4852,,,29.30,1.49,
15.4740,cmd,4,57.1847,,,29.30,1.49,
15.4746,state,3,40.2435,2.518,0.1026,,,37.0
15.4747,state,4,55.9103,-1.959,0.4982,,,36.0
15.4840,cmd,3,40.4852,,,29.30,1.49,
15.4840,cmd,4,57.1847,,,29.30,1.49,
15.4845,state,3,40.2655,5.876,0.1026,,,37.0
15.4849,state,4,55.9322,1.399,0.6154,,,36.0
15.4940,cmd,3,40.4852,,,29.30,1.49,
15.4940,cmd,4,57.1847,,,29.30,1.49,
15.4945,state,3,40.2655,0.839,0.0440,,,37.0
15.4947,state,4,55.9322,0.280,0.5568,,,36.0
15.5040,cmd,3,40.4852,,,29.30,1.49,
15.5041,cmd,4,57.1847,,,29.30,1.49,
15.5045,state,3,40.2655,2.518,0.0440,,,37.0
15.5050,state,4,55.9322,-2.518,0.4982,,,36.0
15.5140,cmd,3,40.4852,,,29.30,1.49,
15.5141,cmd,4,57.1847,,,29.30,1.49,
15.5146,state,3,40.2655,2.518,0.0733,,,37.0
15.5147,state,4,55.9322,-0.280,0.6154,,,36.0
15.5241,cmd,3,40.4852,,,29.30,1.49,
15.5241,cmd,4,57.1847,,,29.30,1.49,
15.5246,state,3,40.2655,1.959,0.1319,,,37.0
15.5250,state,4,55.9322,1.959,0.5568,,,36.0
15.5341,cmd,3,40.4852,,,29.30,1.49,
15.5341,cmd,4,57.1847,,,29.30,1.49,
15.5347,state,3,40.2655,2.518,0.1026,,,37.0
15.5347,state,4,55.9103,-0.280,0.5568,,,36.0
15.5440,cmd,3,40.4852,,,29.30,1.49,
15.5440,cmd,4,57.1847,,,29.30,1.49,
15.5446,state,3,40.2435,-3.638,0.1026,,,37.0
15.5447,state,4,55.9322,-1.959,0.5568,,,36.0
15.5540,cmd,3,40.4852,,,29.30,1.49,
15.5541,cmd,4,57.1847,,,29.30,1.49,
15.5546,state,3,40.2655,1.959,0.1026,,,37.0
15.5548,state,4,55.9322,0.839,0.6154,,,36.0
15.5640,cmd,3,40.4852,,,29.30,1.49,
15.5640,cmd,4,57.1847,,,29.30,1.49,
15.5646,state,3,40.2655,-0.839,0.0733,,,37.0
15.5647,state,4,55.9322,-5.876,0.6154,,,36.0
15.5740,cmd,3,40.4852,,,29.30,1.49,
15.5740,cmd,4,57.1847,,,29.30,1.49,
15.5746,state,3,40.2435,-0.839,0.1026,,,37.0
15.5748,state,4,55.9322,0.280,0.6154,,,36.0
15.5840,cmd,3,40.4852,,,29.30,1.49,
15.5840,cmd,4,57.1847,,,29.30,1.49,
15.5846,state,3,40.2655,0.839,0.0733,,,37.0
15.5847,state,4,55.9322,3.638,0.5568,,,36.0
15.5940,cmd,3,40.4852,,,29.30,1.49,
15.5940,cmd,4,57.1847,,,29.30,1.49,
15.5946,state,3,40.2655,3.078,0.1026,,,37.0
15.5947,state,4,55.9322,4.197,0.5568,,,36.0
15.6040,cmd,3,40.4852,,,29.30,1.49,
15.6040,cmd,4,57.1847,,,29.30,1.49,
15.6046,state,3,40.2655,2.518,0.0147,,,37.0
15.6050,state,4,55.9322,3.638,0.5568,,,36.0
15.6140,cmd,3,40.4852,,,29.30,1.49,
15.6140,cmd,4,57.1847,,,29.30,1.49,
15.6145,state,3,40.2435,-8.675,0.0440,,,37.0
15.6150,state,4,55.9322,0.839,0.5568,,,36.0
15.6240,cmd,3,40.4852,,,29.30,1.49,
15.6240,cmd,4,57.1847,,,29.30,1.49,
15.6245,state,3,40.2655,1.399,0.1026,,,37.0
15.6249,state,4,55.9322,0.280,0.5568,,,36.0
15.6340,cmd,3,40.4852,,,29.30,1.49,
15.6340,cmd,4,57.1847,,,29.30,1.49,
15.6345,state,3,40.2655,-1.959,0.0440,,,37.0
15.6349,state,4,55.9322,1.959,0.6154,,,36.0
15.6440,cmd,3,40.4852,,,29.30,1.49,
15.6441,cmd,4,57.1847,,,29.30,1.49,
15.6446,state,3,40.2655,0.839,0.0733,,,37.0
15.6450,state,4,55.9322,-2.518,0.5568,,,36.0
15.6541,cmd,3,40.4852,,,29.30,1.49,
15.6541,cmd,4,57.1847,,,29.30,1.49,
15.6547,state,3,40.2655,-2.518,0.0733,,,37.0
15.6548,state,4,55.9322,0.839,0.5568,,,36.0
15.6640,cmd,3,40.4852,,,29.30,1.49,
15.6640,cmd,4,57.1847,,,29.30,1.49,
15.6646,state,3,40.2655,1.399,0.0733,,,37.0
15.6647,state,4,55.9322,-0.280,0.6154,,,36.0
15.6740,cmd,3,40.4852,,,29.30,1.49,
15.6741,cmd,4,57.1847,,,29.30,1.49,
15.6746,state,3,40.2435,1.959,0.0733,,,37.0
15.6747,state,4,55.9322,1.959,0.4982,,,36.0
15.6840,cmd,3,40.4852,,,29.30,1.49,
15.6840,cmd,4,57.1847,,,29.30,1.49,
15.6846,state,3,40.2655,-5.317,0.0733,,,37.0
15.6847,state,4,55.9322,1.399,0.5568,,,36.0
15.6940,cmd,3,40.4852,,,29.30,1.49,
15.6941,cmd,4,57.1847,,,29.30,1.49,
15.6947,state,3,40.2655,-4.757,0.0733,,,37.0
15.6948,state,4,55.9322,0.280,0.5568,,,36.0
15.7040,cmd,3,40.4852,,,29.30,1.49,
15.7041,cmd,4,57.1847,,,29.30,1.49,
15.7046,state,3,40.2435,-6.996,0.0440,,,37.0
15.7047,state,4,55.9322,2.518,0.5568,,,36.0
15.7140,cmd,3,40.4852,,,29.30,1.49,
15.7141,cmd,4,57.1847,,,29.30,1.49,
15.7146,state,3,40.2655,4.757,0.0733,,,37.0
15.7150,state,4,55.9322,0.839,0.5568,,,36.0
15.7240,cmd,3,40.4852,,,29.30,1.49,
15.7240,cmd,4,57.1847,,,29.30,1.49,
15.7246,state,3,40.2655,1.959,0.0733,,,37.0
15.7247,state,4,55.9103,-0.839,0.5568,,,36.0
15.7341,cmd,3,40.4852,,,29.30,1.49,
15.7341,cmd,4,57.1847,,,29.30,1.49,
15.7346,state,3,40.2435,-3.078,0.0733,,,37.0
15.7347,state,4,55.9322,1.959,0.5568,,,36.0
15.7441,cmd,3,40.4852,,,29.30,1.49,
15.7441,cmd,4,57.1847,,,29.30,1.49,
15.7447,state,3,40.2435,0.280,0.0440,,,37.0
15.7448,state,4,55.9322,1.399,0.6154,,,36.0
15.7540,cmd,3,40.4852,,,29.30,1.49,
15.7541,cmd,4,57.1847,,,29.30,1.49,
15.7546,state,3,40.2655,1.399,0.0440,,,37.0
15.7547,state,4,55.9322,-4.197,0.5568,,,36.0
15.7641,cmd,3,40.4852,,,29.30,1.49,
15.7641,cmd,4,57.1847,,,29.30,1.49,
15.7646,state,3,40.2655,3.638,0.0440,,,37.0
15.7650,state,4,55.9322,-0.280,0.4982,,,36.0
15.7741,cmd,3,40.4852,,,29.30,1.49,
15.7741,cmd,4,57.1847,,,29.30,1.49,
15.7747,state,3,40.2655,-1.959,0.0440,,,37.0
15.7747,state,4,55.9322,4.197,0.5568,,,36.0
15.7840,cmd,3,40.4852,,,29.30,1.49,
15.7841,cmd,4,57.1847,,,29.30,1.49,
15.7845,state,3,40.2655,-5.876,0.0440,,,37.0
15.7849,state,4,55.9322,1.959,0.5568,,,36.0
15.7941,cmd,3,40.4852,,,29.30,1.49,
15.7941,cmd,4,57.1847,,,29.30,1.49,
15.7946,state,3,40.2655,-1.399,0.0440,,,37.0
15.7947,state,4,55.9322,0.839,0.5568,,,36.0
15.8040,cmd,3,40.4852,,,29.30,1.49,
15.8041,cmd,4,57.1847,,,29.30,1.49,
15.8046,state,3,40.2655,1.399,0.0440,,,37.0
15.8047,state,4,55.9322,4.197,0.5568,,,36.0
15.8141,cmd,3,40.4852,,,29.30,1.49,
15.8141,cmd,4,57.1847,,,29.30,1.49,
15.8147,state,3,40.2435,3.078,0.0733,,,37.0
15.8147,state,4,55.9322,5.876,0.5568,,,36.0
15.8241,cmd,3,40.4852,,,29.30,1.49,
15.8241,cmd,4,57.1847,,,29.30,1.49,
15.8246,state,3,40.2435,-8.675,0.1026,,,37.0
15.8250,state,4,55.9322,-1.959,0.5568,,,36.0
15.8340,cmd,3,40.4852,,,29.30,1.49,
15.8341,cmd,4,57.1847,,,29.30,1.49,
15.8346,state,3,40.2655,6.996,0.0440,,,37.0
15.8350,state,4,55.9322,3.078,0.5568,,,36.0
15.8441,cmd,3,40.4852,,,29.30,1.49,
15.8441,cmd,4,57.1847,,,29.30,1.49,
15.8447,state,3,40.2655,1.959,0.1026,,,37.0
15.8448,state,4,55.9103,-0.280,0.6154,,,36.0
15.8541,cmd,3,40.4852,,,29.30,1.49,
15.8541,cmd,4,57.1847,,,29.30,1.49,
15.8547,state,3,40.2655,-0.839,0.1026,,,37.0
15.8547,state,4,55.9322,-0.839,0.6154,,,36.0
15.8640,cmd,3,40.4852,,,29.30,1.49,
15.8641,cmd,4,57.1847,,,29.30,1.49,
15.8647,state,3,40.2655,2.518,0.0440,,,37.0
15.8648,state,4,55.9322,1.399,0.5568,,,36.0
15.8741,cmd,3,40.4852,,,29.30,1.49,
15.8741,cmd,4,57.1847,,,29.30,1.49,
15.8747,state,3,40.2655,-0.839,0.0733,,,37.0
15.8748,state,4,55.9322,4.197,0.5568,,,36.0
15.8841,cmd,3,40.4852,,,29.30,1.49,
15.8841,cmd,4,57.1847,,,29.30,1.49,
15.8847,state,3,40.2435,-0.839,0.0733,,,37.0
15.8847,state,4,55.9322,-3.078,0.5568,,,36.0
15.8940,cmd,3,40.4852,,,29.30,1.49,
15.8941,cmd,4,57.1847,,,29.30,1.49,
15.8946,state,3,40.2435,-3.078,0.0733,,,37.0
15.8947,state,4,55.9322,-3.078,0.5568,,,36.0
15.9041,cmd,3,40.4852,,,29.30,1.49,
15.9041,cmd,4,57.1847,,,29.30,1.49,
15.9046,state,3,40.2655,0.280,0.1026,,,37.0
15.9050,state,4,55.9322,-0.280,0.5568,,,36.0
15.9141,cmd,3,40.4852,,,29.30,1.49,
15.9141,cmd,4,57.1847,,,29.30,1.49,
15.9146,state,3,40.2435,6.996,0.0733,,,37.0
15.9150,state,4,55.9322,-1.959,0.6154,,,36.0
15.9240,cmd,3,40.4852,,,29.30,1.49,
15.9241,cmd,4,57.1847,,,29.30,1.49,
15.9246,state,3,40.2655,-0.839,0.0733,,,37.0
15.9250,state,4,55.9322,-3.078,0.5568,,,36.0
15.9341,cmd,3,40.4852,,,29.30,1.49,
15.9342,cmd,4,57.1847,,,29.30,1.49,
15.9346,state,3,40.2655,2.518,0.0733,,,37.0
15.9348,state,4,55.9322,4.757,0.6154,,,36.0
15.9441,cmd,3,40.4852,,,29.30,1.49,
15.9441,cmd,4,57.1847,,,29.30,1.49,
15.9446,state,3,40.2655,-4.757,0.0733,,,37.0
15.9450,state,4,55.9322,-1.399,0.6154,,,36.0
15.9541,cmd,3,40.4852,,,29.30,1.49,
15.9541,cmd,4,57.1847,,,29.30,1.49,
15.9547,state,3,40.2435,-0.280,0.0733,,,37.0
15.9548,state,4,55.9322,-4.197,0.6154,,,36.0
15.9641,cmd,3,40.4852,,,29.30,1.49,
15.9641,cmd,4,57.1847,,,29.30,1.49,
15.9646,state,3,40.2655,-0.839,0.1026,,,37.0
15.9650,state,4,55.9322,-1.959,0.6154,,,36.0
15.9741,cmd,3,40.4852,,,29.30,1.49,
15.9742,cmd,4,57.1847,,,29.30,1.49,
15.9746,state,3,40.2655,-6.436,0.0440,,,37.0
15.9750,state,4,55.9322,-2.518,0.5568,,,36.0
15.9841,cmd,3,40.4852,,,29.30,1.49,
15.9841,cmd,4,57.1847,,,29.30,1.49,
15.9846,state,3,40.2655,1.399,0.0733,,,37.0
15.9851,state,4,55.9322,-0.280,0.5568,,,36.0
15.9941,cmd,3,40.4852,,,29.30,1.49,
15.9941,cmd,4,57.1847,,,29.30,1.49,
15.9946,state,3,40.2435,-3.078,0.0440,,,37.0
15.9950,state,4,55.9322,-0.280,0.5568,,,36.0
16.0042,cmd,3,40.4852,,,29.30,1.49,
16.0043,cmd,4,57.1847,,,29.30,1.49,
16.0048,state,3,40.2655,-7.555,0.0733,,,37.0
16.0052,state,4,55.9103,-0.839,0.5568,,,36.0
16.0141,cmd,3,40.4852,,,29.30,1.49,
16.0141,cmd,4,57.1847,,,29.30,1.49,
16.0147,state,3,40.2655,-4.757,0.0733,,,37.0
16.0148,state,4,55.9322,0.280,0.5568,,,36.0
16.0240,cmd,3,40.4852,,,29.30,1.49,
16.0241,cmd,4,57.1847,,,29.30,1.49,
16.0246,state,3,40.2435,-3.638,0.0733,,,37.0
16.0247,state,4,55.9322,-1.399,0.5568,,,36.0
16.0342,cmd,3,40.4852,,,29.30,1.49,
16.0342,cmd,4,57.1847,,,29.30,1.49,
16.0347,state,3,40.2655,3.078,0.0733,,,37.0
16.0350,state,4,55.9322,0.280,0.5568,,,36.0
16.0442,cmd,3,40.4852,,,29.30,1.49,
16.0442,cmd,4,57.1847,,,29.30,1.49,
16.0447,state,3,40.2655,-5.876,0.0733,,,37.0
16.0449,state,4,55.9322,0.839,0.5568,,,36.0
16.0541,cmd,3,40.4852,,,29.30,1.49,
16.0541,cmd,4,57.1847,,,29.30,1.49,
16.0547,state,3,40.2655,-6.436,0.1026,,,37.0
16.0548,state,4,55.9322,-1.959,0.6154,,,36.0
16.0641,cmd,3,40.4852,,,29.30,1.49,
16.0641,cmd,4,57.1847,,,29.30,1.49,
16.0647,state,3,40.2435,-5.876,0.0733,,,37.0
16.0648,state,4,55.9322,0.280,0.5568,,,36.0
16.0741,cmd,3,40.4852,,,29.30,1.49,
16.0741,cmd,4,57.1847,,,29.30,1.49,
16.0746,state,3,40.2655,1.399,0.0440,,,37.0
16.0748,state,4,55.9103,-1.399,0.5568,,,36.0
16.0840,cmd,3,40.4852,,,29.30,1.49,
16.0840,cmd,4,57.1847,,,29.30,1.49,
16.0847,state,3,40.2655,-0.839,0.1026,,,37.0
16.0848,state,4,55.9322,-1.399,0.6154,,,36.0
16.0941,cmd,3,40.4852,,,29.30,1.49,
16.0941,cmd,4,57.1847,,,29.30,1.49,
16.0946,state,3,40.2655,4.757,0.0733,,,37.0
16.0947,state,4,55.9322,3.638,0.5568,,,36.0
16.1040,cmd,3,40.4852,,,29.30,1.49,
16.1041,cmd,4,57.1847,,,29.30,1.49,
16.1047,state,3,40.2655,-1.959,0.1026,,,37.0
16.1048,state,4,55.9322,-0.280,0.5568,,,36.0
16.1141,cmd,3,40.4852,,,29.30,1.49,
16.1141,cmd,4,57.1847,,,29.30,1.49,
16.1147,state,3,40.2655,8.675,0.0440,,,37.0
16.1148,state,4,55.9322,-4.757,0.6154,,,36.0
16.1240,cmd,3,40.4852,,,29.30,1.49,
16.1241,cmd,4,57.1847,,,29.30,1.49,
16.1247,state,3,40.2655,0.280,0.1026,,,37.0
16.1248,state,4,55.9322,1.959,0.6154,,,36.0
16.1341,cmd,3,40.4852,,,29.30,1.49,
16.1341,cmd,4,57.1847,,,29.30,1.49,
16.1347,state,3,40.2655,-3.078,0.1026,,,37.0
16.1347,state,4,55.9322,1.959,0.6154,,,36.0
16.1441,cmd,3,40.4852,,,29.30,1.49,
16.1441,cmd,4,57.1847,,,29.30,1.49,
16.1447,state,3,40.2655,1.959,0.0733,,,37.0
16.1448,state,4,55.9322,3.078,0.5568,,,36.0
16.1541,cmd,3,40.4852,,,29.30,1.49,
16.1541,cmd,4,57.1847,,,29.30,1.49,
16.1547,state,3,40.2435,-8.115,0.0440,,,37.0
16.1548,state,4,55.9322,1.399,0.5568,,,36.0
16.1641,cmd,3,40.4852,,,29.30,1.49,
16.1641,cmd,4,57.1847,,,29.30,1.49,
16.1647,state,3,40.2655,-5.876,0.0733,,,37.0
16.1648,state,4,55.9322,4.757,0.5568,,,36.0
16.1741,cmd,3,40.4852,,,29.30,1.49,
16.1741,cmd,4,57.1847,,,29.30,1.49,
16.1747,state,3,40.2655,-0.280,0.1026,,,37.0
16.1748,state,4,55.9322,-1.399,0.6154,,,36.0
16.1841,cmd,3,40.4852,,,29.30,1.49,
16.1841,cmd,4,57.1847,,,29.30,1.49,
16.1847,state,3,40.2655,5.317,0.0733,,,37.0
16.1847,state,4,55.9322,-2.518,0.5568,,,36.0
16.1941,cmd,3,40.4852,,,29.30,1.49,
16.1941,cmd,4,57.1847,,,29.30,1.49,
16.1947,state,3,40.2655,-0.280,0.0440,,,37.0
16.1948,state,4,55.9322,-3.078,0.5568,,,36.0
16.2041,cmd,3,40.4852,,,29.30,1.49,
16.2041,cmd,4,57.1847,,,29.30,1.49,
16.2046,state,3,40.2655,-4.757,0.0733,,,37.0
16.2047,state,4,55.9322,-0.280,0.6154,,,36.0
16.2141,cmd,3,40.4852,,,29.30,1.49,
16.2141,cmd,4,57.1847,,,29.30,1.49,
16.2147,state,3,40.2655,-5.876,0.0733,,,37.0
16.2148,state,4,55.9322,0.280,0.5568,,,36.0
16.2241,cmd,3,40.4852,,,29.30,1.49,
16.2241,cmd,4,57.1847,,,29.30,1.49,
16.2247,state,3,40.2655,-0.839,0.0733,,,37.0
16.2248,state,4,55.9322,-0.839,0.5568,,,36.0
16.2341,cmd,3,40.4852,,,29.30,1.49,
16.2341,cmd,4,57.1847,,,29.30,1.49,
16.2347,state,3,40.2655,-0.839,0.0733,,,37.0
16.2348,state,4,55.9322,-0.839,0.5568,,,36.0
16.2441,cmd,3,40.4852,,,29.30,1.49,
16.2441,cmd,4,57.1847,,,29.30,1.49,
16.2447,state,3,40.2435,-2.518,0.0733,,,37.0
16.2448,state,4,55.9322,4.757,0.6154,,,36.0
16.2541,cmd,3,40.4852,,,29.30,1.49,
16.2541,cmd,4,57.1847,,,29.30,1.49,
16.2547,state,3,40.2655,-0.280,0.0733,,,37.0
16.2548,state,4,55.9322,1.959,0.5568,,,36.0
16.2640,cmd,3,40.4852,,,29.30,1.49,
16.2641,cmd,4,57.1847,,,29.30,1.49,
16.2647,state,3,40.2655,0.280,0.0440,,,37.0
16.2648,state,4,55.9322,5.876,0.5568,,,36.0
16.2741,cmd,3,40.4852,,,29.30,1.49,
16.2741,cmd,4,57.1847,,,29.30,1.49,
16.2747,state,3,40.2435,-3.078,0.0440,,,37.0
16.2748,state,4,55.9322,-1.399,0.6154,,,36.0
16.2841,cmd,3,40.4852,,,29.30,1.49,
16.2841,cmd,4,57.1847,,,29.30,1.49,
16.2847,state,3,40.2655,3.078,0.0733,,,37.0
16.2848,state,4,55.9322,0.839,0.5568,,,36.0
16.2941,cmd,3,40.4852,,,29.30,1.49,
16.2941,cmd,4,57.1847,,,29.30,1.49,
16.2947,state,3,40.2655,0.839,0.0733,,,37.0
16.2948,state,4,55.9322,1.959,0.6154,,,36.0
16.3041,cmd,3,40.4852,,,29.30,1.49,
16.3041,cmd,4,57.1847,,,29.30,1.49,
16.3047,state,3,40.2655,0.280,0.0733,,,37.0
16.3048,state,4,55.9322,3.638,0.6154,,,36.0
16.3141,cmd,3,40.4852,,,29.30,1.49,
16.3141,cmd,4,57.1847,,,29.30,1.49,
16.3147,state,3,40.2435,0.280,0.0733,,,37.0
16.3148,state,4,55.9322,-0.839,0.5568,,,36.0
16.3241,cmd,3,40.4852,,,29.30,1.49,
16.3241,cmd,4,57.1847,,,29.30,1.49,
16.3246,state,3,40.2655,1.959,0.1026,,,37.0
16.3248,state,4,55.9103,-1.399,0.5568,,,36.0
16.3341,cmd,3,40.4852,,,29.30,1.49,
16.3341,cmd,4,57.1847,,,29.30,1.49,
16.3347,state,3,40.2655,-2.518,0.0733,,,37.0
16.3348,state,4,55.9322,2.518,0.5568,,,36.0
16.3441,cmd,3,40.4852,,,29.30,1.49,
16.3441,cmd,4,57.1847,,,29.30,1.49,
16.3447,state,3,40.2655,-1.399,0.0733,,,37.0
16.3448,state,4,55.9322,-0.280,0.6154,,,36.0
16.3541,cmd,3,40.4852,,,29.30,1.49,
16.3541,cmd,4,57.1847,,,29.30,1.49,
16.3547,state,3,40.2655,-1.399,0.0733,,,37.0
16.3548,state,4,55.9322,1.959,0.6154,,,36.0
16.3642,cmd,3,40.4852,,,29.30,1.49,
16.3642,cmd,4,57.1847,,,29.30,1.49,
16.3647,state,3,40.2655,0.839,0.1026,,,37.0
16.3649,state,4,55.9322,1.959,0.5568,,,36.0
16.3742,cmd,3,40.4852,,,29.30,1.49,
16.3742,cmd,4,57.1847,,,29.30,1.49,
16.3748,state,3,40.2655,5.876,0.0733,,,37.0
16.3749,state,4,55.9322,0.280,0.6154,,,36.0
16.3841,cmd,3,40.4852,,,29.30,1.49,
16.3841,cmd,4,57.1847,,,29.30,1.49,
16.3847,state,3,40.2435,1.399,0.0733,,,37.0
16.3848,state,4,55.9322,3.078,0.6154,,,36.0
16.3941,cmd,3,40.4852,,,29.30,1.49,
16.3941,cmd,4,57.1847,,,29.30,1.49,
16.3947,state,3,40.2435,-5.876,0.1026,,,37.0
16.3948,state,4,55.9322,0.280,0.5568,,,36.0
16.4042,cmd,3,40.4852,,,29.30,1.49,
16.4042,cmd,4,57.1847,,,29.30,1.49,
16.4048,state,3,40.2435,-7.555,0.0440,,,37.0
16.4049,state,4,55.9322,0.839,0.5568,,,36.0
16.4141,cmd,3,40.4852,,,29.30,1.49,
16.4141,cmd,4,57.1847,,,29.30,1.49,
16.4147,state,3,40.2435,-1.399,0.0440,,,37.0
16.4149,state,4,55.9322,-3.078,0.6154,,,36.0
16.4241,cmd,3,40.4852,,,29.30,1.49,
16.4241,cmd,4,57.1847,,,29.30,1.49,
16.4247,state,3,40.2655,-3.078,0.0733,,,37.0
16.4249,state,4,55.9322,3.638,0.5568,,,36.0
16.4342,cmd,3,40.4852,,,29.30,1.49,
16.4342,cmd,4,57.1847,,,29.30,1.49,
16.4348,state,3,40.2435,-2.518,0.1026,,,37.0
16.4349,state,4,55.9322,-4.197,0.6154,,,36.0
16.4442,cmd,3,40.4852,,,29.30,1.49,
16.4442,cmd,4,57.1847,,,29.30,1.49,
16.4447,state,3,40.2655,-3.078,0.0440,,,37.0
16.4451,state,4,55.9322,1.399,0.5568,,,36.0
16.4541,cmd,3,40.4852,,,29.30,1.49,
16.4542,cmd,4,57.1847,,,29.30,1.49,
16.4547,state,3,40.2655,-0.839,0.0440,,,37.0
16.4551,state,4,55.9322,2.518,0.5568,,,36.0
16.4642,cmd,3,40.4852,,,29.30,1.49,
16.4642,cmd,4,57.1847,,,29.30,1.49,
16.4648,state,3,40.2655,1.959,0.0733,,,37.0
16.4649,state,4,55.9322,-0.839,0.5568,,,36.0
16.4741,cmd,3,40.4852,,,29.30,1.49,
16.4742,cmd,4,57.1847,,,29.30,1.49,
16.4748,state,3,40.2655,0.839,0.0733,,,37.0
16.4748,state,4,55.9322,1.399,0.5568,,,36.0
16.4841,cmd,3,40.4852,,,29.30,1.49,
16.4841,cmd,4,57.1847,,,29.30,1.49,
16.4848,state,3,40.2655,-0.839,0.1026,,,37.0
16.4849,state,4,55.9322,1.399,0.6154,,,36.0
16.4941,cmd,3,40.4852,,,29.30,1.49,
16.4942,cmd,4,57.1847,,,29.30,1.49,
16.4948,state,3,40.2655,-0.839,0.0733,,,37.0
16.4949,state,4,55.9103,-0.839,0.5568,,,36.0
16.5042,cmd,3,40.4852,,,29.30,1.49,
16.5042,cmd,4,57.1847,,,29.30,1.49,
16.5048,state,3,40.2655,1.399,0.0733,,,37.0
16.5049,state,4,55.9103,-3.078,0.5568,,,36.0
16.5141,cmd,3,40.4852,,,29.30,1.49,
16.5141,cmd,4,57.1847,,,29.30,1.49,
16.5147,state,3,40.2655,3.078,0.0147,,,37.0
16.5148,state,4,55.9103,-1.959,0.5568,,,36.0
16.5241,cmd,3,40.4852,,,29.30,1.49,
16.5242,cmd,4,57.1847,,,29.30,1.49,
16.5247,state,3,40.2655,3.638,0.0440,,,37.0
16.5251,state,4,55.9103,-1.399,0.5568,,,36.0
16.5342,cmd,3,40.4852,,,29.30,1.49,
16.5342,cmd,4,57.1847,,,29.30,1.49,
16.5347,state,3,40.2655,1.959,0.0733,,,37.0
16.5352,state,4,55.9322,-3.078,0.6154,,,36.0
16.5442,cmd,3,40.4852,,,29.30,1.49,
16.5442,cmd,4,57.1847,,,29.30,1.49,
16.5448,state,3,40.2435,-11.473,0.0733,,,37.0
16.5449,state,4,55.9103,-4.197,0.5568,,,36.0
16.5542,cmd,3,40.4852,,,29.30,1.49,
16.5542,cmd,4,57.1847,,,29.30,1.49,
16.5548,state,3,40.2435,-1.399,0.0733,,,37.0
16.5549,state,4,55.9322,-1.959,0.6154,,,36.0
16.5641,cmd,3,40.4852,,,29.30,1.49,
16.5641,cmd,4,57.1847,,,29.30,1.49,
16.5648,state,3,40.2655,1.959,0.0440,,,37.0
16.5649,state,4,55.9322,1.959,0.6154,,,36.0
16.5741,cmd,3,40.4852,,,29.30,1.49,
16.5742,cmd,4,57.1847,,,29.30,1.49,
16.5747,state,3,40.2655,5.317,0.0440,,,37.0
16.5751,state,4,55.9322,-1.959,0.5568,,,36.0
16.5842,cmd,3,40.4852,,,29.30,1.49,
16.5842,cmd,4,57.1847,,,29.30,1.49,
16.5847,state,3,40.2435,1.399,0.0440,,,37.0
16.5851,state,4,55.9322,0.280,0.5568,,,36.0
16.5941,cmd,3,40.4852,,,29.30,1.49,
16.5941,cmd,4,57.1847,,,29.30,1.49,
16.5946,state,3,40.2435,-3.638,0.0733,,,37.0
16.5950,state,4,55.9322,-1.399,0.5568,,,36.0
16.6041,cmd,3,40.4852,,,29.30,1.49,
16.6042,cmd,4,57.1847,,,29.30,1.49,
16.6047,state,3,40.2655,-4.757,0.0440,,,37.0
16.6049,state,4,55.9103,-3.638,0.6154,,,36.0
16.6142,cmd,3,40.4852,,,29.30,1.49,
16.6142,cmd,4,57.1847,,,29.30,1.49,
16.6146,state,3,40.2655,4.197,0.0733,,,37.0
16.6151,state,4,55.9322,1.399,0.5568,,,36.0
16.6241,cmd,3,40.4852,,,29.30,1.49,
16.6241,cmd,4,57.1847,,,29.30,1.49,
16.6247,state,3,40.2655,-1.959,0.0440,,,37.0
16.6250,state,4,55.9322,1.959,0.5568,,,36.0
16.6341,cmd,3,40.4852,,,29.30,1.49,
16.6342,cmd,4,57.1847,,,29.30,1.49,
16.6346,state,3,40.2655,-0.839,0.0733,,,37.0
16.6350,state,4,55.9322,-0.839,0.5568,,,36.0
16.6442,cmd,3,40.4852,,,29.30,1.49,
16.6442,cmd,4,57.1847,,,29.30,1.49,
16.6448,state,3,40.2655,-3.638,0.0733,,,37.0
16.6449,state,4,55.9322,3.638,0.5568,,,36.0
16.6541,cmd,3,40.4852,,,29.30,1.49,
16.6542,cmd,4,57.1847,,,29.30,1.49,
16.6547,state,3,40.2655,1.959,0.0733,,,37.0
16.6552,state,4,55.9322,0.280,0.5568,,,36.0
16.6641,cmd,3,40.4852,,,29.30,1.49,
16.6641,cmd,4,57.1847,,,29.30,1.49,
16.6646,state,3,40.2655,-0.839,0.0733,,,37.0
16.6650,state,4,55.9322,-1.959,0.6154,,,36.0
16.6742,cmd,3,40.4852,,,29.30,1.49,
16.6742,cmd,4,57.1847,,,29.30,1.49,
16.6748,state,3,40.2655,-5.317,0.0733,,,37.0
16.6749,state,4,55.9322,-4.197,0.6154,,,36.0
16.6841,cmd,3,40.4852,,,29.30,1.49,
16.6842,cmd,4,57.1847,,,29.30,1.49,
16.6847,state,3,40.2655,3.078,0.0733,,,37.0
16.6848,state,4,55.9322,-1.399,0.5568,,,36.0
16.6941,cmd,3,40.4852,,,29.30,1.49,
16.6942,cmd,4,57.1847,,,29.30,1.49,
16.6948,state,3,40.2655,1.959,0.0733,,,37.0
16.6948,state,4,55.9322,1.959,0.5568,,,36.0
16.7042,cmd,3,40.4852,,,29.30,1.49,
16.7042,cmd,4,57.1847,,,29.30,1.49,
16.7047,state,3,40.2655,-0.839,0.0733,,,37.0
16.7050,state,4,55.9322,0.280,0.5568,,,36.0
16.7141,cmd,3,40.4852,,,29.30,1.49,
16.7142,cmd,4,57.1847,,,29.30,1.49,
16.7148,state,3,40.2655,1.959,0.0440,,,37.0
16.7148,state,4,55.9322,-0.839,0.5568,,,36.0
16.7241,cmd,3,40.4852,,,29.30,1.49,
16.7241,cmd,4,57.1847,,,29.30,1.49,
16.7247,state,3,40.2655,1.399,0.1026,,,37.0
16.7248,state,4,55.9103,-0.839,0.5568,,,36.0
16.7342,cmd,3,40.4852,,,29.30,1.49,
16.7343,cmd,4,57.1847,,,29.30,1.49,
16.7348,state,3,40.2435,-3.078,0.1319,,,37.0
16.7349,state,4,55.9322,1.399,0.5568,,,36.0
16.7441,cmd,3,40.4852,,,29.30,1.49,
16.7442,cmd,4,57.1847,,,29.30,1.49,
16.7448,state,3,40.2655,5.317,0.0440,,,37.0
16.7448,state,4,55.9322,2.518,0.6154,,,36.0
16.7542,cmd,3,40.4852,,,29.30,1.49,
16.7542,cmd,4,57.1847,,,29.30,1.49,
16.7547,state,3,40.2435,-8.675,0.1026,,,37.0
16.7552,state,4,55.9322,3.078,0.6154,,,36.0
16.7642,cmd,3,40.4852,,,29.30,1.49,
16.7642,cmd,4,57.1847,,,29.30,1.49,
16.7647,state,3,40.2655,4.757,0.0733,,,37.0
16.7651,state,4,55.9322,1.959,0.5568,,,36.0
16.7742,cmd,3,40.4852,,,29.30,1.49,
16.7742,cmd,4,57.1847,,,29.30,1.49,
16.7748,state,3,40.2655,1.399,0.0733,,,37.0
16.7748,state,4,55.9322,3.078,0.5568,,,36.0
16.7842,cmd,3,40.4852,,,29.30,1.49,
16.7842,cmd,4,57.1847,,,29.30,1.49,
16.7847,state,3,40.2655,-2.518,0.0733,,,37.0
16.7852,state,4,55.9322,-0.839,0.5568,,,36.0
16.7942,cmd,3,40.4852,,,29.30,1.49,
16.7942,cmd,4,57.1847,,,29.30,1.49,
16.7947,state,3,40.2435,3.638,0.0733,,,37.0
16.7951,state,4,55.9322,1.959,0.6154,,,36.0
16.8042,cmd,3,40.4852,,,29.30,1.49,
16.8042,cmd,4,57.1847,,,29.30,1.49,
16.8048,state,3,40.2655,1.399,0.0733,,,37.0
16.8048,state,4,55.9322,-3.078,0.5568,,,36.0
16.8141,cmd,3,40.4852,,,29.30,1.49,
16.8142,cmd,4,57.1847,,,29.30,1.49,
16.8148,state,3,40.2655,-0.839,0.0733,,,37.0
16.8148,state,4,55.9322,-0.839,0.5568,,,36.0
16.8242,cmd,3,40.4852,,,29.30,1.49,
16.8242,cmd,4,57.1847,,,29.30,1.49,
16.8247,state,3,40.2655,-4.197,0.0733,,,37.0
16.8252,state,4,55.9322,1.959,0.5568,,,36.0
16.8342,cmd,3,40.4852,,,29.30,1.49,
16.8343,cmd,4,57.1847,,,29.30,1.49,
16.8348,state,3,40.2655,-0.839,0.0440,,,37.0
16.8351,state,4,55.9322,-1.959,0.6154,,,36.0
16.8442,cmd,3,40.4852,,,29.30,1.49,
16.8442,cmd,4,57.1847,,,29.30,1.49,
16.8447,state,3,40.2435,-1.959,0.0733,,,37.0
16.8451,state,4,55.9322,-4.197,0.5568,,,36.0
16.8542,cmd,3,40.4852,,,29.30,1.49,
16.8542,cmd,4,57.1847,,,29.30,1.49,
16.8548,state,3,40.2655,4.197,0.0733,,,37.0
16.8549,state,4,55.9322,-1.399,0.5568,,,36.0
16.8642,cmd,3,40.4852,,,29.30,1.49,
16.8642,cmd,4,57.1847,,,29.30,1.49,
16.8648,state,3,40.2435,-0.839,0.0440,,,37.0
16.8649,state,4,55.9322,-4.197,0.5568,,,36.0
16.8742,cmd,3,40.4852,,,29.30,1.49,
16.8742,cmd,4,57.1847,,,29.30,1.49,
16.8748,state,3,40.2435,-8.675,0.1026,,,37.0
16.8749,state,4,55.9322,-0.839,0.5568,,,36.0
16.8843,cmd,3,40.4852,,,29.30,1.49,
16.8843,cmd,4,57.1847,,,29.30,1.49,
16.8849,state,3,40.2655,-6.996,0.0733,,,37.0
16.8850,state,4,55.9322,-3.638,0.5568,,,36.0
16.8942,cmd,3,40.4852,,,29.30,1.49,
16.8943,cmd,4,57.1847,,,29.30,1.49,
16.8947,state,3,40.2655,-3.078,0.0733,,,37.0
16.8950,state,4,55.9322,-1.399,0.6154,,,36.0
16.9042,cmd,3,40.4852,,,29.30,1.49,
16.9042,cmd,4,57.1847,,,29.30,1.49,
16.9047,state,3,40.2655,1.959,0.0733,,,37.0
16.9051,state,4,55.9322,-3.638,0.5568,,,36.0
16.9143,cmd,3,40.4852,,,29.30,1.49,
16.9143,cmd,4,57.1847,,,29.30,1.49,
16.9148,state,3,40.2655,5.317,0.1026,,,37.0
16.9150,state,4,55.9322,1.399,0.6154,,,36.0
16.9242,cmd,3,40.4852,,,29.30,1.49,
16.9242,cmd,4,57.1847,,,29.30,1.49,
16.9248,state,3,40.2655,-3.078,0.1026,,,37.0
16.9249,state,4,55.9322,3.078,0.6154,,,36.0
16.9342,cmd,3,40.4852,,,29.30,1.49,
16.9343,cmd,4,57.1847,,,29.30,1.49,
16.9348,state,3,40.2655,-4.197,0.0733,,,37.0
16.9352,state,4,55.9322,-3.638,0.5568,,,36.0
16.9443,cmd,3,40.4852,,,29.30,1.49,
16.9443,cmd,4,57.1847,,,29.30,1.49,
16.9449,state,3,40.2655,-8.115,0.0733,,,37.0
16.9449,state,4,55.9103,-3.078,0.5568,,,36.0
16.9542,cmd,3,40.4852,,,29.30,1.49,
16.9542,cmd,4,57.1847,,,29.30,1.49,
16.9548,state,3,40.2435,-3.638,0.0733,,,37.0
16.9549,state,4,55.9322,4.197,0.5568,,,36.0
16.9642,cmd,3,40.4852,,,29.30,1.49,
16.9642,cmd,4,57.1847,,,29.30,1.49,
16.9647,state,3,40.2655,-4.757,0.0733,,,37.0
16.9651,state,4,55.9322,2.518,0.5568,,,36.0
16.9742,cmd,3,40.4852,,,29.30,1.49,
16.9742,cmd,4,57.1847,,,29.30,1.49,
16.9747,state,3,40.2435,-0.839,0.0733,,,37.0
16.9751,state,4,55.9322,0.280,0.5568,,,36.0
16.9842,cmd,3,40.4852,,,29.30,1.49,
16.9842,cmd,4,57.1847,,,29.30,1.49,
16.9847,state,3,40.2655,-1.959,0.0440,,,37.0
16.9849,state,4,55.9322,0.280,0.6154,,,36.0
16.9942,cmd,3,40.4852,,,29.30,1.49,
16.9942,cmd,4,57.1847,,,29.30,1.49,
16.9947,state,3,40.2655,-1.399,0.0733,,,37.0
16.9949,state,4,55.9322,3.078,0.6154,,,36.0
17.0043,cmd,3,40.4852,,,29.30,1.49,
17.0043,cmd,4,57.1847,,,29.30,1.49,
17.0049,state,3,40.2655,-0.839,0.0733,,,37.0
17.0050,state,4,55.9322,1.959,0.5568,,,36.0
17.0142,cmd,3,40.4852,,,29.30,1.49,
17.0142,cmd,4,57.1847,,,29.30,1.49,
17.0147,state,3,40.2655,-0.839,0.0440,,,37.0
17.0149,state,4,55.9322,1.959,0.6154,,,36.0
17.0242,cmd,3,40.4852,,,29.30,1.49,
17.0243,cmd,4,57.1847,,,29.30,1.49,
17.0248,state,3,40.2655,-2.518,0.0733,,,37.0
17.0254,state,4,55.9322,-3.638,0.5568,,,36.0
17.0342,cmd,3,40.4852,,,29.30,1.49,
17.0343,cmd,4,57.1847,,,29.30,1.49,
17.0348,state,3,40.2655,-2.518,0.0733,,,37.0
17.0349,state,4,55.9322,3.078,0.5568,,,36.0
17.0442,cmd,3,40.4852,,,29.30,1.49,
17.0442,cmd,4,57.1847,,,29.30,1.49,
17.0447,state,3,40.2655,-3.078,0.1026,,,37.0
17.0450,state,4,55.9322,-0.280,0.5568,,,36.0
17.0542,cmd,3,40.4852,,,29.30,1.49,
17.0543,cmd,4,57.1847,,,29.30,1.49,
17.0549,state,3,40.2435,4.197,0.1319,,,37.0
17.0549,state,4,55.9322,-2.518,0.5568,,,36.0
17.0644,cmd,3,40.4852,,,29.30,1.49,
17.0644,cmd,4,57.1847,,,29.30,1.49,
17.0650,state,3,40.2435,-5.876,0.0440,,,37.0
17.0651,state,4,55.9322,-4.197,0.5568,,,36.0
17.0743,cmd,3,40.4852,,,29.30,1.49,
17.0743,cmd,4,57.1847,,,29.30,1.49,
17.0748,state,3,40.2655,-3.078,0.0733,,,37.0
17.0749,state,4,55.9322,2.518,0.5568,,,36.0
17.0842,cmd,3,40.4852,,,29.30,1.49,
17.0842,cmd,4,57.1847,,,29.30,1.49,
17.0849,state,3,40.2655,1.959,0.1026,,,37.0
17.0849,state,4,55.9322,-5.317,0.5568,,,36.0
17.0943,cmd,3,40.4852,,,29.30,1.49,
17.0944,cmd,4,57.1847,,,29.30,1.49,
17.0950,state,3,40.2435,-0.280,0.0440,,,37.0
17.0951,state,4,55.9322,3.638,0.5568,,,36.0
17.1042,cmd,3,40.4852,,,29.30,1.49,
17.1042,cmd,4,57.1847,,,29.30,1.49,
17.1048,state,3,40.2655,-1.399,0.1026,,,37.0
17.1049,state,4,55.9322,2.518,0.5568,,,36.0
17.1142,cmd,3,40.4852,,,29.30,1.49,
17.1143,cmd,4,57.1847,,,29.30,1.49,
17.1148,state,3,40.2655,1.399,0.0733,,,37.0
17.1149,state,4,55.9322,-1.399,0.6154,,,36.0
17.1243,cmd,3,40.4852,,,29.30,1.49,
17.1243,cmd,4,57.1847,,,29.30,1.49,
17.1249,state,3,40.2655,3.638,0.0440,,,37.0
17.1250,state,4,55.9322,4.757,0.5568,,,36.0
17.1342,cmd,3,40.4852,,,29.30,1.49,
17.1342,cmd,4,57.1847,,,29.30,1.49,
17.1349,state,3,40.2655,-8.115,0.0147,,,37.0
17.1349,state,4,55.9322,-4.757,0.6154,,,36.0
17.1442,cmd,3,40.4852,,,29.30,1.49,
17.1442,cmd,4,57.1847,,,29.30,1.49,
17.1449,state,3,40.2435,-6.996,0.0733,,,37.0
17.1449,state,4,55.9322,-2.518,0.5568,,,36.0
17.1543,cmd,3,40.4852,,,29.30,1.49,
17.1543,cmd,4,57.1847,,,29.30,1.49,
17.1548,state,3,40.2435,-5.317,0.1026,,,37.0
17.1549,state,4,55.9322,0.839,0.5568,,,36.0
17.1643,cmd,3,40.4852,,,29.30,1.49,
17.1644,cmd,4,57.1847,,,29.30,1.49,
17.1649,state,3,40.2655,0.280,0.0440,,,37.0
17.1653,state,4,55.9103,-0.839,0.5568,,,36.0
17.1743,cmd,3,40.4852,,,29.30,1.49,
17.1743,cmd,4,57.1847,,,29.30,1.49,
17.1748,state,3,40.2655,1.399,0.1026,,,37.0
17.1752,state,4,55.9322,-4.197,0.5568,,,36.0
17.1842,cmd,3,40.4852,,,29.30,1.49,
17.1842,cmd,4,57.1847,,,29.30,1.49,
17.1847,state,3,40.2655,-1.399,0.0733,,,37.0
17.1851,state,4,55.9322,5.317,0.5568,,,36.0
17.1943,cmd,3,40.4852,,,29.30,1.49,
17.1943,cmd,4,57.1847,,,29.30,1.49,
17.1947,state,3,40.2655,6.996,0.0733,,,37.0
17.1952,state,4,55.9103,-0.280,0.5568,,,36.0
17.2043,cmd,3,40.4852,,,29.30,1.49,
17.2043,cmd,4,57.1847,,,29.30,1.49,
17.2048,state,3,40.2655,0.280,0.0733,,,37.0
17.2052,state,4,55.9103,-0.280,0.5568,,,36.0
17.2142,cmd,3,40.4852,,,29.30,1.49,
17.2142,cmd,4,57.1847,,,29.30,1.49,
17.2147,state,3,40.2655,3.078,0.0733,,,37.0
17.2152,state,4,55.9322,5.876,0.5568,,,36.0
17.2243,cmd,3,40.4852,,,29.30,1.49,
17.2243,cmd,4,57.1847,,,29.30,1.49,
17.2248,state,3,40.2655,-0.280,0.1026,,,37.0
17.2252,state,4,55.9322,-1.399,0.5568,,,36.0
17.2343,cmd,3,40.4852,,,29.30,1.49,
17.2343,cmd,4,57.1847,,,29.30,1.49,
17.2349,state,3,40.2655,0.280,0.0440,,,37.0
17.2350,state,4,55.9322,-0.839,0.6154,,,36.0
17.2442,cmd,3,40.4852,,,29.30,1.49,
17.2442,cmd,4,57.1847,,,29.30,1.49,
17.2448,state,3,40.2435,-6.996,0.0733,,,37.0
17.2451,state,4,55.9103,-8.115,0.6154,,,36.0
17.2543,cmd,3,40.4852,,,29.30,1.49,
17.2544,cmd,4,57.1847,,,29.30,1.49,
17.2550,state,3,40.2655,-0.280,0.0733,,,37.0
17.2551,state,4,55.9322,-1.959,0.6154,,,36.0
17.2643,cmd,3,40.4852,,,29.30,1.49,
17.2643,cmd,4,57.1847,,,29.30,1.49,
17.2648,state,3,40.2655,-2.518,0.0733,,,37.0
17.2649,state,4,55.9322,-3.078,0.6154,,,36.0
17.2742,cmd,3,40.4852,,,29.30,1.49,
17.2742,cmd,4,57.1847,,,29.30,1.49,
17.2747,state,3,40.2655,6.436,0.0733,,,37.0
17.2749,state,4,55.9322,3.638,0.5568,,,36.0
17.2843,cmd,3,40.4852,,,29.30,1.49,
17.2843,cmd,4,57.1847,,,29.30,1.49,
17.2848,state,3,40.2655,0.839,0.1026,,,37.0
17.2849,state,4,55.9322,-0.280,0.5568,,,36.0
17.2942,cmd,3,40.4852,,,29.30,1.49,
17.2943,cmd,4,57.1847,,,29.30,1.49,
17.2948,state,3,40.2435,-6.436,0.1026,,,37.0
17.2949,state,4,55.9103,-5.317,0.5568,,,36.0
17.3043,cmd,3,40.4852,,,29.30,1.49,
17.3043,cmd,4,57.1847,,,29.30,1.49,
17.3049,state,3,40.2435,-3.078,0.0733,,,37.0
17.3050,state,4,55.9322,-1.959,0.5568,,,36.0
17.3143,cmd,3,40.4852,,,29.30,1.49,
17.3143,cmd,4,57.1847,,,29.30,1.49,
17.3150,state,3,40.2655,0.839,0.0733,,,37.0
17.3151,state,4,55.9322,-0.839,0.5568,,,36.0
17.3242,cmd,3,40.4852,,,29.30,1.49,
17.3242,cmd,4,57.1847,,,29.30,1.49,
17.3248,state,3,40.2435,-1.399,0.0440,,,37.0
17.3249,state,4,55.9322,0.280,0.5568,,,36.0
17.3342,cmd,3,40.4852,,,29.30,1.49,
17.3342,cmd,4,57.1847,,,29.30,1.49,
17.3348,state,3,40.2655,7.555,0.0733,,,37.0
17.3349,state,4,55.9322,3.638,0.5568,,,36.0
17.3444,cmd,3,40.4852,,,29.30,1.49,
17.3444,cmd,4,57.1847,,,29.30,1.49,
17.3450,state,3,40.2655,-3.078,0.0440,,,37.0
17.3451,state,4,55.9322,3.078,0.5568,,,36.0
17.3543,cmd,3,40.4852,,,29.30,1.49,
17.3543,cmd,4,57.1847,,,29.30,1.49,
17.3548,state,3,40.2655,0.839,0.0733,,,37.0
17.3554,state,4,55.9322,3.638,0.6154,,,36.0
17.3643,cmd,3,40.4852,,,29.30,1.49,
17.3643,cmd,4,57.1847,,,29.30,1.49,
17.3649,state,3,40.2435,-0.280,0.0440,,,37.0
17.3650,state,4,55.9322,1.399,0.6154,,,36.0
17.3743,cmd,3,40.4852,,,29.30,1.49,
17.3744,cmd,4,57.1847,,,29.30,1.49,
17.3750,state,3,40.2655,0.839,0.0733,,,37.0
17.3751,state,4,55.9103,-4.757,0.4982,,,36.0
17.3843,cmd,3,40.4852,,,29.30,1.49,
17.3843,cmd,4,57.1847,,,29.30,1.49,
17.3848,state,3,40.2435,-9.234,0.0440,,,37.0
17.3850,state,4,55.9322,2.518,0.6154,,,36.0
17.3943,cmd,3,40.4852,,,29.30,1.49,
17.3943,cmd,4,57.1847,,,29.30,1.49,
17.3949,state,3,40.2435,0.280,0.0733,,,37.0
17.3950,state,4,55.9322,-1.399,0.5568,,,36.0
17.4043,cmd,3,40.4852,,,29.30,1.49,
17.4043,cmd,4,57.1847,,,29.30,1.49,
17.4049,state,3,40.2655,1.399,0.1026,,,37.0
17.4050,state,4,55.9322,-3.638,0.6154,,,36.0
17.4143,cmd,3,40.4852,,,29.30,1.49,
17.4143,cmd,4,57.1847,,,29.30,1.49,
17.4150,state,3,40.2435,3.078,0.0440,,,37.0
17.4150,state,4,55.9322,1.399,0.5568,,,36.0
17.4243,cmd,3,40.4852,,,29.30,1.49,
17.4243,cmd,4,57.1847,,,29.30,1.49,
17.4250,state,3,40.2435,-5.876,0.0733,,,37.0
17.4250,state,4,55.9322,-1.399,0.5568,,,36.0
17.4343,cmd,3,40.4852,,,29.30,1.49,
17.4344,cmd,4,57.1847,,,29.30,1.49,
17.4350,state,3,40.2435,-5.876,0.1026,,,37.0
17.4351,state,4,55.9103,-5.876,0.5568,,,36.0
17.4443,cmd,3,40.4852,,,29.30,1.49,
17.4444,cmd,4,57.1847,,,29.30,1.49,
17.4450,state,3,40.2655,1.959,0.0440,,,37.0
17.4451,state,4,55.9322,0.839,0.5568,,,36.0
17.4544,cmd,3,40.4852,,,29.30,1.49,
17.4544,cmd,4,57.1847,,,29.30,1.49,
17.4550,state,3,40.2435,-4.757,0.0733,,,37.0
17.4552,state,4,55.9322,-0.280,0.5568,,,36.0
17.4644,cmd,3,40.4852,,,29.30,1.49,
17.4644,cmd,4,57.1847,,,29.30,1.49,
17.4650,state,3,40.2655,-1.399,0.0733,,,37.0
17.4651,state,4,55.9103,-3.078,0.6154,,,36.0
17.4743,cmd,3,40.4852,,,29.30,1.49,
17.4743,cmd,4,57.1847,,,29.30,1.49,
17.4749,state,3,40.2435,-8.675,0.0733,,,37.0
17.4753,state,4,55.9103,-4.197,0.6154,,,36.0
17.4843,cmd,3,40.4852,,,29.30,1.49,
17.4843,cmd,4,57.1847,,,29.30,1.49,
17.4849,state,3,40.2655,1.959,0.0733,,,37.0
17.4850,state,4,55.9322,3.638,0.6154,,,36.0
17.4944,cmd,3,40.4852,,,29.30,1.49,
17.4944,cmd,4,57.1847,,,29.30,1.49,
17.4949,state,3,40.2655,-5.317,0.1319,,,37.0
17.4954,state,4,55.9103,-2.518,0.6154,,,36.0
17.5044,cmd,3,40.4852,,,29.30,1.49,
17.5044,cmd,4,57.1847,,,29.30,1.49,
17.5050,state,3,40.2655,10.913,0.1026,,,37.0
17.5051,state,4,55.9103,-1.399,0.6154,,,36.0
17.5143,cmd,3,40.4852,,,29.30,1.49,
17.5143,cmd,4,57.1847,,,29.30,1.49,
17.5149,state,3,40.2655,-1.959,0.0733,,,37.0
17.5152,state,4,55.9103,-1.399,0.6154,,,36.0
17.5243,cmd,3,40.4852,,,29.30,1.49,
17.5243,cmd,4,57.1847,,,29.30,1.49,
17.5249,state,3,40.2435,-6.436,0.1026,,,37.0
17.5250,state,4,55.9322,-0.839,0.6154,,,36.0
17.5343,cmd,3,40.4852,,,29.30,1.49,
17.5344,cmd,4,57.1847,,,29.30,1.49,
17.5349,state,3,40.2655,6.996,0.1026,,,37.0
17.5353,state,4,55.9322,3.078,0.6154,,,36.0
17.5443,cmd,3,40.4852,,,29.30,1.49,
17.5443,cmd,4,57.1847,,,29.30,1.49,
17.5448,state,3,40.2655,0.839,0.0733,,,37.0
17.5452,state,4,55.9103,-3.638,0.6154,,,36.0
17.5543,cmd,3,40.4852,,,29.30,1.49,
17.5543,cmd,4,57.1847,,,29.30,1.49,
17.5548,state,3,40.2655,4.757,0.0440,,,37.0
17.5552,state,4,55.9322,3.078,0.6154,,,36.0
17.5643,cmd,3,40.4852,,,29.30,1.49,
17.5643,cmd,4,57.1847,,,29.30,1.49,
17.5648,state,3,40.2655,-0.280,0.0733,,,37.0
17.5652,state,4,55.9322,1.399,0.5568,,,36.0
17.5743,cmd,3,40.4852,,,29.30,1.49,
17.5743,cmd,4,57.1847,,,29.30,1.49,
17.5748,state,3,40.2655,1.399,0.0733,,,37.0
17.5752,state,4,55.9322,-5.317,0.6154,,,36.0
17.5843,cmd,3,40.4852,,,29.30,1.49,
17.5843,cmd,4,57.1847,,,29.30,1.49,
17.5848,state,3,40.2655,0.839,0.0440,,,37.0
17.5852,state,4,55.9322,2.518,0.5568,,,36.0
17.5943,cmd,3,40.4852,,,29.30,1.49,
17.5944,cmd,4,57.1847,,,29.30,1.49,
17.5949,state,3,40.2655,4.757,0.0733,,,37.0
17.5953,state,4,55.9103,-0.839,0.5568,,,36.0
17.6043,cmd,3,40.4852,,,29.30,1.49,
17.6043,cmd,4,57.1847,,,29.30,1.49,
17.6048,state,3,40.2655,-1.959,0.0733,,,37.0
17.6052,state,4,55.9103,-3.078,0.5568,,,36.0
17.6144,cmd,3,40.4852,,,29.30,1.49,
17.6144,cmd,4,57.1847,,,29.30,1.49,
17.6149,state,3,40.2435,-5.317,0.1026,,,37.0
17.6152,state,4,55.9322,-2.518,0.5568,,,36.0
17.6243,cmd,3,40.4852,,,29.30,1.49,
17.6243,cmd,4,57.1847,,,29.30,1.49,
17.6248,state,3,40.2655,-1.399,0.0733,,,37.0
17.6252,state,4,55.9103,-6.436,0.5568,,,36.0
17.6344,cmd,3,40.4852,,,29.30,1.49,
17.6344,cmd,4,57.1847,,,29.30,1.49,
17.6350,state,3,40.2655,0.280,0.0733,,,37.0
17.6351,state,4,55.9322,-0.280,0.5568,,,36.0
17.6443,cmd,3,40.4852,,,29.30,1.49,
17.6443,cmd,4,57.1847,,,29.30,1.49,
17.6449,state,3,40.2655,-2.518,0.0733,,,37.0
17.6453,state,4,55.9103,0.280,0.5568,,,36.0
17.6544,cmd,3,40.4852,,,29.30,1.49,
17.6544,cmd,4,57.1847,,,29.30,1.49,
17.6549,state,3,40.2435,-4.757,0.0733,,,37.0
17.6553,state,4,55.9322,3.078,0.5568,,,36.0
17.6643,cmd,3,40.4852,,,29.30,1.49,
17.6643,cmd,4,57.1847,,,29.30,1.49,
17.6648,state,3,40.2655,-1.399,0.0733,,,37.0
17.6652,state,4,55.9103,-3.638,0.5568,,,36.0
17.6744,cmd,3,40.4852,,,29.30,1.49,
17.6745,cmd,4,57.1847,,,29.30,1.49,
17.6750,state,3,40.2655,1.959,0.0733,,,37.0
17.6752,state,4,55.9322,-2.518,0.6154,,,36.0
17.6843,cmd,3,40.4852,,,29.30,1.49,
17.6843,cmd,4,57.1847,,,29.30,1.49,
17.6850,state,3,40.2655,6.436,0.0440,,,37.0
17.6851,state,4,55.9322,-5.317,0.5568,,,36.0
17.6943,cmd,3,40.4852,,,29.30,1.49,
17.6943,cmd,4,57.1847,,,29.30,1.49,
17.6949,state,3,40.2655,-1.959,0.1026,,,37.0
17.6950,state,4,55.9322,-1.399,0.5568,,,36.0
17.7044,cmd,3,40.4852,,,29.30,1.49,
17.7044,cmd,4,57.1847,,,29.30,1.49,
17.7050,state,3,40.2655,0.839,0.0733,,,37.0
17.7052,state,4,55.9322,6.436,0.5568,,,36.0
17.7144,cmd,3,40.4852,,,29.30,1.49,
17.7144,cmd,4,57.1847,,,29.30,1.49,
17.7149,state,3,40.2655,1.399,0.1026,,,37.0
17.7153,state,4,55.9322,-0.839,0.5568,,,36.0
17.7243,cmd,3,40.4852,,,29.30,1.49,
17.7243,cmd,4,57.1847,,,29.30,1.49,
17.7249,state,3,40.2655,0.280,0.1026,,,37.0
17.7253,state,4,55.9322,-1.399,0.6154,,,36.0
17.7344,cmd,3,40.4852,,,29.30,1.49,
17.7344,cmd,4,57.1847,,,29.30,1.49,
17.7350,state,3,40.2435,-4.197,0.0733,,,37.0
17.7351,state,4,55.9103,-1.399,0.5568,,,36.0
17.7443,cmd,3,40.4852,,,29.30,1.49,
17.7444,cmd,4,57.1847,,,29.30,1.49,
17.7450,state,3,40.2435,-0.839,0.0733,,,37.0
17.7452,state,4,55.9322,-2.518,0.6154,,,36.0
17.7543,cmd,3,40.4852,,,29.30,1.49,
17.7543,cmd,4,57.1847,,,29.30,1.49,
17.7549,state,3,40.2435,5.876,0.0733,,,37.0
17.7553,state,4,55.9322,0.280,0.6154,,,36.0
17.7643,cmd,3,40.4852,,,29.30,1.49,
17.7643,cmd,4,57.1847,,,29.30,1.49,
17.7649,state,3,40.2655,5.876,0.0733,,,37.0
17.7653,state,4,55.9103,-0.839,0.5568,,,36.0
17.7744,cmd,3,40.4852,,,29.30,1.49,
17.7744,cmd,4,57.1847,,,29.30,1.49,
17.7749,state,3,40.2435,-7.555,0.0440,,,37.0
17.7754,state,4,55.9322,-3.078,0.5568,,,36.0
17.7843,cmd,3,40.4852,,,29.30,1.49,
17.7843,cmd,4,57.1847,,,29.30,1.49,
17.7850,state,3,40.2435,1.959,0.0440,,,37.0
17.7852,state,4,55.9103,-1.399,0.5568,,,36.0
17.7943,cmd,3,40.4852,,,29.30,1.49,
17.7943,cmd,4,57.1847,,,29.30,1.49,
17.7948,state,3,40.2655,3.078,0.1026,,,37.0
17.7952,state,4,55.9322,-0.280,0.6154,,,36.0
17.8044,cmd,3,40.4852,,,29.30,1.49,
17.8044,cmd,4,57.1847,,,29.30,1.49,
17.8049,state,3,40.2435,-10.354,0.0733,,,37.0
17.8053,state,4,55.9322,1.959,0.5568,,,36.0
17.8143,cmd,3,40.4852,,,29.30,1.49,
17.8143,cmd,4,57.1847,,,29.30,1.49,
17.8149,state,3,40.2655,4.757,0.1026,,,37.0
17.8150,state,4,55.9322,-4.197,0.5568,,,36.0
17.8244,cmd,3,40.4852,,,29.30,1.49,
17.8244,cmd,4,57.1847,,,29.30,1.49,
17.8250,state,3,40.2655,5.876,0.0733,,,37.0
17.8250,state,4,55.9322,-3.078,0.6154,,,36.0
17.8344,cmd,3,40.4852,,,29.30,1.49,
17.8344,cmd,4,57.1847,,,29.30,1.49,
17.8349,state,3,40.2655,-1.399,0.0733,,,37.0
17.8350,state,4,55.9322,-5.317,0.5568,,,36.0
17.8443,cmd,3,40.4852,,,29.30,1.49,
17.8443,cmd,4,57.1847,,,29.30,1.49,
17.8449,state,3,40.2435,3.078,0.0733,,,37.0
17.8450,state,4,55.9322,-0.280,0.6154,,,36.0
17.8543,cmd,3,40.4852,,,29.30,1.49,
17.8543,cmd,4,57.1847,,,29.30,1.49,
17.8549,state,3,40.2435,-0.280,0.0733,,,37.0
17.8550,state,4,55.9322,0.839,0.5568,,,36.0
17.8643,cmd,3,40.4852,,,29.30,1.49,
17.8643,cmd,4,57.1847,,,29.30,1.49,
17.8650,state,3,40.2435,-3.638,0.1026,,,37.0
17.8652,state,4,55.9322,-1.959,0.5568,,,36.0
17.8743,cmd,3,40.4852,,,29.30,1.49,
17.8743,cmd,4,57.1847,,,29.30,1.49,
17.8749,state,3,40.2435,1.959,0.1026,,,37.0
17.8753,state,4,55.9103,-0.280,0.5568,,,36.0
17.8845,cmd,3,40.4852,,,29.30,1.49,
17.8845,cmd,4,57.1847,,,29.30,1.49,
17.8849,state,3,40.2435,-4.197,0.0440,,,37.0
17.8852,state,4,55.9322,4.757,0.5568,,,36.0
17.8944,cmd,3,40.4852,,,29.30,1.49,
17.8944,cmd,4,57.1847,,,29.30,1.49,
17.8950,state,3,40.2655,1.399,0.0733,,,37.0
17.8951,state,4,55.9322,-2.518,0.5568,,,36.0
17.9044,cmd,3,40.4852,,,29.30,1.49,
17.9044,cmd,4,57.1847,,,29.30,1.49,
17.9049,state,3,40.2435,-1.959,0.0733,,,37.0
17.9054,state,4,55.9322,0.839,0.5568,,,36.0
17.9144,cmd,3,40.4852,,,29.30,1.49,
17.9144,cmd,4,57.1847,,,29.30,1.49,
17.9149,state,3,40.2655,0.839,0.0733,,,37.0
17.9154,state,4,55.9322,0.839,0.6154,,,36.0
17.9244,cmd,3,40.4852,,,29.30,1.49,
17.9244,cmd,4,57.1847,,,29.30,1.49,
17.9250,state,3,40.2435,-0.280,0.0440,,,37.0
17.9252,state,4,55.9322,0.839,0.5568,,,36.0
17.9343,cmd,3,40.4852,,,29.30,1.49,
17.9343,cmd,4,57.1847,,,29.30,1.49,
17.9350,state,3,40.2435,-4.197,0.0440,,,37.0
17.9351,state,4,55.9322,-1.399,0.6154,,,36.0
17.9443,cmd,3,40.4852,,,29.30,1.49,
17.9444,cmd,4,57.1847,,,29.30,1.49,
17.9449,state,3,40.2435,1.399,0.1026,,,37.0
17.9454,state,4,55.9322,-1.399,0.6154,,,36.0
17.9544,cmd,3,40.4852,,,29.30,1.49,
17.9544,cmd,4,57.1847,,,29.30,1.49,
17.9549,state,3,40.2655,-4.197,0.0733,,,37.0
17.9554,state,4,55.9322,4.197,0.6154,,,36.0
17.9643,cmd,3,40.4852,,,29.30,1.49,
17.9643,cmd,4,57.1847,,,29.30,1.49,
17.9650,state,3,40.2435,-0.280,0.0733,,,37.0
17.9652,state,4,55.9322,-0.839,0.6154,,,36.0
17.9744,cmd,3,40.4852,,,29.30,1.49,
17.9744,cmd,4,57.1847,,,29.30,1.49,
17.9750,state,3,40.2435,5.876,0.0733,,,37.0
17.9752,state,4,55.9322,0.839,0.6154,,,36.0
17.9844,cmd,3,40.4852,,,29.30,1.49,
17.9844,cmd,4,57.1847,,,29.30,1.49,
17.9850,state,3,40.2435,-1.959,0.1026,,,37.0
17.9851,state,4,55.9322,-0.280,0.5568,,,36.0
17.9944,cmd,3,40.4852,,,29.30,1.49,
17.9944,cmd,4,57.1847,,,29.30,1.49,
17.9950,state,3,40.2655,-0.280,0.1026,,,37.0
17.9950,state,4,55.9322,-1.399,0.6154,,,36.0
18.0043,cmd,3,40.4852,,,29.30,1.49,
18.0044,cmd,4,57.1847,,,29.30,1.49,
18.0050,state,3,40.2435,1.399,0.0440,,,37.0
18.0050,state,4,55.9322,-1.399,0.5568,,,36.0
18.0145,cmd,3,40.4852,,,29.30,1.49,
18.0146,cmd,4,57.1847,,,29.30,1.49,
18.0151,state,3,40.2655,-0.839,0.0733,,,37.0
18.0152,state,4,55.9322,-7.555,0.6154,,,36.0
18.0244,cmd,3,40.4852,,,29.30,1.49,
18.0244,cmd,4,57.1847,,,29.30,1.49,
18.0250,state,3,40.2655,0.839,0.0733,,,37.0
18.0251,state,4,55.9322,-1.959,0.6154,,,36.0
18.0344,cmd,3,40.4852,,,29.30,1.49,
18.0344,cmd,4,57.1847,,,29.30,1.49,
18.0350,state,3,40.2655,-3.078,0.0733,,,37.0
18.0351,state,4,55.9103,-2.518,0.5568,,,36.0
18.0446,cmd,3,40.4852,,,29.30,1.49,
18.0446,cmd,4,57.1847,,,29.30,1.49,
18.0451,state,3,40.2435,-6.996,0.0147,,,37.0
18.0453,state,4,55.9322,-2.518,0.5568,,,36.0
18.0545,cmd,3,40.4852,,,29.30,1.49,
18.0545,cmd,4,57.1847,,,29.30,1.49,
18.0551,state,3,40.2435,-2.518,0.0440,,,37.0
18.0552,state,4,55.9322,-1.399,0.4982,,,36.0
18.0645,cmd,3,40.4852,,,29.30,1.49,
18.0645,cmd,4,57.1847,,,29.30,1.49,
18.0650,state,3,40.2435,-5.876,0.0440,,,37.0
18.0652,state,4,55.9322,-2.518,0.5568,,,36.0
18.0745,cmd,3,40.4852,,,29.30,1.49,
18.0745,cmd,4,57.1847,,,29.30,1.49,
18.0750,state,3,40.2655,1.959,0.0440,,,37.0
18.0752,state,4,55.9322,-2.518,0.6154,,,36.0
18.0845,cmd,3,40.4852,,,29.30,1.49,
18.0845,cmd,4,57.1847,,,29.30,1.49,
18.0851,state,3,40.2655,-1.399,0.1026,,,37.0
18.0852,state,4,55.9103,-3.638,0.5568,,,36.0
18.0945,cmd,3,40.4852,,,29.30,1.49,
18.0945,cmd,4,57.1847,,,29.30,1.49,
18.0950,state,3,40.2655,3.078,0.1319,,,37.0
18.0952,state,4,55.9103,-6.996,0.6154,,,36.0
18.1046,cmd,3,40.4852,,,29.30,1.49,
18.1046,cmd,4,57.1847,,,29.30,1.49,
18.1052,state,3,40.2655,-0.280,0.1026,,,37.0
18.1053,state,4,55.9103,3.078,0.5568,,,36.0
18.1145,cmd,3,40.4852,,,29.30,1.49,
18.1146,cmd,4,57.1847,,,29.30,1.49,
18.1151,state,3,40.2655,8.115,0.1026,,,37.0
18.1152,state,4,55.9322,8.115,0.6154,,,36.0
18.1245,cmd,3,40.4852,,,29.30,1.49,
18.1246,cmd,4,57.1847,,,29.30,1.49,
18.1251,state,3,40.2655,-2.518,0.1026,,,37.0
18.1252,state,4,55.9103,-1.399,0.5568,,,36.0
18.1346,cmd,3,40.4852,,,29.30,1.49,
18.1347,cmd,4,57.1847,,,29.30,1.49,
18.1352,state,3,40.2655,6.436,0.1026,,,37.0
18.1353,state,4,55.9322,-0.839,0.5568,,,36.0
18.1445,cmd,3,40.4852,,,29.30,1.49,
18.1446,cmd,4,57.1847,,,29.30,1.49,
18.1451,state,3,40.2655,0.280,0.0733,,,37.0
18.1452,state,4,55.9103,-3.638,0.5568,,,36.0
18.1546,cmd,3,40.4852,,,29.30,1.49,
18.1547,cmd,4,57.1847,,,29.30,1.49,
18.1552,state,3,40.2435,-5.876,0.0733,,,37.0
18.1553,state,4,55.9322,1.959,0.5568,,,36.0
18.1646,cmd,3,40.4852,,,29.30,1.49,
18.1646,cmd,4,57.1847,,,29.30,1.49,
18.1652,state,3,40.2435,-4.757,0.1319,,,37.0
18.1653,state,4,55.9322,-3.638,0.6154,,,36.0
18.1745,cmd,3,40.4852,,,29.30,1.49,
18.1745,cmd,4,57.1847,,,29.30,1.49,
18.1751,state,3,40.2435,-1.959,0.1026,,,37.0
18.1752,state,4,55.9322,-0.280,0.5568,,,36.0
18.1844,cmd,3,40.4852,,,29.30,1.49,
18.1844,cmd,4,57.1847,,,29.30,1.49,
18.1850,state,3,40.2435,-1.399,0.0733,,,37.0
18.1851,state,4,55.9322,-0.280,0.5568,,,36.0
18.1946,cmd,3,40.4852,,,29.30,1.49,
18.1946,cmd,4,57.1847,,,29.30,1.49,
18.1952,state,3,40.2655,0.280,0.1026,,,37.0
18.1953,state,4,55.9322,0.280,0.5568,,,36.0
18.2046,cmd,3,40.4852,,,29.30,1.49,
18.2046,cmd,4,57.1847,,,29.30,1.49,
18.2051,state,3,40.2435,-5.317,0.0733,,,37.0
18.2057,state,4,55.9322,-0.839,0.6154,,,36.0
18.2145,cmd,3,40.4852,,,29.30,1.49,
18.2145,cmd,4,57.1847,,,29.30,1.49,
18.2150,state,3,40.2435,-0.280,0.0733,,,37.0
18.2155,state,4,55.9322,0.839,0.5568,,,36.0
18.2245,cmd,3,40.4852,,,29.30,1.49,
18.2245,cmd,4,57.1847,,,29.30,1.49,
18.2250,state,3,40.2655,4.197,0.0733,,,37.0
18.2254,state,4,55.9322,3.078,0.5568,,,36.0
18.2344,cmd,3,40.4852,,,29.30,1.49,
18.2345,cmd,4,57.1847,,,29.30,1.49,
18.2350,state,3,40.2655,5.876,0.0440,,,37.0
18.2351,state,4,55.9322,-1.959,0.5568,,,36.0
18.2444,cmd,3,40.4852,,,29.30,1.49,
18.2444,cmd,4,57.1847,,,29.30,1.49,
18.2450,state,3,40.2655,-0.280,0.0440,,,37.0
18.2452,state,4,55.9322,-0.280,0.5568,,,36.0
18.2545,cmd,3,40.4852,,,29.30,1.49,
18.2545,cmd,4,57.1847,,,29.30,1.49,
18.2551,state,3,40.2435,-3.638,0.0440,,,37.0
18.2551,state,4,55.9322,-0.839,0.5568,,,36.0
18.2645,cmd,3,40.4852,,,29.30,1.49,
18.2645,cmd,4,57.1847,,,29.30,1.49,
18.2651,state,3,40.2655,-3.078,0.0733,,,37.0
18.2652,state,4,55.9322,2.518,0.4982,,,36.0
18.2744,cmd,3,40.4852,,,29.30,1.49,
18.2744,cmd,4,57.1847,,,29.30,1.49,
18.2750,state,3,40.2655,-1.959,0.0733,,,37.0
18.2751,state,4,55.9322,5.317,0.5568,,,36.0
18.2844,cmd,3,40.4852,,,29.30,1.49,
18.2844,cmd,4,57.1847,,,29.30,1.49,
18.2850,state,3,40.2435,-8.115,0.1026,,,37.0
18.2851,state,4,55.9322,-1.959,0.6154,,,36.0
18.2945,cmd,3,40.4852,,,29.30,1.49,
18.2945,cmd,4,57.1847,,,29.30,1.49,
18.2951,state,3,40.2655,0.280,0.0733,,,37.0
18.2952,state,4,55.9322,0.839,0.6154,,,36.0
18.3044,cmd,3,40.4852,,,29.30,1.49,
18.3044,cmd,4,57.1847,,,29.30,1.49,
18.3050,state,3,40.2655,-2.518,0.0440,,,37.0
18.3052,state,4,55.9322,-0.839,0.5568,,,36.0
18.3144,cmd,3,40.4852,,,29.30,1.49,
18.3145,cmd,4,57.1847,,,29.30,1.49,
18.3150,state,3,40.2655,-3.638,0.0440,,,37.0
18.3152,state,4,55.9322,-0.280,0.5568,,,36.0
18.3245,cmd,3,40.4852,,,29.30,1.49,
18.3245,cmd,4,57.1847,,,29.30,1.49,
18.3251,state,3,40.2655,1.959,0.0440,,,37.0
18.3252,state,4,55.9322,4.757,0.6154,,,36.0
18.3344,cmd,3,40.4852,,,29.30,1.49,
18.3345,cmd,4,57.1847,,,29.30,1.49,
18.3350,state,3,40.2655,-2.518,0.1026,,,37.0
18.3351,state,4,55.9322,0.280,0.5568,,,36.0
18.3445,cmd,3,40.4852,,,29.30,1.49,
18.3445,cmd,4,57.1847,,,29.30,1.49,
18.3449,state,3,40.2655,-0.280,0.0733,,,37.0
18.3452,state,4,55.9322,4.757,0.5568,,,36.0
18.3545,cmd,3,40.4852,,,29.30,1.49,
18.3545,cmd,4,57.1847,,,29.30,1.49,
18.3551,state,3,40.2435,-4.757,0.0733,,,37.0
18.3552,state,4,55.9322,1.959,0.4982,,,36.0
18.3644,cmd,3,40.4852,,,29.30,1.49,
18.3644,cmd,4,57.1847,,,29.30,1.49,
18.3650,state,3,40.2655,-1.399,0.0733,,,37.0
18.3651,state,4,55.9322,3.078,0.5568,,,36.0
18.3744,cmd,3,40.4852,,,29.30,1.49,
18.3745,cmd,4,57.1847,,,29.30,1.49,
18.3750,state,3,40.2655,4.197,0.1026,,,37.0
18.3752,state,4,55.9322,-1.959,0.5568,,,36.0
18.3845,cmd,3,40.4852,,,29.30,1.49,
18.3846,cmd,4,57.1847,,,29.30,1.49,
18.3850,state,3,40.2655,1.959,0.0733,,,37.0
18.3851,state,4,55.9322,3.078,0.5568,,,36.0
18.3944,cmd,3,40.4852,,,29.30,1.49,
18.3945,cmd,4,57.1847,,,29.30,1.49,
18.3950,state,3,40.2655,-1.399,0.0440,,,37.0
18.3951,state,4,55.9322,-1.399,0.5568,,,36.0
18.4044,cmd,3,40.4852,,,29.30,1.49,
18.4045,cmd,4,57.1847,,,29.30,1.49,
18.4049,state,3,40.2655,-2.518,0.1026,,,37.0
18.4051,state,4,55.9322,-0.280,0.6154,,,36.0
18.4145,cmd,3,40.4852,,,29.30,1.49,
18.4146,cmd,4,57.1847,,,29.30,1.49,
18.4152,state,3,40.2435,-2.518,0.0440,,,37.0
18.4152,state,4,55.9103,-4.757,0.5568,,,36.0
18.4245,cmd,3,40.4852,,,29.30,1.49,
18.4245,cmd,4,57.1847,,,29.30,1.49,
18.4250,state,3,40.2655,0.839,0.1026,,,37.0
18.4251,state,4,55.9322,1.959,0.6154,,,36.0
18.4344,cmd,3,40.4852,,,29.30,1.49,
18.4345,cmd,4,57.1847,,,29.30,1.49,
18.4350,state,3,40.2655,-1.959,0.0733,,,37.0
18.4351,state,4,55.9322,1.959,0.6154,,,36.0
18.4445,cmd,3,40.4852,,,29.30,1.49,
18.4446,cmd,4,57.1847,,,29.30,1.49,
18.4451,state,3,40.2655,0.839,0.1026,,,37.0
18.4452,state,4,55.9322,3.078,0.5568,,,36.0
18.4545,cmd,3,40.4852,,,29.30,1.49,
18.4546,cmd,4,57.1847,,,29.30,1.49,
18.4550,state,3,40.2655,4.197,0.0440,,,37.0
18.4551,state,4,55.9322,0.839,0.5568,,,36.0
18.4644,cmd,3,40.4852,,,29.30,1.49,
18.4645,cmd,4,57.1847,,,29.30,1.49,
18.4650,state,3,40.2655,-3.638,0.0733,,,37.0
18.4651,state,4,55.9322,5.876,0.6154,,,36.0
18.4745,cmd,3,40.4852,,,29.30,1.49,
18.4745,cmd,4,57.1847,,,29.30,1.49,
18.4751,state,3,40.2655,-2.518,0.0440,,,37.0
18.4752,state,4,55.9322,0.280,0.5568,,,36.0
18.4845,cmd,3,40.4852,,,29.30,1.49,
18.4846,cmd,4,57.1847,,,29.30,1.49,
18.4850,state,3,40.2655,-0.839,0.0733,,,37.0
18.4852,state,4,55.9322,0.839,0.5568,,,36.0
18.4944,cmd,3,40.4852,,,29.30,1.49,
18.4944,cmd,4,57.1847,,,29.30,1.49,
18.4950,state,3,40.2435,-5.876,0.0733,,,37.0
18.4951,state,4,55.9322,0.839,0.5568,,,36.0
18.5045,cmd,3,40.4852,,,29.30,1.49,
18.5045,cmd,4,57.1847,,,29.30,1.49,
18.5050,state,3,40.2655,0.280,0.0733,,,37.0
18.5052,state,4,55.9322,-0.280,0.6154,,,36.0
18.5145,cmd,3,40.4852,,,29.30,1.49,
18.5146,cmd,4,57.1847,,,29.30,1.49,
18.5151,state,3,40.2435,-4.757,0.0733,,,37.0
18.5152,state,4,55.9322,0.280,0.5568,,,36.0
18.5245,cmd,3,40.4852,,,29.30,1.49,
18.5245,cmd,4,57.1847,,,29.30,1.49,
18.5251,state,3,40.2435,6.436,0.0147,,,37.0
18.5252,state,4,55.9103,-0.839,0.5568,,,36.0
18.5345,cmd,3,40.4852,,,29.30,1.49,
18.5345,cmd,4,57.1847,,,29.30,1.49,
18.5350,state,3,40.2655,0.839,0.0440,,,37.0
18.5352,state,4,55.9322,0.280,0.5568,,,36.0
18.5444,cmd,3,40.4852,,,29.30,1.49,
18.5445,cmd,4,57.1847,,,29.30,1.49,
18.5450,state,3,40.2655,-1.959,0.1026,,,37.0
18.5451,state,4,55.9322,-1.399,0.5568,,,36.0
18.5545,cmd,3,40.4852,,,29.30,1.49,
18.5545,cmd,4,57.1847,,,29.30,1.49,
18.5550,state,3,40.2655,3.078,0.0733,,,37.0
18.5551,state,4,55.9322,-1.399,0.4982,,,36.0
18.5645,cmd,3,40.4852,,,29.30,1.49,
18.5645,cmd,4,57.1847,,,29.30,1.49,
18.5650,state,3,40.2655,3.638,0.0733,,,37.0
18.5652,state,4,55.9322,0.839,0.5568,,,36.0
18.5745,cmd,3,40.4852,,,29.30,1.49,
18.5746,cmd,4,57.1847,,,29.30,1.49,
18.5751,state,3,40.2655,1.959,0.0733,,,37.0
18.5752,state,4,55.9322,-0.280,0.5568,,,36.0
18.5845,cmd,3,40.4852,,,29.30,1.49,
18.5845,cmd,4,57.1847,,,29.30,1.49,
18.5850,state,3,40.2655,2.518,0.0440,,,37.0
18.5851,state,4,55.9322,-2.518,0.5568,,,36.0
18.5947,cmd,3,40.4852,,,29.30,1.49,
18.5947,cmd,4,57.1847,,,29.30,1.49,
18.5952,state,3,40.2435,1.399,0.0440,,,37.0
18.5953,state,4,55.9322,-1.399,0.5568,,,36.0
18.6045,cmd,3,40.4852,,,29.30,1.49,
18.6045,cmd,4,57.1847,,,29.30,1.49,
18.6050,state,3,40.2655,0.280,0.0440,,,37.0
18.6051,state,4,55.9322,4.197,0.6154,,,36.0
18.6145,cmd,3,40.4852,,,29.30,1.49,
18.6145,cmd,4,57.1847,,,29.30,1.49,
18.6150,state,3,40.2435,-5.317,0.0147,,,37.0
18.6156,state,4,55.9322,8.115,0.5568,,,36.0
18.6245,cmd,3,40.4852,,,29.30,1.49,
18.6246,cmd,4,57.1847,,,29.30,1.49,
18.6251,state,3,40.2655,-2.518,0.0440,,,37.0
18.6252,state,4,55.9322,4.197,0.5568,,,36.0
18.6345,cmd,3,40.4852,,,29.30,1.49,
18.6345,cmd,4,57.1847,,,29.30,1.49,
18.6351,state,3,40.2655,-4.197,0.0733,,,37.0
18.6352,state,4,55.9322,1.399,0.5568,,,36.0
18.6445,cmd,3,40.4852,,,29.30,1.49,
18.6445,cmd,4,57.1847,,,29.30,1.49,
18.6451,state,3,40.2655,8.115,0.0733,,,37.0
18.6452,state,4,55.9322,0.280,0.5568,,,36.0
18.6545,cmd,3,40.4852,,,29.30,1.49,
18.6545,cmd,4,57.1847,,,29.30,1.49,
18.6551,state,3,40.2435,-3.078,0.0440,,,37.0
18.6552,state,4,55.9103,-0.280,0.5568,,,36.0
18.6645,cmd,3,40.4852,,,29.30,1.49,
18.6645,cmd,4,57.1847,,,29.30,1.49,
18.6651,state,3,40.2435,-6.996,0.1026,,,37.0
18.6651,state,4,55.9322,-1.959,0.5568,,,36.0
18.6745,cmd,3,40.4852,,,29.30,1.49,
18.6746,cmd,4,57.1847,,,29.30,1.49,
18.6750,state,3,40.2655,1.959,0.0733,,,37.0
18.6752,state,4,55.9322,0.280,0.5568,,,36.0
18.6845,cmd,3,40.4852,,,29.30,1.49,
18.6845,cmd,4,57.1847,,,29.30,1.49,
18.6851,state,3,40.2655,3.078,0.0733,,,37.0
18.6852,state,4,55.9322,0.839,0.6154,,,36.0
18.6946,cmd,3,40.4852,,,29.30,1.49,
18.6947,cmd,4,57.1847,,,29.30,1.49,
18.6953,state,3,40.2435,-1.399,0.0733,,,37.0
18.6953,state,4,55.9322,-1.399,0.6154,,,36.0
18.7045,cmd,3,40.4852,,,29.30,1.49,
18.7045,cmd,4,57.1847,,,29.30,1.49,
18.7051,state,3,40.2655,0.280,0.0733,,,37.0
18.7052,state,4,55.9322,-1.959,0.6154,,,36.0
18.7145,cmd,3,40.4852,,,29.30,1.49,
18.7146,cmd,4,57.1847,,,29.30,1.49,
18.7150,state,3,40.2435,-3.078,0.1026,,,37.0
18.7153,state,4,55.9322,-1.959,0.5568,,,36.0
18.7245,cmd,3,40.4852,,,29.30,1.49,
18.7245,cmd,4,57.1847,,,29.30,1.49,
18.7251,state,3,40.2655,0.280,0.1026,,,37.0
18.7252,state,4,55.9103,-5.876,0.5568,,,36.0
18.7346,cmd,3,40.4852,,,29.30,1.49,
18.7346,cmd,4,57.1847,,,29.30,1.49,
18.7352,state,3,40.2655,1.959,0.1026,,,37.0
18.7353,state,4,55.9322,4.197,0.5568,,,36.0
18.7446,cmd,3,40.4852,,,29.30,1.49,
18.7446,cmd,4,57.1847,,,29.30,1.49,
18.7452,state,3,40.2435,-5.876,0.1026,,,37.0
18.7453,state,4,55.9322,-1.959,0.5568,,,36.0
18.7546,cmd,3,40.4852,,,29.30,1.49,
18.7546,cmd,4,57.1847,,,29.30,1.49,
18.7552,state,3,40.2435,-1.959,0.0733,,,37.0
18.7553,state,4,55.9322,3.078,0.6154,,,36.0
18.7646,cmd,3,40.4852,,,29.30,1.49,
18.7646,cmd,4,57.1847,,,29.30,1.49,
18.7651,state,3,40.2655,-0.839,0.0440,,,37.0
18.7652,state,4,55.9322,0.280,0.6154,,,36.0
18.7746,cmd,3,40.4852,,,29.30,1.49,
18.7746,cmd,4,57.1847,,,29.30,1.49,
18.7751,state,3,40.2655,2.518,0.1026,,,37.0
18.7752,state,4,55.9103,-4.757,0.6154,,,36.0
18.7845,cmd,3,40.4852,,,29.30,1.49,
18.7846,cmd,4,57.1847,,,29.30,1.49,
18.7850,state,3,40.2655,7.555,0.1026,,,37.0
18.7853,state,4,55.9322,-4.757,0.5568,,,36.0
18.7945,cmd,3,40.4852,,,29.30,1.49,
18.7946,cmd,4,57.1847,,,29.30,1.49,
18.7950,state,3,40.2655,-0.839,0.0733,,,37.0
18.7955,state,4,55.9322,-3.078,0.5568,,,36.0
18.8046,cmd,3,40.4852,,,29.30,1.49,
18.8046,cmd,4,57.1847,,,29.30,1.49,
18.8051,state,3,40.2655,-3.638,0.1026,,,37.0
18.8056,state,4,55.9322,1.959,0.6154,,,36.0
18.8145,cmd,3,40.4852,,,29.30,1.49,
18.8146,cmd,4,57.1847,,,29.30,1.49,
18.8150,state,3,40.2655,-1.959,0.0733,,,37.0
18.8156,state,4,55.9322,0.280,0.6154,,,36.0
18.8245,cmd,3,40.4852,,,29.30,1.49,
18.8245,cmd,4,57.1847,,,29.30,1.49,
18.8250,state,3,40.2655,6.436,0.1026,,,37.0
18.8255,state,4,55.9322,0.280,0.5568,,,36.0
18.8346,cmd,3,40.4852,,,29.30,1.49,
18.8346,cmd,4,57.1847,,,29.30,1.49,
18.8351,state,3,40.2435,-3.638,0.0733,,,37.0
18.8353,state,4,55.9322,0.280,0.5568,,,36.0
18.8446,cmd,3,40.4852,,,29.30,1.49,
18.8446,cmd,4,57.1847,,,29.30,1.49,
18.8451,state,3,40.2655,-0.280,0.1026,,,37.0
18.8452,state,4,55.9322,-2.518,0.5568,,,36.0
18.8545,cmd,3,40.4852,,,29.30,1.49,
18.8546,cmd,4,57.1847,,,29.30,1.49,
18.8551,state,3,40.2655,0.280,0.0733,,,37.0
18.8552,state,4,55.9322,-2.518,0.5568,,,36.0
18.8646,cmd,3,40.4852,,,29.30,1.49,
18.8646,cmd,4,57.1847,,,29.30,1.49,
18.8651,state,3,40.2655,-3.078,0.0733,,,37.0
18.8652,state,4,55.9322,-2.518,0.5568,,,36.0
18.8746,cmd,3,40.4852,,,29.30,1.49,
18.8746,cmd,4,57.1847,,,29.30,1.49,
18.8752,state,3,40.2655,0.839,0.0733,,,37.0
18.8753,state,4,55.9322,-0.280,0.5568,,,36.0
18.8846,cmd,3,40.4852,,,29.30,1.49,
18.8846,cmd,4,57.1847,,,29.30,1.49,
18.8852,state,3,40.2435,-0.839,0.0733,,,37.0
18.8853,state,4,55.9322,1.399,0.5568,,,36.0
18.8946,cmd,3,40.4852,,,29.30,1.49,
18.8946,cmd,4,57.1847,,,29.30,1.49,
18.8951,state,3,40.2435,-1.959,0.1319,,,37.0
18.8952,state,4,55.9322,-1.959,0.6154,,,36.0
18.9045,cmd,3,40.4852,,,29.30,1.49,
18.9046,cmd,4,57.1847,,,29.30,1.49,
18.9051,state,3,40.2655,4.757,0.1319,,,37.0
18.9052,state,4,55.9322,-1.399,0.6154,,,36.0
18.9146,cmd,3,40.4852,,,29.30,1.49,
18.9146,cmd,4,57.1847,,,29.30,1.49,
18.9151,state,3,40.2655,0.280,0.1319,,,37.0
18.9152,state,4,55.9103,-0.839,0.6154,,,36.0
18.9246,cmd,3,40.4852,,,29.30,1.49,
18.9246,cmd,4,57.1847,,,29.30,1.49,
18.9252,state,3,40.2655,5.317,0.1319,,,37.0
18.9253,state,4,55.9103,-3.078,0.6154,,,36.0
18.9346,cmd,3,40.4852,,,29.30,1.49,
18.9346,cmd,4,57.1847,,,29.30,1.49,
18.9352,state,3,40.2655,-4.197,0.0440,,,37.0
18.9352,state,4,55.9322,1.959,0.5568,,,36.0
18.9446,cmd,3,40.4852,,,29.30,1.49,
18.9446,cmd,4,57.1847,,,29.30,1.49,
18.9452,state,3,40.2655,8.115,0.0440,,,37.0
18.9452,state,4,55.9322,2.518,0.5568,,,36.0
18.9546,cmd,3,40.4852,,,29.30,1.49,
18.9546,cmd,4,57.1847,,,29.30,1.49,
18.9552,state,3,40.2435,0.280,0.0440,,,37.0
18.9552,state,4,55.9322,-2.518,0.5568,,,36.0
18.9646,cmd,3,40.4852,,,29.30,1.49,
18.9646,cmd,4,57.1847,,,29.30,1.49,
18.9652,state,3,40.2655,5.317,0.0733,,,37.0
18.9652,state,4,55.9322,-3.638,0.6154,,,36.0
18.9745,cmd,3,40.4852,,,29.30,1.49,
18.9746,cmd,4,57.1847,,,29.30,1.49,
18.9751,state,3,40.2655,0.280,0.0440,,,37.0
18.9752,state,4,55.9103,-4.197,0.5568,,,36.0
18.9846,cmd,3,40.4852,,,29.30,1.49,
18.9846,cmd,4,57.1847,,,29.30,1.49,
18.9851,state,3,40.2655,6.436,0.0733,,,37.0
18.9852,state,4,55.9322,6.436,0.5568,,,36.0
18.9946,cmd,3,40.4852,,,29.30,1.49,
18.9946,cmd,4,57.1847,,,29.30,1.49,
18.9951,state,3,40.2655,6.436,0.0733,,,37.0
18.9952,state,4,55.9322,0.839,0.5568,,,36.0
19.0045,cmd,3,40.4852,,,29.30,1.49,
19.0046,cmd,4,57.1847,,,29.30,1.49,
19.0051,state,3,40.2655,4.757,0.0733,,,37.0
19.0052,state,4,55.9322,0.280,0.5568,,,36.0
19.0146,cmd,3,40.4852,,,29.30,1.49,
19.0147,cmd,4,57.1847,,,29.30,1.49,
19.0151,state,3,40.2655,0.839,0.0733,,,37.0
19.0153,state,4,55.9322,-0.839,0.5568,,,36.0
19.0246,cmd,3,40.4852,,,29.30,1.49,
19.0246,cmd,4,57.1847,,,29.30,1.49,
19.0252,state,3,40.2655,1.399,0.1026,,,37.0
19.0252,state,4,55.9322,-1.959,0.5568,,,36.0
19.0346,cmd,3,40.4852,,,29.30,1.49,
19.0346,cmd,4,57.1847,,,29.30,1.49,
19.0351,state,3,40.2655,-2.518,0.1026,,,37.0
19.0352,state,4,55.9103,-1.959,0.5568,,,36.0
19.0445,cmd,3,40.4852,,,29.30,1.49,
19.0445,cmd,4,57.1847,,,29.30,1.49,
19.0451,state,3,40.2435,-1.959,0.1319,,,37.0
19.0452,state,4,55.9322,-3.638,0.4982,,,36.0
19.0546,cmd,3,40.4852,,,29.30,1.49,
19.0546,cmd,4,57.1847,,,29.30,1.49,
19.0552,state,3,40.2655,-0.839,0.1026,,,37.0
19.0553,state,4,55.9103,-1.399,0.6154,,,36.0
19.0646,cmd,3,40.4852,,,29.30,1.49,
19.0646,cmd,4,57.1847,,,29.30,1.49,
19.0651,state,3,40.2435,-7.555,0.0440,,,37.0
19.0652,state,4,55.9322,3.078,0.5568,,,36.0
19.0746,cmd,3,40.4852,,,29.30,1.49,
19.0746,cmd,4,57.1847,,,29.30,1.49,
19.0751,state,3,40.2435,1.399,0.0733,,,37.0
19.0752,state,4,55.9322,-1.399,0.5568,,,36.0
19.0846,cmd,3,40.4852,,,29.30,1.49,
19.0846,cmd,4,57.1847,,,29.30,1.49,
19.0852,state,3,40.2655,4.197,0.0733,,,37.0
19.0853,state,4,55.9322,-1.959,0.6154,,,36.0
19.0946,cmd,3,40.4852,,,29.30,1.49,
19.0946,cmd,4,57.1847,,,29.30,1.49,
19.0951,state,3,40.2655,0.839,0.0733,,,37.0
19.0952,state,4,55.9103,-2.518,0.5568,,,36.0
19.1046,cmd,3,40.4852,,,29.30,1.49,
19.1046,cmd,4,57.1847,,,29.30,1.49,
19.1050,state,3,40.2655,-4.757,0.0733,,,37.0
19.1053,state,4,55.9322,-6.436,0.6154,,,36.0
19.1147,cmd,3,40.4852,,,29.30,1.49,
19.1147,cmd,4,57.1847,,,29.30,1.49,
19.1152,state,3,40.2655,-0.280,0.0733,,,37.0
19.1154,state,4,55.9322,0.839,0.6154,,,36.0
19.1245,cmd,3,40.4852,,,29.30,1.49,
19.1246,cmd,4,57.1847,,,29.30,1.49,
19.1251,state,3,40.2655,2.518,0.1026,,,37.0
19.1252,state,4,55.9322,0.280,0.5568,,,36.0
19.1346,cmd,3,40.4852,,,29.30,1.49,
19.1346,cmd,4,57.1847,,,29.30,1.49,
19.1352,state,3,40.2655,-7.555,0.0733,,,37.0
19.1353,state,4,55.9322,-1.399,0.5568,,,36.0
19.1446,cmd,3,40.4852,,,29.30,1.49,
19.1446,cmd,4,57.1847,,,29.30,1.49,
19.1452,state,3,40.2655,0.839,0.0440,,,37.0
19.1453,state,4,55.9322,-5.876,0.5568,,,36.0
19.1546,cmd,3,40.4852,,,29.30,1.49,
19.1546,cmd,4,57.1847,,,29.30,1.49,
19.1552,state,3,40.2655,-1.399,0.0733,,,37.0
19.1553,state,4,55.9103,-4.757,0.5568,,,36.0
19.1647,cmd,3,40.4852,,,29.30,1.49,
19.1647,cmd,4,57.1847,,,29.30,1.49,
19.1652,state,3,40.2435,-0.839,0.0733,,,37.0
19.1653,state,4,55.9322,0.280,0.5568,,,36.0
19.1746,cmd,3,40.4852,,,29.30,1.49,
19.1746,cmd,4,57.1847,,,29.30,1.49,
19.1752,state,3,40.2435,0.280,0.0440,,,37.0
19.1753,state,4,55.9103,-0.280,0.5568,,,36.0
19.1846,cmd,3,40.4852,,,29.30,1.49,
19.1846,cmd,4,57.1847,,,29.30,1.49,
19.1851,state,3,40.2655,-1.399,0.0440,,,37.0
19.1852,state,4,55.9322,-2.518,0.6154,,,36.0
19.1946,cmd,3,40.4852,,,29.30,1.49,
19.1947,cmd,4,57.1847,,,29.30,1.49,
19.1952,state,3,40.2655,3.638,0.0733,,,37.0
19.1953,state,4,55.9103,0.280,0.6154,,,36.0
19.2046,cmd,3,40.4852,,,29.30,1.49,
19.2046,cmd,4,57.1847,,,29.30,1.49,
19.2051,state,3,40.2435,-4.197,0.0440,,,37.0
19.2053,state,4,55.9322,-0.839,0.5568,,,36.0
19.2146,cmd,3,40.4852,,,29.30,1.49,
19.2146,cmd,4,57.1847,,,29.30,1.49,
19.2152,state,3,40.2435,-2.518,0.1026,,,37.0
19.2153,state,4,55.9322,2.518,0.5568,,,36.0
19.2246,cmd,3,40.4852,,,29.30,1.49,
19.2246,cmd,4,57.1847,,,29.30,1.49,
19.2251,state,3,40.2655,-2.518,0.0440,,,37.0
19.2253,state,4,55.9322,7.555,0.6154,,,36.0
19.2347,cmd,3,40.4852,,,29.30,1.49,
19.2347,cmd,4,57.1847,,,29.30,1.49,
19.2352,state,3,40.2435,2.518,0.0733,,,37.0
19.2353,state,4,55.9103,-3.638,0.6154,,,36.0
19.2447,cmd,3,40.4852,,,29.30,1.49,
19.2447,cmd,4,57.1847,,,29.30,1.49,
19.2451,state,3,40.2435,0.280,0.1026,,,37.0
19.2455,state,4,55.9322,-5.876,0.5568,,,36.0
19.2546,cmd,3,40.4852,,,29.30,1.49,
19.2547,cmd,4,57.1847,,,29.30,1.49,
19.2552,state,3,40.2435,-6.436,0.0733,,,37.0
19.2553,state,4,55.9103,-4.197,0.5568,,,36.0
19.2647,cmd,3,40.4852,,,29.30,1.49,
19.2647,cmd,4,57.1847,,,29.30,1.49,
19.2653,state,3,40.2435,-3.638,0.0440,,,37.0
19.2653,state,4,55.9322,-2.518,0.5568,,,36.0
19.2746,cmd,3,40.4852,,,29.30,1.49,
19.2747,cmd,4,57.1847,,,29.30,1.49,
19.2751,state,3,40.2655,3.638,0.1026,,,37.0
19.2753,state,4,55.9322,2.518,0.6154,,,36.0
19.2846,cmd,3,40.4852,,,29.30,1.49,
19.2847,cmd,4,57.1847,,,29.30,1.49,
19.2852,state,3,40.2435,2.518,0.1026,,,37.0
19.2853,state,4,55.9322,9.234,0.6154,,,36.0
19.2947,cmd,3,40.4852,,,29.30,1.49,
19.2947,cmd,4,57.1847,,,29.30,1.49,
19.2952,state,3,40.2435,-8.115,0.1026,,,37.0
19.2955,state,4,55.9103,-1.959,0.5568,,,36.0
19.3047,cmd,3,40.4852,,,29.30,1.49,
19.3048,cmd,4,57.1847,,,29.30,1.49,
19.3052,state,3,40.2655,4.757,0.0733,,,37.0
19.3055,state,4,55.9322,2.518,0.6154,,,36.0
19.3146,cmd,3,40.4852,,,29.30,1.49,
19.3146,cmd,4,57.1847,,,29.30,1.49,
19.3152,state,3,40.2435,4.197,0.0733,,,37.0
19.3153,state,4,55.9322,0.839,0.5568,,,36.0
19.3247,cmd,3,40.4852,,,29.30,1.49,
19.3247,cmd,4,57.1847,,,29.30,1.49,
19.3252,state,3,40.2435,0.280,0.1319,,,37.0
19.3253,state,4,55.9322,0.280,0.5568,,,36.0
19.3346,cmd,3,40.4852,,,29.30,1.49,
19.3347,cmd,4,57.1847,,,29.30,1.49,
19.3351,state,3,40.2655,1.959,0.0733,,,37.0
19.3352,state,4,55.9322,1.959,0.6154,,,36.0
19.3446,cmd,3,40.4852,,,29.30,1.49,
19.3446,cmd,4,57.1847,,,29.30,1.49,
19.3452,state,3,40.2435,2.518,0.0440,,,37.0
19.3453,state,4,55.9322,-0.839,0.5568,,,36.0
19.3546,cmd,3,40.4852,,,29.30,1.49,
19.3547,cmd,4,57.1847,,,29.30,1.49,
19.3553,state,3,40.2435,-0.280,0.0733,,,37.0
19.3553,state,4,55.9103,0.280,0.5568,,,36.0
19.3646,cmd,3,40.4852,,,29.30,1.49,
19.3646,cmd,4,57.1847,,,29.30,1.49,
19.3652,state,3,40.2655,2.518,0.0440,,,37.0
19.3653,state,4,55.9322,-3.638,0.6154,,,36.0
19.3746,cmd,3,40.4852,,,29.30,1.49,
19.3746,cmd,4,57.1847,,,29.30,1.49,
19.3752,state,3,40.2435,-0.839,0.0733,,,37.0
19.3753,state,4,55.9322,-0.280,0.5568,,,36.0
19.3847,cmd,3,40.4852,,,29.30,1.49,
19.3847,cmd,4,57.1847,,,29.30,1.49,
19.3852,state,3,40.2655,6.996,0.0440,,,37.0
19.3854,state,4,55.9322,0.839,0.5568,,,36.0
19.3946,cmd,3,40.4852,,,29.30,1.49,
19.3947,cmd,4,57.1847,,,29.30,1.49,
19.3952,state,3,40.2655,7.555,0.0440,,,37.0
19.3953,state,4,55.9322,-0.280,0.6154,,,36.0
19.4046,cmd,3,40.4852,,,29.30,1.49,
19.4046,cmd,4,57.1847,,,29.30,1.49,
19.4052,state,3,40.2655,-3.638,0.0440,,,37.0
19.4053,state,4,55.9322,3.638,0.5568,,,36.0
19.4147,cmd,3,40.4852,,,29.30,1.49,
19.4147,cmd,4,57.1847,,,29.30,1.49,
19.4153,state,3,40.2435,-4.197,0.0733,,,37.0
19.4154,state,4,55.9322,0.280,0.5568,,,36.0
19.4246,cmd,3,40.4852,,,29.30,1.49,
19.4246,cmd,4,57.1847,,,29.30,1.49,
19.4252,state,3,40.2435,5.317,0.1026,,,37.0
19.4253,state,4,55.9322,-0.280,0.5568,,,36.0
19.4347,cmd,3,40.4852,,,29.30,1.49,
19.4347,cmd,4,57.1847,,,29.30,1.49,
19.4352,state,3,40.2655,1.959,0.0733,,,37.0
19.4353,state,4,55.9103,-4.197,0.6154,,,36.0
19.4446,cmd,3,40.4852,,,29.30,1.49,
19.4447,cmd,4,57.1847,,,29.30,1.49,
19.4452,state,3,40.2435,0.839,0.1026,,,37.0
19.4453,state,4,55.9322,-1.959,0.5568,,,36.0
19.4547,cmd,3,40.4852,,,29.30,1.49,
19.4547,cmd,4,57.1847,,,29.30,1.49,
19.4553,state,3,40.2655,-0.280,0.0733,,,37.0
19.4554,state,4,55.9322,4.197,0.6154,,,36.0
19.4646,cmd,3,40.4852,,,29.30,1.49,
19.4646,cmd,4,57.1847,,,29.30,1.49,
19.4652,state,3,40.2435,-3.638,0.0440,,,37.0
19.4653,state,4,55.9322,0.839,0.5568,,,36.0
19.4747,cmd,3,40.4852,,,29.30,1.49,
19.4747,cmd,4,57.1847,,,29.30,1.49,
19.4752,state,3,40.2435,-1.959,0.0733,,,37.0
19.4754,state,4,55.9322,-0.839,0.5568,,,36.0
19.4846,cmd,3,40.4852,,,29.30,1.49,
19.4846,cmd,4,57.1847,,,29.30,1.49,
19.4852,state,3,40.2655,-1.959,0.0733,,,37.0
19.4853,state,4,55.9103,-4.197,0.5568,,,36.0
19.4946,cmd,3,40.4852,,,29.30,1.49,
19.4946,cmd,4,57.1847,,,29.30,1.49,
19.4952,state,3,40.2655,-0.280,0.0733,,,37.0
19.4953,state,4,55.9322,5.317,0.5568,,,36.0
19.5047,cmd,3,40.4852,,,29.30,1.49,
19.5047,cmd,4,57.1847,,,29.30,1.49,
19.5053,state,3,40.2655,-2.518,0.0733,,,37.0
19.5054,state,4,55.9322,0.280,0.5568,,,36.0
19.5147,cmd,3,40.4852,,,29.30,1.49,
19.5148,cmd,4,57.1847,,,29.30,1.49,
19.5153,state,3,40.2655,1.399,0.1026,,,37.0
19.5154,state,4,55.9322,-3.078,0.5568,,,36.0
19.5246,cmd,3,40.4852,,,29.30,1.49,
19.5246,cmd,4,57.1847,,,29.30,1.49,
19.5252,state,3,40.2655,-1.399,0.0440,,,37.0
19.5253,state,4,55.9322,-0.280,0.6154,,,36.0
19.5347,cmd,3,40.4852,,,29.30,1.49,
19.5347,cmd,4,57.1847,,,29.30,1.49,
19.5351,state,3,40.2435,-1.399,0.1026,,,37.0
19.5355,state,4,55.9322,0.839,0.5568,,,36.0
19.5446,cmd,3,40.4852,,,29.30,1.49,
19.5447,cmd,4,57.1847,,,29.30,1.49,
19.5452,state,3,40.2435,-0.280,0.0733,,,37.0
19.5453,state,4,55.9322,0.839,0.5568,,,36.0
19.5547,cmd,3,40.4852,,,29.30,1.49,
19.5547,cmd,4,57.1847,,,29.30,1.49,
19.5552,state,3,40.2655,1.959,0.1319,,,37.0
19.5553,state,4,55.9322,2.518,0.5568,,,36.0
19.5647,cmd,3,40.4852,,,29.30,1.49,
19.5647,cmd,4,57.1847,,,29.30,1.49,
19.5652,state,3,40.2655,2.518,0.0733,,,37.0
19.5653,state,4,55.9322,-2.518,0.5568,,,36.0
19.5746,cmd,3,40.4852,,,29.30,1.49,
19.5746,cmd,4,57.1847,,,29.30,1.49,
19.5752,state,3,40.2655,0.280,0.0733,,,37.0
19.5753,state,4,55.9322,0.280,0.5568,,,36.0
19.5846,cmd,3,40.4852,,,29.30,1.49,
19.5847,cmd,4,57.1847,,,29.30,1.49,
19.5852,state,3,40.2655,-0.839,0.1026,,,37.0
19.5853,state,4,55.9322,1.399,0.5568,,,36.0
19.5948,cmd,3,40.4852,,,29.30,1.49,
19.5948,cmd,4,57.1847,,,29.30,1.49,
19.5953,state,3,40.2655,0.280,0.0733,,,37.0
19.5954,state,4,55.9322,3.638,0.5568,,,36.0
19.6047,cmd,3,40.4852,,,29.30,1.49,
19.6047,cmd,4,57.1847,,,29.30,1.49,
19.6052,state,3,40.2435,-2.518,0.0440,,,37.0
19.6054,state,4,55.9103,-2.518,0.5568,,,36.0
19.6148,cmd,3,40.4852,,,29.30,1.49,
19.6149,cmd,4,57.1847,,,29.30,1.49,
19.6154,state,3,40.2655,5.317,0.0733,,,37.0
19.6155,state,4,55.9322,1.399,0.6154,,,36.0
19.6248,cmd,3,40.4852,,,29.30,1.49,
19.6249,cmd,4,57.1847,,,29.30,1.49,
19.6253,state,3,40.2655,-5.876,0.0440,,,37.0
19.6255,state,4,55.9322,-1.959,0.6154,,,36.0
19.6348,cmd,3,40.4852,,,29.30,1.49,
19.6349,cmd,4,57.1847,,,29.30,1.49,
19.6353,state,3,40.2435,-6.996,0.0733,,,37.0
19.6355,state,4,55.9103,0.280,0.5568,,,36.0
19.6447,cmd,3,40.4852,,,29.30,1.49,
19.6447,cmd,4,57.1847,,,29.30,1.49,
19.6453,state,3,40.2655,2.518,0.0440,,,37.0
19.6454,state,4,55.9322,3.638,0.6154,,,36.0
19.6547,cmd,3,40.4852,,,29.30,1.49,
19.6548,cmd,4,57.1847,,,29.30,1.49,
19.6553,state,3,40.2655,-1.399,0.0440,,,37.0
19.6555,state,4,55.9322,-2.518,0.6154,,,36.0
19.6647,cmd,3,40.4852,,,29.30,1.49,
19.6647,cmd,4,57.1847,,,29.30,1.49,
19.6652,state,3,40.2655,2.518,0.0733,,,37.0
19.6653,state,4,55.9322,-2.518,0.5568,,,36.0
19.6747,cmd,3,40.4852,,,29.30,1.49,
19.6747,cmd,4,57.1847,,,29.30,1.49,
19.6752,state,3,40.2655,1.399,0.0733,,,37.0
19.6753,state,4,55.9322,-4.197,0.5568,,,36.0
19.6847,cmd,3,40.4852,,,29.30,1.49,
19.6847,cmd,4,57.1847,,,29.30,1.49,
19.6853,state,3,40.2655,0.280,0.0440,,,37.0
19.6854,state,4,55.9322,0.280,0.6154,,,36.0
19.6947,cmd,3,40.4852,,,29.30,1.49,
19.6947,cmd,4,57.1847,,,29.30,1.49,
19.6952,state,3,40.2435,-6.996,0.0733,,,37.0
19.6953,state,4,55.9322,1.399,0.5568,,,36.0
19.7046,cmd,3,40.4852,,,29.30,1.49,
19.7046,cmd,4,57.1847,,,29.30,1.49,
19.7052,state,3,40.2435,-3.078,0.1026,,,37.0
19.7053,state,4,55.9322,1.959,0.5568,,,36.0
19.7148,cmd,3,40.4852,,,29.30,1.49,
19.7148,cmd,4,57.1847,,,29.30,1.49,
19.7153,state,3,40.2655,-4.757,0.0733,,,37.0
19.7155,state,4,55.9322,-1.959,0.5568,,,36.0
19.7247,cmd,3,40.4852,,,29.30,1.49,
19.7247,cmd,4,57.1847,,,29.30,1.49,
19.7253,state,3,40.2655,5.876,0.0440,,,37.0
19.7254,state,4,55.9322,-3.078,0.5568,,,36.0
19.7347,cmd,3,40.4852,,,29.30,1.49,
19.7348,cmd,4,57.1847,,,29.30,1.49,
19.7353,state,3,40.2655,5.317,0.0440,,,37.0
19.7354,state,4,55.9322,-2.518,0.6154,,,36.0
19.7447,cmd,3,40.4852,,,29.30,1.49,
19.7447,cmd,4,57.1847,,,29.30,1.49,
19.7453,state,3,40.2655,1.399,0.0440,,,37.0
19.7454,state,4,55.9322,0.839,0.6154,,,36.0
19.7547,cmd,3,40.4852,,,29.30,1.49,
19.7548,cmd,4,57.1847,,,29.30,1.49,
19.7553,state,3,40.2655,6.436,0.0440,,,37.0
19.7554,state,4,55.9322,2.518,0.5568,,,36.0
19.7647,cmd,3,40.4852,,,29.30,1.49,
19.7647,cmd,4,57.1847,,,29.30,1.49,
19.7652,state,3,40.2655,3.078,0.1026,,,37.0
19.7654,state,4,55.9322,-1.399,0.6154,,,36.0
19.7747,cmd,3,40.4852,,,29.30,1.49,
19.7747,cmd,4,57.1847,,,29.30,1.49,
19.7753,state,3,40.2655,8.675,0.0733,,,37.0
19.7754,state,4,55.9103,-3.078,0.6154,,,36.0
19.7846,cmd,3,40.4852,,,29.30,1.49,
19.7847,cmd,4,57.1847,,,29.30,1.49,
19.7852,state,3,40.2655,2.518,0.0733,,,37.0
19.7853,state,4,55.9103,4.757,0.5568,,,36.0
19.7948,cmd,3,40.4852,,,29.30,1.49,
19.7948,cmd,4,57.1847,,,29.30,1.49,
19.7954,state,3,40.2655,3.078,0.1319,,,37.0
19.7955,state,4,55.9322,-3.078,0.5568,,,36.0
19.8048,cmd,3,40.4852,,,29.30,1.49,
19.8048,cmd,4,57.1847,,,29.30,1.49,
19.8054,state,3,40.2435,-0.280,0.0733,,,37.0
19.8055,state,4,55.9322,3.078,0.6154,,,36.0
19.8147,cmd,3,40.4852,,,29.30,1.49,
19.8148,cmd,4,57.1847,,,29.30,1.49,
19.8154,state,3,40.2435,-4.197,0.1319,,,37.0
19.8155,state,4,55.9103,-4.197,0.6154,,,36.0
19.8247,cmd,3,40.4852,,,29.30,1.49,
19.8247,cmd,4,57.1847,,,29.30,1.49,
19.8253,state,3,40.2655,-2.518,0.0440,,,37.0
19.8254,state,4,55.9322,-3.638,0.6154,,,36.0
19.8347,cmd,3,40.4852,,,29.30,1.49,
19.8348,cmd,4,57.1847,,,29.30,1.49,
19.8353,state,3,40.2655,-5.317,0.0733,,,37.0
19.8355,state,4,55.9322,-0.839,0.6154,,,36.0
19.8447,cmd,3,40.4852,,,29.30,1.49,
19.8447,cmd,4,57.1847,,,29.30,1.49,
19.8452,state,3,40.2435,-4.757,0.1319,,,37.0
19.8453,state,4,55.9103,-2.518,0.6154,,,36.0
19.8547,cmd,3,40.4852,,,29.30,1.49,
19.8547,cmd,4,57.1847,,,29.30,1.49,
19.8553,state,3,40.2655,-0.280,0.0733,,,37.0
19.8554,state,4,55.9103,-1.959,0.5568,,,36.0
19.8647,cmd,3,40.4852,,,29.30,1.49,
19.8647,cmd,4,57.1847,,,29.30,1.49,
19.8653,state,3,40.2435,-1.959,0.1026,,,37.0
19.8655,state,4,55.9322,0.839,0.5568,,,36.0
19.8747,cmd,3,40.4852,,,29.30,1.49,
19.8747,cmd,4,57.1847,,,29.30,1.49,
19.8753,state,3,40.2655,1.399,0.0733,,,37.0
19.8754,state,4,55.9322,1.959,0.5568,,,36.0
19.8847,cmd,3,40.4852,,,29.30,1.49,
19.8847,cmd,4,57.1847,,,29.30,1.49,
19.8853,state,3,40.2655,4.197,0.0733,,,37.0
19.8855,state,4,55.9322,0.280,0.5568,,,36.0
19.8948,cmd,3,40.4852,,,29.30,1.49,
19.8948,cmd,4,57.1847,,,29.30,1.49,
19.8954,state,3,40.2655,2.518,0.0733,,,37.0
19.8955,state,4,55.9322,3.638,0.5568,,,36.0
19.9047,cmd,3,40.4852,,,29.30,1.49,
19.9047,cmd,4,57.1847,,,29.30,1.49,
19.9053,state,3,40.2655,8.115,0.1319,,,37.0
19.9054,state,4,55.9103,-1.399,0.6154,,,36.0
19.9147,cmd,3,40.4852,,,29.30,1.49,
19.9147,cmd,4,57.1847,,,29.30,1.49,
19.9153,state,3,40.2655,0.280,0.0733,,,37.0
19.9155,state,4,55.9322,2.518,0.6154,,,36.0
19.9247,cmd,3,40.4852,,,29.30,1.49,
19.9248,cmd,4,57.1847,,,29.30,1.49,
19.9254,state,3,40.2655,1.959,0.0440,,,37.0
19.9255,state,4,55.9103,-6.996,0.5568,,,36.0
19.9347,cmd,3,40.4852,,,29.30,1.49,
19.9348,cmd,4,57.1847,,,29.30,1.49,
19.9353,state,3,40.2435,-0.280,0.0733,,,37.0
19.9354,state,4,55.9322,1.959,0.6154,,,36.0
19.9447,cmd,3,40.4852,,,29.30,1.49,
19.9448,cmd,4,57.1847,,,29.30,1.49,
19.9453,state,3,40.2435,-0.280,0.0733,,,37.0
19.9455,state,4,55.9322,0.839,0.5568,,,36.0
19.9548,cmd,3,40.4852,,,29.30,1.49,
19.9548,cmd,4,57.1847,,,29.30,1.49,
19.9553,state,3,40.2655,-1.959,0.0440,,,37.0
19.9555,state,4,55.9322,-2.518,0.6154,,,36.0
19.9647,cmd,3,40.4852,,,29.30,1.49,
19.9647,cmd,4,57.1847,,,29.30,1.49,
19.9653,state,3,40.2655,0.280,0.1026,,,37.0
19.9655,state,4,55.9322,0.839,0.5568,,,36.0
19.9747,cmd,3,40.4852,,,29.30,1.49,
19.9747,cmd,4,57.1847,,,29.30,1.49,
19.9753,state,3,40.2655,1.399,0.0733,,,37.0
19.9755,state,4,55.9103,-3.638,0.5568,,,36.0
19.9847,cmd,3,40.4852,,,29.30,1.49,
19.9847,cmd,4,57.1847,,,29.30,1.49,
19.9853,state,3,40.2655,0.280,0.0733,,,37.0
19.9855,state,4,55.9322,0.839,0.4982,,,36.0
19.9948,cmd,3,40.4852,,,29.30,1.49,
19.9948,cmd,4,57.1847,,,29.30,1.49,
19.9953,state,3,40.2655,1.399,0.0733,,,37.0
19.9955,state,4,55.9103,-6.996,0.5568,,,36.0
20.0047,cmd,3,40.4852,,,29.30,1.49,
20.0047,cmd,4,57.1847,,,29.30,1.49,
20.0053,state,3,40.2435,0.280,0.1026,,,37.0
20.0054,state,4,55.9103,-0.839,0.5568,,,36.0
20.0148,cmd,3,40.4852,,,29.30,1.49,
20.0149,cmd,4,57.1847,,,29.30,1.49,
20.0153,state,3,40.2435,0.280,0.1026,,,37.0
20.0156,state,4,55.9103,-3.638,0.6154,,,36.0
20.0248,cmd,3,40.4852,,,29.30,1.49,
20.0248,cmd,4,57.1847,,,29.30,1.49,
20.0254,state,3,40.2655,0.839,0.0733,,,37.0
20.0255,state,4,55.9322,-1.959,0.5568,,,36.0
20.0349,cmd,3,40.4852,,,29.30,1.49,
20.0349,cmd,4,57.1847,,,29.30,1.49,
20.0355,state,3,40.2655,-2.518,0.0733,,,37.0
20.0355,state,4,55.9322,-1.959,0.5568,,,36.0
20.0449,cmd,3,40.4852,,,29.30,1.49,
20.0449,cmd,4,57.1847,,,29.30,1.49,
20.0454,state,3,40.2435,-2.518,0.0733,,,37.0
20.0455,state,4,55.9322,1.399,0.5568,,,36.0
20.0548,cmd,3,40.4852,,,29.30,1.49,
20.0548,cmd,4,57.1847,,,29.30,1.49,
20.0553,state,3,40.2655,0.839,0.0440,,,37.0
20.0555,state,4,55.9103,0.839,0.5568,,,36.0
20.0647,cmd,3,40.4852,,,29.30,1.49,
20.0648,cmd,4,57.1847,,,29.30,1.49,
20.0653,state,3,40.2655,1.399,0.0733,,,37.0
20.0655,state,4,55.9322,-0.280,0.5568,,,36.0
20.0748,cmd,3,40.4852,,,29.30,1.49,
20.0748,cmd,4,57.1847,,,29.30,1.49,
20.0754,state,3,40.2655,-5.317,0.0733,,,37.0
20.0755,state,4,55.9322,2.518,0.6154,,,36.0
20.0847,cmd,3,40.4852,,,29.30,1.49,
20.0848,cmd,4,57.1847,,,29.30,1.49,
20.0853,state,3,40.2655,-3.638,0.0440,,,37.0
20.0855,state,4,55.9103,-4.197,0.5568,,,36.0
20.0947,cmd,3,40.4852,,,29.30,1.49,
20.0948,cmd,4,57.1847,,,29.30,1.49,
20.0953,state,3,40.2655,12.033,0.0733,,,37.0
20.0955,state,4,55.9322,-4.197,0.6154,,,36.0
20.1048,cmd,3,40.4852,,,29.30,1.49,
20.1048,cmd,4,57.1847,,,29.30,1.49,
20.1054,state,3,40.2655,5.876,0.0733,,,37.0
20.1055,state,4,55.9322,-0.280,0.6154,,,36.0
20.1147,cmd,3,40.4852,,,29.30,1.49,
20.1148,cmd,4,57.1847,,,29.30,1.49,
20.1153,state,3,40.2435,0.280,0.0733,,,37.0
20.1155,state,4,55.9322,-0.280,0.5568,,,36.0
20.1247,cmd,3,40.4852,,,29.30,1.49,
20.1247,cmd,4,57.1847,,,29.30,1.49,
20.1254,state,3,40.2655,7.555,0.0733,,,37.0
20.1255,state,4,55.9103,-3.638,0.5568,,,36.0
20.1348,cmd,3,40.4852,,,29.30,1.49,
20.1348,cmd,4,57.1847,,,29.30,1.49,
20.1354,state,3,40.2435,1.959,0.0440,,,37.0
20.1355,state,4,55.9322,-1.399,0.5568,,,36.0
20.1447,cmd,3,40.4852,,,29.30,1.49,
20.1448,cmd,4,57.1847,,,29.30,1.49,
20.1454,state,3,40.2435,-3.638,0.0440,,,37.0
20.1455,state,4,55.9322,-1.399,0.5568,,,36.0
20.1548,cmd,3,40.4852,,,29.30,1.49,
20.1548,cmd,4,57.1847,,,29.30,1.49,
20.1553,state,3,40.2655,-1.959,0.0440,,,37.0
20.1555,state,4,55.9322,-3.638,0.5568,,,36.0
20.1649,cmd,3,40.4852,,,29.30,1.49,
20.1649,cmd,4,57.1847,,,29.30,1.49,
20.1655,state,3,40.2655,6.996,0.0733,,,37.0
20.1656,state,4,55.9322,-2.518,0.4982,,,36.0
20.1748,cmd,3,40.4852,,,29.30,1.49,
20.1749,cmd,4,57.1847,,,29.30,1.49,
20.1754,state,3,40.2655,-3.078,0.0440,,,37.0
20.1755,state,4,55.9322,-0.839,0.5568,,,36.0
20.1848,cmd,3,40.4852,,,29.30,1.49,
20.1848,cmd,4,57.1847,,,29.30,1.49,
20.1854,state,3,40.2655,-1.959,0.0733,,,37.0
20.1855,state,4,55.9322,-0.280,0.5568,,,36.0
20.1948,cmd,3,40.4852,,,29.30,1.49,
20.1948,cmd,4,57.1847,,,29.30,1.49,
20.1954,state,3,40.2435,-3.078,0.0440,,,37.0
20.1955,state,4,55.9322,-0.280,0.6154,,,36.0
20.2048,cmd,3,40.4852,,,29.30,1.49,
20.2048,cmd,4,57.1847,,,29.30,1.49,
20.2053,state,3,40.2435,3.078,0.0440,,,37.0
20.2055,state,4,55.9322,-0.280,0.6154,,,36.0
20.2148,cmd,3,37.2332,,,29.30,1.49,
20.2148,cmd,4,52.9220,,,29.30,1.49,
20.2154,state,3,40.2655,6.436,0.0440,,,37.0
20.2155,state,4,55.9322,3.078,0.6154,,,36.0
20.2248,cmd,3,37.2332,,,29.30,1.49,
20.2248,cmd,4,52.9220,,,29.30,1.49,
20.2254,state,3,40.2216,-5.317,-0.2784,,,37.0
20.2255,state,4,55.8883,-4.757,-0.3223,,,36.0
20.2349,cmd,3,37.2552,,,29.30,1.49,
20.2349,cmd,4,52.9220,,,29.30,1.49,
20.2355,state,3,40.0897,-22.666,-0.5128,,,37.0
20.2355,state,4,55.8004,-19.308,-0.2637,,,36.0
20.2448,cmd,3,37.2113,,,29.30,1.49,
20.2448,cmd,4,52.8780,,,29.30,1.49,
20.2454,state,3,39.8700,-24.345,-0.8938,,,37.0
20.2455,state,4,55.6027,-31.621,-0.1465,,,36.0
20.2549,cmd,3,37.0794,,,29.30,1.49,
20.2549,cmd,4,52.7901,,,29.30,1.49,
20.2555,state,3,39.6063,-27.703,-0.8938,,,37.0
20.2555,state,4,55.3390,-45.613,-0.3810,,,36.0
20.2648,cmd,3,36.8597,,,29.30,1.49,
20.2648,cmd,4,52.5924,,,29.30,1.49,
20.2654,state,3,39.3426,-24.905,-0.7473,,,37.0
20.2655,state,4,55.0533,-37.218,-0.8498,,,36.0
20.2748,cmd,3,36.5960,,,29.30,1.49,
20.2748,cmd,4,52.3287,,,29.30,1.49,
20.2754,state,3,39.1009,-24.905,-0.3077,,,37.0
20.2755,state,4,54.7677,-31.061,-1.2015,,,36.0
20.2848,cmd,3,36.3323,,,29.30,1.49,
20.2848,cmd,4,52.0430,,,29.30,1.49,
20.2854,state,3,38.8153,-31.621,0.1026,,,37.0
20.2855,state,4,54.5260,-32.740,-1.0256,,,36.0
20.2948,cmd,3,36.0906,,,29.30,1.49,
20.2948,cmd,4,51.7574,,,29.30,1.49,
20.2954,state,3,38.5077,-29.382,0.2784,,,37.0
20.2955,state,4,54.2843,-30.502,-0.6154,,,36.0
20.3047,cmd,3,35.8050,,,29.30,1.49,
20.3048,cmd,4,51.5157,,,29.30,1.49,
20.3054,state,3,38.1561,-33.860,-0.2198,,,37.0
20.3055,state,4,54.0645,-29.382,-0.4982,,,36.0
20.3148,cmd,3,35.4974,,,29.30,1.49,
20.3148,cmd,4,51.2740,,,29.30,1.49,
20.3154,state,3,37.7606,-32.740,-0.7473,,,37.0
20.3155,state,4,53.8448,-29.382,-0.0879,,,36.0
20.3248,cmd,3,35.1458,,,29.30,1.49,
20.3248,cmd,4,51.0542,,,29.30,1.49,
20.3255,state,3,37.4090,-30.502,-0.6886,,,37.0
20.3255,state,4,53.6251,-27.144,-0.2637,,,36.0
20.3348,cmd,3,34.7503,,,29.30,1.49,
20.3348,cmd,4,50.8345,,,29.30,1.49,
20.3354,state,3,37.1014,-29.942,-0.2784,,,37.0
20.3355,state,4,53.3614,-40.576,-0.4982,,,36.0
20.3448,cmd,3,34.3987,,,29.30,1.49,
20.3448,cmd,4,50.6148,,,29.30,1.49,
20.3454,state,3,36.7938,-36.098,0.2198,,,37.0
20.3455,state,4,53.0318,-41.695,-0.9084,,,36.0
20.3548,cmd,3,34.0911,,,29.30,1.49,
20.3548,cmd,4,50.3511,,,29.30,1.49,
20.3554,state,3,36.4642,-40.576,0.3077,,,37.0
20.3555,state,4,52.7681,-37.777,-1.2601,,,36.0
20.3648,cmd,3,33.7835,,,29.30,1.49,
20.3649,cmd,4,50.0215,,,29.30,1.49,
20.3655,state,3,36.0906,-37.218,-0.3370,,,37.0
20.3655,state,4,52.5484,-24.345,-1.0256,,,36.0
20.3748,cmd,3,33.4539,,,29.30,1.49,
20.3748,cmd,4,49.7578,,,29.30,1.49,
20.3754,state,3,35.6951,-37.218,-0.7766,,,37.0
20.3755,state,4,52.3507,-24.345,-0.8498,,,36.0
20.3848,cmd,3,33.0803,,,29.30,1.49,
20.3849,cmd,4,49.5381,,,29.30,1.49,
20.3855,state,3,35.3655,-29.382,-0.6886,,,37.0
20.3855,state,4,52.1529,-28.823,-0.4396,,,36.0
20.3948,cmd,3,32.6848,,,29.30,1.49,
20.3948,cmd,4,49.3404,,,29.30,1.49,
20.3954,state,3,35.0579,-29.942,-0.1319,,,37.0
20.3955,state,4,51.9332,-37.777,0.0293,,,36.0
20.4048,cmd,3,32.3552,,,29.30,1.49,
20.4048,cmd,4,49.1426,,,29.30,1.49,
20.4054,state,3,34.7503,-32.181,0.2491,,,37.0
20.4055,state,4,51.6695,-34.979,-0.2637,,,36.0
20.4148,cmd,3,32.0476,,,29.30,1.49,
20.4148,cmd,4,48.9229,,,29.30,1.49,
20.4156,state,3,34.3987,-37.777,0.1319,,,37.0
20.4156,state,4,51.3838,-37.777,-0.6154,,,36.0
20.4248,cmd,3,31.7400,,,29.30,1.49,
20.4248,cmd,4,48.6592,,,29.30,1.49,
20.4254,state,3,34.0691,-27.703,-0.3956,,,37.0
20.4255,state,4,51.0982,-42.255,-0.9670,,,36.0
20.4348,cmd,3,31.3884,,,29.30,1.49,
20.4348,cmd,4,48.3735,,,29.30,1.49,
20.4354,state,3,33.6736,-34.979,-0.8645,,,37.0
20.4355,state,4,50.7906,-37.218,-1.0842,,,36.0
20.4448,cmd,3,31.0588,,,29.30,1.49,
20.4449,cmd,4,48.0879,,,29.30,1.49,
20.4454,state,3,33.3440,-30.502,-0.6007,,,37.0
20.4455,state,4,50.5489,-33.300,-0.9084,,,36.0
20.4548,cmd,3,30.6633,,,29.30,1.49,
20.4549,cmd,4,47.7803,,,29.30,1.49,
20.4554,state,3,33.0584,-25.465,-0.0733,,,37.0
20.4555,state,4,50.3731,-27.144,-0.7326,,,36.0
20.4648,cmd,3,30.3337,,,29.30,1.49,
20.4649,cmd,4,47.5386,,,29.30,1.49,
20.4655,state,3,32.7507,-33.300,0.2198,,,37.0
20.4656,state,4,50.1753,-30.502,-0.3810,,,36.0
20.4749,cmd,3,30.0481,,,29.30,1.49,
20.4749,cmd,4,47.3628,,,29.30,1.49,
20.4754,state,3,32.3772,-36.098,0.1612,,,37.0
20.4756,state,4,49.9336,-33.300,-0.0293,,,36.0
20.4848,cmd,3,29.7404,,,29.30,1.49,
20.4848,cmd,4,47.1650,,,29.30,1.49,
20.4854,state,3,32.0256,-37.777,-0.5421,,,37.0
20.4855,state,4,49.6480,-45.053,-0.3223,,,36.0
20.4948,cmd,3,29.3669,,,29.30,1.49,
20.4948,cmd,4,46.9233,,,29.30,1.49,
20.4954,state,3,31.6521,-33.300,-0.8059,,,37.0
20.4955,state,4,49.3623,-38.897,-0.8498,,,36.0
20.5049,cmd,3,29.0153,,,29.30,1.49,
20.5049,cmd,4,46.6377,,,29.30,1.49,
20.5055,state,3,31.3005,-29.942,-0.5421,,,37.0
20.5056,state,4,49.0767,-37.218,-1.0842,,,36.0
20.5148,cmd,3,28.6418,,,29.30,1.49,
20.5148,cmd,4,46.3520,,,29.30,1.49,
20.5154,state,3,31.0149,-27.703,-0.0733,,,37.0
20.5155,state,4,48.8130,-35.539,-0.9670,,,36.0
20.5248,cmd,3,28.2902,,,29.30,1.49,
20.5249,cmd,4,46.0664,,,29.30,1.49,
20.5254,state,3,30.7292,-37.777,0.3077,,,37.0
20.5255,state,4,48.5713,-33.860,-0.6740,,,36.0
20.5348,cmd,3,28.0046,,,29.30,1.49,
20.5349,cmd,4,45.8027,,,29.30,1.49,
20.5355,state,3,30.3777,-34.419,0.1319,,,37.0
20.5356,state,4,48.3516,-29.382,-0.4982,,,36.0
20.5448,cmd,3,27.7189,,,29.30,1.49,
20.5448,cmd,4,45.5610,,,29.30,1.49,
20.5454,state,3,30.0041,-40.016,-0.5128,,,37.0
20.5455,state,4,48.1318,-37.218,-0.0293,,,36.0
20.5548,cmd,3,27.3674,,,29.30,1.49,
20.5548,cmd,4,45.3413,,,29.30,1.49,
20.5554,state,3,29.6306,-31.621,-0.8352,,,37.0
20.5555,state,4,47.8682,-39.456,-0.0879,,,36.0
20.5653,cmd,3,26.9938,,,29.30,1.49,
20.5653,cmd,4,45.1215,,,29.30,1.49,
20.5655,state,3,29.2790,-33.860,-0.5128,,,37.0
20.5656,state,4,47.5605,-40.576,-0.4396,,,36.0
20.5748,cmd,3,26.6203,,,29.30,1.49,
20.5748,cmd,4,44.8579,,,29.30,1.49,
20.5754,state,3,28.9934,-27.144,-0.0440,,,37.0
20.5755,state,4,47.2309,-37.777,-0.9670,,,36.0
20.5848,cmd,3,26.2687,,,29.30,1.49,
20.5849,cmd,4,44.5502,,,29.30,1.49,
20.5855,state,3,28.7077,-31.621,0.2198,,,37.0
20.5856,state,4,46.9453,-33.860,-1.1429,,,36.0
20.5949,cmd,3,25.9831,,,29.30,1.49,
20.5949,cmd,4,44.2206,,,29.30,1.49,
20.5956,state,3,28.3561,-36.658,0.0733,,,37.0
20.5956,state,4,46.7036,-30.502,-0.6740,,,36.0
20.6048,cmd,3,25.6974,,,29.30,1.49,
20.6048,cmd,4,43.9350,,,29.30,1.49,
20.6054,state,3,27.9826,-35.539,-0.5421,,,37.0
20.6055,state,4,46.4839,-30.502,-0.4396,,,36.0
20.6148,cmd,3,25.3458,,,29.30,1.49,
20.6148,cmd,4,43.6933,,,29.30,1.49,
20.6154,state,3,27.6091,-35.539,-0.7766,,,37.0
20.6155,state,4,46.2422,-30.502,0.0879,,,36.0
20.6249,cmd,3,24.9723,,,29.30,1.49,
20.6249,cmd,4,43.4736,,,29.30,1.49,
20.6255,state,3,27.2795,-29.942,-0.4542,,,37.0
20.6256,state,4,45.9565,-40.016,-0.1465,,,36.0
20.6348,cmd,3,24.5988,,,29.30,1.49,
20.6348,cmd,4,43.2319,,,29.30,1.49,
20.6354,state,3,26.9718,-33.300,0.0147,,,37.0
20.6355,state,4,45.6709,-41.695,-0.4982,,,36.0
20.6449,cmd,3,24.2692,,,29.30,1.49,
20.6449,cmd,4,42.9462,,,29.30,1.49,
20.6456,state,3,26.6423,-35.539,0.2198,,,37.0
20.6456,state,4,45.3413,-43.374,-0.8498,,,36.0
20.6549,cmd,3,23.9615,,,29.30,1.49,
20.6549,cmd,4,42.6606,,,29.30,1.49,
20.6555,state,3,26.3127,-40.576,0.0147,,,37.0
20.6556,state,4,45.0556,-37.777,-1.0842,,,36.0
20.6648,cmd,3,23.6320,,,29.30,1.49,
20.6648,cmd,4,42.3310,,,29.30,1.49,
20.6654,state,3,25.9391,-40.016,-0.6593,,,37.0
20.6655,state,4,44.8139,-28.823,-0.9084,,,36.0
20.6748,cmd,3,23.3024,,,29.30,1.49,
20.6748,cmd,4,42.0453,,,29.30,1.49,
20.6754,state,3,25.5656,-36.658,-0.8352,,,37.0
20.6755,state,4,44.5942,-29.382,-0.4982,,,36.0
20.6849,cmd,3,22.9288,,,29.30,1.49,
20.6849,cmd,4,41.8036,,,29.30,1.49,
20.6855,state,3,25.2580,-26.024,-0.5128,,,37.0
20.6856,state,4,44.3525,-33.300,0.0293,,,36.0
20.6948,cmd,3,22.5553,,,29.30,1.49,
20.6948,cmd,4,41.5839,,,29.30,1.49,
20.6954,state,3,24.9723,-27.703,0.0440,,,37.0
20.6955,state,4,44.0888,-43.374,-0.0879,,,36.0
20.7049,cmd,3,22.2477,,,29.30,1.49,
20.7049,cmd,4,41.3422,,,29.30,1.49,
20.7055,state,3,24.6427,-36.098,0.3663,,,37.0
20.7056,state,4,43.7812,-41.135,-0.4982,,,36.0
20.7149,cmd,3,21.9620,,,29.30,1.49,
20.7149,cmd,4,41.0785,,,29.30,1.49,
20.7155,state,3,24.2911,-38.897,-0.0147,,,37.0
20.7156,state,4,43.4736,-41.135,-0.9084,,,36.0
20.7248,cmd,3,21.6324,,,29.30,1.49,
20.7248,cmd,4,40.7709,,,29.30,1.49,
20.7254,state,3,23.9176,-38.897,-0.6300,,,37.0
20.7255,state,4,43.1659,-42.255,-0.9670,,,36.0
20.7348,cmd,3,21.2808,,,29.30,1.49,
20.7348,cmd,4,40.4633,,,29.30,1.49,
20.7354,state,3,23.5441,-34.419,-0.7473,,,37.0
20.7355,state,4,42.9242,-33.860,-0.7912,,,36.0
20.7449,cmd,3,20.9073,,,29.30,1.49,
20.7449,cmd,4,40.1556,,,29.30,1.49,
20.7455,state,3,23.2364,-27.144,-0.4542,,,37.0
20.7456,state,4,42.6825,-29.382,-0.4982,,,36.0
20.7548,cmd,3,20.5338,,,29.30,1.49,
20.7549,cmd,4,39.9139,,,29.30,1.49,
20.7556,state,3,22.9508,-33.300,0.0440,,,37.0
20.7556,state,4,42.4848,-29.942,-0.2051,,,36.0
20.7649,cmd,3,20.2261,,,29.30,1.49,
20.7649,cmd,4,39.6722,,,29.30,1.49,
20.7656,state,3,22.6212,-32.181,0.2784,,,37.0
20.7656,state,4,42.2211,-33.860,-0.0293,,,36.0
20.7749,cmd,3,19.9405,,,29.30,1.49,
20.7749,cmd,4,39.4745,,,29.30,1.49,
20.7755,state,3,22.2696,-39.456,-0.1319,,,37.0
20.7756,state,4,41.8915,-48.971,-0.4396,,,36.0
20.7849,cmd,3,19.6109,,,29.30,1.49,
20.7849,cmd,4,39.2108,,,29.30,1.49,
20.7856,state,3,21.8961,-36.098,-0.6300,,,37.0
20.7856,state,4,41.5619,-40.016,-0.9670,,,36.0
20.7948,cmd,3,19.2593,,,29.30,1.49,
20.7948,cmd,4,38.8812,,,29.30,1.49,
20.7955,state,3,21.5225,-34.979,-0.8059,,,37.0
20.7955,state,4,41.2982,-34.419,-1.1429,,,36.0
20.8049,cmd,3,18.8858,,,29.30,1.49,
20.8050,cmd,4,38.5516,,,29.30,1.49,
20.8055,state,3,21.2149,-35.539,-0.4249,,,37.0
20.8056,state,4,41.0346,-29.942,-0.7912,,,36.0
20.8148,cmd,3,18.5122,,,29.30,1.49,
20.8149,cmd,4,38.2879,,,29.30,1.49,
20.8155,state,3,20.9512,-24.345,-0.0147,,,37.0
20.8155,state,4,40.7709,-32.181,-0.4396,,,36.0
20.8249,cmd,3,18.2046,,,29.30,1.49,
20.8249,cmd,4,38.0243,,,29.30,1.49,
20.8255,state,3,20.6217,-37.218,0.3077,,,37.0
20.8256,state,4,40.5512,-31.621,-0.0879,,,36.0
20.8349,cmd,3,17.9409,,,29.30,1.49,
20.8349,cmd,4,37.7606,,,29.30,1.49,
20.8355,state,3,20.2701,-34.979,-0.0733,,,37.0
20.8355,state,4,40.2875,-34.979,-0.0879,,,36.0
20.8448,cmd,3,17.6114,,,29.30,1.49,
20.8448,cmd,4,37.5409,,,29.30,1.49,
20.8455,state,3,19.8965,-37.777,-0.7179,,,37.0
20.8456,state,4,40.0018,-43.374,-0.4982,,,36.0
20.8548,cmd,3,17.2598,,,29.30,1.49,
20.8549,cmd,4,37.2772,,,29.30,1.49,
20.8555,state,3,19.5230,-36.098,-0.7473,,,37.0
20.8555,state,4,39.6503,-46.732,-0.9084,,,36.0
20.8649,cmd,3,16.8862,,,29.30,1.49,
20.8649,cmd,4,36.9915,,,29.30,1.49,
20.8655,state,3,19.2154,-31.621,-0.4542,,,37.0
20.8655,state,4,39.3646,-46.172,-1.0256,,,36.0
20.8748,cmd,3,16.5127,,,29.30,1.49,
20.8748,cmd,4,36.6400,,,29.30,1.49,
20.8754,state,3,18.9297,-23.786,0.0733,,,37.0
20.8755,state,4,39.1229,-32.181,-0.7326,,,36.0
20.8848,cmd,3,16.2051,,,29.30,1.49,
20.8848,cmd,4,36.3543,,,29.30,1.49,
20.8855,state,3,18.6221,-31.061,0.3370,,,37.0
20.8855,state,4,38.8812,-31.621,-0.3810,,,36.0
20.8949,cmd,3,16.0513,,,29.30,1.49,
20.8949,cmd,4,36.1126,,,29.30,1.49,
20.8955,state,3,18.2486,-42.255,-0.0733,,,37.0
20.8956,state,4,38.6175,-37.218,0.0293,,,36.0
20.9049,cmd,3,16.0513,,,29.30,1.49,
20.9049,cmd,4,35.8709,,,29.30,1.49,
20.9054,state,3,17.8750,-46.732,-0.6300,,,37.0
20.9057,state,4,38.3539,-37.218,-0.1465,,,36.0
20.9148,cmd,3,16.0513,,,29.30,1.49,
20.9149,cmd,4,35.6072,,,29.30,1.49,
20.9155,state,3,17.5235,-31.061,-0.7473,,,37.0
20.9155,state,4,38.0462,-47.292,-0.6154,,,36.0
20.9249,cmd,3,16.0513,,,29.30,1.49,
20.9249,cmd,4,35.3436,,,29.30,1.49,
20.9255,state,3,17.2378,-23.786,-0.3370,,,37.0
20.9256,state,4,37.7386,-41.695,-0.9084,,,36.0
20.9348,cmd,3,16.0513,,,29.30,1.49,
20.9349,cmd,4,35.0359,,,29.30,1.49,
20.9356,state,3,17.0181,-19.308,-0.0147,,,37.0
20.9356,state,4,37.4310,-35.539,-1.0256,,,36.0
20.9449,cmd,3,16.0513,,,29.30,1.49,
20.9449,cmd,4,34.7283,,,29.30,1.49,
20.9455,state,3,16.7984,-22.107,0.3663,,,37.0
20.9456,state,4,37.1893,-29.942,-0.6740,,,36.0
20.9549,cmd,3,16.0513,,,29.30,1.49,
20.9549,cmd,4,34.4207,,,29.30,1.49,
20.9555,state,3,16.5786,-15.391,0.3956,,,37.0
20.9556,state,4,36.9696,-31.621,-0.5568,,,36.0
20.9648,cmd,3,16.0513,,,29.30,1.49,
20.9649,cmd,4,34.1790,,,29.30,1.49,
20.9655,state,3,16.4028,-10.354,0.1612,,,37.0
20.9656,state,4,36.7498,-31.621,-0.0879,,,36.0
20.9748,cmd,3,16.0513,,,29.30,1.49,
20.9749,cmd,4,33.9593,,,29.30,1.49,
20.9755,state,3,16.2051,-16.510,-0.0440,,,37.0
20.9755,state,4,36.4642,-37.218,-0.0293,,,36.0
20.9849,cmd,3,16.0513,,,29.30,1.49,
20.9849,cmd,4,33.7395,,,29.30,1.49,
20.9855,state,3,16.0513,-11.473,-0.2784,,,37.0
20.9856,state,4,36.1566,-45.053,-0.5568,,,36.0
20.9949,cmd,3,16.0513,,,29.30,1.49,
20.9949,cmd,4,33.4539,,,29.30,1.49,
20.9955,state,3,15.9194,-9.234,-0.3956,,,37.0
20.9955,state,4,35.8489,-39.456,-0.9670,,,36.0
21.0048,cmd,3,16.0513,,,29.30,1.49,
21.0048,cmd,4,33.1463,,,29.30,1.49,
21.0054,state,3,15.8535,-4.197,-0.4835,,,37.0
21.0055,state,4,35.5633,-44.493,-1.0256,,,36.0
21.0149,cmd,3,16.0513,,,29.30,1.49,
21.0149,cmd,4,32.8386,,,29.30,1.49,
21.0155,state,3,15.8755,1.399,-0.4542,,,37.0
21.0156,state,4,35.2996,-35.539,-0.6740,,,36.0
21.0249,cmd,3,16.0513,,,29.30,1.49,
21.0250,cmd,4,32.5530,,,29.30,1.49,
21.0255,state,3,15.8975,1.399,-0.2784,,,37.0
21.0256,state,4,35.0579,-31.621,-0.4396,,,36.0
21.0349,cmd,3,16.0513,,,29.30,1.49,
21.0350,cmd,4,32.2893,,,29.30,1.49,
21.0355,state,3,15.9194,1.959,-0.1319,,,37.0
21.0356,state,4,34.8382,-28.263,-0.2051,,,36.0
21.0450,cmd,3,16.0513,,,29.30,1.49,
21.0450,cmd,4,32.1794,,,29.30,1.49,
21.0456,state,3,15.9634,8.115,-0.0733,,,37.0
21.0458,state,4,34.5745,-35.539,-0.0293,,,36.0
21.0550,cmd,3,16.0513,,,29.30,1.49,
21.0550,cmd,4,32.1794,,,29.30,1.49,
21.0556,state,3,15.9634,-0.839,-0.0733,,,37.0
21.0557,state,4,34.2669,-43.934,-0.4396,,,36.0
21.0649,cmd,3,16.0513,,,29.30,1.49,
21.0649,cmd,4,32.1794,,,29.30,1.49,
21.0655,state,3,15.9854,4.197,-0.0147,,,37.0
21.0656,state,4,33.9593,-36.658,-0.9084,,,36.0
21.0750,cmd,3,16.0513,,,29.30,1.49,
21.0750,cmd,4,32.1794,,,29.30,1.49,
21.0755,state,3,15.9854,-0.280,0.0147,,,37.0
21.0756,state,4,33.6956,-32.740,-1.0256,,,36.0
21.0849,cmd,3,16.0513,,,29.30,1.49,
21.0850,cmd,4,32.1794,,,29.30,1.49,
21.0855,state,3,16.0073,5.317,0.0147,,,37.0
21.0856,state,4,33.4978,-25.465,-0.7326,,,36.0
21.0949,cmd,3,16.0513,,,29.30,1.49,
21.0949,cmd,4,32.1794,,,29.30,1.49,
21.0955,state,3,16.0073,0.280,0.0147,,,37.0
21.0956,state,4,33.3440,-18.749,-0.4396,,,36.0
21.1050,cmd,3,16.0513,,,29.30,1.49,
21.1050,cmd,4,32.1794,,,29.30,1.49,
21.1056,state,3,16.0073,-3.078,-0.0147,,,37.0
21.1057,state,4,33.1902,-16.510,-0.2051,,,36.0
21.1149,cmd,3,16.0513,,,29.30,1.49,
21.1149,cmd,4,32.1794,,,29.30,1.49,
21.1155,state,3,16.0073,1.959,0.0147,,,37.0
21.1156,state,4,33.0584,-20.428,0.0879,,,36.0
21.1249,cmd,3,16.0513,,,29.30,1.49,
21.1249,cmd,4,32.1794,,,29.30,1.49,
21.1255,state,3,16.0073,-0.280,0.0147,,,37.0
21.1256,state,4,32.9485,-8.675,-0.0293,,,36.0
21.1349,cmd,3,16.0513,,,29.30,1.49,
21.1349,cmd,4,32.1794,,,29.30,1.49,
21.1356,state,3,16.0073,3.638,-0.0147,,,37.0
21.1356,state,4,32.8606,-9.794,-0.0293,,,36.0
21.1449,cmd,3,16.0513,,,29.30,1.49,
21.1449,cmd,4,32.1794,,,29.30,1.49,
21.1455,state,3,16.0073,-8.675,-0.0147,,,37.0
21.1456,state,4,32.7507,-14.831,0.0293,,,36.0
21.1550,cmd,3,16.0513,,,29.30,1.49,
21.1551,cmd,4,32.1794,,,29.30,1.49,
21.1556,state,3,16.0073,1.959,-0.0147,,,37.0
21.1557,state,4,32.6409,-10.354,-0.0879,,,36.0
21.1651,cmd,3,16.0513,,,29.30,1.49,
21.1651,cmd,4,32.1794,,,29.30,1.49,
21.1657,state,3,16.0073,2.518,-0.0147,,,37.0
21.1657,state,4,32.5310,-15.950,-0.1465,,,36.0
21.1749,cmd,3,16.0513,,,29.30,1.49,
21.1750,cmd,4,32.1794,,,29.30,1.49,
21.1755,state,3,16.0073,2.518,0.0147,,,37.0
21.1756,state,4,32.4431,-8.675,-0.1465,,,36.0
21.1849,cmd,3,16.0513,,,29.30,1.49,
21.1849,cmd,4,32.1794,,,29.30,1.49,
21.1855,state,3,16.0073,5.317,-0.0440,,,37.0
21.1856,state,4,32.3113,-16.510,-0.2051,,,36.0
21.1950,cmd,3,16.0513,,,29.30,1.49,
21.1951,cmd,4,32.1794,,,29.30,1.49,
21.1956,state,3,16.0073,-6.996,-0.0147,,,37.0
21.1957,state,4,32.2234,-5.317,-0.3810,,,36.0
21.2049,cmd,3,16.0513,,,29.30,1.49,
21.2049,cmd,4,32.1794,,,29.30,1.49,
21.2055,state,3,16.0073,-0.839,-0.0440,,,37.0
21.2056,state,4,32.1794,1.399,-0.4982,,,36.0
21.2149,cmd,3,16.0513,,,29.30,1.49,
21.2149,cmd,4,32.1794,,,29.30,1.49,
21.2156,state,3,16.0073,4.757,-0.0147,,,37.0
21.2156,state,4,32.2014,-0.280,-0.3810,,,36.0
21.2250,cmd,3,16.0513,,,29.30,1.49,
21.2250,cmd,4,32.1794,,,29.30,1.49,
21.2256,state,3,16.0073,1.959,-0.0147,,,37.0
21.2257,state,4,32.2234,0.280,-0.2051,,,36.0
21.2349,cmd,3,16.0513,,,29.30,1.49,
21.2350,cmd,4,32.1794,,,29.30,1.49,
21.2355,state,3,16.0073,1.959,-0.0147,,,37.0
21.2356,state,4,32.2234,1.959,-0.1465,,,36.0
21.2449,cmd,3,16.0513,,,29.30,1.49,
21.2449,cmd,4,32.1794,,,29.30,1.49,
21.2455,state,3,16.0073,-0.839,-0.0733,,,37.0
21.2456,state,4,32.2234,-1.399,-0.0293,,,36.0
21.2549,cmd,3,16.0513,,,29.30,1.49,
21.2550,cmd,4,32.1794,,,29.30,1.49,
21.2555,state,3,16.0073,-4.757,-0.0147,,,37.0
21.2557,state,4,32.2234,-2.518,-0.0879,,,36.0
21.2649,cmd,3,16.0513,,,29.30,1.49,
21.2649,cmd,4,32.1794,,,29.30,1.49,
21.2655,state,3,16.0073,-5.317,-0.0440,,,37.0
21.2656,state,4,32.2234,0.280,-0.0879,,,36.0
21.2749,cmd,3,16.0513,,,29.30,1.49,
21.2749,cmd,4,32.1794,,,29.30,1.49,
21.2755,state,3,16.0073,4.197,-0.0147,,,37.0
21.2756,state,4,32.2234,-3.638,-0.0879,,,36.0
21.2849,cmd,3,16.0513,,,29.30,1.49,
21.2849,cmd,4,32.1794,,,29.30,1.49,
21.2855,state,3,16.0073,-3.638,-0.0440,,,37.0
21.2856,state,4,32.2234,-8.675,-0.0879,,,36.0
21.2949,cmd,3,16.0513,,,29.30,1.49,
21.2950,cmd,4,32.1794,,,29.30,1.49,
21.2954,state,3,16.0073,-0.839,-0.0147,,,37.0
21.2957,state,4,32.2234,4.757,-0.1465,,,36.0
21.3049,cmd,3,16.0513,,,29.30,1.49,
21.3049,cmd,4,32.1794,,,29.30,1.49,
21.3055,state,3,16.0073,5.317,-0.0147,,,37.0
21.3056,state,4,32.2234,4.757,-0.0879,,,36.0
21.3149,cmd,3,16.0513,,,29.30,1.49,
21.3150,cmd,4,32.1794,,,29.30,1.49,
21.3154,state,3,16.0073,5.317,-0.0147,,,37.0
21.3157,state,4,32.2234,-0.280,-0.0879,,,36.0
21.3249,cmd,3,16.0513,,,29.30,1.49,
21.3249,cmd,4,32.1794,,,29.30,1.49,
21.3255,state,3,16.0073,2.518,-0.0147,,,37.0
21.3256,state,4,32.2234,-4.757,-0.1465,,,36.0
21.3349,cmd,3,16.0513,,,29.30,1.49,
21.3350,cmd,4,32.1794,,,29.30,1.49,
21.3355,state,3,16.0073,-1.399,0.0147,,,37.0
21.3356,state,4,32.2234,4.757,-0.0879,,,36.0
21.3450,cmd,3,16.0513,,,29.30,1.49,
21.3450,cmd,4,32.1794,,,29.30,1.49,
21.3455,state,3,16.0073,1.399,0.0147,,,37.0
21.3456,state,4,32.2234,-3.638,-0.0879,,,36.0
21.3549,cmd,3,16.0513,,,29.30,1.49,
21.3550,cmd,4,32.1794,,,29.30,1.49,
21.3555,state,3,16.0073,2.518,-0.0147,,,37.0
21.3556,state,4,32.2234,-3.078,-0.0879,,,36.0
21.3650,cmd,3,16.0513,,,29.30,1.49,
21.3650,cmd,4,32.1794,,,29.30,1.49,
21.3655,state,3,16.0073,-7.555,0.0147,,,37.0
21.3656,state,4,32.2234,-3.638,-0.0879,,,36.0
21.3750,cmd,3,16.0513,,,29.30,1.49,
21.3750,cmd,4,32.1794,,,29.30,1.49,
21.3755,state,3,16.0073,3.078,0.0147,,,37.0
21.3756,state,4,32.2234,-4.757,-0.0879,,,36.0
21.3849,cmd,3,16.0513,,,29.30,1.49,
21.3850,cmd,4,32.1794,,,29.30,1.49,
21.3856,state,3,16.0073,-6.996,-0.0440,,,37.0
21.3857,state,4,32.2234,0.280,-0.0879,,,36.0
21.3949,cmd,3,16.0513,,,29.30,1.49,
21.3950,cmd,4,32.1794,,,29.30,1.49,
21.3956,state,3,16.0073,3.078,-0.0440,,,37.0
21.3956,state,4,32.2234,1.959,-0.0879,,,36.0
21.4050,cmd,3,16.0513,,,29.30,1.49,
21.4050,cmd,4,32.1794,,,29.30,1.49,
21.4056,state,3,16.0073,4.757,-0.0440,,,37.0
21.4057,state,4,32.2234,-1.959,-0.0879,,,36.0
21.4150,cmd,3,16.0513,,,29.30,1.49,
21.4150,cmd,4,32.1794,,,29.30,1.49,
21.4156,state,3,16.0073,3.638,0.0147,,,37.0
21.4157,state,4,32.2234,2.518,-0.0879,,,36.0
21.4251,cmd,3,16.0513,,,29.30,1.49,
21.4251,cmd,4,32.1794,,,29.30,1.49,
21.4257,state,3,16.0073,7.555,0.0147,,,37.0
21.4257,state,4,32.2234,-3.078,-0.0879,,,36.0
21.4350,cmd,3,16.0513,,,29.30,1.49,
21.4351,cmd,4,32.1794,,,29.30,1.49,
21.4356,state,3,16.0073,-1.399,-0.0440,,,37.0
21.4357,state,4,32.2234,-4.197,-0.0879,,,36.0
21.4449,cmd,3,16.0513,,,29.30,1.49,
21.4450,cmd,4,32.1794,,,29.30,1.49,
21.4455,state,3,16.0073,0.839,0.0147,,,37.0
21.4456,state,4,32.2234,0.280,-0.0879,,,36.0
21.4550,cmd,3,16.0513,,,29.30,1.49,
21.4551,cmd,4,32.1794,,,29.30,1.49,
21.4556,state,3,16.0073,-6.996,-0.0147,,,37.0
21.4557,state,4,32.2234,-3.638,-0.0879,,,36.0
21.4651,cmd,3,16.0513,,,29.30,1.49,
21.4651,cmd,4,32.1794,,,29.30,1.49,
21.4655,state,3,16.0073,1.959,-0.0440,,,37.0
21.4658,state,4,32.2234,-3.638,-0.0879,,,36.0
21.4750,cmd,3,16.0513,,,29.30,1.49,
21.4750,cmd,4,32.1794,,,29.30,1.49,
21.4756,state,3,16.0073,-4.757,-0.0440,,,37.0
21.4757,state,4,32.2234,-1.399,-0.0879,,,36.0
21.4849,cmd,3,16.0513,,,29.30,1.49,
21.4849,cmd,4,32.1794,,,29.30,1.49,
21.4856,state,3,16.0073,-8.115,-0.0440,,,37.0
21.4856,state,4,32.2234,-3.638,-0.0879,,,36.0
21.4950,cmd,3,16.0513,,,29.30,1.49,
21.4951,cmd,4,32.1794,,,29.30,1.49,
21.4955,state,3,16.0073,-4.757,0.0440,,,37.0
21.4957,state,4,32.2234,1.959,-0.0879,,,36.0
21.5050,cmd,3,16.0513,,,29.30,1.49,
21.5050,cmd,4,32.1794,,,29.30,1.49,
21.5056,state,3,16.0073,1.959,-0.0440,,,37.0
21.5057,state,4,32.2234,0.839,-0.0879,,,36.0
21.5150,cmd,3,16.0513,,,29.30,1.49,
21.5150,cmd,4,32.1794,,,29.30,1.49,
21.5156,state,3,16.0073,-0.280,-0.0147,,,37.0
21.5157,state,4,32.2234,-2.518,-0.0293,,,36.0
21.5251,cmd,3,16.0513,,,29.30,1.49,
21.5251,cmd,4,32.1794,,,29.30,1.49,
21.5256,state,3,16.0073,4.757,-0.0440,,,37.0
21.5257,state,4,32.2234,0.839,-0.0879,,,36.0
21.5350,cmd,3,16.0513,,,29.30,1.49,
21.5350,cmd,4,32.1794,,,29.30,1.49,
21.5356,state,3,16.0073,-6.436,0.0147,,,37.0
21.5357,state,4,32.2234,-1.959,-0.0879,,,36.0
21.5450,cmd,3,16.0513,,,29.30,1.49,
21.5451,cmd,4,32.1794,,,29.30,1.49,
21.5457,state,3,16.0073,-2.518,0.0147,,,37.0
21.5457,state,4,32.2234,-5.317,-0.0879,,,36.0
21.5550,cmd,3,16.0513,,,29.30,1.49,
21.5550,cmd,4,32.1794,,,29.30,1.49,
21.5556,state,3,16.0073,1.959,-0.0147,,,37.0
21.5557,state,4,32.2234,-6.996,-0.0879,,,36.0
21.5650,cmd,3,16.0513,,,29.30,1.49,
21.5650,cmd,4,32.1794,,,29.30,1.49,
21.5656,state,3,16.0073,0.839,0.0147,,,37.0
21.5658,state,4,32.2234,0.839,-0.0879,,,36.0
21.5750,cmd,3,16.0513,,,29.30,1.49,
21.5750,cmd,4,32.1794,,,29.30,1.49,
21.5756,state,3,16.0073,-3.638,-0.0147,,,37.0
21.5756,state,4,32.2234,-0.280,-0.0879,,,36.0
21.5850,cmd,3,16.0513,,,29.30,1.49,
21.5850,cmd,4,32.1794,,,29.30,1.49,
21.5856,state,3,15.9854,-14.831,-0.0147,,,37.0
21.5858,state,4,32.2234,1.959,-0.1465,,,36.0
21.5950,cmd,3,16.0513,,,29.30,1.49,
21.5950,cmd,4,32.1794,,,29.30,1.49,
21.5956,state,3,16.0073,4.197,-0.0147,,,37.0
21.5958,state,4,32.2234,0.280,-0.0879,,,36.0
21.6050,cmd,3,16.0513,,,29.30,1.49,
21.6050,cmd,4,32.1794,,,29.30,1.49,
21.6056,state,3,16.0073,-1.959,-0.0147,,,37.0
21.6057,state,4,32.2234,0.280,-0.0879,,,36.0
21.6150,cmd,3,16.0513,,,29.30,1.49,
21.6151,cmd,4,32.1794,,,29.30,1.49,
21.6156,state,3,16.0073,-4.197,-0.0733,,,37.0
21.6157,state,4,32.2234,-4.197,-0.1465,,,36.0
21.6250,cmd,3,16.0513,,,29.30,1.49,
21.6250,cmd,4,32.1794,,,29.30,1.49,
21.6256,state,3,16.0073,-0.280,-0.0440,,,37.0
21.6257,state,4,32.2234,0.839,-0.0879,,,36.0
21.6350,cmd,3,16.0513,,,29.30,1.49,
21.6351,cmd,4,32.1794,,,29.30,1.49,
21.6356,state,3,16.0073,-0.280,-0.0440,,,37.0
21.6358,state,4,32.2234,-4.757,-0.0879,,,36.0
21.6450,cmd,3,16.0513,,,29.30,1.49,
21.6450,cmd,4,32.1794,,,29.30,1.49,
21.6456,state,3,16.0073,-0.280,-0.0147,,,37.0
21.6457,state,4,32.2234,1.399,-0.0879,,,36.0
21.6550,cmd,3,16.0513,,,29.30,1.49,
21.6550,cmd,4,32.1794,,,29.30,1.49,
21.6556,state,3,16.0073,-1.959,-0.0147,,,37.0
21.6557,state,4,32.2234,-2.518,-0.0879,,,36.0
21.6651,cmd,3,16.0513,,,29.30,1.49,
21.6652,cmd,4,32.1794,,,29.30,1.49,
21.6657,state,3,16.0073,7.555,-0.0147,,,37.0
21.6658,state,4,32.2234,-3.078,-0.0879,,,36.0
21.6751,cmd,3,16.0513,,,29.30,1.49,
21.6751,cmd,4,32.1794,,,29.30,1.49,
21.6757,state,3,16.0073,-0.839,-0.0733,,,37.0
21.6758,state,4,32.2234,-2.518,-0.0879,,,36.0
21.6851,cmd,3,16.0513,,,29.30,1.49,
21.6851,cmd,4,32.1794,,,29.30,1.49,
21.6855,state,3,16.0073,0.839,-0.0440,,,37.0
21.6857,state,4,32.2234,-0.839,-0.0879,,,36.0
21.6950,cmd,3,16.0513,,,29.30,1.49,
21.6951,cmd,4,32.1794,,,29.30,1.49,
21.6956,state,3,16.0073,-0.280,0.0147,,,37.0
21.6957,state,4,32.2234,-0.280,-0.0879,,,36.0
21.7051,cmd,3,16.0513,,,29.30,1.49,
21.7052,cmd,4,32.1794,,,29.30,1.49,
21.7056,state,3,16.0073,1.399,-0.0147,,,37.0
21.7058,state,4,32.2234,-1.959,-0.0879,,,36.0
21.7150,cmd,3,16.0513,,,29.30,1.49,
21.7150,cmd,4,32.1794,,,29.30,1.49,
21.7156,state,3,16.0073,-0.839,-0.0147,,,37.0
21.7157,state,4,32.2234,4.197,-0.0879,,,36.0
21.7250,cmd,3,16.0513,,,29.30,1.49,
21.7250,cmd,4,32.1794,,,29.30,1.49,
21.7256,state,3,16.0073,-0.280,-0.0147,,,37.0
21.7257,state,4,32.2234,-5.317,-0.0879,,,36.0
21.7351,cmd,3,16.0513,,,29.30,1.49,
21.7351,cmd,4,32.1794,,,29.30,1.49,
21.7356,state,3,16.0073,3.078,-0.0147,,,37.0
21.7357,state,4,32.2234,-0.839,-0.0879,,,36.0
21.7450,cmd,3,16.0513,,,29.30,1.49,
21.7450,cmd,4,32.1794,,,29.30,1.49,
21.7456,state,3,16.0073,-4.197,-0.0147,,,37.0
21.7457,state,4,32.2234,-0.839,-0.0879,,,36.0
21.7550,cmd,3,16.0513,,,29.30,1.49,
21.7551,cmd,4,32.1794,,,29.30,1.49,
21.7556,state,3,16.0073,-2.518,0.0147,,,37.0
21.7557,state,4,32.2234,-1.959,-0.0293,,,36.0
21.7650,cmd,3,16.0513,,,29.30,1.49,
21.7651,cmd,4,32.1794,,,29.30,1.49,
21.7656,state,3,16.0073,2.518,0.0147,,,37.0
21.7657,state,4,32.2234,-0.839,-0.0879,,,36.0
21.7751,cmd,3,16.0513,,,29.30,1.49,
21.7751,cmd,4,32.1794,,,29.30,1.49,
21.7756,state,3,16.0073,5.317,-0.0440,,,37.0
21.7757,state,4,32.2234,3.078,-0.0879,,,36.0
21.7850,cmd,3,16.0513,,,29.30,1.49,
21.7850,cmd,4,32.1794,,,29.30,1.49,
21.7856,state,3,16.0073,3.078,-0.0147,,,37.0
21.7857,state,4,32.2234,-0.839,-0.0879,,,36.0
21.7951,cmd,3,16.0513,,,29.30,1.49,
21.7951,cmd,4,32.1794,,,29.30,1.49,
21.7956,state,3,16.0073,-7.555,-0.0147,,,37.0
21.7958,state,4,32.2234,-1.399,-0.0879,,,36.0
21.8050,cmd,3,16.0513,,,29.30,1.49,
21.8051,cmd,4,32.1794,,,29.30,1.49,
21.8056,state,3,16.0073,-1.959,-0.0733,,,37.0
21.8057,state,4,32.2234,1.399,-0.0879,,,36.0
21.8150,cmd,3,16.0513,,,29.30,1.49,
21.8151,cmd,4,32.1794,,,29.30,1.49,
21.8156,state,3,16.0073,-5.317,-0.0440,,,37.0
21.8157,state,4,32.2234,-0.280,-0.0879,,,36.0
21.8251,cmd,3,16.0513,,,29.30,1.49,
21.8251,cmd,4,32.1794,,,29.30,1.49,
21.8256,state,3,16.0073,3.078,-0.0440,,,37.0
21.8257,state,4,32.2234,2.518,-0.0879,,,36.0
21.8350,cmd,3,16.0513,,,29.30,1.49,
21.8351,cmd,4,32.1794,,,29.30,1.49,
21.8356,state,3,16.0073,4.197,-0.0733,,,37.0
21.8357,state,4,32.2234,-3.638,-0.0879,,,36.0
21.8450,cmd,3,16.0513,,,29.30,1.49,
21.8451,cmd,4,32.1794,,,29.30,1.49,
21.8456,state,3,16.0073,0.280,-0.0147,,,37.0
21.8457,state,4,32.2234,-0.280,-0.0879,,,36.0
21.8551,cmd,3,16.0513,,,29.30,1.49,
21.8551,cmd,4,32.1794,,,29.30,1.49,
21.8557,state,3,16.0073,0.280,-0.0440,,,37.0
21.8558,state,4,32.2234,3.078,-0.0879,,,36.0
21.8650,cmd,3,16.0513,,,29.30,1.49,
21.8650,cmd,4,32.1794,,,29.30,1.49,
21.8656,state,3,16.0073,-1.399,0.0147,,,37.0
21.8657,state,4,32.2234,1.959,-0.0879,,,36.0
21.8751,cmd,3,16.0513,,,29.30,1.49,
21.8751,cmd,4,32.1794,,,29.30,1.49,
21.8757,state,3,16.0073,-0.280,0.0147,,,37.0
21.8758,state,4,32.2234,2.518,-0.0879,,,36.0
21.8851,cmd,3,16.0513,,,29.30,1.49,
21.8851,cmd,4,32.1794,,,29.30,1.49,
21.8857,state,3,16.0073,1.959,-0.0147,,,37.0
21.8858,state,4,32.2234,0.280,-0.0879,,,36.0
21.8951,cmd,3,16.0513,,,29.30,1.49,
21.8951,cmd,4,32.1794,,,29.30,1.49,
21.8957,state,3,16.0073,-2.518,-0.0147,,,37.0
21.8957,state,4,32.2234,-1.399,-0.1465,,,36.0
21.9050,cmd,3,16.0513,,,29.30,1.49,
21.9051,cmd,4,32.1794,,,29.30,1.49,
21.9057,state,3,16.0073,6.436,-0.0147,,,37.0
21.9057,state,4,32.2234,-4.197,-0.0879,,,36.0
21.9152,cmd,3,16.0513,,,29.30,1.49,
21.9152,cmd,4,32.1794,,,29.30,1.49,
21.9158,state,3,16.0073,-6.996,-0.0147,,,37.0
21.9159,state,4,32.2234,1.399,-0.0879,,,36.0
21.9250,cmd,3,16.0513,,,29.30,1.49,
21.9251,cmd,4,32.1794,,,29.30,1.49,
21.9256,state,3,16.0073,-0.280,-0.0147,,,37.0
21.9257,state,4,32.2234,-5.876,-0.0879,,,36.0
21.9351,cmd,3,16.0513,,,29.30,1.49,
21.9351,cmd,4,32.1794,,,29.30,1.49,
21.9357,state,3,16.0073,4.197,-0.0440,,,37.0
21.9358,state,4,32.2234,-1.959,-0.1465,,,36.0
21.9451,cmd,3,16.0513,,,29.30,1.49,
21.9451,cmd,4,32.1794,,,29.30,1.49,
21.9457,state,3,16.0073,-0.280,-0.0440,,,37.0
21.9458,state,4,32.2234,1.399,-0.1465,,,36.0
21.9551,cmd,3,16.0513,,,29.30,1.49,
21.9551,cmd,4,32.1794,,,29.30,1.49,
21.9557,state,3,16.0073,0.280,-0.0440,,,37.0
21.9558,state,4,32.2234,2.518,-0.0879,,,36.0
21.9650,cmd,3,16.0513,,,29.30,1.49,
21.9651,cmd,4,32.1794,,,29.30,1.49,
21.9656,state,3,16.0073,4.197,-0.0147,,,37.0
21.9657,state,4,32.2234,1.959,-0.0879,,,36.0
21.9751,cmd,3,16.0513,,,29.30,1.49,
21.9751,cmd,4,32.1794,,,29.30,1.49,
21.9757,state,3,16.0073,-4.197,-0.0147,,,37.0
21.9758,state,4,32.2234,-1.399,-0.0879,,,36.0
21.9851,cmd,3,16.0513,,,29.30,1.49,
21.9851,cmd,4,32.1794,,,29.30,1.49,
21.9857,state,3,16.0073,-4.757,-0.0147,,,37.0
21.9857,state,4,32.2234,1.399,-0.1465,,,36.0
21.9951,cmd,3,16.0513,,,29.30,1.49,
21.9951,cmd,4,32.1794,,,29.30,1.49,
21.9957,state,3,16.0073,3.638,-0.0147,,,37.0
21.9957,state,4,32.2234,1.399,-0.0879,,,36.0
22.0051,cmd,3,16.0513,,,29.30,1.49,
22.0051,cmd,4,32.1794,,,29.30,1.49,
22.0057,state,3,16.0073,5.876,0.0147,,,37.0
22.0058,state,4,32.2234,1.399,-0.0879,,,36.0
22.0152,cmd,3,16.0513,,,29.30,1.49,
22.0152,cmd,4,32.1794,,,29.30,1.49,
22.0158,state,3,16.0073,-3.078,-0.0147,,,37.0
22.0159,state,4,32.2234,0.280,-0.0879,,,36.0
22.0253,cmd,3,16.0513,,,29.30,1.49,
22.0254,cmd,4,32.1794,,,29.30,1.49,
22.0258,state,3,16.0073,4.197,-0.0147,,,37.0
22.0260,state,4,32.2234,-5.876,-0.0879,,,36.0
22.0354,cmd,3,16.0513,,,29.30,1.49,
22.0354,cmd,4,32.1794,,,29.30,1.49,
22.0358,state,3,16.0073,-5.317,-0.0147,,,37.0
22.0361,state,4,32.2234,-4.197,-0.1465,,,36.0
22.0452,cmd,3,16.0513,,,29.30,1.49,
22.0452,cmd,4,32.1794,,,29.30,1.49,
22.0458,state,3,16.0073,3.078,0.0147,,,37.0
22.0459,state,4,32.2234,-0.839,-0.0879,,,36.0
22.0551,cmd,3,16.0513,,,29.30,1.49,
22.0551,cmd,4,32.1794,,,29.30,1.49,
22.0558,state,3,16.0073,13.712,-0.0147,,,37.0
22.0558,state,4,32.2234,1.399,-0.0879,,,36.0
22.0652,cmd,3,16.0513,,,29.30,1.49,
22.0652,cmd,4,32.1794,,,29.30,1.49,
22.0658,state,3,16.0073,0.839,-0.0733,,,37.0
22.0658,state,4,32.2234,-1.959,-0.0879,,,36.0
22.0752,cmd,3,16.0513,,,29.30,1.49,
22.0752,cmd,4,32.1794,,,29.30,1.49,
22.0758,state,3,16.0073,-1.399,-0.0147,,,37.0
22.0759,state,4,32.2234,3.638,-0.0879,,,36.0
22.0851,cmd,3,16.0513,,,29.30,1.49,
22.0851,cmd,4,32.1794,,,29.30,1.49,
22.0857,state,3,16.0073,-2.518,-0.0147,,,37.0
22.0858,state,4,32.2234,0.839,-0.0879,,,36.0
22.0951,cmd,3,16.0513,,,29.30,1.49,
22.0951,cmd,4,32.1794,,,29.30,1.49,
22.0957,state,3,16.0073,-6.436,-0.0440,,,37.0
22.0958,state,4,32.2234,0.280,-0.0879,,,36.0
22.1051,cmd,3,16.0513,,,29.30,1.49,
22.1051,cmd,4,32.1794,,,29.30,1.49,
22.1057,state,3,16.0073,-1.959,-0.0440,,,37.0
22.1058,state,4,32.2234,-8.115,-0.0879,,,36.0
22.1153,cmd,3,16.0513,,,29.30,1.49,
22.1154,cmd,4,32.1794,,,29.30,1.49,
22.1158,state,3,16.0073,0.839,-0.0147,,,37.0
22.1161,state,4,32.2234,-0.280,-0.0879,,,36.0
22.1253,cmd,3,16.0513,,,29.30,1.49,
22.1254,cmd,4,32.1794,,,29.30,1.49,
22.1258,state,3,16.0073,-5.317,-0.0440,,,37.0
22.1260,state,4,32.2234,1.959,-0.0879,,,36.0
22.1352,cmd,3,16.0513,,,29.30,1.49,
22.1353,cmd,4,32.1794,,,29.30,1.49,
22.1358,state,3,16.0073,3.078,-0.0147,,,37.0
22.1359,state,4,32.2234,-1.959,-0.0879,,,36.0
22.1452,cmd,3,16.0513,,,29.30,1.49,
22.1452,cmd,4,32.1794,,,29.30,1.49,
22.1458,state,3,16.0073,-4.757,-0.0147,,,37.0
22.1458,state,4,32.2234,-0.839,-0.0879,,,36.0
22.1553,cmd,3,16.0513,,,29.30,1.49,
22.1553,cmd,4,32.1794,,,29.30,1.49,
22.1559,state,3,16.0073,3.638,0.0147,,,37.0
22.1560,state,4,32.2234,1.959,-0.1465,,,36.0
22.1652,cmd,3,16.0513,,,29.30,1.49,
22.1653,cmd,4,32.1794,,,29.30,1.49,
22.1658,state,3,16.0073,-4.757,-0.0147,,,37.0
22.1659,state,4,32.2234,3.638,-0.0879,,,36.0
22.1752,cmd,3,16.0513,,,29.30,1.49,
22.1752,cmd,4,32.1794,,,29.30,1.49,
22.1757,state,3,16.0073,-2.518,-0.0147,,,37.0
22.1760,state,4,32.2234,-4.757,-0.0879,,,36.0
22.1852,cmd,3,16.0513,,,29.30,1.49,
22.1852,cmd,4,32.1794,,,29.30,1.49,
22.1858,state,3,16.0073,4.757,-0.0440,,,37.0
22.1859,state,4,32.2234,-1.959,-0.0879,,,36.0
22.1953,cmd,3,16.0513,,,29.30,1.49,
22.1953,cmd,4,32.1794,,,29.30,1.49,
22.1958,state,3,16.0073,-0.280,-0.0440,,,37.0
22.1960,state,4,32.2234,1.399,-0.0879,,,36.0
22.2052,cmd,3,16.0513,,,29.30,1.49,
22.2052,cmd,4,32.1794,,,29.30,1.49,
22.2058,state,3,16.0073,1.959,-0.0440,,,37.0
22.2059,state,4,32.2234,0.839,-0.0879,,,36.0
22.2153,cmd,3,16.0513,,,29.30,1.49,
22.2153,cmd,4,32.1794,,,29.30,1.49,
22.2158,state,3,16.0073,-5.317,0.0147,,,37.0
22.2161,state,4,32.2234,-1.399,-0.0879,,,36.0
22.2252,cmd,3,16.0513,,,29.30,1.49,
22.2253,cmd,4,32.1794,,,29.30,1.49,
22.2258,state,3,16.0073,3.638,0.0440,,,37.0
22.2259,state,4,32.2234,-3.638,-0.0879,,,36.0
22.2353,cmd,3,16.0513,,,29.30,1.49,
22.2353,cmd,4,32.1794,,,29.30,1.49,
22.2358,state,3,16.0073,-4.757,0.0147,,,37.0
22.2361,state,4,32.2234,0.839,-0.0879,,,36.0
22.2452,cmd,3,16.0513,,,29.30,1.49,
22.2452,cmd,4,32.1794,,,29.30,1.49,
22.2458,state,3,16.0073,1.399,-0.0440,,,37.0
22.2459,state,4,32.2234,0.839,-0.0879,,,36.0
22.2552,cmd,3,16.0513,,,29.30,1.49,
22.2552,cmd,4,32.1794,,,29.30,1.49,
22.2558,state,3,16.0073,2.518,-0.0440,,,37.0
22.2559,state,4,32.2234,-8.675,-0.0879,,,36.0
22.2653,cmd,3,16.0513,,,29.30,1.49,
22.2654,cmd,4,32.1794,,,29.30,1.49,
22.2658,state,3,16.0073,3.078,0.0147,,,37.0
22.2661,state,4,32.2234,-2.518,-0.0879,,,36.0
22.2755,cmd,3,16.0513,,,29.30,1.49,
22.2755,cmd,4,32.1794,,,29.30,1.49,
22.2760,state,3,16.0073,0.280,-0.0147,,,37.0
22.2762,state,4,32.2234,3.638,-0.0879,,,36.0
22.2854,cmd,3,16.0513,,,29.30,1.49,
22.2854,cmd,4,32.1794,,,29.30,1.49,
22.2860,state,3,16.0073,-2.518,-0.0733,,,37.0
22.2861,state,4,32.2234,0.280,-0.0879,,,36.0
22.2954,cmd,3,16.0513,,,29.30,1.49,
22.2955,cmd,4,32.1794,,,29.30,1.49,
22.2959,state,3,16.0073,-0.280,-0.0147,,,37.0
22.2961,state,4,32.2234,-1.399,-0.0879,,,36.0
22.3054,cmd,3,16.0513,,,29.30,1.49,
22.3054,cmd,4,32.1794,,,29.30,1.49,
22.3059,state,3,16.0073,-0.839,0.0147,,,37.0
22.3061,state,4,32.2234,-4.197,-0.0879,,,36.0
22.3153,cmd,3,16.0513,,,29.30,1.49,
22.3153,cmd,4,32.1794,,,29.30,1.49,
22.3158,state,3,16.0073,-1.399,-0.0147,,,37.0
22.3159,state,4,32.2234,-1.399,-0.0879,,,36.0
22.3252,cmd,3,16.0513,,,29.30,1.49,
22.3252,cmd,4,32.1794,,,29.30,1.49,
22.3258,state,3,16.0073,-3.638,-0.0147,,,37.0
22.3259,state,4,32.2234,-4.757,-0.1465,,,36.0
22.3351,cmd,3,16.0513,,,29.30,1.49,
22.3352,cmd,4,32.1794,,,29.30,1.49,
22.3357,state,3,16.0073,-5.876,-0.0147,,,37.0
22.3358,state,4,32.2234,4.757,-0.0879,,,36.0
22.3453,cmd,3,16.0513,,,29.30,1.49,
22.3453,cmd,4,32.1794,,,29.30,1.49,
22.3458,state,3,16.0073,-2.518,-0.0147,,,37.0
22.3459,state,4,32.2234,3.078,-0.0879,,,36.0
22.3552,cmd,3,16.0513,,,29.30,1.49,
22.3552,cmd,4,32.1794,,,29.30,1.49,
22.3558,state,3,16.0073,0.839,-0.0147,,,37.0
22.3558,state,4,32.2234,4.197,-0.0879,,,36.0
22.3652,cmd,3,16.0513,,,29.30,1.49,
22.3652,cmd,4,32.1794,,,29.30,1.49,
22.3658,state,3,16.0073,-1.399,-0.0147,,,37.0
22.3658,state,4,32.2234,0.839,-0.0879,,,36.0
22.3752,cmd,3,16.0513,,,29.30,1.49,
22.3752,cmd,4,32.1794,,,29.30,1.49,
22.3758,state,3,16.0073,-2.518,0.0147,,,37.0
22.3759,state,4,32.2234,-1.959,-0.0879,,,36.0
22.3852,cmd,3,16.0513,,,29.30,1.49,
22.3852,cmd,4,32.1794,,,29.30,1.49,
22.3857,state,3,16.0073,-4.757,0.0147,,,37.0
22.3861,state,4,32.2234,1.399,-0.0879,,,36.0
22.3951,cmd,3,16.0513,,,29.30,1.49,
22.3951,cmd,4,32.1794,,,29.30,1.49,
22.3956,state,3,16.0073,1.399,-0.0733,,,37.0
22.3961,state,4,32.2234,-3.078,-0.1465,,,36.0
22.4052,cmd,3,16.0513,,,29.30,1.49,
22.4052,cmd,4,32.1794,,,29.30,1.49,
22.4057,state,3,16.0073,-2.518,-0.0733,,,37.0
22.4061,state,4,32.2234,-1.399,-0.1465,,,36.0
22.4152,cmd,3,16.0513,,,29.30,1.49,
22.4153,cmd,4,32.1794,,,29.30,1.49,
22.4158,state,3,16.0073,-3.638,-0.0147,,,37.0
22.4159,state,4,32.2234,-3.638,-0.0879,,,36.0
22.4252,cmd,3,16.0513,,,29.30,1.49,
22.4252,cmd,4,32.1794,,,29.30,1.49,
22.4257,state,3,16.0073,-0.839,-0.0147,,,37.0
22.4261,state,4,32.2234,0.839,-0.0879,,,36.0
22.4352,cmd,3,16.0513,,,29.30,1.49,
22.4352,cmd,4,32.1794,,,29.30,1.49,
22.4358,state,3,16.0073,-0.280,-0.0147,,,37.0
22.4359,state,4,32.2234,-0.280,-0.0879,,,36.0
22.4452,cmd,3,16.0513,,,29.30,1.49,
22.4452,cmd,4,32.1794,,,29.30,1.49,
22.4458,state,3,16.0073,-4.197,0.0147,,,37.0
22.4459,state,4,32.2234,1.959,-0.0879,,,36.0
22.4551,cmd,3,16.0513,,,29.30,1.49,
22.4552,cmd,4,32.1794,,,29.30,1.49,
22.4558,state,3,16.0073,-0.280,-0.0147,,,37.0
22.4559,state,4,32.2234,-1.399,-0.0879,,,36.0
22.4652,cmd,3,16.0513,,,29.30,1.49,
22.4652,cmd,4,32.1794,,,29.30,1.49,
22.4658,state,3,16.0073,-0.839,-0.0147,,,37.0
22.4659,state,4,32.2234,0.280,-0.0879,,,36.0
22.4752,cmd,3,16.0513,,,29.30,1.49,
22.4752,cmd,4,32.1794,,,29.30,1.49,
22.4758,state,3,16.0073,2.518,-0.0440,,,37.0
22.4759,state,4,32.2234,-1.399,-0.0879,,,36.0
22.4853,cmd,3,16.0513,,,29.30,1.49,
22.4853,cmd,4,32.1794,,,29.30,1.49,
22.4858,state,3,16.0073,1.959,-0.0147,,,37.0
22.4862,state,4,32.2234,3.078,-0.0879,,,36.0
22.4952,cmd,3,16.0513,,,29.30,1.49,
22.4952,cmd,4,32.1794,,,29.30,1.49,
22.4958,state,3,16.0073,0.839,-0.0147,,,37.0
22.4959,state,4,32.2234,3.638,-0.1465,,,36.0
22.5052,cmd,3,16.0513,,,29.30,1.49,
22.5052,cmd,4,32.1794,,,29.30,1.49,
22.5058,state,3,16.0073,-1.959,0.0147,,,37.0
22.5059,state,4,32.2234,1.399,-0.0879,,,36.0
22.5152,cmd,3,16.0513,,,29.30,1.49,
22.5152,cmd,4,32.1794,,,29.30,1.49,
22.5158,state,3,16.0073,1.399,-0.0440,,,37.0
22.5162,state,4,32.2234,-4.757,-0.0879,,,36.0
22.5253,cmd,3,16.0513,,,29.30,1.49,
22.5253,cmd,4,32.1794,,,29.30,1.49,
22.5259,state,3,16.0073,-6.436,0.0147,,,37.0
22.5259,state,4,32.2234,-3.078,-0.1465,,,36.0
22.5352,cmd,3,16.0513,,,29.30,1.49,
22.5353,cmd,4,32.1794,,,29.30,1.49,
22.5358,state,3,16.0073,-0.280,-0.0147,,,37.0
22.5359,state,4,32.2234,0.280,-0.0879,,,36.0
22.5452,cmd,3,16.0513,,,29.30,1.49,
22.5452,cmd,4,32.1794,,,29.30,1.49,
22.5458,state,3,16.0073,0.839,-0.0147,,,37.0
22.5459,state,4,32.2234,0.839,-0.0879,,,36.0
22.5553,cmd,3,16.0513,,,29.30,1.49,
22.5553,cmd,4,32.1794,,,29.30,1.49,
22.5558,state,3,16.0073,1.959,-0.0147,,,37.0
22.5564,state,4,32.2234,-1.399,-0.0879,,,36.0
22.5652,cmd,3,16.0513,,,29.30,1.49,
22.5652,cmd,4,32.1794,,,29.30,1.49,
22.5657,state,3,16.0073,-3.078,-0.0147,,,37.0
22.5661,state,4,32.2234,0.280,-0.0879,,,36.0
22.5752,cmd,3,16.0513,,,29.30,1.49,
22.5752,cmd,4,32.1794,,,29.30,1.49,
22.5757,state,3,16.0073,1.399,-0.0147,,,37.0
22.5761,state,4,32.2234,-1.399,-0.0879,,,36.0
22.5852,cmd,3,16.0513,,,29.30,1.49,
22.5853,cmd,4,32.1794,,,29.30,1.49,
22.5859,state,3,16.0073,1.959,-0.0147,,,37.0
22.5859,state,4,32.2234,-4.757,-0.0879,,,36.0
22.5952,cmd,3,16.0513,,,29.30,1.49,
22.5953,cmd,4,32.1794,,,29.30,1.49,
22.5958,state,3,16.0073,-0.280,-0.0147,,,37.0
22.5959,state,4,32.2234,0.839,-0.1465,,,36.0
22.6052,cmd,3,16.0513,,,29.30,1.49,
22.6052,cmd,4,32.1794,,,29.30,1.49,
22.6058,state,3,16.0073,-1.399,-0.0440,,,37.0
22.6059,state,4,32.2234,-0.280,-0.0879,,,36.0
22.6153,cmd,3,16.0513,,,29.30,1.49,
22.6154,cmd,4,32.1794,,,29.30,1.49,
22.6158,state,3,16.0073,-1.959,-0.0440,,,37.0
22.6161,state,4,32.2234,-2.518,-0.0879,,,36.0
22.6253,cmd,3,16.0513,,,29.30,1.49,
22.6253,cmd,4,32.1794,,,29.30,1.49,
22.6259,state,3,16.0073,-3.078,-0.0440,,,37.0
22.6260,state,4,32.2234,-3.638,-0.0879,,,36.0
22.6353,cmd,3,16.0513,,,29.30,1.49,
22.6353,cmd,4,32.1794,,,29.30,1.49,
22.6358,state,3,16.0073,3.638,-0.0147,,,37.0
22.6361,state,4,32.2234,1.399,-0.0879,,,36.0
22.6453,cmd,3,16.0513,,,29.30,1.49,
22.6453,cmd,4,32.1794,,,29.30,1.49,
22.6459,state,3,16.0073,0.280,-0.0440,,,37.0
22.6460,state,4,32.2234,-1.959,-0.0879,,,36.0
22.6552,cmd,3,16.0513,,,29.30,1.49,
22.6552,cmd,4,32.1794,,,29.30,1.49,
22.6558,state,3,16.0073,3.638,0.0147,,,37.0
22.6559,state,4,32.2234,0.280,-0.0879,,,36.0
22.6652,cmd,3,16.0513,,,29.30,1.49,
22.6652,cmd,4,32.1794,,,29.30,1.49,
22.6658,state,3,16.0073,3.078,0.0147,,,37.0
22.6659,state,4,32.2234,-3.078,-0.0879,,,36.0
22.6752,cmd,3,16.0513,,,29.30,1.49,
22.6753,cmd,4,32.1794,,,29.30,1.49,
22.6758,state,3,16.0073,4.197,-0.0147,,,37.0
22.6762,state,4,32.2234,-2.518,-0.0879,,,36.0
22.6852,cmd,3,16.0513,,,29.30,1.49,
22.6853,cmd,4,32.1794,,,29.30,1.49,
22.6859,state,3,16.0073,3.078,0.0147,,,37.0
22.6860,state,4,32.2234,-1.959,-0.0879,,,36.0
22.6952,cmd,3,16.0513,,,29.30,1.49,
22.6952,cmd,4,32.1794,,,29.30,1.49,
22.6958,state,3,16.0073,-0.280,0.0147,,,37.0
22.6959,state,4,32.2234,-0.280,-0.1465,,,36.0
22.7052,cmd,3,16.0513,,,29.30,1.49,
22.7053,cmd,4,32.1794,,,29.30,1.49,
22.7058,state,3,16.0073,-3.638,0.0147,,,37.0
22.7062,state,4,32.2234,-0.839,-0.0879,,,36.0
22.7152,cmd,3,16.0513,,,29.30,1.49,
22.7152,cmd,4,32.1794,,,29.30,1.49,
22.7157,state,3,16.0073,-0.839,-0.0147,,,37.0
22.7161,state,4,32.2234,-1.959,-0.0879,,,36.0
22.7252,cmd,3,16.0513,,,29.30,1.49,
22.7253,cmd,4,32.1794,,,29.30,1.49,
22.7258,state,3,16.0073,-0.280,0.0440,,,37.0
22.7259,state,4,32.2234,-4.197,-0.0879,,,36.0
22.7353,cmd,3,16.0513,,,29.30,1.49,
22.7353,cmd,4,32.1794,,,29.30,1.49,
22.7358,state,3,16.0073,0.280,0.0147,,,37.0
22.7360,state,4,32.2234,0.839,-0.0879,,,36.0
22.7453,cmd,3,16.0513,,,29.30,1.49,
22.7453,cmd,4,32.1794,,,29.30,1.49,
22.7458,state,3,16.0073,-5.876,-0.0147,,,37.0
22.7462,state,4,32.2234,4.197,-0.0879,,,36.0
22.7552,cmd,3,16.0513,,,29.30,1.49,
22.7553,cmd,4,32.1794,,,29.30,1.49,
22.7558,state,3,16.0073,6.436,-0.0440,,,37.0
22.7562,state,4,32.2234,-2.518,-0.0879,,,36.0
22.7653,cmd,3,16.0513,,,29.30,1.49,
22.7653,cmd,4,32.1794,,,29.30,1.49,
22.7658,state,3,16.0073,4.757,-0.0147,,,37.0
22.7662,state,4,32.2234,-0.280,-0.1465,,,36.0
22.7752,cmd,3,16.0513,,,29.30,1.49,
22.7753,cmd,4,32.1794,,,29.30,1.49,
22.7759,state,3,16.0073,-4.757,0.0147,,,37.0
22.7760,state,4,32.2234,0.839,-0.0879,,,36.0
22.7852,cmd,3,16.0513,,,29.30,1.49,
22.7852,cmd,4,32.1794,,,29.30,1.49,
22.7858,state,3,16.0073,-4.757,-0.0147,,,37.0
22.7859,state,4,32.2234,-2.518,-0.0879,,,36.0
22.7953,cmd,3,16.0513,,,29.30,1.49,
22.7953,cmd,4,32.1794,,,29.30,1.49,
22.7959,state,3,16.0073,-2.518,-0.0733,,,37.0
22.7960,state,4,32.2234,-5.876,-0.0879,,,36.0
22.8053,cmd,3,16.0513,,,29.30,1.49,
22.8053,cmd,4,32.1794,,,29.30,1.49,
22.8058,state,3,16.0073,6.436,-0.0733,,,37.0
22.8059,state,4,32.2234,1.959,-0.0879,,,36.0
22.8153,cmd,3,16.0513,,,29.30,1.49,
22.8153,cmd,4,32.1794,,,29.30,1.49,
22.8159,state,3,16.0073,-3.078,-0.0147,,,37.0
22.8164,state,4,32.2234,-3.638,-0.0879,,,36.0
22.8253,cmd,3,16.0513,,,29.30,1.49,
22.8254,cmd,4,32.1794,,,29.30,1.49,
22.8259,state,3,16.0073,6.996,-0.0733,,,37.0
22.8263,state,4,32.2234,-0.839,-0.0293,,,36.0
22.8353,cmd,3,16.0513,,,29.30,1.49,
22.8353,cmd,4,32.1794,,,29.30,1.49,
22.8358,state,3,16.0073,6.436,-0.0440,,,37.0
22.8362,state,4,32.2234,-0.280,-0.0879,,,36.0
22.8452,cmd,3,16.0513,,,29.30,1.49,
22.8453,cmd,4,32.1794,,,29.30,1.49,
22.8458,state,3,16.0073,-3.638,-0.0147,,,37.0
22.8461,state,4,32.2454,-3.078,-0.0879,,,36.0
22.8553,cmd,3,16.0513,,,29.30,1.49,
22.8553,cmd,4,32.1794,,,29.30,1.49,
22.8558,state,3,16.0073,-3.078,-0.0147,,,37.0
22.8564,state,4,32.2234,-1.959,-0.0879,,,36.0
22.8653,cmd,3,16.0513,,,29.30,1.49,
22.8653,cmd,4,32.1794,,,29.30,1.49,
22.8659,state,3,16.0073,-3.638,-0.0440,,,37.0
22.8660,state,4,32.2234,1.399,-0.0879,,,36.0
22.8753,cmd,3,16.0513,,,29.30,1.49,
22.8753,cmd,4,32.1794,,,29.30,1.49,
22.8758,state,3,16.0073,0.839,-0.0440,,,37.0
22.8759,state,4,32.2234,-0.280,-0.1465,,,36.0
22.8853,cmd,3,16.0513,,,29.30,1.49,
22.8854,cmd,4,32.1794,,,29.30,1.49,
22.8858,state,3,16.0073,4.757,-0.0440,,,37.0
22.8860,state,4,32.2234,0.839,-0.0879,,,36.0
22.8953,cmd,3,16.0513,,,29.30,1.49,
22.8953,cmd,4,32.1794,,,29.30,1.49,
22.8958,state,3,16.0073,-5.317,-0.0440,,,37.0
22.8963,state,4,32.2234,1.399,-0.0879,,,36.0
22.9053,cmd,3,16.0513,,,29.30,1.49,
22.9053,cmd,4,32.1794,,,29.30,1.49,
22.9058,state,3,16.0073,-6.436,-0.0147,,,37.0
22.9062,state,4,32.2234,-0.839,-0.0879,,,36.0
22.9153,cmd,3,16.0513,,,29.30,1.49,
22.9154,cmd,4,32.1794,,,29.30,1.49,
22.9159,state,3,16.0073,-12.033,-0.0147,,,37.0
22.9163,state,4,32.2454,3.638,-0.0879,,,36.0
22.9253,cmd,3,16.0513,,,29.30,1.49,
22.9253,cmd,4,32.1794,,,29.30,1.49,
22.9258,state,3,16.0073,-1.959,-0.0440,,,37.0
22.9262,state,4,32.2234,0.280,-0.0879,,,36.0
22.9353,cmd,3,16.0513,,,29.30,1.49,
22.9353,cmd,4,32.1794,,,29.30,1.49,
22.9359,state,3,16.0073,-3.638,-0.0440,,,37.0
22.9360,state,4,32.2234,1.399,-0.0293,,,36.0
22.9453,cmd,3,16.0513,,,29.30,1.49,
22.9454,cmd,4,32.1794,,,29.30,1.49,
22.9459,state,3,16.0073,1.959,-0.0440,,,37.0
22.9460,state,4,32.2234,-6.996,-0.0879,,,36.0
22.9553,cmd,3,16.0513,,,29.30,1.49,
22.9553,cmd,4,32.1794,,,29.30,1.49,
22.9559,state,3,16.0073,-3.638,-0.0440,,,37.0
22.9564,state,4,32.2234,1.399,-0.0879,,,36.0
22.9653,cmd,3,16.0513,,,29.30,1.49,
22.9654,cmd,4,32.1794,,,29.30,1.49,
22.9659,state,3,16.0073,-5.317,-0.0440,,,37.0
22.9660,state,4,32.2454,1.959,-0.0879,,,36.0
22.9754,cmd,3,16.0513,,,29.30,1.49,
22.9754,cmd,4,32.1794,,,29.30,1.49,
22.9760,state,3,16.0073,-1.959,-0.0440,,,37.0
22.9760,state,4,32.2234,1.399,-0.1465,,,36.0
22.9853,cmd,3,16.0513,,,29.30,1.49,
22.9853,cmd,4,32.1794,,,29.30,1.49,
22.9858,state,3,16.0073,0.280,-0.0147,,,37.0
22.9862,state,4,32.2234,3.638,-0.0879,,,36.0
22.9953,cmd,3,16.0513,,,29.30,1.49,
22.9953,cmd,4,32.1794,,,29.30,1.49,
22.9958,state,3,16.0073,0.839,-0.0147,,,37.0
22.9962,state,4,32.2234,-1.959,-0.1465,,,36.0
23.0053,cmd,3,16.0513,,,29.30,1.49,
23.0053,cmd,4,32.1794,,,29.30,1.49,
23.0059,state,3,16.0073,-1.959,-0.0147,,,37.0
23.0060,state,4,32.2234,-0.280,-0.0879,,,36.0
23.0153,cmd,3,16.0513,,,29.30,1.49,
23.0153,cmd,4,32.1794,,,29.30,1.49,
23.0159,state,3,16.0073,4.757,0.0147,,,37.0
23.0160,state,4,32.2234,-4.757,-0.0879,,,36.0
23.0253,cmd,3,16.0513,,,29.30,1.49,
23.0253,cmd,4,32.1794,,,29.30,1.49,
23.0258,state,3,16.0073,-0.280,-0.0147,,,37.0
23.0261,state,4,32.2234,-6.996,-0.0879,,,36.0
23.0354,cmd,3,16.0513,,,29.30,1.49,
23.0354,cmd,4,32.1794,,,29.30,1.49,
23.0359,state,3,16.0073,-10.913,0.0147,,,37.0
23.0363,state,4,32.2234,-1.399,-0.0879,,,36.0
23.0453,cmd,3,16.0513,,,29.30,1.49,
23.0453,cmd,4,32.1794,,,29.30,1.49,
23.0459,state,3,16.0073,5.876,0.0147,,,37.0
23.0460,state,4,32.2234,4.197,-0.0879,,,36.0
23.0553,cmd,3,16.0513,,,29.30,1.49,
23.0553,cmd,4,32.1794,,,29.30,1.49,
23.0558,state,3,16.0073,4.757,-0.0440,,,37.0
23.0563,state,4,32.2234,1.399,-0.0879,,,36.0
23.0653,cmd,3,16.0513,,,29.30,1.49,
23.0653,cmd,4,32.1794,,,29.30,1.49,
23.0660,state,3,16.0073,-1.959,0.0147,,,37.0
23.0660,state,4,32.2234,0.839,-0.0879,,,36.0
23.0754,cmd,3,16.0513,,,29.30,1.49,
23.0754,cmd,4,32.1794,,,29.30,1.49,
23.0758,state,3,16.0073,1.399,-0.0147,,,37.0
23.0760,state,4,32.2454,2.518,-0.0879,,,36.0
23.0853,cmd,3,16.0513,,,29.30,1.49,
23.0853,cmd,4,32.1794,,,29.30,1.49,
23.0859,state,3,16.0073,-3.078,0.0147,,,37.0
23.0860,state,4,32.2234,-1.399,-0.0879,,,36.0
23.0953,cmd,3,16.0513,,,29.30,1.49,
23.0953,cmd,4,32.1794,,,29.30,1.49,
23.0958,state,3,16.0073,0.280,-0.0440,,,37.0
23.0962,state,4,32.2234,-6.996,-0.0879,,,36.0
23.1053,cmd,3,16.0513,,,29.30,1.49,
23.1053,cmd,4,32.1794,,,29.30,1.49,
23.1059,state,3,16.0073,3.078,-0.0147,,,37.0
23.1060,state,4,32.2234,-0.839,-0.0879,,,36.0
23.1153,cmd,3,16.0513,,,29.30,1.49,
23.1153,cmd,4,32.1794,,,29.30,1.49,
23.1159,state,3,16.0073,-4.197,0.0147,,,37.0
23.1160,state,4,32.2234,1.399,-0.0879,,,36.0
23.1253,cmd,3,16.0513,,,29.30,1.49,
23.1253,cmd,4,32.1794,,,29.30,1.49,
23.1260,state,3,16.0073,-0.839,-0.0440,,,37.0
23.1260,state,4,32.2234,-0.839,-0.0879,,,36.0
23.1353,cmd,3,16.0513,,,29.30,1.49,
23.1353,cmd,4,32.1794,,,29.30,1.49,
23.1358,state,3,16.0073,3.078,0.0440,,,37.0
23.1362,state,4,32.2454,1.959,-0.0879,,,36.0
23.1453,cmd,3,16.0513,,,29.30,1.49,
23.1453,cmd,4,32.1794,,,29.30,1.49,
23.1458,state,3,16.0073,-0.839,-0.0440,,,37.0
23.1462,state,4,32.2234,2.518,-0.0879,,,36.0
23.1553,cmd,3,16.0513,,,29.30,1.49,
23.1553,cmd,4,32.1794,,,29.30,1.49,
23.1559,state,3,16.0073,0.280,-0.0147,,,37.0
23.1564,state,4,32.2234,-2.518,-0.0879,,,36.0
23.1654,cmd,3,16.0513,,,29.30,1.49,
23.1654,cmd,4,32.1794,,,29.30,1.49,
23.1659,state,3,16.0073,-9.794,-0.0147,,,37.0
23.1663,state,4,32.2234,-1.959,-0.0879,,,36.0
23.1753,cmd,3,16.0513,,,29.30,1.49,
23.1753,cmd,4,32.1794,,,29.30,1.49,
23.1759,state,3,16.0073,3.638,-0.0440,,,37.0
23.1760,state,4,32.2234,-5.317,-0.0879,,,36.0
23.1854,cmd,3,16.0513,,,29.30,1.49,
23.1854,cmd,4,32.1794,,,29.30,1.49,
23.1860,state,3,16.0073,2.518,-0.0147,,,37.0
23.1861,state,4,32.2234,2.518,-0.0879,,,36.0
23.1953,cmd,3,16.0513,,,29.30,1.49,
23.1953,cmd,4,32.1794,,,29.30,1.49,
23.1959,state,3,16.0073,1.959,-0.0147,,,37.0
23.1960,state,4,32.2234,3.078,-0.0293,,,36.0
23.2053,cmd,3,16.0513,,,29.30,1.49,
23.2053,cmd,4,32.1794,,,29.30,1.49,
23.2059,state,3,16.0073,-2.518,-0.0147,,,37.0
23.2060,state,4,32.2234,-0.839,-0.0879,,,36.0
23.2154,cmd,3,16.0513,,,29.30,1.49,
23.2154,cmd,4,32.1794,,,29.30,1.49,
23.2160,state,3,16.0073,-2.518,-0.0440,,,37.0
23.2161,state,4,32.2234,-3.078,-0.0879,,,36.0
23.2253,cmd,3,16.0513,,,29.30,1.49,
23.2253,cmd,4,32.1794,,,29.30,1.49,
23.2259,state,3,16.0073,-1.959,-0.0440,,,37.0
23.2260,state,4,32.2234,-1.959,-0.1465,,,36.0
23.2353,cmd,3,16.0513,,,29.30,1.49,
23.2353,cmd,4,32.1794,,,29.30,1.49,
23.2359,state,3,16.0073,0.280,0.0147,,,37.0
23.2360,state,4,32.2234,1.959,-0.0879,,,36.0
23.2454,cmd,3,16.0513,,,29.30,1.49,
23.2454,cmd,4,32.1794,,,29.30,1.49,
23.2461,state,3,16.0073,2.518,0.0147,,,37.0
23.2461,state,4,32.2234,1.959,-0.0879,,,36.0
23.2554,cmd,3,16.0513,,,29.30,1.49,
23.2554,cmd,4,32.1794,,,29.30,1.49,
23.2560,state,3,16.0073,-0.839,-0.0147,,,37.0
23.2560,state,4,32.2234,1.399,-0.0879,,,36.0
23.2653,cmd,3,16.0513,,,29.30,1.49,
23.2653,cmd,4,32.1794,,,29.30,1.49,
23.2659,state,3,16.0073,-5.876,-0.0147,,,37.0
23.2660,state,4,32.2234,-0.280,-0.0879,,,36.0
23.2753,cmd,3,16.0513,,,29.30,1.49,
23.2753,cmd,4,32.1794,,,29.30,1.49,
23.2760,state,3,16.0073,-3.638,-0.0147,,,37.0
23.2761,state,4,32.2234,0.280,-0.0879,,,36.0
23.2853,cmd,3,16.0513,,,29.30,1.49,
23.2854,cmd,4,32.1794,,,29.30,1.49,
23.2860,state,3,16.0073,1.399,-0.0440,,,37.0
23.2861,state,4,32.2234,0.280,-0.0879,,,36.0
23.2953,cmd,3,16.0513,,,29.30,1.49,
23.2953,cmd,4,32.1794,,,29.30,1.49,
23.2960,state,3,16.0073,-4.197,-0.0147,,,37.0
23.2961,state,4,32.2234,-4.197,-0.0879,,,36.0
23.3053,cmd,3,16.0513,,,29.30,1.49,
23.3053,cmd,4,32.1794,,,29.30,1.49,
23.3059,state,3,16.0073,0.280,-0.0147,,,37.0
23.3060,state,4,32.2234,-1.959,-0.0879,,,36.0
23.3153,cmd,3,16.0513,,,29.30,1.49,
23.3154,cmd,4,32.1794,,,29.30,1.49,
23.3160,state,3,16.0073,1.399,0.0440,,,37.0
23.3160,state,4,32.2234,-1.959,-0.0879,,,36.0
23.3253,cmd,3,16.0513,,,29.30,1.49,
23.3253,cmd,4,32.1794,,,29.30,1.49,
23.3259,state,3,16.0073,1.959,-0.0440,,,37.0
23.3261,state,4,32.2234,-1.959,-0.1465,,,36.0
23.3354,cmd,3,16.0513,,,29.30,1.49,
23.3354,cmd,4,32.1794,,,29.30,1.49,
23.3360,state,3,16.0073,0.280,0.0147,,,37.0
23.3361,state,4,32.2234,0.280,-0.0293,,,36.0
23.3453,cmd,3,16.0513,,,29.30,1.49,
23.3454,cmd,4,32.1794,,,29.30,1.49,
23.3459,state,3,16.0073,-1.399,-0.0440,,,37.0
23.3460,state,4,32.2234,-1.399,-0.0879,,,36.0
23.3554,cmd,3,16.0513,,,29.30,1.49,
23.3554,cmd,4,32.1794,,,29.30,1.49,
23.3559,state,3,16.0073,-5.876,-0.0440,,,37.0
23.3560,state,4,32.2234,1.959,-0.0879,,,36.0
23.3654,cmd,3,16.0513,,,29.30,1.49,
23.3654,cmd,4,32.1794,,,29.30,1.49,
23.3660,state,3,16.0073,-1.399,-0.0733,,,37.0
23.3660,state,4,32.2234,-0.280,-0.0879,,,36.0
23.3754,cmd,3,16.0513,,,29.30,1.49,
23.3754,cmd,4,32.1794,,,29.30,1.49,
23.3759,state,3,16.0073,-0.839,-0.0147,,,37.0
23.3760,state,4,32.2234,4.197,-0.0879,,,36.0
23.3854,cmd,3,16.0513,,,29.30,1.49,
23.3854,cmd,4,32.1794,,,29.30,1.49,
23.3859,state,3,16.0073,-4.757,-0.0147,,,37.0
23.3861,state,4,32.2234,-4.757,-0.0879,,,36.0
23.3954,cmd,3,16.0513,,,29.30,1.49,
23.3954,cmd,4,32.1794,,,29.30,1.49,
23.3961,state,3,16.0073,-3.638,-0.0440,,,37.0
23.3961,state,4,32.2234,-3.078,-0.0879,,,36.0
23.4054,cmd,3,16.0513,,,29.30,1.49,
23.4054,cmd,4,32.1794,,,29.30,1.49,
23.4060,state,3,16.0073,-4.757,-0.0147,,,37.0
23.4061,state,4,32.2234,0.839,-0.0879,,,36.0
23.4154,cmd,3,16.0513,,,29.30,1.49,
23.4154,cmd,4,32.1794,,,29.30,1.49,
23.4160,state,3,16.0073,0.280,-0.0147,,,37.0
23.4161,state,4,32.2234,-0.839,-0.1465,,,36.0
23.4255,cmd,3,16.0513,,,29.30,1.49,
23.4255,cmd,4,32.1794,,,29.30,1.49,
23.4261,state,3,16.0073,1.399,0.0147,,,37.0
23.4262,state,4,32.2234,-0.280,-0.0879,,,36.0
23.4354,cmd,3,16.0513,,,29.30,1.49,
23.4354,cmd,4,32.1794,,,29.30,1.49,
23.4360,state,3,16.0073,-4.197,-0.0440,,,37.0
23.4361,state,4,32.2454,1.959,-0.0879,,,36.0
23.4454,cmd,3,16.0513,,,29.30,1.49,
23.4454,cmd,4,32.1794,,,29.30,1.49,
23.4459,state,3,16.0073,-0.280,-0.0147,,,37.0
23.4463,state,4,32.2234,-2.518,-0.0879,,,36.0
23.4554,cmd,3,16.0513,,,29.30,1.49,
23.4554,cmd,4,32.1794,,,29.30,1.49,
23.4559,state,3,16.0073,1.399,-0.0440,,,37.0
23.4563,state,4,32.2234,1.399,-0.1465,,,36.0
23.4654,cmd,3,16.0513,,,29.30,1.49,
23.4654,cmd,4,32.1794,,,29.30,1.49,
23.4660,state,3,16.0073,9.234,-0.0147,,,37.0
23.4662,state,4,32.2234,0.839,-0.0879,,,36.0
23.4754,cmd,3,16.0513,,,29.30,1.49,
23.4754,cmd,4,32.1794,,,29.30,1.49,
23.4760,state,3,16.0073,-0.839,-0.0440,,,37.0
23.4761,state,4,32.2234,4.197,-0.0879,,,36.0
23.4854,cmd,3,16.0513,,,29.30,1.49,
23.4854,cmd,4,32.1794,,,29.30,1.49,
23.4860,state,3,16.0073,-1.399,-0.0147,,,37.0
23.4861,state,4,32.2234,-2.518,-0.0879,,,36.0
23.4954,cmd,3,16.0513,,,29.30,1.49,
23.4954,cmd,4,32.1794,,,29.30,1.49,
23.4959,state,3,16.0073,4.757,0.0147,,,37.0
23.4963,state,4,32.2234,0.280,-0.0879,,,36.0
23.5053,cmd,3,16.0513,,,29.30,1.49,
23.5054,cmd,4,32.1794,,,29.30,1.49,
23.5060,state,3,16.0073,9.794,0.0147,,,37.0
23.5061,state,4,32.2234,-1.399,-0.0879,,,36.0
23.5153,cmd,3,16.0513,,,29.30,1.49,
23.5154,cmd,4,32.1794,,,29.30,1.49,
23.5160,state,3,16.0073,-4.197,0.0733,,,37.0
23.5161,state,4,32.2454,5.876,-0.0879,,,36.0
23.5254,cmd,3,16.0513,,,29.30,1.49,
23.5254,cmd,4,32.1794,,,29.30,1.49,
23.5260,state,3,16.0073,6.436,-0.0147,,,37.0
23.5261,state,4,32.2234,-2.518,-0.0879,,,36.0
23.5354,cmd,3,16.0513,,,29.30,1.49,
23.5354,cmd,4,32.1794,,,29.30,1.49,
23.5360,state,3,16.0073,-4.757,-0.0440,,,37.0
23.5360,state,4,32.2234,-3.078,-0.0879,,,36.0
23.5454,cmd,3,16.0513,,,29.30,1.49,
23.5454,cmd,4,32.1794,,,29.30,1.49,
23.5459,state,3,16.0073,-3.078,0.0147,,,37.0
23.5463,state,4,32.2234,-0.839,-0.0879,,,36.0
23.5554,cmd,3,16.0513,,,29.30,1.49,
23.5554,cmd,4,32.1794,,,29.30,1.49,
23.5559,state,3,16.0073,-1.399,-0.0147,,,37.0
23.5563,state,4,32.2234,5.317,-0.0293,,,36.0
23.5654,cmd,3,16.0513,,,29.30,1.49,
23.5654,cmd,4,32.1794,,,29.30,1.49,
23.5660,state,3,16.0073,9.234,0.0147,,,37.0
23.5661,state,4,32.2234,-3.078,-0.0879,,,36.0
23.5754,cmd,3,16.0513,,,29.30,1.49,
23.5754,cmd,4,32.1794,,,29.30,1.49,
23.5760,state,3,16.0073,2.518,-0.0440,,,37.0
23.5761,state,4,32.2234,1.399,-0.0879,,,36.0
23.5854,cmd,3,16.0513,,,29.30,1.49,
23.5854,cmd,4,32.1794,,,29.30,1.49,
23.5860,state,3,16.0073,3.078,-0.0440,,,37.0
23.5861,state,4,32.2234,2.518,-0.0879,,,36.0
23.5954,cmd,3,16.0513,,,29.30,1.49,
23.5954,cmd,4,32.1794,,,29.30,1.49,
23.5960,state,3,16.0073,-1.399,-0.0440,,,37.0
23.5961,state,4,32.2234,-1.399,-0.1465,,,36.0
23.6054,cmd,3,16.0513,,,29.30,1.49,
23.6054,cmd,4,32.1794,,,29.30,1.49,
23.6060,state,3,16.0073,0.839,-0.0440,,,37.0
23.6061,state,4,32.2234,0.280,-0.0879,,,36.0
23.6154,cmd,3,16.0513,,,29.30,1.49,
23.6154,cmd,4,32.1794,,,29.30,1.49,
23.6160,state,3,16.0073,5.876,-0.0440,,,37.0
23.6161,state,4,32.2234,1.399,-0.1465,,,36.0
23.6254,cmd,3,16.0513,,,29.30,1.49,
23.6254,cmd,4,32.1794,,,29.30,1.49,
23.6259,state,3,16.0073,-2.518,-0.0147,,,37.0
23.6263,state,4,32.2234,-3.638,-0.1465,,,36.0
23.6354,cmd,3,16.0513,,,29.30,1.49,
23.6355,cmd,4,32.1794,,,29.30,1.49,
23.6360,state,3,16.0073,-3.638,-0.0147,,,37.0
23.6362,state,4,32.2234,-4.197,-0.0879,,,36.0
23.6454,cmd,3,16.0513,,,29.30,1.49,
23.6454,cmd,4,32.1794,,,29.30,1.49,
23.6459,state,3,16.0073,3.638,-0.0147,,,37.0
23.6464,state,4,32.2234,-0.280,-0.1465,,,36.0
23.6555,cmd,3,16.0513,,,29.30,1.49,
23.6555,cmd,4,32.1794,,,29.30,1.49,
23.6561,state,3,16.0073,-3.638,0.0147,,,37.0
23.6562,state,4,32.2234,-1.399,-0.0879,,,36.0
23.6654,cmd,3,16.0513,,,29.30,1.49,
23.6654,cmd,4,32.1794,,,29.30,1.49,
23.6659,state,3,16.0073,-0.280,-0.0147,,,37.0
23.6664,state,4,32.2234,-4.757,-0.0879,,,36.0
23.6755,cmd,3,16.0513,,,29.30,1.49,
23.6755,cmd,4,32.1794,,,29.30,1.49,
23.6760,state,3,16.0073,-5.876,-0.0147,,,37.0
23.6764,state,4,32.2234,-0.839,-0.0293,,,36.0
23.6854,cmd,3,16.0513,,,29.30,1.49,
23.6854,cmd,4,32.1794,,,29.30,1.49,
23.6860,state,3,16.0073,-1.959,-0.0147,,,37.0
23.6861,state,4,32.2234,4.757,-0.0879,,,36.0
23.6954,cmd,3,16.0513,,,29.30,1.49,
23.6954,cmd,4,32.1794,,,29.30,1.49,
23.6959,state,3,16.0073,-0.280,-0.0147,,,37.0
23.6964,state,4,32.2234,0.839,-0.0879,,,36.0
23.7054,cmd,3,16.0513,,,29.30,1.49,
23.7054,cmd,4,32.1794,,,29.30,1.49,
23.7059,state,3,16.0073,2.518,-0.0147,,,37.0
23.7063,state,4,32.2234,1.399,-0.0879,,,36.0
23.7154,cmd,3,16.0513,,,29.30,1.49,
23.7154,cmd,4,32.1794,,,29.30,1.49,
23.7161,state,3,16.0073,-4.197,-0.0440,,,37.0
23.7162,state,4,32.2454,1.959,-0.0879,,,36.0
23.7254,cmd,3,16.0513,,,29.30,1.49,
23.7254,cmd,4,32.1794,,,29.30,1.49,
23.7259,state,3,16.0073,1.959,-0.0440,,,37.0
23.7264,state,4,32.2234,-0.280,-0.0879,,,36.0
23.7354,cmd,3,16.0513,,,29.30,1.49,
23.7355,cmd,4,32.1794,,,29.30,1.49,
23.7360,state,3,16.0073,-1.399,0.0440,,,37.0
23.7361,state,4,32.2234,-1.399,-0.0879,,,36.0
23.7454,cmd,3,16.0513,,,29.30,1.49,
23.7454,cmd,4,32.1794,,,29.30,1.49,
23.7460,state,3,16.0073,3.078,-0.0440,,,37.0
23.7461,state,4,32.2234,-4.757,-0.0879,,,36.0
23.7554,cmd,3,16.0513,,,29.30,1.49,
23.7554,cmd,4,32.1794,,,29.30,1.49,
23.7560,state,3,16.0073,1.959,-0.0147,,,37.0
23.7561,state,4,32.2234,-0.839,-0.0879,,,36.0
23.7654,cmd,3,16.0513,,,29.30,1.49,
23.7655,cmd,4,32.1794,,,29.30,1.49,
23.7660,state,3,16.0073,-4.757,-0.0147,,,37.0
23.7664,state,4,32.2234,-2.518,-0.0879,,,36.0
23.7754,cmd,3,16.0513,,,29.30,1.49,
23.7754,cmd,4,32.1794,,,29.30,1.49,
23.7759,state,3,16.0073,0.280,-0.0147,,,37.0
23.7764,state,4,32.2234,-2.518,-0.0879,,,36.0
23.7854,cmd,3,16.0513,,,29.30,1.49,
23.7854,cmd,4,32.1794,,,29.30,1.49,
23.7860,state,3,16.0073,4.197,-0.0147,,,37.0
23.7861,state,4,32.2234,-1.959,-0.0879,,,36.0
23.7955,cmd,3,16.0513,,,29.30,1.49,
23.7955,cmd,4,32.1794,,,29.30,1.49,
23.7960,state,3,16.0073,2.518,-0.0147,,,37.0
23.7964,state,4,32.2234,3.078,-0.0879,,,36.0
23.8054,cmd,3,16.0513,,,29.30,1.49,
23.8054,cmd,4,32.1794,,,29.30,1.49,
23.8060,state,3,16.0073,3.078,-0.0147,,,37.0
23.8061,state,4,32.2234,2.518,-0.0293,,,36.0
23.8154,cmd,3,16.0513,,,29.30,1.49,
23.8154,cmd,4,32.1794,,,29.30,1.49,
23.8159,state,3,16.0073,-2.518,-0.0147,,,37.0
23.8164,state,4,32.2234,0.839,-0.0293,,,36.0
23.8255,cmd,3,16.0513,,,29.30,1.49,
23.8255,cmd,4,32.1794,,,29.30,1.49,
23.8261,state,3,16.0293,9.794,0.0147,,,37.0
23.8261,state,4,32.2234,-2.518,-0.0879,,,36.0
23.8354,cmd,3,16.0513,,,29.30,1.49,
23.8355,cmd,4,32.1794,,,29.30,1.49,
23.8359,state,3,16.0073,1.399,-0.0440,,,37.0
23.8364,state,4,32.2234,-0.839,-0.0879,,,36.0
23.8454,cmd,3,16.0513,,,29.30,1.49,
23.8454,cmd,4,32.1794,,,29.30,1.49,
23.8459,state,3,16.0073,1.399,-0.0147,,,37.0
23.8464,state,4,32.2234,-1.399,-0.0879,,,36.0
23.8555,cmd,3,16.0513,,,29.30,1.49,
23.8555,cmd,4,32.1794,,,29.30,1.49,
23.8560,state,3,16.0073,5.317,-0.0440,,,37.0
23.8565,state,4,32.2234,0.839,-0.0879,,,36.0
23.8654,cmd,3,16.0513,,,29.30,1.49,
23.8654,cmd,4,32.1794,,,29.30,1.49,
23.8660,state,3,16.0073,-6.996,-0.0440,,,37.0
23.8661,state,4,32.2454,1.959,-0.1465,,,36.0
23.8754,cmd,3,16.0513,,,29.30,1.49,
23.8754,cmd,4,32.1794,,,29.30,1.49,
23.8760,state,3,16.0073,-2.518,-0.0440,,,37.0
23.8762,state,4,32.2234,-5.876,-0.0879,,,36.0
23.8855,cmd,3,16.0513,,,29.30,1.49,
23.8855,cmd,4,32.1794,,,29.30,1.49,
23.8860,state,3,16.0073,4.197,0.0147,,,37.0
23.8864,state,4,32.2234,0.280,-0.0879,,,36.0
23.8955,cmd,3,16.0513,,,29.30,1.49,
23.8955,cmd,4,32.1794,,,29.30,1.49,
23.8961,state,3,16.0073,-3.078,-0.0147,,,37.0
23.8961,state,4,32.2454,0.280,-0.0879,,,36.0
23.9054,cmd,3,16.0513,,,29.30,1.49,
23.9054,cmd,4,32.1794,,,29.30,1.49,
23.9060,state,3,16.0073,-1.959,-0.0147,,,37.0
23.9061,state,4,32.2234,-3.638,-0.0879,,,36.0
23.9155,cmd,3,16.0513,,,29.30,1.49,
23.9155,cmd,4,32.1794,,,29.30,1.49,
23.9160,state,3,16.0073,0.280,-0.0147,,,37.0
23.9164,state,4,32.2234,-0.280,-0.1465,,,36.0
23.9255,cmd,3,16.0513,,,29.30,1.49,
23.9255,cmd,4,32.1794,,,29.30,1.49,
23.9260,state,3,16.0073,1.399,-0.0147,,,37.0
23.9261,state,4,32.2234,-1.959,-0.0879,,,36.0
23.9354,cmd,3,16.0513,,,29.30,1.49,
23.9355,cmd,4,32.1794,,,29.30,1.49,
23.9360,state,3,16.0073,-4.757,-0.0440,,,37.0
23.9361,state,4,32.2234,-1.959,-0.0879,,,36.0
23.9455,cmd,3,16.0513,,,29.30,1.49,
23.9455,cmd,4,32.1794,,,29.30,1.49,
23.9461,state,3,16.0073,6.996,-0.0147,,,37.0
23.9462,state,4,32.2234,-0.280,-0.0879,,,36.0
23.9555,cmd,3,16.0513,,,29.30,1.49,
23.9555,cmd,4,32.1794,,,29.30,1.49,
23.9560,state,3,16.0073,3.638,-0.0147,,,37.0
23.9562,state,4,32.2234,0.280,-0.0879,,,36.0
23.9654,cmd,3,16.0513,,,29.30,1.49,
23.9654,cmd,4,32.1794,,,29.30,1.49,
23.9660,state,3,16.0073,-4.197,-0.0440,,,37.0
23.9661,state,4,32.2234,-1.959,-0.0879,,,36.0
23.9755,cmd,3,16.0513,,,29.30,1.49,
23.9755,cmd,4,32.1794,,,29.30,1.49,
23.9760,state,3,16.0073,-3.638,0.0147,,,37.0
23.9764,state,4,32.2234,-2.518,-0.0879,,,36.0
23.9855,cmd,3,16.0513,,,29.30,1.49,
23.9855,cmd,4,32.1794,,,29.30,1.49,
23.9859,state,3,16.0073,-2.518,0.0440,,,37.0
23.9864,state,4,32.2234,-1.959,-0.0879,,,36.0
23.9955,cmd,3,16.0513,,,29.30,1.49,
23.9955,cmd,4,32.1794,,,29.30,1.49,
23.9961,state,3,16.0073,0.839,-0.0147,,,37.0
23.9962,state,4,32.2234,-6.996,-0.0879,,,36.0
24.0055,cmd,3,16.0513,,,29.30,1.49,
24.0055,cmd,4,32.1794,,,29.30,1.49,
24.0060,state,3,16.0073,-0.280,0.0147,,,37.0
24.0065,state,4,32.2234,0.280,-0.0879,,,36.0
24.0155,cmd,3,16.0513,,,29.30,1.49,
24.0155,cmd,4,32.1794,,,29.30,1.49,
24.0161,state,3,16.0073,3.078,-0.0440,,,37.0
24.0161,state,4,32.2234,1.959,-0.0879,,,36.0
24.0254,cmd,3,16.0513,,,29.30,1.49,
24.0255,cmd,4,32.1794,,,29.30,1.49,
24.0260,state,3,16.0073,1.959,-0.0733,,,37.0
24.0264,state,4,32.2234,-1.959,-0.1465,,,36.0
24.0356,cmd,3,16.0513,,,29.30,1.49,
24.0356,cmd,4,32.1794,,,29.30,1.49,
24.0362,state,3,16.0073,5.317,-0.0733,,,37.0
24.0362,state,4,32.2234,-0.280,-0.0879,,,36.0
24.0455,cmd,3,16.0513,,,29.30,1.49,
24.0455,cmd,4,32.1794,,,29.30,1.49,
24.0461,state,3,16.0073,-6.436,-0.0440,,,37.0
24.0462,state,4,32.2234,0.839,-0.0879,,,36.0
24.0555,cmd,3,16.0513,,,29.30,1.49,
24.0555,cmd,4,32.1794,,,29.30,1.49,
24.0560,state,3,16.0073,-3.638,-0.0147,,,37.0
24.0565,state,4,32.2234,1.959,-0.0879,,,36.0
24.0655,cmd,3,16.0513,,,29.30,1.49,
24.0655,cmd,4,32.1794,,,29.30,1.49,
24.0661,state,3,16.0073,-2.518,-0.0733,,,37.0
24.0662,state,4,32.2234,0.280,-0.0879,,,36.0
24.0755,cmd,3,16.0513,,,29.30,1.49,
24.0755,cmd,4,32.1794,,,29.30,1.49,
24.0761,state,3,16.0073,-0.839,-0.0147,,,37.0
24.0762,state,4,32.2234,-2.518,-0.0879,,,36.0
24.0855,cmd,3,16.0513,,,29.30,1.49,
24.0855,cmd,4,32.1794,,,29.30,1.49,
24.0861,state,3,16.0073,-5.876,0.0147,,,37.0
24.0861,state,4,32.2234,0.280,-0.0879,,,36.0
24.0955,cmd,3,16.0513,,,29.30,1.49,
24.0955,cmd,4,32.1794,,,29.30,1.49,
24.0960,state,3,16.0073,2.518,-0.0733,,,37.0
24.0964,state,4,32.2454,3.638,-0.0879,,,36.0
24.1055,cmd,3,16.0513,,,29.30,1.49,
24.1055,cmd,4,32.1794,,,29.30,1.49,
24.1062,state,3,16.0073,0.839,-0.0440,,,37.0
24.1062,state,4,32.2234,1.959,-0.0879,,,36.0
24.1155,cmd,3,16.0513,,,29.30,1.49,
24.1155,cmd,4,32.1794,,,29.30,1.49,
24.1160,state,3,16.0073,-0.280,-0.0440,,,37.0
24.1162,state,4,32.2234,-5.317,-0.0879,,,36.0
24.1256,cmd,3,16.0513,,,29.30,1.49,
24.1256,cmd,4,32.1794,,,29.30,1.49,
24.1262,state,3,16.0073,-5.317,-0.0440,,,37.0
24.1262,state,4,32.2234,-1.399,-0.0879,,,36.0
24.1355,cmd,3,16.0513,,,29.30,1.49,
24.1355,cmd,4,32.1794,,,29.30,1.49,
24.1361,state,3,16.0073,5.317,-0.0147,,,37.0
24.1362,state,4,32.2234,0.839,-0.0879,,,36.0
24.1455,cmd,3,16.0513,,,29.30,1.49,
24.1455,cmd,4,32.1794,,,29.30,1.49,
24.1461,state,3,16.0073,1.959,-0.0147,,,37.0
24.1462,state,4,32.2234,2.518,-0.0879,,,36.0
24.1556,cmd,3,16.0513,,,29.30,1.49,
24.1556,cmd,4,32.1794,,,29.30,1.49,
24.1562,state,3,16.0073,-1.399,-0.0440,,,37.0
24.1563,state,4,32.2234,1.399,-0.0879,,,36.0
24.1655,cmd,3,16.0513,,,29.30,1.49,
24.1655,cmd,4,32.1794,,,29.30,1.49,
24.1662,state,3,16.0073,4.197,0.0147,,,37.0
24.1663,state,4,32.2234,-0.839,-0.0879,,,36.0
24.1755,cmd,3,16.0513,,,29.30,1.49,
24.1755,cmd,4,32.1794,,,29.30,1.49,
24.1761,state,3,16.0073,-4.197,-0.0440,,,37.0
24.1762,state,4,32.2234,0.839,-0.0879,,,36.0
24.1855,cmd,3,16.0513,,,29.30,1.49,
24.1855,cmd,4,32.1794,,,29.30,1.49,
24.1861,state,3,16.0073,0.839,-0.0147,,,37.0
24.1862,state,4,32.2234,-1.959,-0.0879,,,36.0
24.1954,cmd,3,16.0513,,,29.30,1.49,
24.1955,cmd,4,32.1794,,,29.30,1.49,
24.1961,state,3,16.0073,-2.518,-0.0147,,,37.0
24.1962,state,4,32.2234,1.959,-0.0879,,,36.0
24.2055,cmd,3,16.0513,,,29.30,1.49,
24.2055,cmd,4,32.1794,,,29.30,1.49,
24.2062,state,3,16.0073,-5.317,0.0147,,,37.0
24.2063,state,4,32.2234,3.078,-0.0879,,,36.0
24.2155,cmd,3,16.0513,,,29.30,1.49,
24.2155,cmd,4,32.1794,,,29.30,1.49,
24.2161,state,3,16.0073,4.197,0.0147,,,37.0
24.2162,state,4,32.2234,-0.839,-0.0879,,,36.0
24.2255,cmd,3,16.0513,,,29.30,1.49,
24.2256,cmd,4,32.1794,,,29.30,1.49,
24.2261,state,3,16.0073,1.959,-0.0147,,,37.0
24.2262,state,4,32.2234,0.839,-0.0879,,,36.0
24.2355,cmd,3,16.0513,,,29.30,1.49,
24.2356,cmd,4,32.1794,,,29.30,1.49,
24.2361,state,3,16.0073,3.078,-0.0733,,,37.0
24.2362,state,4,32.2234,-1.959,-0.0879,,,36.0
24.2455,cmd,3,16.0513,,,29.30,1.49,
24.2455,cmd,4,32.1794,,,29.30,1.49,
24.2461,state,3,16.0073,-0.839,-0.0440,,,37.0
24.2462,state,4,32.2234,-0.280,-0.0879,,,36.0
24.2555,cmd,3,16.0513,,,29.30,1.49,
24.2555,cmd,4,32.1794,,,29.30,1.49,
24.2562,state,3,16.0073,-1.399,-0.0147,,,37.0
24.2563,state,4,32.2234,4.757,-0.0879,,,36.0
24.2655,cmd,3,16.0513,,,29.30,1.49,
24.2655,cmd,4,32.1794,,,29.30,1.49,
24.2661,state,3,16.0073,-1.959,-0.0147,,,37.0
24.2662,state,4,32.2234,-1.399,-0.0879,,,36.0
24.2755,cmd,3,16.0513,,,29.30,1.49,
24.2755,cmd,4,32.1794,,,29.30,1.49,
24.2761,state,3,16.0073,-0.280,-0.0440,,,37.0
24.2762,state,4,32.2234,0.839,-0.0879,,,36.0
24.2855,cmd,3,16.0513,,,29.30,1.49,
24.2855,cmd,4,32.1794,,,29.30,1.49,
24.2861,state,3,16.0073,-2.518,0.0147,,,37.0
24.2862,state,4,32.2234,0.280,-0.0879,,,36.0
24.2955,cmd,3,16.0513,,,29.30,1.49,
24.2955,cmd,4,32.1794,,,29.30,1.49,
24.2962,state,3,16.0073,5.317,0.0440,,,37.0
24.2962,state,4,32.2234,1.399,-0.0879,,,36.0
24.3056,cmd,3,16.0513,,,29.30,1.49,
24.3056,cmd,4,32.1794,,,29.30,1.49,
24.3062,state,3,16.0073,-4.197,0.0440,,,37.0
24.3063,state,4,32.2234,3.078,-0.0879,,,36.0
24.3155,cmd,3,16.0513,,,29.30,1.49,
24.3155,cmd,4,32.1794,,,29.30,1.49,
24.3161,state,3,16.0073,7.555,-0.0440,,,37.0
24.3162,state,4,32.2234,-5.317,-0.0879,,,36.0
24.3255,cmd,3,16.0513,,,29.30,1.49,
24.3255,cmd,4,32.1794,,,29.30,1.49,
24.3261,state,3,16.0073,-1.959,-0.0733,,,37.0
24.3262,state,4,32.2234,-2.518,-0.0879,,,36.0
24.3356,cmd,3,16.0513,,,29.30,1.49,
24.3356,cmd,4,32.1794,,,29.30,1.49,
24.3362,state,3,16.0073,1.959,-0.0440,,,37.0
24.3363,state,4,32.2234,0.280,-0.0879,,,36.0
24.3455,cmd,3,16.0513,,,29.30,1.49,
24.3455,cmd,4,32.1794,,,29.30,1.49,
24.3461,state,3,16.0073,4.757,0.0147,,,37.0
24.3462,state,4,32.2234,-4.757,-0.0879,,,36.0
24.3555,cmd,3,16.0513,,,29.30,1.49,
24.3555,cmd,4,32.1794,,,29.30,1.49,
24.3561,state,3,16.0073,-0.280,-0.0440,,,37.0
24.3562,state,4,32.2234,-3.078,-0.0879,,,36.0
24.3655,cmd,3,16.0513,,,29.30,1.49,
24.3655,cmd,4,32.1794,,,29.30,1.49,
24.3661,state,3,16.0073,-0.280,-0.0440,,,37.0
24.3662,state,4,32.2234,-1.399,-0.1465,,,36.0
24.3755,cmd,3,16.0513,,,29.30,1.49,
24.3755,cmd,4,32.1794,,,29.30,1.49,
24.3761,state,3,16.0073,-0.839,0.0147,,,37.0
24.3762,state,4,32.2234,-0.280,-0.1465,,,36.0
24.3855,cmd,3,16.0513,,,29.30,1.49,
24.3855,cmd,4,32.1794,,,29.30,1.49,
24.3861,state,3,16.0073,-2.518,-0.0440,,,37.0
24.3862,state,4,32.2234,1.959,-0.0879,,,36.0
24.3955,cmd,3,16.0513,,,29.30,1.49,
24.3955,cmd,4,32.1794,,,29.30,1.49,
24.3961,state,3,16.0073,3.078,-0.0147,,,37.0
24.3962,state,4,32.2234,0.280,-0.0879,,,36.0
24.4055,cmd,3,16.0513,,,29.30,1.49,
24.4056,cmd,4,32.1794,,,29.30,1.49,
24.4062,state,3,16.0073,5.876,-0.0147,,,37.0
24.4063,state,4,32.2234,-2.518,-0.1465,,,36.0
24.4155,cmd,3,16.0513,,,29.30,1.49,
24.4155,cmd,4,32.1794,,,29.30,1.49,
24.4161,state,3,16.0073,0.280,-0.0440,,,37.0
24.4162,state,4,32.2234,-0.839,-0.0879,,,36.0
24.4255,cmd,3,16.0513,,,29.30,1.49,
24.4256,cmd,4,32.1794,,,29.30,1.49,
24.4261,state,3,16.0073,-3.638,-0.0147,,,37.0
24.4262,state,4,32.2234,-0.839,-0.0879,,,36.0
24.4355,cmd,3,16.0513,,,29.30,1.49,
24.4355,cmd,4,32.1794,,,29.30,1.49,
24.4361,state,3,16.0073,6.436,-0.0147,,,37.0
24.4362,state,4,32.2234,-1.399,-0.0879,,,36.0
24.4455,cmd,3,16.0513,,,29.30,1.49,
24.4455,cmd,4,32.1794,,,29.30,1.49,
24.4461,state,3,16.0073,-3.638,-0.0147,,,37.0
24.4462,state,4,32.2234,1.399,-0.0879,,,36.0
24.4556,cmd,3,16.0513,,,29.30,1.49,
24.4556,cmd,4,32.1794,,,29.30,1.49,
24.4562,state,3,16.0073,3.638,-0.0440,,,37.0
24.4563,state,4,32.2234,-2.518,-0.0879,,,36.0
24.4655,cmd,3,16.0513,,,29.30,1.49,
24.4655,cmd,4,32.1794,,,29.30,1.49,
24.4661,state,3,16.0073,3.078,0.0147,,,37.0
24.4662,state,4,32.2234,-4.197,-0.1465,,,36.0
24.4756,cmd,3,16.0513,,,29.30,1.49,
24.4756,cmd,4,32.1794,,,29.30,1.49,
24.4762,state,3,16.0073,3.078,-0.0147,,,37.0
24.4763,state,4,32.2234,5.876,-0.0879,,,36.0
24.4855,cmd,3,16.0513,,,29.30,1.49,
24.4855,cmd,4,32.1794,,,29.30,1.49,
24.4861,state,3,16.0073,1.399,-0.0147,,,37.0
24.4862,state,4,32.2234,-3.078,-0.0879,,,36.0
24.4955,cmd,3,16.0513,,,29.30,1.49,
24.4955,cmd,4,32.1794,,,29.30,1.49,
24.4961,state,3,16.0073,-1.399,-0.0147,,,37.0
24.4963,state,4,32.2234,0.839,-0.0293,,,36.0
24.5055,cmd,3,16.0513,,,29.30,1.49,
24.5056,cmd,4,32.1794,,,29.30,1.49,
24.5061,state,3,16.0073,-2.518,-0.0147,,,37.0
24.5063,state,4,32.2234,1.399,-0.1465,,,36.0
24.5156,cmd,3,16.0513,,,29.30,1.49,
24.5156,cmd,4,32.1794,,,29.30,1.49,
24.5162,state,3,16.0073,-0.839,0.0147,,,37.0
24.5163,state,4,32.2234,-5.317,-0.0879,,,36.0
24.5255,cmd,3,16.0513,,,29.30,1.49,
24.5255,cmd,4,32.1794,,,29.30,1.49,
24.5261,state,3,16.0073,1.399,-0.0147,,,37.0
24.5263,state,4,32.2234,-2.518,-0.0879,,,36.0
24.5355,cmd,3,16.0513,,,29.30,1.49,
24.5355,cmd,4,32.1794,,,29.30,1.49,
24.5361,state,3,16.0073,-0.280,-0.0147,,,37.0
24.5362,state,4,32.2234,1.399,-0.0879,,,36.0
24.5456,cmd,3,16.0513,,,29.30,1.49,
24.5456,cmd,4,32.1794,,,29.30,1.49,
24.5461,state,3,16.0073,-3.078,-0.0440,,,37.0
24.5462,state,4,32.2234,-3.078,-0.0879,,,36.0
24.5555,cmd,3,16.0513,,,29.30,1.49,
24.5555,cmd,4,32.1794,,,29.30,1.49,
24.5561,state,3,16.0073,5.876,-0.0440,,,37.0
24.5562,state,4,32.2234,0.280,-0.0879,,,36.0
24.5655,cmd,3,16.0513,,,29.30,1.49,
24.5655,cmd,4,32.1794,,,29.30,1.49,
24.5661,state,3,16.0073,0.280,-0.0440,,,37.0
24.5662,state,4,32.2234,1.959,-0.0879,,,36.0
24.5755,cmd,3,16.0513,,,29.30,1.49,
24.5756,cmd,4,32.1794,,,29.30,1.49,
24.5762,state,3,16.0073,8.115,-0.0147,,,37.0
24.5762,state,4,32.2234,4.197,-0.0293,,,36.0
24.5855,cmd,3,16.0513,,,29.30,1.49,
24.5855,cmd,4,32.1794,,,29.30,1.49,
24.5861,state,3,16.0073,5.876,-0.0147,,,37.0
24.5863,state,4,32.2234,3.078,-0.0879,,,36.0
24.5955,cmd,3,16.0513,,,29.30,1.49,
24.5955,cmd,4,32.1794,,,29.30,1.49,
24.5961,state,3,16.0073,-5.317,-0.0147,,,37.0
24.5962,state,4,32.2234,4.197,-0.0879,,,36.0
24.6056,cmd,3,16.0513,,,29.30,1.49,
24.6056,cmd,4,32.1794,,,29.30,1.49,
24.6062,state,3,16.0073,-3.078,0.0147,,,37.0
24.6063,state,4,32.2234,2.518,-0.0879,,,36.0
24.6155,cmd,3,16.0513,,,29.30,1.49,
24.6155,cmd,4,32.1794,,,29.30,1.49,
24.6161,state,3,16.0073,2.518,-0.0147,,,37.0
24.6162,state,4,32.2234,-1.399,-0.0879,,,36.0
24.6256,cmd,3,16.0513,,,29.30,1.49,
24.6256,cmd,4,32.1794,,,29.30,1.49,
24.6262,state,3,16.0073,-0.280,0.0147,,,37.0
24.6263,state,4,32.2454,-0.839,-0.0879,,,36.0
24.6356,cmd,3,16.0513,,,29.30,1.49,
24.6357,cmd,4,32.1794,,,29.30,1.49,
24.6362,state,3,16.0073,-5.876,-0.0733,,,37.0
24.6363,state,4,32.2234,-1.959,-0.0879,,,36.0
24.6455,cmd,3,16.0513,,,29.30,1.49,
24.6455,cmd,4,32.1794,,,29.30,1.49,
24.6461,state,3,16.0073,-5.317,-0.0147,,,37.0
24.6462,state,4,32.2234,1.959,-0.0879,,,36.0
24.6555,cmd,3,16.0513,,,29.30,1.49,
24.6556,cmd,4,32.1794,,,29.30,1.49,
24.6562,state,3,16.0073,1.959,-0.0147,,,37.0
24.6563,state,4,32.2234,-4.197,-0.0293,,,36.0
24.6656,cmd,3,16.0513,,,29.30,1.49,
24.6656,cmd,4,32.1794,,,29.30,1.49,
24.6663,state,3,16.0073,-2.518,-0.0440,,,37.0
24.6663,state,4,32.2234,1.959,-0.1465,,,36.0
24.6756,cmd,3,16.0513,,,29.30,1.49,
24.6756,cmd,4,32.1794,,,29.30,1.49,
24.6762,state,3,16.0073,-5.317,-0.0147,,,37.0
24.6763,state,4,32.2234,-2.518,-0.0879,,,36.0
24.6855,cmd,3,16.0513,,,29.30,1.49,
24.6856,cmd,4,32.1794,,,29.30,1.49,
24.6862,state,3,16.0073,-2.518,-0.0147,,,37.0
24.6862,state,4,32.2234,-0.839,-0.0879,,,36.0
24.6956,cmd,3,16.0513,,,29.30,1.49,
24.6956,cmd,4,32.1794,,,29.30,1.49,
24.6962,state,3,16.0073,1.399,-0.0440,,,37.0
24.6963,state,4,32.2234,-4.197,-0.0879,,,36.0
24.7056,cmd,3,16.0513,,,29.30,1.49,
24.7056,cmd,4,32.1794,,,29.30,1.49,
24.7062,state,3,16.0073,3.078,-0.0440,,,37.0
24.7063,state,4,32.2454,6.996,-0.0879,,,36.0
24.7156,cmd,3,16.0513,,,29.30,1.49,
24.7156,cmd,4,32.1794,,,29.30,1.49,
24.7162,state,3,16.0073,2.518,-0.0440,,,37.0
24.7163,state,4,32.2234,2.518,-0.0879,,,36.0
24.7256,cmd,3,16.0513,,,29.30,1.49,
24.7256,cmd,4,32.1794,,,29.30,1.49,
24.7262,state,3,16.0073,0.280,-0.0147,,,37.0
24.7263,state,4,32.2234,-1.959,-0.0879,,,36.0
24.7356,cmd,3,16.0513,,,29.30,1.49,
24.7356,cmd,4,32.1794,,,29.30,1.49,
24.7362,state,3,16.0073,-1.399,-0.0147,,,37.0
24.7363,state,4,32.2234,-0.280,-0.0879,,,36.0
24.7456,cmd,3,16.0513,,,29.30,1.49,
24.7456,cmd,4,32.1794,,,29.30,1.49,
24.7462,state,3,16.0073,-0.839,0.0147,,,37.0
24.7462,state,4,32.2234,-4.197,-0.0879,,,36.0
24.7556,cmd,3,16.0513,,,29.30,1.49,
24.7556,cmd,4,32.1794,,,29.30,1.49,
24.7562,state,3,16.0073,-4.197,-0.0147,,,37.0
24.7563,state,4,32.2234,-1.959,-0.0879,,,36.0
24.7655,cmd,3,16.0513,,,29.30,1.49,
24.7656,cmd,4,32.1794,,,29.30,1.49,
24.7662,state,3,16.0073,1.959,-0.0733,,,37.0
24.7663,state,4,32.2234,-0.280,-0.0879,,,36.0
24.7756,cmd,3,16.0513,,,29.30,1.49,
24.7756,cmd,4,32.1794,,,29.30,1.49,
24.7762,state,3,16.0073,4.197,-0.0147,,,37.0
24.7763,state,4,32.2234,-0.839,-0.0879,,,36.0
24.7856,cmd,3,16.0513,,,29.30,1.49,
24.7856,cmd,4,32.1794,,,29.30,1.49,
24.7863,state,3,16.0073,5.317,-0.0440,,,37.0
24.7864,state,4,32.2234,-0.280,-0.1465,,,36.0
24.7955,cmd,3,16.0513,,,29.30,1.49,
24.7956,cmd,4,32.1794,,,29.30,1.49,
24.7962,state,3,16.0073,-1.959,0.0440,,,37.0
24.7963,state,4,32.2234,-2.518,-0.1465,,,36.0
24.8056,cmd,3,16.0513,,,29.30,1.49,
24.8056,cmd,4,32.1794,,,29.30,1.49,
24.8062,state,3,16.0073,1.959,-0.0147,,,37.0
24.8063,state,4,32.2234,-3.638,-0.0879,,,36.0
24.8156,cmd,3,16.0513,,,29.30,1.49,
24.8156,cmd,4,32.1794,,,29.30,1.49,
24.8162,state,3,16.0073,0.839,-0.0147,,,37.0
24.8163,state,4,32.2234,-4.757,-0.0879,,,36.0
24.8256,cmd,3,16.0513,,,29.30,1.49,
24.8256,cmd,4,32.1794,,,29.30,1.49,
24.8262,state,3,16.0073,-0.280,-0.0147,,,37.0
24.8262,state,4,32.2234,3.638,-0.0293,,,36.0
24.8355,cmd,3,16.0513,,,29.30,1.49,
24.8356,cmd,4,32.1794,,,29.30,1.49,
24.8361,state,3,16.0073,1.399,-0.0147,,,37.0
24.8362,state,4,32.2234,-5.317,-0.0879,,,36.0
24.8456,cmd,3,16.0513,,,29.30,1.49,
24.8456,cmd,4,32.1794,,,29.30,1.49,
24.8462,state,3,16.0073,-2.518,-0.0440,,,37.0
24.8463,state,4,32.2234,3.638,-0.0879,,,36.0
24.8556,cmd,3,16.0513,,,29.30,1.49,
24.8556,cmd,4,32.1794,,,29.30,1.49,
24.8562,state,3,16.0073,-5.876,-0.0147,,,37.0
24.8563,state,4,32.2234,-0.280,-0.0879,,,36.0
24.8656,cmd,3,16.0513,,,29.30,1.49,
24.8656,cmd,4,32.1794,,,29.30,1.49,
24.8662,state,3,16.0073,0.280,0.0440,,,37.0
24.8662,state,4,32.2234,1.399,-0.0879,,,36.0
24.8756,cmd,3,16.0513,,,29.30,1.49,
24.8756,cmd,4,32.1794,,,29.30,1.49,
24.8762,state,3,16.0073,2.518,-0.0147,,,37.0
24.8763,state,4,32.2234,-0.839,-0.0879,,,36.0
24.8855,cmd,3,16.0513,,,29.30,1.49,
24.8855,cmd,4,32.1794,,,29.30,1.49,
24.8862,state,3,16.0073,-5.317,0.0147,,,37.0
24.8863,state,4,32.2234,0.280,-0.0879,,,36.0
24.8956,cmd,3,16.0513,,,29.30,1.49,
24.8956,cmd,4,32.1794,,,29.30,1.49,
24.8962,state,3,15.9854,-3.638,-0.0147,,,37.0
24.8963,state,4,32.2234,0.280,-0.1465,,,36.0
24.9056,cmd,3,16.0513,,,29.30,1.49,
24.9056,cmd,4,32.1794,,,29.30,1.49,
24.9062,state,3,16.0073,-5.317,0.0147,,,37.0
24.9063,state,4,32.2234,0.280,-0.0879,,,36.0
24.9156,cmd,3,16.0513,,,29.30,1.49,
24.9156,cmd,4,32.1794,,,29.30,1.49,
24.9162,state,3,16.0073,0.839,-0.0733,,,37.0
24.9163,state,4,32.2454,-0.839,-0.0879,,,36.0
24.9256,cmd,3,16.0513,,,29.30,1.49,
24.9256,cmd,4,32.1794,,,29.30,1.49,
24.9262,state,3,16.0073,1.959,-0.0147,,,37.0
24.9263,state,4,32.2234,0.839,-0.0879,,,36.0
24.9357,cmd,3,16.0513,,,29.30,1.49,
24.9357,cmd,4,32.1794,,,29.30,1.49,
24.9363,state,3,16.0073,-6.436,-0.0147,,,37.0
24.9364,state,4,32.2234,3.078,-0.0879,,,36.0
24.9456,cmd,3,16.0513,,,29.30,1.49,
24.9456,cmd,4,32.1794,,,29.30,1.49,
24.9462,state,3,16.0073,-0.839,0.0147,,,37.0
24.9463,state,4,32.2234,-0.280,-0.0879,,,36.0
24.9556,cmd,3,16.0513,,,29.30,1.49,
24.9556,cmd,4,32.1794,,,29.30,1.49,
24.9562,state,3,16.0073,-4.757,-0.0440,,,37.0
24.9563,state,4,32.2234,-1.959,-0.0879,,,36.0
24.9656,cmd,3,16.0513,,,29.30,1.49,
24.9657,cmd,4,32.1794,,,29.30,1.49,
24.9662,state,3,16.0073,4.197,-0.0440,,,37.0
24.9663,state,4,32.2234,4.197,-0.0879,,,36.0
24.9756,cmd,3,16.0513,,,29.30,1.49,
24.9756,cmd,4,32.1794,,,29.30,1.49,
24.9762,state,3,16.0073,-6.436,-0.0147,,,37.0
24.9763,state,4,32.2234,-1.959,-0.0879,,,36.0
24.9856,cmd,3,16.0513,,,29.30,1.49,
24.9856,cmd,4,32.1794,,,29.30,1.49,
24.9862,state,3,16.0073,-0.280,-0.0147,,,37.0
24.9863,state,4,32.2234,2.518,-0.1465,,,36.0
24.9956,cmd,3,16.0513,,,29.30,1.49,
24.9956,cmd,4,32.1794,,,29.30,1.49,
24.9962,state,3,16.0073,-3.078,-0.0147,,,37.0
24.9963,state,4,32.2234,-0.839,-0.0879,,,36.0
25.0056,cmd,3,16.0513,,,29.30,1.49,
25.0056,cmd,4,32.1794,,,29.30,1.49,
25.0062,state,3,16.0073,-5.317,-0.0147,,,37.0
25.0063,state,4,32.2234,5.317,-0.1465,,,36.0
25.0156,cmd,3,16.0513,,,29.30,1.49,
25.0156,cmd,4,32.1794,,,29.30,1.49,
25.0162,state,3,16.0073,-1.959,-0.0147,,,37.0
25.0162,state,4,32.2234,1.959,-0.0879,,,36.0
25.0257,cmd,3,16.0513,,,29.30,1.49,
25.0257,cmd,4,32.1794,,,29.30,1.49,
25.0262,state,3,16.0073,-0.280,-0.0147,,,37.0
25.0263,state,4,32.2234,-0.839,-0.0879,,,36.0
25.0356,cmd,3,16.0513,,,29.30,1.49,
25.0357,cmd,4,32.1794,,,29.30,1.49,
25.0361,state,3,16.0073,-3.638,-0.0147,,,37.0
25.0364,state,4,32.2234,-0.280,-0.0879,,,36.0
25.0456,cmd,3,16.0513,,,29.30,1.49,
25.0456,cmd,4,32.1794,,,29.30,1.49,
25.0462,state,3,15.9854,-6.996,-0.0440,,,37.0
25.0463,state,4,32.2234,-0.280,-0.0879,,,36.0
25.0558,cmd,3,16.0513,,,29.30,1.49,
25.0558,cmd,4,32.1794,,,29.30,1.49,
25.0562,state,3,16.0073,2.518,0.0147,,,37.0
25.0564,state,4,32.2454,1.959,-0.0879,,,36.0
25.0656,cmd,3,16.0513,,,29.30,1.49,
25.0657,cmd,4,32.1794,,,29.30,1.49,
25.0662,state,3,15.9854,-3.638,-0.0440,,,37.0
25.0663,state,4,32.2234,-7.555,-0.1465,,,36.0
25.0756,cmd,3,16.0513,,,29.30,1.49,
25.0757,cmd,4,32.1794,,,29.30,1.49,
25.0763,state,3,16.0073,6.436,0.0147,,,37.0
25.0763,state,4,32.2234,-0.839,-0.0879,,,36.0
25.0856,cmd,3,16.0513,,,29.30,1.49,
25.0857,cmd,4,32.1794,,,29.30,1.49,
25.0862,state,3,16.0073,1.399,-0.0147,,,37.0
25.0863,state,4,32.2234,-1.959,-0.0879,,,36.0
25.0956,cmd,3,16.0513,,,29.30,1.49,
25.0957,cmd,4,32.1794,,,29.30,1.49,
25.0962,state,3,16.0073,-1.959,-0.0733,,,37.0
25.0963,state,4,32.2234,-2.518,-0.0879,,,36.0
25.1057,cmd,3,16.0513,,,29.30,1.49,
25.1057,cmd,4,32.1794,,,29.30,1.49,
25.1063,state,3,16.0073,4.197,0.0147,,,37.0
25.1063,state,4,32.2234,-0.839,-0.0879,,,36.0
25.1157,cmd,3,16.0513,,,29.30,1.49,
25.1157,cmd,4,32.1794,,,29.30,1.49,
25.1162,state,3,16.0073,-1.399,-0.1026,,,37.0
25.1163,state,4,32.2234,-4.197,-0.0879,,,36.0
25.1256,cmd,3,16.0513,,,29.30,1.49,
25.1257,cmd,4,32.1794,,,29.30,1.49,
25.1262,state,3,16.0073,-3.638,-0.0440,,,37.0
25.1263,state,4,32.2234,-4.757,-0.0293,,,36.0
25.1356,cmd,3,16.0513,,,29.30,1.49,
25.1356,cmd,4,32.1794,,,29.30,1.49,
25.1362,state,3,16.0073,-5.876,-0.0440,,,37.0
25.1363,state,4,32.2234,-3.078,-0.0879,,,36.0
25.1457,cmd,3,16.0513,,,29.30,1.49,
25.1457,cmd,4,32.1794,,,29.30,1.49,
25.1462,state,3,16.0073,-1.959,0.0147,,,37.0
25.1463,state,4,32.2234,-0.839,-0.0879,,,36.0
25.1556,cmd,3,16.0513,,,29.30,1.49,
25.1556,cmd,4,32.1794,,,29.30,1.49,
25.1562,state,3,16.0073,-1.399,-0.0440,,,37.0
25.1563,state,4,32.2454,0.280,-0.0879,,,36.0
25.1656,cmd,3,16.0513,,,29.30,1.49,
25.1656,cmd,4,32.1794,,,29.30,1.49,
25.1663,state,3,16.0073,6.996,-0.0733,,,37.0
25.1664,state,4,32.2234,0.280,-0.0879,,,36.0
25.1757,cmd,3,16.0513,,,29.30,1.49,
25.1758,cmd,4,32.1794,,,29.30,1.49,
25.1764,state,3,16.0073,1.959,-0.0147,,,37.0
25.1764,state,4,32.2234,-0.280,-0.0879,,,36.0
25.1856,cmd,3,16.0513,,,29.30,1.49,
25.1856,cmd,4,32.1794,,,29.30,1.49,
25.1862,state,3,16.0073,-3.078,-0.0147,,,37.0
25.1863,state,4,32.2454,6.436,-0.0879,,,36.0
25.1956,cmd,3,16.0513,,,29.30,1.49,
25.1957,cmd,4,32.1794,,,29.30,1.49,
25.1962,state,3,16.0073,0.839,-0.0147,,,37.0
25.1963,state,4,32.2454,1.959,-0.0879,,,36.0
25.2057,cmd,3,16.0513,,,29.30,1.49,
25.2057,cmd,4,32.1794,,,29.30,1.49,
25.2064,state,3,16.0073,2.518,-0.0733,,,37.0
25.2064,state,4,32.2234,-0.280,-0.0879,,,36.0
25.2156,cmd,3,16.0513,,,29.30,1.49,
25.2156,cmd,4,32.1794,,,29.30,1.49,
25.2162,state,3,16.0073,-1.399,0.0147,,,37.0
25.2163,state,4,32.2234,-1.959,-0.0879,,,36.0
25.2256,cmd,3,16.0513,,,29.30,1.49,
25.2256,cmd,4,32.1794,,,29.30,1.49,
25.2261,state,3,16.0073,0.839,-0.0440,,,37.0
25.2263,state,4,32.2234,-0.280,-0.0879,,,36.0
25.2357,cmd,3,16.0513,,,29.30,1.49,
25.2357,cmd,4,32.1794,,,29.30,1.49,
25.2363,state,3,16.0073,8.675,-0.0147,,,37.0
25.2364,state,4,32.2234,1.959,-0.0879,,,36.0
25.2456,cmd,3,16.0513,,,29.30,1.49,
25.2456,cmd,4,32.1794,,,29.30,1.49,
25.2462,state,3,16.0073,0.839,0.0147,,,37.0
25.2463,state,4,32.2234,-0.280,-0.0879,,,36.0
25.2556,cmd,3,16.0513,,,29.30,1.49,
25.2556,cmd,4,32.1794,,,29.30,1.49,
25.2562,state,3,16.0073,1.399,-0.0147,,,37.0
25.2563,state,4,32.2234,0.280,-0.0879,,,36.0
25.2656,cmd,3,16.0513,,,29.30,1.49,
25.2657,cmd,4,32.1794,,,29.30,1.49,
25.2662,state,3,16.0073,-0.280,-0.0440,,,37.0
25.2663,state,4,32.2234,-0.839,-0.0879,,,36.0
25.2757,cmd,3,16.0513,,,29.30,1.49,
25.2757,cmd,4,32.1794,,,29.30,1.49,
25.2763,state,3,16.0073,-3.078,0.0147,,,37.0
25.2763,state,4,32.2234,-0.839,-0.0879,,,36.0
25.2856,cmd,3,16.0513,,,29.30,1.49,
25.2856,cmd,4,32.1794,,,29.30,1.49,
25.2862,state,3,16.0073,-5.876,0.0147,,,37.0
25.2863,state,4,32.2234,-0.280,-0.0879,,,36.0
25.2958,cmd,3,16.0513,,,29.30,1.49,
25.2958,cmd,4,32.1794,,,29.30,1.49,
25.2963,state,3,16.0073,-1.399,-0.0440,,,37.0
25.2964,state,4,32.2234,-0.839,-0.0879,,,36.0
25.3057,cmd,3,16.0513,,,29.30,1.49,
25.3057,cmd,4,32.1794,,,29.30,1.49,
25.3062,state,3,16.0073,-0.280,-0.0147,,,37.0
25.3067,state,4,32.2234,0.839,-0.1465,,,36.0
25.3157,cmd,3,16.0513,,,29.30,1.49,
25.3157,cmd,4,32.1794,,,29.30,1.49,
25.3162,state,3,16.0073,1.959,-0.0147,,,37.0
25.3163,state,4,32.2234,0.839,-0.1465,,,36.0
25.3257,cmd,3,16.0513,,,29.30,1.49,
25.3258,cmd,4,32.1794,,,29.30,1.49,
25.3263,state,3,16.0073,-0.839,-0.0147,,,37.0
25.3264,state,4,32.2234,-2.518,-0.0879,,,36.0
25.3357,cmd,3,16.0513,,,29.30,1.49,
25.3357,cmd,4,32.1794,,,29.30,1.49,
25.3363,state,3,16.0073,-5.317,0.0147,,,37.0
25.3364,state,4,32.2234,0.280,-0.0879,,,36.0
25.3457,cmd,3,16.0513,,,29.30,1.49,
25.3457,cmd,4,32.1794,,,29.30,1.49,
25.3463,state,3,16.0073,-1.399,-0.0147,,,37.0
25.3463,state,4,32.2234,-0.839,-0.0879,,,36.0
25.3557,cmd,3,16.0513,,,29.30,1.49,
25.3558,cmd,4,32.1794,,,29.30,1.49,
25.3563,state,3,16.0073,0.280,-0.0147,,,37.0
25.3565,state,4,32.2234,-0.280,-0.0879,,,36.0
25.3657,cmd,3,16.0513,,,29.30,1.49,
25.3657,cmd,4,32.1794,,,29.30,1.49,
25.3663,state,3,16.0073,-0.839,-0.0147,,,37.0
25.3665,state,4,32.2234,0.280,-0.0879,,,36.0
25.3757,cmd,3,16.0513,,,29.30,1.49,
25.3757,cmd,4,32.1794,,,29.30,1.49,
25.3763,state,3,16.0073,0.839,-0.0147,,,37.0
25.3764,state,4,32.2234,-0.839,-0.0879,,,36.0
25.3857,cmd,3,16.0513,,,29.30,1.49,
25.3857,cmd,4,32.1794,,,29.30,1.49,
25.3863,state,3,16.0073,1.399,0.0147,,,37.0
25.3864,state,4,32.2234,-3.078,-0.0879,,,36.0
25.3957,cmd,3,16.0513,,,29.30,1.49,
25.3957,cmd,4,32.1794,,,29.30,1.49,
25.3963,state,3,16.0073,1.959,-0.0440,,,37.0
25.3964,state,4,32.2234,2.518,-0.0879,,,36.0
25.4057,cmd,3,16.0513,,,29.30,1.49,
25.4057,cmd,4,32.1794,,,29.30,1.49,
25.4063,state,3,16.0073,-0.839,-0.0147,,,37.0
25.4064,state,4,32.2234,3.078,-0.0879,,,36.0
25.4157,cmd,3,16.0513,,,29.30,1.49,
25.4157,cmd,4,32.1794,,,29.30,1.49,
25.4163,state,3,16.0073,6.996,-0.0440,,,37.0
25.4164,state,4,32.2234,-0.280,-0.0879,,,36.0
25.4257,cmd,3,16.0513,,,29.30,1.49,
25.4257,cmd,4,32.1794,,,29.30,1.49,
25.4263,state,3,16.0073,5.876,-0.0733,,,37.0
25.4264,state,4,32.2234,0.280,-0.0879,,,36.0
25.4357,cmd,3,16.0513,,,29.30,1.49,
25.4357,cmd,4,32.1794,,,29.30,1.49,
25.4363,state,3,16.0073,0.839,-0.0440,,,37.0
25.4364,state,4,32.2454,0.839,-0.0879,,,36.0
25.4457,cmd,3,16.0513,,,29.30,1.49,
25.4458,cmd,4,32.1794,,,29.30,1.49,
25.4464,state,3,16.0073,-3.078,-0.0147,,,37.0
25.4464,state,4,32.2234,0.839,-0.0879,,,36.0
25.4557,cmd,3,16.0513,,,29.30,1.49,
25.4557,cmd,4,32.1794,,,29.30,1.49,
25.4563,state,3,16.0073,-4.757,0.0147,,,37.0
25.4563,state,4,32.2234,-0.839,-0.0879,,,36.0
25.4656,cmd,3,16.0513,,,29.30,1.49,
25.4657,cmd,4,32.1794,,,29.30,1.49,
25.4662,state,3,16.0073,2.518,-0.0733,,,37.0
25.4663,state,4,32.2234,-2.518,-0.0879,,,36.0
25.4757,cmd,3,16.0513,,,29.30,1.49,
25.4758,cmd,4,32.1794,,,29.30,1.49,
25.4763,state,3,16.0073,1.399,-0.0147,,,37.0
25.4768,state,4,32.2234,2.518,-0.0879,,,36.0
25.4857,cmd,3,16.0513,,,29.30,1.49,
25.4857,cmd,4,32.1794,,,29.30,1.49,
25.4862,state,3,16.0073,0.280,0.0147,,,37.0
25.4866,state,4,32.2234,1.399,-0.0879,,,36.0
25.4957,cmd,3,16.0513,,,29.30,1.49,
25.4957,cmd,4,32.1794,,,29.30,1.49,
25.4962,state,3,16.0073,1.959,-0.0440,,,37.0
25.4967,state,4,32.2234,-3.638,-0.0879,,,36.0
25.5057,cmd,3,16.0513,,,29.30,1.49,
25.5057,cmd,4,32.1794,,,29.30,1.49,
25.5062,state,3,16.0073,-1.399,-0.0733,,,37.0
25.5066,state,4,32.2234,-2.518,-0.0879,,,36.0
25.5157,cmd,3,16.0513,,,29.30,1.49,
25.5157,cmd,4,32.1794,,,29.30,1.49,
25.5163,state,3,16.0073,-4.197,-0.0733,,,37.0
25.5167,state,4,32.2234,-4.757,-0.0879,,,36.0
25.5257,cmd,3,16.0513,,,29.30,1.49,
25.5257,cmd,4,32.1794,,,29.30,1.49,
25.5262,state,3,16.0073,-1.399,-0.0733,,,37.0
25.5267,state,4,32.2234,1.399,-0.0879,,,36.0
25.5357,cmd,3,16.0513,,,29.30,1.49,
25.5358,cmd,4,32.1794,,,29.30,1.49,
25.5363,state,3,16.0073,-1.399,-0.0147,,,37.0
25.5368,state,4,32.2234,0.839,-0.0879,,,36.0
25.5457,cmd,3,16.0513,,,29.30,1.49,
25.5457,cmd,4,32.1794,,,29.30,1.49,
25.5462,state,3,16.0073,4.757,-0.0147,,,37.0
25.5467,state,4,32.2234,1.959,-0.1465,,,36.0
25.5557,cmd,3,16.0513,,,29.30,1.49,
25.5557,cmd,4,32.1794,,,29.30,1.49,
25.5562,state,3,16.0073,-1.959,0.0147,,,37.0
25.5568,state,4,32.2234,1.399,-0.0879,,,36.0
25.5657,cmd,3,16.0513,,,29.30,1.49,
25.5657,cmd,4,32.1794,,,29.30,1.49,
25.5663,state,3,16.0073,1.959,-0.0440,,,37.0
25.5668,state,4,32.2234,1.399,-0.0879,,,36.0
25.5757,cmd,3,16.0513,,,29.30,1.49,
25.5757,cmd,4,32.1794,,,29.30,1.49,
25.5762,state,3,16.0073,0.839,0.0147,,,37.0
25.5767,state,4,32.2234,1.399,-0.0879,,,36.0
25.5857,cmd,3,16.0513,,,29.30,1.49,
25.5857,cmd,4,32.1794,,,29.30,1.49,
25.5863,state,3,16.0073,5.876,-0.0147,,,37.0
25.5864,state,4,32.2234,0.280,-0.0879,,,36.0
25.5957,cmd,3,16.0513,,,29.30,1.49,
25.5958,cmd,4,32.1794,,,29.30,1.49,
25.5963,state,3,16.0073,-2.518,-0.0147,,,37.0
25.5964,state,4,32.2234,0.280,-0.0879,,,36.0
25.6057,cmd,3,16.0513,,,29.30,1.49,
25.6057,cmd,4,32.1794,,,29.30,1.49,
25.6061,state,3,16.0073,-1.399,-0.0440,,,37.0
25.6064,state,4,32.2234,-0.280,-0.0879,,,36.0
25.6157,cmd,3,16.0513,,,29.30,1.49,
25.6158,cmd,4,32.1794,,,29.30,1.49,
25.6163,state,3,16.0073,-0.839,-0.0733,,,37.0
25.6165,state,4,32.2234,2.518,-0.0879,,,36.0
25.6258,cmd,3,16.0513,,,29.30,1.49,
25.6258,cmd,4,32.1794,,,29.30,1.49,
25.6263,state,3,16.0073,-0.839,0.0147,,,37.0
25.6264,state,4,32.2234,1.959,-0.0879,,,36.0
25.6357,cmd,3,16.0513,,,29.30,1.49,
25.6358,cmd,4,32.1794,,,29.30,1.49,
25.6363,state,3,16.0073,4.757,-0.0147,,,37.0
25.6364,state,4,32.2234,-0.839,-0.1465,,,36.0
25.6457,cmd,3,16.0513,,,29.30,1.49,
25.6457,cmd,4,32.1794,,,29.30,1.49,
25.6463,state,3,16.0073,4.757,0.0147,,,37.0
25.6464,state,4,32.2234,-4.197,-0.1465,,,36.0
25.6558,cmd,3,16.0513,,,29.30,1.49,
25.6558,cmd,4,32.1794,,,29.30,1.49,
25.6563,state,3,16.0073,-0.280,-0.0147,,,37.0
25.6567,state,4,32.2234,-5.317,-0.1465,,,36.0
25.6657,cmd,3,16.0513,,,29.30,1.49,
25.6658,cmd,4,32.1794,,,29.30,1.49,
25.6663,state,3,16.0073,-4.197,-0.0147,,,37.0
25.6664,state,4,32.2234,3.638,-0.0879,,,36.0
25.6757,cmd,3,16.0513,,,29.30,1.49,
25.6758,cmd,4,32.1794,,,29.30,1.49,
25.6763,state,3,16.0073,0.839,-0.0440,,,37.0
25.6764,state,4,32.2234,-5.876,-0.0879,,,36.0
25.6857,cmd,3,16.0513,,,29.30,1.49,
25.6858,cmd,4,32.1794,,,29.30,1.49,
25.6863,state,3,16.0073,-0.280,-0.0147,,,37.0
25.6864,state,4,32.2234,2.518,-0.0879,,,36.0
25.6957,cmd,3,16.0513,,,29.30,1.49,
25.6958,cmd,4,32.1794,,,29.30,1.49,
25.6963,state,3,16.0073,4.197,-0.0147,,,37.0
25.6964,state,4,32.2234,-1.399,-0.0879,,,36.0
25.7057,cmd,3,16.0513,,,29.30,1.49,
25.7057,cmd,4,32.1794,,,29.30,1.49,
25.7063,state,3,15.9854,-8.675,-0.0440,,,37.0
25.7065,state,4,32.2234,3.078,-0.0293,,,36.0
25.7157,cmd,3,16.0513,,,29.30,1.49,
25.7158,cmd,4,32.1794,,,29.30,1.49,
25.7163,state,3,16.0073,-3.638,-0.0147,,,37.0
25.7165,state,4,32.2234,-1.959,-0.1465,,,36.0
25.7257,cmd,3,16.0513,,,29.30,1.49,
25.7258,cmd,4,32.1794,,,29.30,1.49,
25.7263,state,3,16.0073,0.839,-0.0147,,,37.0
25.7264,state,4,32.2234,0.839,-0.0879,,,36.0
25.7357,cmd,3,16.0513,,,29.30,1.49,
25.7358,cmd,4,32.1794,,,29.30,1.49,
25.7363,state,3,16.0073,-2.518,-0.0147,,,37.0
25.7364,state,4,32.2234,-0.280,-0.0879,,,36.0
25.7457,cmd,3,16.0513,,,29.30,1.49,
25.7458,cmd,4,32.1794,,,29.30,1.49,
25.7463,state,3,16.0073,2.518,-0.0440,,,37.0
25.7464,state,4,32.2234,-0.280,-0.0879,,,36.0
25.7557,cmd,3,16.0513,,,29.30,1.49,
25.7558,cmd,4,32.1794,,,29.30,1.49,
25.7563,state,3,16.0073,-4.197,-0.0733,,,37.0
25.7564,state,4,32.2234,-1.399,-0.0879,,,36.0
25.7658,cmd,3,16.0513,,,29.30,1.49,
25.7658,cmd,4,32.1794,,,29.30,1.49,
25.7663,state,3,16.0073,-9.794,-0.0147,,,37.0
25.7668,state,4,32.2234,-0.280,-0.0879,,,36.0
25.7758,cmd,3,16.0513,,,29.30,1.49,
25.7758,cmd,4,32.1794,,,29.30,1.49,
25.7763,state,3,16.0073,3.638,-0.0147,,,37.0
25.7767,state,4,32.2234,1.959,-0.0879,,,36.0
25.7858,cmd,3,16.0513,,,29.30,1.49,
25.7858,cmd,4,32.1794,,,29.30,1.49,
25.7862,state,3,16.0073,0.280,-0.0147,,,37.0
25.7864,state,4,32.2234,-6.996,-0.0879,,,36.0
25.7957,cmd,3,16.0513,,,29.30,1.49,
25.7957,cmd,4,32.1794,,,29.30,1.49,
25.7962,state,3,16.0073,7.555,-0.0147,,,37.0
25.7964,state,4,32.2234,-3.638,-0.0879,,,36.0
25.8058,cmd,3,16.0513,,,29.30,1.49,
25.8058,cmd,4,32.1794,,,29.30,1.49,
25.8064,state,3,16.0073,0.839,-0.0147,,,37.0
25.8064,state,4,32.2234,0.280,-0.0293,,,36.0
25.8157,cmd,3,16.0513,,,29.30,1.49,
25.8157,cmd,4,32.1794,,,29.30,1.49,
25.8162,state,3,16.0073,0.839,0.0147,,,37.0
25.8165,state,4,32.2234,-0.839,-0.0879,,,36.0
25.8258,cmd,3,16.0513,,,29.30,1.49,
25.8258,cmd,4,32.1794,,,29.30,1.49,
25.8263,state,3,16.0073,0.839,-0.0440,,,37.0
25.8267,state,4,32.2234,-3.078,-0.0879,,,36.0
25.8358,cmd,3,16.0513,,,29.30,1.49,
25.8358,cmd,4,32.1794,,,29.30,1.49,
25.8364,state,3,16.0073,0.280,0.0147,,,37.0
25.8365,state,4,32.2234,-5.876,-0.0879,,,36.0
25.8457,cmd,3,16.0513,,,29.30,1.49,
25.8458,cmd,4,32.1794,,,29.30,1.49,
25.8463,state,3,15.9854,2.518,0.0147,,,37.0
25.8464,state,4,32.2234,0.280,-0.0879,,,36.0
25.8557,cmd,3,16.0513,,,29.30,1.49,
25.8558,cmd,4,32.1794,,,29.30,1.49,
25.8562,state,3,16.0073,-1.959,-0.0147,,,37.0
25.8568,state,4,32.2234,-5.876,-0.0879,,,36.0
25.8659,cmd,3,16.0513,,,29.30,1.49,
25.8659,cmd,4,32.1794,,,29.30,1.49,
25.8664,state,3,16.0073,-0.839,-0.0147,,,37.0
25.8666,state,4,32.2234,-4.197,-0.0879,,,36.0
25.8757,cmd,3,16.0513,,,29.30,1.49,
25.8758,cmd,4,32.1794,,,29.30,1.49,
25.8763,state,3,16.0073,-2.518,-0.0440,,,37.0
25.8764,state,4,32.2234,-1.959,-0.0879,,,36.0
25.8857,cmd,3,16.0513,,,29.30,1.49,
25.8857,cmd,4,32.1794,,,29.30,1.49,
25.8863,state,3,16.0073,-1.959,-0.0440,,,37.0
25.8864,state,4,32.2234,3.078,-0.0879,,,36.0
25.8958,cmd,3,16.0513,,,29.30,1.49,
25.8958,cmd,4,32.1794,,,29.30,1.49,
25.8964,state,3,16.0073,-6.996,0.0440,,,37.0
25.8965,state,4,32.2234,1.959,-0.0293,,,36.0
25.9057,cmd,3,16.0513,,,29.30,1.49,
25.9058,cmd,4,32.1794,,,29.30,1.49,
25.9063,state,3,16.0073,-2.518,-0.0147,,,37.0
25.9065,state,4,32.2234,0.280,-0.1465,,,36.0
25.9158,cmd,3,16.0513,,,29.30,1.49,
25.9158,cmd,4,32.1794,,,29.30,1.49,
25.9164,state,3,16.0073,-0.839,0.0147,,,37.0
25.9164,state,4,32.2234,0.839,-0.1465,,,36.0
25.9258,cmd,3,16.0513,,,29.30,1.49,
25.9258,cmd,4,32.1794,,,29.30,1.49,
25.9264,state,3,16.0073,-0.839,0.0147,,,37.0
25.9265,state,4,32.2234,-5.317,-0.1465,,,36.0
25.9358,cmd,3,16.0513,,,29.30,1.49,
25.9358,cmd,4,32.1794,,,29.30,1.49,
25.9364,state,3,16.0073,-1.959,-0.0147,,,37.0
25.9365,state,4,32.2234,2.518,-0.0879,,,36.0
25.9457,cmd,3,16.0513,,,29.30,1.49,
25.9458,cmd,4,32.1794,,,29.30,1.49,
25.9464,state,3,16.0073,8.115,-0.0440,,,37.0
25.9465,state,4,32.2234,1.399,-0.0879,,,36.0
25.9558,cmd,3,16.0513,,,29.30,1.49,
25.9558,cmd,4,32.1794,,,29.30,1.49,
25.9564,state,3,16.0073,-6.996,-0.0147,,,37.0
25.9565,state,4,32.2234,-0.839,-0.0879,,,36.0
25.9657,cmd,3,16.0513,,,29.30,1.49,
25.9658,cmd,4,32.1794,,,29.30,1.49,
25.9663,state,3,16.0073,-1.399,-0.0147,,,37.0
25.9664,state,4,32.2454,3.638,-0.1465,,,36.0
25.9758,cmd,3,16.0513,,,29.30,1.49,
25.9758,cmd,4,32.1794,,,29.30,1.49,
25.9764,state,3,16.0073,0.280,-0.0147,,,37.0
25.9765,state,4,32.2234,1.399,-0.0879,,,36.0
25.9858,cmd,3,16.0513,,,29.30,1.49,
25.9859,cmd,4,32.1794,,,29.30,1.49,
25.9864,state,3,16.0073,1.399,0.0147,,,37.0
25.9865,state,4,32.2234,4.757,-0.0879,,,36.0
25.9958,cmd,3,16.0513,,,29.30,1.49,
25.9958,cmd,4,32.1794,,,29.30,1.49,
25.9964,state,3,16.0073,3.638,-0.0440,,,37.0
25.9965,state,4,32.2234,0.280,-0.0879,,,36.0
26.0057,cmd,3,16.0513,,,29.30,1.49,
26.0057,cmd,4,32.1794,,,29.30,1.49,
26.0063,state,3,16.0073,3.078,-0.0147,,,37.0
26.0065,state,4,32.2234,-2.518,-0.0879,,,36.0
26.0158,cmd,3,16.0513,,,29.30,1.49,
26.0158,cmd,4,32.1794,,,29.30,1.49,
26.0164,state,3,16.0073,0.839,0.0440,,,37.0
26.0165,state,4,32.2234,-1.399,-0.0879,,,36.0
26.0258,cmd,3,16.0513,,,29.30,1.49,
26.0258,cmd,4,32.1794,,,29.30,1.49,
26.0264,state,3,16.0073,-2.518,0.0147,,,37.0
26.0265,state,4,32.2234,1.959,-0.0293,,,36.0
26.0358,cmd,3,16.0513,,,29.30,1.49,
26.0358,cmd,4,32.1794,,,29.30,1.49,
26.0363,state,3,16.0073,-3.638,0.0147,,,37.0
26.0365,state,4,32.2234,1.959,-0.0879,,,36.0
26.0460,cmd,3,16.0513,,,29.30,1.49,
26.0460,cmd,4,32.1794,,,29.30,1.49,
26.0466,state,3,16.0073,-0.839,-0.0147,,,37.0
26.0467,state,4,32.2234,-1.959,-0.1465,,,36.0
26.0558,cmd,3,16.0513,,,29.30,1.49,
26.0558,cmd,4,32.1794,,,29.30,1.49,
26.0564,state,3,16.0073,-4.197,-0.0440,,,37.0
26.0565,state,4,32.2234,-4.197,-0.0879,,,36.0
26.0658,cmd,3,16.0513,,,29.30,1.49,
26.0658,cmd,4,32.1794,,,29.30,1.49,
26.0664,state,3,16.0073,-5.876,-0.0440,,,37.0
26.0665,state,4,32.2234,-2.518,-0.0879,,,36.0
26.0758,cmd,3,16.0513,,,29.30,1.49,
26.0758,cmd,4,32.1794,,,29.30,1.49,
26.0764,state,3,16.0073,-1.959,-0.0147,,,37.0
26.0765,state,4,32.2234,0.280,-0.0293,,,36.0
26.0858,cmd,3,16.0513,,,29.30,1.49,
26.0858,cmd,4,32.1794,,,29.30,1.49,
26.0864,state,3,16.0073,5.317,-0.0440,,,37.0
26.0865,state,4,32.2234,0.280,-0.0879,,,36.0
26.0958,cmd,3,16.0513,,,29.30,1.49,
26.0958,cmd,4,32.1794,,,29.30,1.49,
26.0964,state,3,16.0073,-1.399,-0.0147,,,37.0
26.0965,state,4,32.2234,4.197,-0.0879,,,36.0
26.1058,cmd,3,16.0513,,,29.30,1.49,
26.1058,cmd,4,32.1794,,,29.30,1.49,
26.1064,state,3,16.0073,7.555,-0.0440,,,37.0
26.1065,state,4,32.2234,-3.638,-0.1465,,,36.0
26.1158,cmd,3,16.0513,,,29.30,1.49,
26.1158,cmd,4,32.1794,,,29.30,1.49,
26.1164,state,3,16.0073,-5.317,-0.0147,,,37.0
26.1164,state,4,32.2234,-1.399,-0.0879,,,36.0
26.1258,cmd,3,16.0513,,,29.30,1.49,
26.1258,cmd,4,32.1794,,,29.30,1.49,
26.1264,state,3,16.0073,1.399,0.0147,,,37.0
26.1265,state,4,32.2234,-2.518,-0.0879,,,36.0
26.1358,cmd,3,16.0513,,,29.30,1.49,
26.1358,cmd,4,32.1794,,,29.30,1.49,
26.1364,state,3,16.0073,-5.317,0.0147,,,37.0
26.1365,state,4,32.2234,-3.078,-0.1465,,,36.0
26.1458,cmd,3,16.0513,,,29.30,1.49,
26.1458,cmd,4,32.1794,,,29.30,1.49,
26.1464,state,3,16.0073,8.675,-0.0440,,,37.0
26.1464,state,4,32.2234,-3.638,-0.0879,,,36.0
26.1558,cmd,3,16.0513,,,29.30,1.49,
26.1558,cmd,4,32.1794,,,29.30,1.49,
26.1564,state,3,16.0073,1.959,-0.0440,,,37.0
26.1565,state,4,32.2234,0.839,-0.0879,,,36.0
26.1659,cmd,3,16.0513,,,29.30,1.49,
26.1659,cmd,4,32.1794,,,29.30,1.49,
26.1666,state,3,16.0073,0.280,-0.0147,,,37.0
26.1666,state,4,32.2234,-3.078,-0.0879,,,36.0
26.1759,cmd,3,16.0513,,,29.30,1.49,
26.1759,cmd,4,32.1794,,,29.30,1.49,
26.1765,state,3,16.0073,-5.317,-0.0147,,,37.0
26.1766,state,4,32.2234,-0.839,-0.1465,,,36.0
26.1858,cmd,3,16.0513,,,29.30,1.49,
26.1859,cmd,4,32.1794,,,29.30,1.49,
26.1864,state,3,16.0073,-2.518,0.0147,,,37.0
26.1865,state,4,32.2234,5.876,-0.0293,,,36.0
26.1959,cmd,3,16.0513,,,29.30,1.49,
26.1960,cmd,4,32.1794,,,29.30,1.49,
26.1965,state,3,16.0073,-3.638,-0.0147,,,37.0
26.1966,state,4,32.2234,2.518,-0.0879,,,36.0
26.2058,cmd,3,16.0513,,,29.30,1.49,
26.2059,cmd,4,32.1794,,,29.30,1.49,
26.2064,state,3,16.0073,10.354,-0.0147,,,37.0
26.2065,state,4,32.2234,3.078,-0.0293,,,36.0
26.2158,cmd,3,16.0513,,,29.30,1.49,
26.2158,cmd,4,32.1794,,,29.30,1.49,
26.2164,state,3,16.0073,-5.317,-0.0147,,,37.0
26.2165,state,4,32.2234,-2.518,-0.0879,,,36.0
26.2258,cmd,3,16.0513,,,29.30,1.49,
26.2259,cmd,4,32.1794,,,29.30,1.49,
26.2265,state,3,16.0073,-2.518,-0.0733,,,37.0
26.2267,state,4,32.2234,-5.317,-0.0879,,,36.0
26.2359,cmd,3,16.0513,,,29.30,1.49,
26.2360,cmd,4,32.1794,,,29.30,1.49,
26.2365,state,3,16.0073,1.399,-0.0147,,,37.0
26.2366,state,4,32.2234,-0.280,-0.0879,,,36.0
26.2458,cmd,3,16.0513,,,29.30,1.49,
26.2459,cmd,4,32.1794,,,29.30,1.49,
26.2464,state,3,16.0073,-1.399,-0.0147,,,37.0
26.2465,state,4,32.2234,0.839,-0.0879,,,36.0
26.2559,cmd,3,16.0513,,,29.30,1.49,
26.2560,cmd,4,32.1794,,,29.30,1.49,
26.2566,state,3,16.0073,-3.078,-0.0147,,,37.0
26.2566,state,4,32.2234,0.280,-0.0879,,,36.0
26.2659,cmd,3,16.0513,,,29.30,1.49,
26.2659,cmd,4,32.1794,,,29.30,1.49,
26.2665,state,3,16.0073,-3.078,-0.0147,,,37.0
26.2666,state,4,32.2234,-0.280,-0.0879,,,36.0
26.2758,cmd,3,16.0513,,,29.30,1.49,
26.2758,cmd,4,32.1794,,,29.30,1.49,
26.2763,state,3,16.0073,-1.959,-0.0147,,,37.0
26.2768,state,4,32.2234,2.518,-0.1465,,,36.0
26.2858,cmd,3,16.0513,,,29.30,1.49,
26.2859,cmd,4,32.1794,,,29.30,1.49,
26.2863,state,3,16.0073,-2.518,-0.0440,,,37.0
26.2867,state,4,32.2234,-3.078,-0.1465,,,36.0
26.2959,cmd,3,16.0513,,,29.30,1.49,
26.2959,cmd,4,32.1794,,,29.30,1.49,
26.2965,state,3,16.0073,-5.317,-0.0147,,,37.0
26.2966,state,4,32.2234,-2.518,-0.0879,,,36.0
26.3058,cmd,3,16.0513,,,29.30,1.49,
26.3058,cmd,4,32.1794,,,29.30,1.49,
26.3063,state,3,16.0073,-3.638,0.0147,,,37.0
26.3066,state,4,32.2234,1.399,-0.0879,,,36.0
26.3158,cmd,3,16.0513,,,29.30,1.49,
26.3159,cmd,4,32.1794,,,29.30,1.49,
26.3165,state,3,16.0073,3.638,0.0147,,,37.0
26.3165,state,4,32.2234,-2.518,-0.0879,,,36.0
26.3259,cmd,3,16.0513,,,29.30,1.49,
26.3259,cmd,4,32.1794,,,29.30,1.49,
26.3264,state,3,16.0073,6.996,-0.0147,,,37.0
26.3268,state,4,32.2234,1.399,-0.0879,,,36.0
26.3359,cmd,3,16.0513,,,29.30,1.49,
26.3359,cmd,4,32.1794,,,29.30,1.49,
26.3364,state,3,16.0073,5.317,-0.0147,,,37.0
26.3368,state,4,32.2234,-3.638,-0.1465,,,36.0
26.3458,cmd,3,16.0513,,,29.30,1.49,
26.3459,cmd,4,32.1794,,,29.30,1.49,
26.3463,state,3,16.0073,-6.436,-0.0440,,,37.0
26.3468,state,4,32.2234,0.839,-0.0879,,,36.0
26.3559,cmd,3,16.0513,,,29.30,1.49,
26.3559,cmd,4,32.1794,,,29.30,1.49,
26.3564,state,3,16.0073,-0.839,0.0147,,,37.0
26.3567,state,4,32.2234,-1.959,-0.0879,,,36.0
26.3659,cmd,3,16.0513,,,29.30,1.49,
26.3659,cmd,4,32.1794,,,29.30,1.49,
26.3665,state,3,15.9854,-1.959,0.0147,,,37.0
26.3666,state,4,32.2234,3.078,-0.0879,,,36.0
26.3759,cmd,3,16.0513,,,29.30,1.49,
26.3759,cmd,4,32.1794,,,29.30,1.49,
26.3765,state,3,16.0073,1.399,0.0147,,,37.0
26.3766,state,4,32.2234,-5.317,-0.1465,,,36.0
26.3858,cmd,3,16.0513,,,29.30,1.49,
26.3858,cmd,4,32.1794,,,29.30,1.49,
26.3865,state,3,16.0073,-4.197,-0.0147,,,37.0
26.3866,state,4,32.2454,1.399,-0.0879,,,36.0
26.3958,cmd,3,16.0513,,,29.30,1.49,
26.3958,cmd,4,32.1794,,,29.30,1.49,
26.3964,state,3,16.0073,-0.839,-0.0440,,,37.0
26.3966,state,4,32.2234,0.280,-0.0879,,,36.0
26.4058,cmd,3,16.0513,,,29.30,1.49,
26.4058,cmd,4,32.1794,,,29.30,1.49,
26.4064,state,3,16.0073,-0.280,-0.0147,,,37.0
26.4065,state,4,32.2234,1.959,-0.0879,,,36.0
26.4159,cmd,3,16.0513,,,29.30,1.49,
26.4159,cmd,4,32.1794,,,29.30,1.49,
26.4164,state,3,16.0073,1.399,0.0147,,,37.0
26.4166,state,4,32.2234,-3.078,-0.0879,,,36.0
26.4258,cmd,3,16.0513,,,29.30,1.49,
26.4258,cmd,4,32.1794,,,29.30,1.49,
26.4265,state,3,16.0073,3.638,-0.0147,,,37.0
26.4266,state,4,32.2234,0.839,-0.1465,,,36.0
26.4359,cmd,3,16.0513,,,29.30,1.49,
26.4359,cmd,4,32.1794,,,29.30,1.49,
26.4365,state,3,16.0073,-5.317,-0.0147,,,37.0
26.4366,state,4,32.2234,-1.399,-0.0879,,,36.0
26.4459,cmd,3,16.0513,,,29.30,1.49,
26.4459,cmd,4,32.1794,,,29.30,1.49,
26.4465,state,3,16.0073,-1.959,-0.0147,,,37.0
26.4466,state,4,32.2234,-1.399,-0.0879,,,36.0
26.4559,cmd,3,16.0513,,,29.30,1.49,
26.4559,cmd,4,32.1794,,,29.30,1.49,
26.4565,state,3,16.0073,1.959,-0.0147,,,37.0
26.4566,state,4,32.2234,0.839,-0.0879,,,36.0
26.4659,cmd,3,16.0513,,,29.30,1.49,
26.4659,cmd,4,32.1794,,,29.30,1.49,
26.4665,state,3,16.0073,-3.078,-0.0147,,,37.0
26.4666,state,4,32.2234,2.518,-0.0879,,,36.0
26.4758,cmd,3,16.0513,,,29.30,1.49,
26.4759,cmd,4,32.1794,,,29.30,1.49,
26.4764,state,3,16.0073,-5.876,-0.0440,,,37.0
26.4766,state,4,32.2234,1.959,-0.0879,,,36.0
26.4859,cmd,3,16.0513,,,29.30,1.49,
26.4859,cmd,4,32.1794,,,29.30,1.49,
26.4864,state,3,16.0073,-0.280,-0.0147,,,37.0
26.4868,state,4,32.2234,5.317,-0.0879,,,36.0
26.4958,cmd,3,16.0513,,,29.30,1.49,
26.4959,cmd,4,32.1794,,,29.30,1.49,
26.4965,state,3,16.0073,-0.839,-0.0147,,,37.0
26.4966,state,4,32.2234,-4.757,-0.0879,,,36.0
26.5059,cmd,3,16.0513,,,29.30,1.49,
26.5059,cmd,4,32.1794,,,29.30,1.49,
26.5064,state,3,16.0073,-6.996,-0.0147,,,37.0
26.5069,state,4,32.2234,-1.399,-0.0879,,,36.0
26.5159,cmd,3,16.0513,,,29.30,1.49,
26.5159,cmd,4,32.1794,,,29.30,1.49,
26.5165,state,3,16.0073,2.518,-0.0440,,,37.0
26.5166,state,4,32.2234,1.959,-0.0879,,,36.0
26.5259,cmd,3,16.0513,,,29.30,1.49,
26.5259,cmd,4,32.1794,,,29.30,1.49,
26.5264,state,3,16.0073,0.839,-0.0440,,,37.0
26.5266,state,4,32.2234,4.757,-0.0879,,,36.0
26.5359,cmd,3,16.0513,,,29.30,1.49,
26.5359,cmd,4,32.1794,,,29.30,1.49,
26.5365,state,3,16.0073,-5.317,-0.0440,,,37.0
26.5366,state,4,32.2234,4.757,-0.0879,,,36.0
26.5459,cmd,3,16.0513,,,29.30,1.49,
26.5459,cmd,4,32.1794,,,29.30,1.49,
26.5463,state,3,16.0073,7.555,-0.0147,,,37.0
26.5469,state,4,32.2234,3.638,-0.0879,,,36.0
26.5559,cmd,3,16.0513,,,29.30,1.49,
26.5559,cmd,4,32.1794,,,29.30,1.49,
26.5564,state,3,16.0073,-8.115,-0.0147,,,37.0
26.5568,state,4,32.2234,-3.078,-0.0879,,,36.0
26.5659,cmd,3,16.0513,,,29.30,1.49,
26.5659,cmd,4,32.1794,,,29.30,1.49,
26.5664,state,3,16.0073,5.317,-0.0147,,,37.0
26.5668,state,4,32.2234,4.197,-0.0879,,,36.0
26.5759,cmd,3,16.0513,,,29.30,1.49,
26.5759,cmd,4,32.1794,,,29.30,1.49,
26.5764,state,3,16.0073,1.399,-0.0733,,,37.0
26.5768,state,4,32.2234,-0.280,-0.1465,,,36.0
26.5860,cmd,3,16.0513,,,29.30,1.49,
26.5860,cmd,4,32.1794,,,29.30,1.49,
26.5866,state,3,16.0073,-1.399,-0.0440,,,37.0
26.5867,state,4,32.2234,-5.317,-0.1465,,,36.0
26.5959,cmd,3,16.0513,,,29.30,1.49,
26.5959,cmd,4,32.1794,,,29.30,1.49,
26.5965,state,3,16.0073,-0.280,0.0147,,,37.0
26.5968,state,4,32.2234,2.518,-0.0879,,,36.0
26.6058,cmd,3,16.0513,,,29.30,1.49,
26.6059,cmd,4,32.1794,,,29.30,1.49,
26.6065,state,3,16.0073,-3.638,-0.0147,,,37.0
26.6066,state,4,32.2234,1.399,-0.1465,,,36.0
26.6159,cmd,3,16.0513,,,29.30,1.49,
26.6159,cmd,4,32.1794,,,29.30,1.49,
26.6164,state,3,16.0073,6.996,0.0440,,,37.0
26.6168,state,4,32.2234,3.638,-0.0879,,,36.0
26.6259,cmd,3,16.0513,,,29.30,1.49,
26.6259,cmd,4,32.1794,,,29.30,1.49,
26.6264,state,3,16.0073,0.839,-0.0147,,,37.0
26.6268,state,4,32.2234,1.399,-0.1465,,,36.0
26.6359,cmd,3,16.0513,,,29.30,1.49,
26.6359,cmd,4,32.1794,,,29.30,1.49,
26.6364,state,3,16.0073,1.399,-0.0147,,,37.0
26.6368,state,4,32.2234,1.399,-0.0879,,,36.0
26.6459,cmd,3,16.0513,,,29.30,1.49,
26.6460,cmd,4,32.1794,,,29.30,1.49,
26.6466,state,3,16.0073,-4.197,0.0147,,,37.0
26.6467,state,4,32.2234,-0.280,-0.0879,,,36.0
26.6559,cmd,3,16.0513,,,29.30,1.49,
26.6559,cmd,4,32.1794,,,29.30,1.49,
26.6565,state,3,16.0073,1.399,0.0147,,,37.0
26.6569,state,4,32.2234,3.078,-0.0879,,,36.0
26.6658,cmd,3,16.0513,,,29.30,1.49,
26.6659,cmd,4,32.1794,,,29.30,1.49,
26.6663,state,3,16.0073,-0.280,-0.0147,,,37.0
26.6668,state,4,32.2234,4.197,-0.0879,,,36.0
26.6759,cmd,3,16.0513,,,29.30,1.49,
26.6759,cmd,4,32.1794,,,29.30,1.49,
26.6764,state,3,16.0073,-1.959,-0.0147,,,37.0
26.6768,state,4,32.2234,-1.959,-0.0879,,,36.0
26.6859,cmd,3,16.0513,,,29.30,1.49,
26.6859,cmd,4,32.1794,,,29.30,1.49,
26.6865,state,3,16.0073,-0.280,0.0147,,,37.0
26.6866,state,4,32.2234,1.959,-0.0879,,,36.0
26.6959,cmd,3,16.0513,,,29.30,1.49,
26.6959,cmd,4,32.1794,,,29.30,1.49,
26.6965,state,3,16.0073,2.518,-0.0147,,,37.0
26.6966,state,4,32.2234,-0.280,-0.1465,,,36.0
26.7059,cmd,3,16.0513,,,29.30,1.49,
26.7059,cmd,4,32.1794,,,29.30,1.49,
26.7065,state,3,16.0073,5.876,0.0147,,,37.0
26.7066,state,4,32.2234,1.399,-0.0879,,,36.0
26.7159,cmd,3,16.0513,,,29.30,1.49,
26.7159,cmd,4,32.1794,,,29.30,1.49,
26.7166,state,3,16.0073,3.638,-0.0440,,,37.0
26.7166,state,4,32.2234,0.839,-0.0879,,,36.0
26.7259,cmd,3,16.0513,,,29.30,1.49,
26.7259,cmd,4,32.1794,,,29.30,1.49,
26.7265,state,3,16.0073,-1.399,-0.0440,,,37.0
26.7266,state,4,32.2234,2.518,-0.0879,,,36.0
26.7359,cmd,3,16.0513,,,29.30,1.49,
26.7360,cmd,4,32.1794,,,29.30,1.49,
26.7365,state,3,16.0073,-0.839,0.0147,,,37.0
26.7366,state,4,32.2234,-0.280,-0.0879,,,36.0
26.7459,cmd,3,16.0513,,,29.30,1.49,
26.7459,cmd,4,32.1794,,,29.30,1.49,
26.7465,state,3,16.0073,-6.436,-0.0147,,,37.0
26.7466,state,4,32.2234,3.078,-0.1465,,,36.0
26.7559,cmd,3,16.0513,,,29.30,1.49,
26.7559,cmd,4,32.1794,,,29.30,1.49,
26.7565,state,3,16.0073,5.876,0.0147,,,37.0
26.7566,state,4,32.2234,0.839,-0.0879,,,36.0
26.7659,cmd,3,16.0513,,,29.30,1.49,
26.7659,cmd,4,32.1794,,,29.30,1.49,
26.7665,state,3,16.0073,-3.638,-0.0440,,,37.0
26.7666,state,4,32.2234,1.959,-0.0879,,,36.0
26.7759,cmd,3,16.0513,,,29.30,1.49,
26.7759,cmd,4,32.1794,,,29.30,1.49,
26.7765,state,3,16.0073,3.078,-0.0147,,,37.0
26.7766,state,4,32.2234,-4.197,-0.1465,,,36.0
26.7859,cmd,3,16.0513,,,29.30,1.49,
26.7859,cmd,4,32.1794,,,29.30,1.49,
26.7865,state,3,16.0073,-2.518,0.0440,,,37.0
26.7866,state,4,32.2234,-0.839,-0.0879,,,36.0
26.7959,cmd,3,16.0513,,,29.30,1.49,
26.7959,cmd,4,32.1794,,,29.30,1.49,
26.7966,state,3,16.0073,3.078,-0.0147,,,37.0
26.7966,state,4,32.2234,-5.317,-0.0879,,,36.0
26.8059,cmd,3,16.0513,,,29.30,1.49,
26.8059,cmd,4,32.1794,,,29.30,1.49,
26.8065,state,3,16.0073,-1.399,-0.0440,,,37.0
26.8066,state,4,32.2234,1.959,-0.0879,,,36.0
26.8159,cmd,3,16.0513,,,29.30,1.49,
26.8159,cmd,4,32.1794,,,29.30,1.49,
26.8165,state,3,16.0073,6.996,-0.0147,,,37.0
26.8166,state,4,32.2234,-0.280,-0.0879,,,36.0
26.8259,cmd,3,16.0513,,,29.30,1.49,
26.8259,cmd,4,32.1794,,,29.30,1.49,
26.8265,state,3,16.0073,-2.518,-0.0147,,,37.0
26.8266,state,4,32.2234,-0.280,-0.0879,,,36.0
26.8359,cmd,3,16.0513,,,29.30,1.49,
26.8359,cmd,4,32.1794,,,29.30,1.49,
26.8365,state,3,16.0073,-1.399,-0.0147,,,37.0
26.8366,state,4,32.2234,0.280,-0.0879,,,36.0
26.8459,cmd,3,16.0513,,,29.30,1.49,
26.8459,cmd,4,32.1794,,,29.30,1.49,
26.8465,state,3,16.0073,4.197,-0.0440,,,37.0
26.8466,state,4,32.2234,-4.197,-0.0879,,,36.0
26.8559,cmd,3,16.0513,,,29.30,1.49,
26.8559,cmd,4,32.1794,,,29.30,1.49,
26.8565,state,3,16.0073,-3.078,-0.0733,,,37.0
26.8566,state,4,32.2234,-4.197,-0.1465,,,36.0
26.8660,cmd,3,16.0513,,,29.30,1.49,
26.8660,cmd,4,32.1794,,,29.30,1.49,
26.8667,state,3,16.0073,2.518,-0.0147,,,37.0
26.8667,state,4,32.2234,0.280,-0.0879,,,36.0
26.8759,cmd,3,16.0513,,,29.30,1.49,
26.8759,cmd,4,32.1794,,,29.30,1.49,
26.8767,state,3,16.0073,-4.757,-0.0440,,,37.0
26.8767,state,4,32.2234,0.280,-0.0879,,,36.0
26.8859,cmd,3,16.0513,,,29.30,1.49,
26.8859,cmd,4,32.1794,,,29.30,1.49,
26.8865,state,3,16.0073,-0.839,-0.0440,,,37.0
26.8869,state,4,32.2234,1.959,-0.0879,,,36.0
26.8959,cmd,3,16.0513,,,29.30,1.49,
26.8959,cmd,4,32.1794,,,29.30,1.49,
26.8964,state,3,16.0073,-0.839,0.0147,,,37.0
26.8969,state,4,32.2234,-0.839,-0.0879,,,36.0
26.9059,cmd,3,16.0513,,,29.30,1.49,
26.9060,cmd,4,32.1794,,,29.30,1.49,
26.9064,state,3,16.0073,3.638,-0.0440,,,37.0
26.9069,state,4,32.2234,-0.280,-0.0879,,,36.0
26.9159,cmd,3,16.0513,,,29.30,1.49,
26.9159,cmd,4,32.1794,,,29.30,1.49,
26.9165,state,3,16.0073,-1.959,-0.0440,,,37.0
26.9166,state,4,32.2234,-4.757,-0.0879,,,36.0
26.9260,cmd,3,16.0513,,,29.30,1.49,
26.9260,cmd,4,32.1794,,,29.30,1.49,
26.9266,state,3,16.0073,-3.638,0.0147,,,37.0
26.9267,state,4,32.2234,-1.399,-0.0879,,,36.0
26.9360,cmd,3,16.0513,,,29.30,1.49,
26.9361,cmd,4,32.1794,,,29.30,1.49,
26.9365,state,3,16.0073,-0.839,-0.0440,,,37.0
26.9367,state,4,32.2234,2.518,-0.0879,,,36.0
26.9459,cmd,3,16.0513,,,29.30,1.49,
26.9459,cmd,4,32.1794,,,29.30,1.49,
26.9465,state,3,16.0073,-4.197,-0.0147,,,37.0
26.9469,state,4,32.2234,-3.078,-0.0879,,,36.0
26.9560,cmd,3,16.0513,,,29.30,1.49,
26.9561,cmd,4,32.1794,,,29.30,1.49,
26.9567,state,3,16.0073,0.280,-0.0440,,,37.0
26.9567,state,4,32.2234,3.078,-0.0879,,,36.0
26.9659,cmd,3,16.0513,,,29.30,1.49,
26.9659,cmd,4,32.1794,,,29.30,1.49,
26.9665,state,3,16.0073,1.959,-0.0440,,,37.0
26.9669,state,4,32.2234,-4.757,-0.0879,,,36.0
26.9760,cmd,3,16.0513,,,29.30,1.49,
26.9760,cmd,4,32.1794,,,29.30,1.49,
26.9767,state,3,16.0073,-2.518,0.0147,,,37.0
26.9767,state,4,32.2234,-4.757,-0.0879,,,36.0
26.9859,cmd,3,16.0513,,,29.30,1.49,
26.9860,cmd,4,32.1794,,,29.30,1.49,
26.9865,state,3,16.0073,-3.078,-0.0147,,,37.0
26.9866,state,4,32.2234,0.839,-0.0879,,,36.0
26.9959,cmd,3,16.0513,,,29.30,1.49,
26.9959,cmd,4,32.1794,,,29.30,1.49,
26.9966,state,3,16.0073,0.839,-0.0147,,,37.0
26.9966,state,4,32.2234,0.839,-0.0879,,,36.0
27.0060,cmd,3,16.0513,,,29.30,1.49,
27.0060,cmd,4,32.1794,,,29.30,1.49,
27.0067,state,3,16.0073,-1.399,-0.0440,,,37.0
27.0067,state,4,32.2234,-3.638,-0.0879,,,36.0
27.0160,cmd,3,16.0513,,,29.30,1.49,
27.0161,cmd,4,32.1794,,,29.30,1.49,
27.0167,state,3,16.0073,-5.317,-0.0147,,,37.0
27.0167,state,4,32.2234,2.518,-0.0879,,,36.0
27.0260,cmd,3,16.0513,,,29.30,1.49,
27.0260,cmd,4,32.1794,,,29.30,1.49,
27.0266,state,3,16.0073,1.399,-0.0440,,,37.0
27.0266,state,4,32.2234,1.399,-0.0879,,,36.0
27.0360,cmd,3,16.0513,,,29.30,1.49,
27.0360,cmd,4,32.1794,,,29.30,1.49,
27.0366,state,3,16.0073,-1.959,-0.0440,,,37.0
27.0366,state,4,32.2234,1.399,-0.0293,,,36.0
27.0461,cmd,3,16.0513,,,29.30,1.49,
27.0461,cmd,4,32.1794,,,29.30,1.49,
27.0466,state,3,16.0073,0.839,-0.0440,,,37.0
27.0467,state,4,32.2234,-4.197,-0.1465,,,36.0
27.0560,cmd,3,16.0513,,,29.30,1.49,
27.0560,cmd,4,32.1794,,,29.30,1.49,
27.0567,state,3,16.0073,-0.280,-0.0440,,,37.0
27.0567,state,4,32.2234,3.638,-0.0879,,,36.0
27.0660,cmd,3,16.0513,,,29.30,1.49,
27.0660,cmd,4,32.1794,,,29.30,1.49,
27.0666,state,3,16.0073,-5.317,-0.0147,,,37.0
27.0667,state,4,32.2234,1.399,-0.0879,,,36.0
27.0760,cmd,3,16.0513,,,29.30,1.49,
27.0760,cmd,4,32.1794,,,29.30,1.49,
27.0767,state,3,16.0073,1.399,0.0440,,,37.0
27.0767,state,4,32.2234,-1.399,-0.0879,,,36.0
27.0859,cmd,3,16.0513,,,29.30,1.49,
27.0860,cmd,4,32.1794,,,29.30,1.49,
27.0866,state,3,16.0073,3.078,-0.0147,,,37.0
27.0866,state,4,32.2234,-0.280,-0.0879,,,36.0
27.0960,cmd,3,16.0513,,,29.30,1.49,
27.0960,cmd,4,32.1794,,,29.30,1.49,
27.0966,state,3,16.0073,5.317,-0.0147,,,37.0
27.0967,state,4,32.2234,-0.280,-0.0879,,,36.0
27.1060,cmd,3,16.0513,,,29.30,1.49,
27.1060,cmd,4,32.1794,,,29.30,1.49,
27.1064,state,3,16.0073,4.757,-0.0147,,,37.0
27.1067,state,4,32.2234,0.839,-0.0879,,,36.0
27.1160,cmd,3,16.0513,,,29.30,1.49,
27.1160,cmd,4,32.1794,,,29.30,1.49,
27.1166,state,3,16.0073,-5.876,-0.0440,,,37.0
27.1167,state,4,32.2234,-0.280,-0.0879,,,36.0
27.1260,cmd,3,16.0513,,,29.30,1.49,
27.1261,cmd,4,32.1794,,,29.30,1.49,
27.1266,state,3,16.0073,-2.518,-0.0147,,,37.0
27.1267,state,4,32.2234,2.518,-0.0879,,,36.0
27.1360,cmd,3,16.0513,,,29.30,1.49,
27.1360,cmd,4,32.1794,,,29.30,1.49,
27.1365,state,3,16.0073,3.078,-0.0147,,,37.0
27.1367,state,4,32.2234,4.197,-0.0879,,,36.0
27.1459,cmd,3,16.0513,,,29.30,1.49,
27.1460,cmd,4,32.1794,,,29.30,1.49,
27.1465,state,3,16.0073,1.959,0.0147,,,37.0
27.1466,state,4,32.2234,1.959,-0.0879,,,36.0
27.1560,cmd,3,16.0513,,,29.30,1.49,
27.1560,cmd,4,32.1794,,,29.30,1.49,
27.1566,state,3,16.0073,1.959,-0.0440,,,37.0
27.1567,state,4,32.2234,-5.876,-0.0879,,,36.0
27.1660,cmd,3,16.0513,,,29.30,1.49,
27.1660,cmd,4,32.1794,,,29.30,1.49,
27.1666,state,3,16.0073,4.197,-0.0147,,,37.0
27.1667,state,4,32.2234,-0.280,-0.1465,,,36.0
27.1760,cmd,3,16.0513,,,29.30,1.49,
27.1760,cmd,4,32.1794,,,29.30,1.49,
27.1766,state,3,16.0073,4.757,-0.0440,,,37.0
27.1767,state,4,32.2234,-4.197,-0.0879,,,36.0
27.1860,cmd,3,16.0513,,,29.30,1.49,
27.1860,cmd,4,32.1794,,,29.30,1.49,
27.1867,state,3,16.0073,-3.638,-0.0147,,,37.0
27.1867,state,4,32.2234,-4.757,-0.0879,,,36.0
27.1960,cmd,3,16.0513,,,29.30,1.49,
27.1960,cmd,4,32.1794,,,29.30,1.49,
27.1966,state,3,16.0073,-1.959,-0.0147,,,37.0
27.1967,state,4,32.2234,-4.757,-0.1465,,,36.0
27.2059,cmd,3,16.0513,,,29.30,1.49,
27.2059,cmd,4,32.1794,,,29.30,1.49,
27.2065,state,3,16.0073,-4.757,-0.0147,,,37.0
27.2066,state,4,32.2234,1.959,-0.1465,,,36.0
27.2160,cmd,3,16.0513,,,29.30,1.49,
27.2160,cmd,4,32.1794,,,29.30,1.49,
27.2166,state,3,16.0073,-8.675,0.0440,,,37.0
27.2167,state,4,32.2234,-4.197,-0.0879,,,36.0
27.2260,cmd,3,16.0513,,,29.30,1.49,
27.2260,cmd,4,32.1794,,,29.30,1.49,
27.2266,state,3,16.0073,-4.197,0.0147,,,37.0
27.2267,state,4,32.2234,0.839,-0.1465,,,36.0
27.2360,cmd,3,16.0513,,,29.30,1.49,
27.2360,cmd,4,32.1794,,,29.30,1.49,
27.2366,state,3,16.0073,-0.280,0.0147,,,37.0
27.2367,state,4,32.2234,0.280,-0.1465,,,36.0
27.2460,cmd,3,16.0513,,,29.30,1.49,
27.2460,cmd,4,32.1794,,,29.30,1.49,
27.2466,state,3,16.0073,-5.317,0.0147,,,37.0
27.2467,state,4,32.2234,3.638,-0.0879,,,36.0
27.2560,cmd,3,16.0513,,,29.30,1.49,
27.2560,cmd,4,32.1794,,,29.30,1.49,
27.2566,state,3,16.0073,3.078,-0.0147,,,37.0
27.2567,state,4,32.2234,1.399,-0.0879,,,36.0
27.2660,cmd,3,16.0513,,,29.30,1.49,
27.2660,cmd,4,32.1794,,,29.30,1.49,
27.2666,state,3,16.0073,2.518,-0.0147,,,37.0
27.2667,state,4,32.2234,-0.839,-0.0879,,,36.0
27.2760,cmd,3,16.0513,,,29.30,1.49,
27.2760,cmd,4,32.1794,,,29.30,1.49,
27.2766,state,3,16.0073,-0.839,-0.0440,,,37.0
27.2766,state,4,32.2234,3.078,-0.0879,,,36.0
27.2860,cmd,3,16.0513,,,29.30,1.49,
27.2860,cmd,4,32.1794,,,29.30,1.49,
27.2865,state,3,16.0073,-3.638,-0.0440,,,37.0
27.2867,state,4,32.2234,0.280,-0.0879,,,36.0
27.2960,cmd,3,16.0513,,,29.30,1.49,
27.2960,cmd,4,32.1794,,,29.30,1.49,
27.2967,state,3,16.0073,-2.518,-0.0147,,,37.0
27.2967,state,4,32.2454,3.638,-0.0879,,,36.0
27.3060,cmd,3,16.0513,,,29.30,1.49,
27.3060,cmd,4,32.1794,,,29.30,1.49,
27.3067,state,3,15.9854,-4.757,0.0147,,,37.0
27.3068,state,4,32.2234,0.280,-0.0879,,,36.0
27.3160,cmd,3,16.0513,,,29.30,1.49,
27.3160,cmd,4,32.1794,,,29.30,1.49,
27.3166,state,3,16.0073,-1.959,0.0147,,,37.0
27.3167,state,4,32.2234,-3.638,-0.0879,,,36.0
27.3260,cmd,3,16.0513,,,29.30,1.49,
27.3260,cmd,4,32.1794,,,29.30,1.49,
27.3266,state,3,16.0073,-1.959,-0.0147,,,37.0
27.3266,state,4,32.2234,-3.638,-0.0879,,,36.0
27.3360,cmd,3,16.0513,,,29.30,1.49,
27.3360,cmd,4,32.1794,,,29.30,1.49,
27.3366,state,3,16.0073,1.959,-0.0147,,,37.0
27.3367,state,4,32.2234,0.839,-0.0879,,,36.0
27.3460,cmd,3,16.0513,,,29.30,1.49,
27.3460,cmd,4,32.1794,,,29.30,1.49,
27.3466,state,3,16.0073,1.959,-0.0147,,,37.0
27.3467,state,4,32.2234,-3.078,-0.0879,,,36.0
27.3560,cmd,3,16.0513,,,29.30,1.49,
27.3560,cmd,4,32.1794,,,29.30,1.49,
27.3566,state,3,16.0073,-5.876,-0.0440,,,37.0
27.3567,state,4,32.2234,-0.280,-0.0879,,,36.0
27.3660,cmd,3,16.0513,,,29.30,1.49,
27.3660,cmd,4,32.1794,,,29.30,1.49,
27.3666,state,3,16.0073,-2.518,0.0147,,,37.0
27.3667,state,4,32.2234,5.876,-0.1465,,,36.0
27.3760,cmd,3,16.0513,,,29.30,1.49,
27.3760,cmd,4,32.1794,,,29.30,1.49,
27.3767,state,3,16.0073,-4.197,-0.0147,,,37.0
27.3767,state,4,32.2234,-0.280,-0.0879,,,36.0
27.3860,cmd,3,16.0513,,,29.30,1.49,
27.3860,cmd,4,32.1794,,,29.30,1.49,
27.3866,state,3,16.0073,-8.115,-0.0147,,,37.0
27.3867,state,4,32.2234,0.280,-0.1465,,,36.0
27.3960,cmd,3,16.0513,,,29.30,1.49,
27.3961,cmd,4,32.1794,,,29.30,1.49,
27.3967,state,3,16.0073,-5.876,0.0147,,,37.0
27.3967,state,4,32.2234,-0.280,-0.0879,,,36.0
27.4060,cmd,3,16.0513,,,29.30,1.49,
27.4060,cmd,4,32.1794,,,29.30,1.49,
27.4067,state,3,16.0073,5.876,-0.0147,,,37.0
27.4067,state,4,32.2454,4.197,-0.0879,,,36.0
27.4160,cmd,3,16.0513,,,29.30,1.49,
27.4160,cmd,4,32.1794,,,29.30,1.49,
27.4166,state,3,16.0073,4.757,0.0147,,,37.0
27.4167,state,4,32.2234,-0.280,-0.0879,,,36.0
27.4260,cmd,3,16.0513,,,29.30,1.49,
27.4260,cmd,4,32.1794,,,29.30,1.49,
27.4267,state,3,16.0073,0.280,0.0147,,,37.0
27.4267,state,4,32.2234,-6.996,-0.0879,,,36.0
27.4360,cmd,3,16.0513,,,29.30,1.49,
27.4360,cmd,4,32.1794,,,29.30,1.49,
27.4366,state,3,16.0073,-4.197,-0.0147,,,37.0
27.4367,state,4,32.2234,-3.638,-0.0879,,,36.0
27.4460,cmd,3,16.0513,,,29.30,1.49,
27.4460,cmd,4,32.1794,,,29.30,1.49,
27.4467,state,3,16.0073,3.638,-0.0147,,,37.0
27.4467,state,4,32.2234,1.399,-0.0879,,,36.0
27.4560,cmd,3,16.0513,,,29.30,1.49,
27.4560,cmd,4,32.1794,,,29.30,1.49,
27.4566,state,3,16.0073,-0.280,-0.0147,,,37.0
27.4567,state,4,32.2234,5.876,-0.0879,,,36.0
27.4660,cmd,3,16.0513,,,29.30,1.49,
27.4661,cmd,4,32.1794,,,29.30,1.49,
27.4667,state,3,16.0073,-3.078,-0.0440,,,37.0
27.4667,state,4,32.2234,-5.876,-0.1465,,,36.0
27.4760,cmd,3,16.0513,,,29.30,1.49,
27.4760,cmd,4,32.1794,,,29.30,1.49,
27.4766,state,3,16.0073,-0.839,-0.0147,,,37.0
27.4767,state,4,32.2234,-1.399,-0.0879,,,36.0
27.4860,cmd,3,16.0513,,,29.30,1.49,
27.4860,cmd,4,32.1794,,,29.30,1.49,
27.4866,state,3,16.0073,10.913,-0.0147,,,37.0
27.4867,state,4,32.2234,-1.399,-0.0879,,,36.0
27.4960,cmd,3,16.0513,,,29.30,1.49,
27.4960,cmd,4,32.1794,,,29.30,1.49,
27.4966,state,3,16.0073,-1.399,0.0147,,,37.0
27.4967,state,4,32.2234,0.280,-0.0879,,,36.0
27.5060,cmd,3,16.0513,,,29.30,1.49,
27.5060,cmd,4,32.1794,,,29.30,1.49,
27.5066,state,3,16.0073,-5.317,0.0147,,,37.0
27.5067,state,4,32.2234,1.399,-0.0879,,,36.0
27.5161,cmd,3,16.0513,,,29.30,1.49,
27.5161,cmd,4,32.1794,,,29.30,1.49,
27.5167,state,3,16.0073,9.794,-0.0440,,,37.0
27.5169,state,4,32.2234,-1.399,-0.0879,,,36.0
27.5260,cmd,3,16.0513,,,29.30,1.49,
27.5260,cmd,4,32.1794,,,29.30,1.49,
27.5267,state,3,16.0073,-1.399,0.0147,,,37.0
27.5267,state,4,32.2234,-3.638,-0.0879,,,36.0
27.5360,cmd,3,16.0513,,,29.30,1.49,
27.5360,cmd,4,32.1794,,,29.30,1.49,
27.5366,state,3,16.0073,2.518,0.0147,,,37.0
27.5367,state,4,32.2234,1.959,-0.0879,,,36.0
27.5460,cmd,3,16.0513,,,29.30,1.49,
27.5460,cmd,4,32.1794,,,29.30,1.49,
27.5467,state,3,16.0073,-0.280,-0.0147,,,37.0
27.5467,state,4,32.2234,4.757,-0.1465,,,36.0
27.5561,cmd,3,16.0513,,,29.30,1.49,
27.5561,cmd,4,32.1794,,,29.30,1.49,
27.5567,state,3,16.0073,-0.839,0.0147,,,37.0
27.5568,state,4,32.2234,0.280,-0.0879,,,36.0
27.5660,cmd,3,16.0513,,,29.30,1.49,
27.5660,cmd,4,32.1794,,,29.30,1.49,
27.5667,state,3,16.0073,-3.638,-0.0147,,,37.0
27.5667,state,4,32.2234,5.876,-0.0293,,,36.0
27.5760,cmd,3,16.0513,,,29.30,1.49,
27.5760,cmd,4,32.1794,,,29.30,1.49,
27.5767,state,3,16.0073,1.399,-0.0440,,,37.0
27.5767,state,4,32.2234,4.757,-0.0879,,,36.0
27.5860,cmd,3,16.0513,,,29.30,1.49,
27.5861,cmd,4,32.1794,,,29.30,1.49,
27.5867,state,3,16.0073,3.638,-0.0147,,,37.0
27.5867,state,4,32.2234,4.197,-0.0879,,,36.0
27.5960,cmd,3,16.0513,,,29.30,1.49,
27.5960,cmd,4,32.1794,,,29.30,1.49,
27.5966,state,3,16.0073,-0.839,-0.0147,,,37.0
27.5967,state,4,32.2234,0.280,-0.0879,,,36.0
27.6060,cmd,3,16.0513,,,29.30,1.49,
27.6060,cmd,4,32.1794,,,29.30,1.49,
27.6067,state,3,16.0073,0.280,0.0147,,,37.0
27.6067,state,4,32.2234,-1.959,-0.0879,,,36.0
27.6160,cmd,3,16.0513,,,29.30,1.49,
27.6161,cmd,4,32.1794,,,29.30,1.49,
27.6167,state,3,15.9854,-4.757,-0.0440,,,37.0
27.6167,state,4,32.2234,2.518,-0.0879,,,36.0
27.6260,cmd,3,16.0513,,,29.30,1.49,
27.6260,cmd,4,32.1794,,,29.30,1.49,
27.6267,state,3,16.0073,-3.638,-0.0147,,,37.0
27.6267,state,4,32.2234,-1.399,-0.0879,,,36.0
27.6360,cmd,3,16.0513,,,29.30,1.49,
27.6361,cmd,4,32.1794,,,29.30,1.49,
27.6367,state,3,16.0073,-1.959,-0.0440,,,37.0
27.6367,state,4,32.2234,-0.839,-0.0879,,,36.0
27.6460,cmd,3,16.0513,,,29.30,1.49,
27.6460,cmd,4,32.1794,,,29.30,1.49,
27.6467,state,3,16.0073,-2.518,-0.0440,,,37.0
27.6467,state,4,32.2234,-1.399,-0.0879,,,36.0
27.6561,cmd,3,16.0513,,,29.30,1.49,
27.6561,cmd,4,32.1794,,,29.30,1.49,
27.6565,state,3,16.0073,-1.959,-0.0147,,,37.0
27.6568,state,4,32.2234,1.959,-0.0879,,,36.0
27.6661,cmd,3,16.0513,,,29.30,1.49,
27.6661,cmd,4,32.1794,,,29.30,1.49,
27.6667,state,3,16.0073,-3.078,0.0147,,,37.0
27.6667,state,4,32.2234,3.078,-0.0879,,,36.0
27.6761,cmd,3,16.0513,,,29.30,1.49,
27.6761,cmd,4,32.1794,,,29.30,1.49,
27.6767,state,3,16.0073,4.197,-0.0147,,,37.0
27.6767,state,4,32.2234,-5.876,-0.0879,,,36.0
27.6860,cmd,3,16.0513,,,29.30,1.49,
27.6861,cmd,4,32.1794,,,29.30,1.49,
27.6866,state,3,16.0073,3.078,0.0147,,,37.0
27.6867,state,4,32.2234,-0.839,-0.0879,,,36.0
27.6960,cmd,3,16.0513,,,29.30,1.49,
27.6961,cmd,4,32.1794,,,29.30,1.49,
27.6967,state,3,15.9854,-6.436,0.0147,,,37.0
27.6967,state,4,32.2234,-1.959,-0.1465,,,36.0
27.7061,cmd,3,16.0513,,,29.30,1.49,
27.7061,cmd,4,32.1794,,,29.30,1.49,
27.7066,state,3,16.0073,-2.518,-0.0440,,,37.0
27.7068,state,4,32.2234,-0.280,-0.0879,,,36.0
27.7160,cmd,3,16.0513,,,29.30,1.49,
27.7160,cmd,4,32.1794,,,29.30,1.49,
27.7167,state,3,16.0073,1.399,-0.0147,,,37.0
27.7167,state,4,32.2234,-3.638,-0.1465,,,36.0
27.7261,cmd,3,16.0513,,,29.30,1.49,
27.7261,cmd,4,32.1794,,,29.30,1.49,
27.7266,state,3,16.0073,-0.280,0.0147,,,37.0
27.7267,state,4,32.2454,-1.399,-0.0879,,,36.0
27.7361,cmd,3,16.0513,,,29.30,1.49,
27.7361,cmd,4,32.1794,,,29.30,1.49,
27.7367,state,3,16.0073,5.876,-0.0147,,,37.0
27.7367,state,4,32.2234,1.399,-0.0879,,,36.0
27.7461,cmd,3,16.0513,,,29.30,1.49,
27.7461,cmd,4,32.1794,,,29.30,1.49,
27.7466,state,3,16.0073,4.197,0.0147,,,37.0
27.7468,state,4,32.2234,-4.197,-0.0879,,,36.0
27.7560,cmd,3,16.0513,,,29.30,1.49,
27.7561,cmd,4,32.1794,,,29.30,1.49,
27.7567,state,3,16.0073,2.518,-0.0440,,,37.0
27.7568,state,4,32.2234,1.959,-0.0879,,,36.0
27.7661,cmd,3,16.0513,,,29.30,1.49,
27.7661,cmd,4,32.1794,,,29.30,1.49,
27.7667,state,3,16.0073,-5.876,-0.0440,,,37.0
27.7668,state,4,32.2234,3.078,-0.0879,,,36.0
27.7761,cmd,3,16.0513,,,29.30,1.49,
27.7762,cmd,4,32.1794,,,29.30,1.49,
27.7767,state,3,16.0073,1.959,-0.0440,,,37.0
27.7768,state,4,32.2234,1.399,-0.0879,,,36.0
27.7861,cmd,3,16.0513,,,29.30,1.49,
27.7861,cmd,4,32.1794,,,29.30,1.49,
27.7867,state,3,16.0073,-4.197,-0.0440,,,37.0
27.7868,state,4,32.2234,-0.280,-0.0879,,,36.0
27.7961,cmd,3,16.0513,,,29.30,1.49,
27.7961,cmd,4,32.1794,,,29.30,1.49,
27.7967,state,3,16.0073,-6.436,-0.0733,,,37.0
27.7968,state,4,32.2234,-0.839,-0.0879,,,36.0
27.8061,cmd,3,16.0513,,,29.30,1.49,
27.8061,cmd,4,32.1794,,,29.30,1.49,
27.8067,state,3,16.0073,-2.518,-0.0440,,,37.0
27.8068,state,4,32.2234,-0.280,-0.0879,,,36.0
27.8161,cmd,3,16.0513,,,29.30,1.49,
27.8161,cmd,4,32.1794,,,29.30,1.49,
27.8166,state,3,16.0073,3.078,-0.0440,,,37.0
27.8168,state,4,32.2234,-1.399,-0.0879,,,36.0
27.8261,cmd,3,16.0513,,,29.30,1.49,
27.8261,cmd,4,32.1794,,,29.30,1.49,
27.8267,state,3,16.0073,-1.399,-0.0147,,,37.0
27.8268,state,4,32.2234,-0.839,-0.1465,,,36.0
27.8361,cmd,3,16.0513,,,29.30,1.49,
27.8361,cmd,4,32.1794,,,29.30,1.49,
27.8367,state,3,16.0073,-3.638,-0.0147,,,37.0
27.8368,state,4,32.2234,0.280,-0.0879,,,36.0
27.8461,cmd,3,16.0513,,,29.30,1.49,
27.8461,cmd,4,32.1794,,,29.30,1.49,
27.8467,state,3,16.0073,-2.518,-0.0440,,,37.0
27.8468,state,4,32.2234,-4.757,-0.1465,,,36.0
27.8561,cmd,3,16.0513,,,29.30,1.49,
27.8562,cmd,4,32.1794,,,29.30,1.49,
27.8567,state,3,16.0073,-4.197,0.0147,,,37.0
27.8568,state,4,32.2234,-1.399,-0.1465,,,36.0
27.8661,cmd,3,16.0513,,,29.30,1.49,
27.8661,cmd,4,32.1794,,,29.30,1.49,
27.8666,state,3,16.0073,-1.959,0.0147,,,37.0
27.8668,state,4,32.2234,3.638,-0.0879,,,36.0
27.8761,cmd,3,16.0513,,,29.30,1.49,
27.8761,cmd,4,32.1794,,,29.30,1.49,
27.8767,state,3,16.0073,5.876,-0.0147,,,37.0
27.8768,state,4,32.2234,1.959,-0.0879,,,36.0
27.8861,cmd,3,16.0513,,,29.30,1.49,
27.8861,cmd,4,32.1794,,,29.30,1.49,
27.8867,state,3,16.0073,1.959,-0.0147,,,37.0
27.8868,state,4,32.2234,-5.317,-0.0879,,,36.0
27.8961,cmd,3,16.0513,,,29.30,1.49,
27.8961,cmd,4,32.1794,,,29.30,1.49,
27.8967,state,3,16.0073,3.638,-0.0147,,,37.0
27.8968,state,4,32.2234,-1.399,-0.0879,,,36.0
27.9061,cmd,3,16.0513,,,29.30,1.49,
27.9061,cmd,4,32.1794,,,29.30,1.49,
27.9067,state,3,16.0073,-3.078,-0.0147,,,37.0
27.9068,state,4,32.2234,-0.839,-0.1465,,,36.0
27.9161,cmd,3,16.0513,,,29.30,1.49,
27.9161,cmd,4,32.1794,,,29.30,1.49,
27.9165,state,3,16.0073,-2.518,-0.0440,,,37.0
27.9168,state,4,32.2234,2.518,-0.0879,,,36.0
27.9260,cmd,3,16.0513,,,29.30,1.49,
27.9261,cmd,4,32.1794,,,29.30,1.49,
27.9266,state,3,16.0073,-0.839,0.0147,,,37.0
27.9267,state,4,32.2234,-0.280,-0.0879,,,36.0
27.9361,cmd,3,16.0513,,,29.30,1.49,
27.9362,cmd,4,32.1794,,,29.30,1.49,
27.9367,state,3,16.0073,3.638,-0.0147,,,37.0
27.9371,state,4,32.2234,-0.280,-0.0879,,,36.0
27.9461,cmd,3,16.0513,,,29.30,1.49,
27.9461,cmd,4,32.1794,,,29.30,1.49,
27.9467,state,3,16.0073,1.959,-0.0147,,,37.0
27.9468,state,4,32.2234,-2.518,-0.0879,,,36.0
27.9561,cmd,3,16.0513,,,29.30,1.49,
27.9561,cmd,4,32.1794,,,29.30,1.49,
27.9567,state,3,16.0073,-1.399,-0.0147,,,37.0
27.9568,state,4,32.2234,-3.078,-0.0879,,,36.0
27.9661,cmd,3,16.0513,,,29.30,1.49,
27.9661,cmd,4,32.1794,,,29.30,1.49,
27.9666,state,3,16.0073,-6.436,0.0147,,,37.0
27.9668,state,4,32.2234,-3.078,-0.0879,,,36.0
27.9761,cmd,3,16.0513,,,29.30,1.49,
27.9761,cmd,4,32.1794,,,29.30,1.49,
27.9767,state,3,16.0073,-4.757,-0.0147,,,37.0
27.9768,state,4,32.2454,-4.197,-0.0879,,,36.0
27.9861,cmd,3,16.0513,,,29.30,1.49,
27.9861,cmd,4,32.1794,,,29.30,1.49,
27.9867,state,3,16.0073,3.638,0.0147,,,37.0
27.9868,state,4,32.2234,0.839,-0.0879,,,36.0
27.9961,cmd,3,16.0513,,,29.30,1.49,
27.9962,cmd,4,32.1794,,,29.30,1.49,
27.9966,state,3,16.0073,-0.280,-0.0440,,,37.0
27.9972,state,4,32.2234,0.839,-0.0879,,,36.0
28.0061,cmd,3,16.0513,,,29.30,1.49,
28.0061,cmd,4,32.1794,,,29.30,1.49,
28.0067,state,3,16.0073,10.913,-0.0440,,,37.0
28.0068,state,4,32.2454,5.317,-0.0879,,,36.0
28.0161,cmd,3,16.0513,,,29.30,1.49,
28.0161,cmd,4,32.1794,,,29.30,1.49,
28.0167,state,3,15.9854,-4.197,-0.0147,,,37.0
28.0168,state,4,32.2234,0.839,-0.1465,,,36.0
28.0261,cmd,3,16.0513,,,29.30,1.49,
28.0261,cmd,4,32.1794,,,29.30,1.49,
28.0267,state,3,16.0073,-7.555,-0.0147,,,37.0
28.0268,state,4,32.2234,-0.839,-0.1465,,,36.0
28.0361,cmd,3,16.0513,,,29.30,1.49,
28.0361,cmd,4,32.1794,,,29.30,1.49,
28.0367,state,3,16.0073,-2.518,0.0147,,,37.0
28.0370,state,4,32.2234,3.078,-0.0879,,,36.0
28.0461,cmd,3,16.0513,,,29.30,1.49,
28.0462,cmd,4,32.1794,,,29.30,1.49,
28.0467,state,3,15.9854,-8.115,-0.0147,,,37.0
28.0471,state,4,32.2234,1.959,-0.0879,,,36.0
28.0562,cmd,3,16.0513,,,29.30,1.49,
28.0562,cmd,4,32.1794,,,29.30,1.49,
28.0567,state,3,16.0073,-5.317,-0.0147,,,37.0
28.0572,state,4,32.2234,0.280,-0.0879,,,36.0
28.0662,cmd,3,16.0513,,,29.30,1.49,
28.0662,cmd,4,32.1794,,,29.30,1.49,
28.0668,state,3,16.0073,0.839,-0.0147,,,37.0
28.0669,state,4,32.2234,-3.078,-0.0879,,,36.0
28.0762,cmd,3,16.0513,,,29.30,1.49,
28.0762,cmd,4,32.1794,,,29.30,1.49,
28.0767,state,3,16.0073,-6.996,-0.0147,,,37.0
28.0768,state,4,32.2234,1.399,-0.1465,,,36.0
28.0861,cmd,3,16.0513,,,29.30,1.49,
28.0861,cmd,4,32.1794,,,29.30,1.49,
28.0867,state,3,16.0073,-0.280,-0.0440,,,37.0
28.0868,state,4,32.2234,-0.280,-0.0879,,,36.0
28.0962,cmd,3,16.0513,,,29.30,1.49,
28.0962,cmd,4,32.1794,,,29.30,1.49,
28.0967,state,3,16.0073,5.876,0.0147,,,37.0
28.0969,state,4,32.2454,-1.399,-0.0879,,,36.0
28.1061,cmd,3,16.0513,,,29.30,1.49,
28.1061,cmd,4,32.1794,,,29.30,1.49,
28.1066,state,3,16.0073,-3.638,-0.0440,,,37.0
28.1068,state,4,32.2234,-1.399,-0.1465,,,36.0
28.1161,cmd,3,16.0513,,,29.30,1.49,
28.1162,cmd,4,32.1794,,,29.30,1.49,
28.1168,state,3,16.0073,-5.876,-0.0440,,,37.0
28.1169,state,4,32.2234,0.280,-0.0293,,,36.0
28.1261,cmd,3,16.0513,,,29.30,1.49,
28.1262,cmd,4,32.1794,,,29.30,1.49,
28.1267,state,3,16.0073,1.959,-0.0147,,,37.0
28.1268,state,4,32.2234,-0.839,-0.0293,,,36.0
28.1361,cmd,3,16.0513,,,29.30,1.49,
28.1361,cmd,4,32.1794,,,29.30,1.49,
28.1367,state,3,16.0073,-2.518,-0.0440,,,37.0
28.1368,state,4,32.2234,-0.839,-0.0879,,,36.0
28.1461,cmd,3,16.0513,,,29.30,1.49,
28.1461,cmd,4,32.1794,,,29.30,1.49,
28.1467,state,3,16.0073,-3.078,0.0147,,,37.0
28.1468,state,4,32.2234,-1.399,-0.1465,,,36.0
28.1561,cmd,3,16.0513,,,29.30,1.49,
28.1562,cmd,4,32.1794,,,29.30,1.49,
28.1567,state,3,16.0073,-4.757,-0.0147,,,37.0
28.1568,state,4,32.2234,3.078,-0.0293,,,36.0
28.1661,cmd,3,16.0513,,,29.30,1.49,
28.1661,cmd,4,32.1794,,,29.30,1.49,
28.1667,state,3,16.0073,-1.399,0.0147,,,37.0
28.1668,state,4,32.2234,-1.959,-0.0879,,,36.0
28.1761,cmd,3,16.0513,,,29.30,1.49,
28.1762,cmd,4,32.1794,,,29.30,1.49,
28.1767,state,3,16.0073,-5.317,-0.0147,,,37.0
28.1768,state,4,32.2234,4.197,-0.0879,,,36.0
28.1862,cmd,3,16.0513,,,29.30,1.49,
28.1862,cmd,4,32.1794,,,29.30,1.49,
28.1868,state,3,16.0073,-2.518,-0.0147,,,37.0
28.1869,state,4,32.2234,0.280,-0.0879,,,36.0
28.1962,cmd,3,16.0513,,,29.30,1.49,
28.1962,cmd,4,32.1794,,,29.30,1.49,
28.1967,state,3,16.0073,0.280,-0.0147,,,37.0
28.1968,state,4,32.2454,1.959,-0.0879,,,36.0
28.2061,cmd,3,16.0513,,,29.30,1.49,
28.2061,cmd,4,32.1794,,,29.30,1.49,
28.2067,state,3,16.0073,-1.959,-0.0147,,,37.0
28.2068,state,4,32.2234,-1.959,-0.0879,,,36.0
28.2161,cmd,3,16.0513,,,29.30,1.49,
28.2162,cmd,4,32.1794,,,29.30,1.49,
28.2167,state,3,16.0073,-0.280,0.0147,,,37.0
28.2168,state,4,32.2234,0.839,-0.0879,,,36.0
28.2261,cmd,3,16.0513,,,29.30,1.49,
28.2261,cmd,4,32.1794,,,29.30,1.49,
28.2267,state,3,16.0073,-0.839,0.0440,,,37.0
28.2268,state,4,32.2234,-1.959,-0.0879,,,36.0
28.2362,cmd,3,16.0513,,,29.30,1.49,
28.2362,cmd,4,32.1794,,,29.30,1.49,
28.2368,state,3,16.0073,4.197,0.0440,,,37.0
28.2369,state,4,32.2234,-0.280,-0.0879,,,36.0
28.2462,cmd,3,16.0513,,,29.30,1.49,
28.2462,cmd,4,32.1794,,,29.30,1.49,
28.2469,state,3,16.0073,10.913,0.0147,,,37.0
28.2469,state,4,32.2234,0.839,-0.0879,,,36.0
28.2561,cmd,3,16.0513,,,29.30,1.49,
28.2562,cmd,4,32.1794,,,29.30,1.49,
28.2568,state,3,16.0073,-1.399,-0.0440,,,37.0
28.2569,state,4,32.2234,-0.280,-0.0879,,,36.0
28.2661,cmd,3,16.0513,,,29.30,1.49,
28.2662,cmd,4,32.1794,,,29.30,1.49,
28.2667,state,3,16.0073,-6.436,0.0147,,,37.0
28.2668,state,4,32.2234,-0.839,-0.0879,,,36.0
28.2762,cmd,3,16.0513,,,29.30,1.49,
28.2762,cmd,4,32.1794,,,29.30,1.49,
28.2767,state,3,16.0073,-2.518,-0.0440,,,37.0
28.2768,state,4,32.2234,-0.280,-0.0879,,,36.0
28.2862,cmd,3,16.0513,,,29.30,1.49,
28.2862,cmd,4,32.1794,,,29.30,1.49,
28.2868,state,3,16.0073,-3.078,-0.0440,,,37.0
28.2869,state,4,32.2454,2.518,-0.1465,,,36.0
28.2962,cmd,3,16.0513,,,29.30,1.49,
28.2962,cmd,4,32.1794,,,29.30,1.49,
28.2968,state,3,16.0073,2.518,-0.0440,,,37.0
28.2969,state,4,32.2234,-3.078,-0.0879,,,36.0
28.3061,cmd,3,16.0513,,,29.30,1.49,
28.3062,cmd,4,32.1794,,,29.30,1.49,
28.3068,state,3,16.0073,-5.317,0.0147,,,37.0
28.3069,state,4,32.2234,2.518,-0.0879,,,36.0
28.3162,cmd,3,16.0513,,,29.30,1.49,
28.3162,cmd,4,32.1794,,,29.30,1.49,
28.3168,state,3,16.0073,5.876,-0.0147,,,37.0
28.3169,state,4,32.2234,3.638,-0.0879,,,36.0
28.3261,cmd,3,16.0513,,,29.30,1.49,
28.3262,cmd,4,32.1794,,,29.30,1.49,
28.3268,state,3,16.0073,-5.876,0.0147,,,37.0
28.3269,state,4,32.2234,0.839,-0.0879,,,36.0
28.3362,cmd,3,16.0513,,,29.30,1.49,
28.3362,cmd,4,32.1794,,,29.30,1.49,
28.3368,state,3,16.0073,1.959,0.0147,,,37.0
28.3369,state,4,32.2234,3.638,-0.0879,,,36.0
28.3461,cmd,3,16.0513,,,29.30,1.49,
28.3461,cmd,4,32.1794,,,29.30,1.49,
28.3468,state,3,16.0073,-5.876,-0.0440,,,37.0
28.3469,state,4,32.2234,3.078,-0.0879,,,36.0
28.3562,cmd,3,16.0513,,,29.30,1.49,
28.3562,cmd,4,32.1794,,,29.30,1.49,
28.3568,state,3,16.0073,-0.280,-0.0440,,,37.0
28.3569,state,4,32.2234,0.839,-0.0879,,,36.0
28.3662,cmd,3,16.0513,,,29.30,1.49,
28.3662,cmd,4,32.1794,,,29.30,1.49,
28.3668,state,3,16.0073,-0.280,0.0147,,,37.0
28.3669,state,4,32.2234,-0.280,-0.0879,,,36.0
28.3761,cmd,3,16.0513,,,29.30,1.49,
28.3761,cmd,4,32.1794,,,29.30,1.49,
28.3767,state,3,16.0073,-1.959,0.0147,,,37.0
28.3768,state,4,32.2234,1.959,-0.0879,,,36.0
28.3861,cmd,3,16.0513,,,29.30,1.49,
28.3861,cmd,4,32.1794,,,29.30,1.49,
28.3868,state,3,16.0073,-4.197,-0.0147,,,37.0
28.3869,state,4,32.2234,-1.959,-0.0879,,,36.0
28.3962,cmd,3,16.0513,,,29.30,1.49,
28.3962,cmd,4,32.1794,,,29.30,1.49,
28.3968,state,3,16.0073,-0.839,-0.0147,,,37.0
28.3969,state,4,32.2234,2.518,-0.0879,,,36.0
28.4062,cmd,3,16.0513,,,29.30,1.49,
28.4062,cmd,4,32.1794,,,29.30,1.49,
28.4068,state,3,16.0073,-6.436,0.0147,,,37.0
28.4069,state,4,32.2234,3.638,-0.0879,,,36.0
28.4162,cmd,3,16.0513,,,29.30,1.49,
28.4162,cmd,4,32.1794,,,29.30,1.49,
28.4168,state,3,16.0073,-6.436,0.0147,,,37.0
28.4169,state,4,32.2454,3.078,-0.0879,,,36.0
28.4261,cmd,3,16.0513,,,29.30,1.49,
28.4262,cmd,4,32.1794,,,29.30,1.49,
28.4268,state,3,16.0073,-2.518,-0.0147,,,37.0
28.4269,state,4,32.2234,1.399,-0.1465,,,36.0
28.4362,cmd,3,16.0513,,,29.30,1.49,
28.4362,cmd,4,32.1794,,,29.30,1.49,
28.4368,state,3,16.0073,-0.280,-0.0440,,,37.0
28.4369,state,4,32.2234,-1.959,-0.0879,,,36.0
28.4462,cmd,3,16.0513,,,29.30,1.49,
28.4462,cmd,4,32.1794,,,29.30,1.49,
28.4468,state,3,16.0073,6.996,-0.0147,,,37.0
28.4469,state,4,32.2234,0.280,-0.0879,,,36.0
28.4562,cmd,3,16.0513,,,29.30,1.49,
28.4562,cmd,4,32.1794,,,29.30,1.49,
28.4568,state,3,16.0073,1.959,0.0147,,,37.0
28.4568,state,4,32.2234,0.839,-0.0879,,,36.0
28.4662,cmd,3,16.0513,,,29.30,1.49,
28.4662,cmd,4,32.1794,,,29.30,1.49,
28.4667,state,3,16.0073,-3.638,-0.0440,,,37.0
28.4668,state,4,32.2234,-9.794,-0.1465,,,36.0
28.4762,cmd,3,16.0513,,,29.30,1.49,
28.4762,cmd,4,32.1794,,,29.30,1.49,
28.4768,state,3,15.9854,-5.876,-0.0147,,,37.0
28.4769,state,4,32.2234,0.280,-0.0879,,,36.0
28.4863,cmd,3,16.0513,,,29.30,1.49,
28.4863,cmd,4,32.1794,,,29.30,1.49,
28.4869,state,3,16.0073,-1.399,-0.0147,,,37.0
28.4870,state,4,32.2234,0.839,-0.0879,,,36.0
28.4961,cmd,3,16.0513,,,29.30,1.49,
28.4962,cmd,4,32.1794,,,29.30,1.49,
28.4968,state,3,16.0073,-2.518,0.0147,,,37.0
28.4969,state,4,32.2234,0.839,-0.0879,,,36.0
28.5061,cmd,3,16.0513,,,29.30,1.49,
28.5062,cmd,4,32.1794,,,29.30,1.49,
28.5067,state,3,16.0073,-4.757,-0.0440,,,37.0
28.5068,state,4,32.2454,7.555,-0.0879,,,36.0
28.5162,cmd,3,16.0513,,,29.30,1.49,
28.5162,cmd,4,32.1794,,,29.30,1.49,
28.5167,state,3,16.0073,3.638,-0.0147,,,37.0
28.5168,state,4,32.2234,-2.518,-0.0879,,,36.0
28.5262,cmd,3,16.0513,,,29.30,1.49,
28.5262,cmd,4,32.1794,,,29.30,1.49,
28.5267,state,3,16.0073,-1.399,0.0147,,,37.0
28.5268,state,4,32.2234,1.399,-0.0879,,,36.0
28.5362,cmd,3,16.0513,,,29.30,1.49,
28.5362,cmd,4,32.1794,,,29.30,1.49,
28.5368,state,3,16.0073,-0.280,-0.0440,,,37.0
28.5369,state,4,32.2234,0.280,-0.0879,,,36.0
28.5462,cmd,3,16.0513,,,29.30,1.49,
28.5462,cmd,4,32.1794,,,29.30,1.49,
28.5468,state,3,16.0073,0.839,-0.1026,,,37.0
28.5469,state,4,32.2234,3.078,-0.0879,,,36.0
28.5562,cmd,3,16.0513,,,29.30,1.49,
28.5562,cmd,4,32.1794,,,29.30,1.49,
28.5568,state,3,16.0073,-4.197,-0.0440,,,37.0
28.5569,state,4,32.2234,-3.638,-0.0879,,,36.0
28.5662,cmd,3,16.0513,,,29.30,1.49,
28.5662,cmd,4,32.1794,,,29.30,1.49,
28.5668,state,3,16.0073,-0.839,-0.0147,,,37.0
28.5669,state,4,32.2234,-3.078,-0.0879,,,36.0
28.5762,cmd,3,16.0513,,,29.30,1.49,
28.5762,cmd,4,32.1794,,,29.30,1.49,
28.5768,state,3,16.0073,-0.839,-0.0440,,,37.0
28.5769,state,4,32.2234,-0.839,-0.1465,,,36.0
28.5862,cmd,3,16.0513,,,29.30,1.49,
28.5863,cmd,4,32.1794,,,29.30,1.49,
28.5869,state,3,16.0073,2.518,-0.0147,,,37.0
28.5869,state,4,32.2234,-2.518,-0.0879,,,36.0
28.5962,cmd,3,16.0513,,,29.30,1.49,
28.5962,cmd,4,32.1794,,,29.30,1.49,
28.5968,state,3,16.0073,8.675,-0.0440,,,37.0
28.5969,state,4,32.2234,3.638,-0.0879,,,36.0
28.6062,cmd,3,16.0513,,,29.30,1.49,
28.6062,cmd,4,32.1794,,,29.30,1.49,
28.6068,state,3,16.0073,5.876,-0.0440,,,37.0
28.6069,state,4,32.2234,2.518,-0.0879,,,36.0
28.6162,cmd,3,16.0513,,,29.30,1.49,
28.6162,cmd,4,32.1794,,,29.30,1.49,
28.6168,state,3,16.0073,1.959,-0.0440,,,37.0
28.6169,state,4,32.2234,0.280,-0.0879,,,36.0
28.6262,cmd,3,16.0513,,,29.30,1.49,
28.6262,cmd,4,32.1794,,,29.30,1.49,
28.6268,state,3,16.0073,-7.555,-0.0440,,,37.0
28.6269,state,4,32.2234,-0.280,-0.0879,,,36.0
28.6362,cmd,3,16.0513,,,29.30,1.49,
28.6363,cmd,4,32.1794,,,29.30,1.49,
28.6368,state,3,16.0073,-5.876,0.0147,,,37.0
28.6369,state,4,32.2234,1.959,-0.0879,,,36.0
28.6462,cmd,3,16.0513,,,29.30,1.49,
28.6462,cmd,4,32.1794,,,29.30,1.49,
28.6468,state,3,16.0073,7.555,0.0440,,,37.0
28.6469,state,4,32.2234,-0.280,-0.0879,,,36.0
28.6562,cmd,3,16.0513,,,29.30,1.49,
28.6562,cmd,4,32.1794,,,29.30,1.49,
28.6568,state,3,16.0073,-3.078,-0.0147,,,37.0
28.6569,state,4,32.2234,-3.638,-0.0879,,,36.0
28.6663,cmd,3,16.0513,,,29.30,1.49,
28.6663,cmd,4,32.1794,,,29.30,1.49,
28.6669,state,3,16.0073,-5.876,-0.0440,,,37.0
28.6670,state,4,32.2234,-5.876,-0.0879,,,36.0
28.6762,cmd,3,16.0513,,,29.30,1.49,
28.6762,cmd,4,32.1794,,,29.30,1.49,
28.6768,state,3,16.0073,1.959,0.0147,,,37.0
28.6769,state,4,32.2234,3.638,-0.0879,,,36.0
28.6862,cmd,3,16.0513,,,29.30,1.49,
28.6862,cmd,4,32.1794,,,29.30,1.49,
28.6868,state,3,16.0073,-0.839,-0.0440,,,37.0
28.6869,state,4,32.2234,-2.518,-0.1465,,,36.0
28.6962,cmd,3,16.0513,,,29.30,1.49,
28.6963,cmd,4,32.1794,,,29.30,1.49,
28.6969,state,3,16.0073,4.197,-0.0440,,,37.0
28.6969,state,4,32.2234,3.638,-0.1465,,,36.0
28.7062,cmd,3,16.0513,,,29.30,1.49,
28.7062,cmd,4,32.1794,,,29.30,1.49,
28.7068,state,3,16.0073,-0.839,-0.0440,,,37.0
28.7069,state,4,32.2234,1.399,-0.1465,,,36.0
28.7162,cmd,3,16.0513,,,29.30,1.49,
28.7162,cmd,4,32.1794,,,29.30,1.49,
28.7168,state,3,16.0073,1.399,-0.0147,,,37.0
28.7169,state,4,32.2234,6.996,-0.0879,,,36.0
28.7262,cmd,3,16.0513,,,29.30,1.49,
28.7262,cmd,4,32.1794,,,29.30,1.49,
28.7268,state,3,16.0073,1.399,-0.0440,,,37.0
28.7269,state,4,32.2234,-1.959,-0.0879,,,36.0
28.7362,cmd,3,16.0513,,,29.30,1.49,
28.7362,cmd,4,32.1794,,,29.30,1.49,
28.7368,state,3,16.0073,6.436,-0.0733,,,37.0
28.7369,state,4,32.2234,1.959,-0.1465,,,36.0
28.7462,cmd,3,16.0513,,,29.30,1.49,
28.7462,cmd,4,32.1794,,,29.30,1.49,
28.7468,state,3,16.0073,-3.078,-0.0147,,,37.0
28.7469,state,4,32.2234,-5.317,-0.0879,,,36.0
28.7562,cmd,3,16.0513,,,29.30,1.49,
28.7562,cmd,4,32.1794,,,29.30,1.49,
28.7568,state,3,16.0073,-0.839,-0.0733,,,37.0
28.7569,state,4,32.2234,-3.078,-0.0879,,,36.0
28.7662,cmd,3,16.0513,,,29.30,1.49,
28.7662,cmd,4,32.1794,,,29.30,1.49,
28.7668,state,3,16.0073,-4.757,-0.0147,,,37.0
28.7669,state,4,32.2234,1.399,-0.0293,,,36.0
28.7762,cmd,3,16.0513,,,29.30,1.49,
28.7762,cmd,4,32.1794,,,29.30,1.49,
28.7768,state,3,16.0073,-0.839,-0.0147,,,37.0
28.7769,state,4,32.2234,1.399,-0.0879,,,36.0
28.7862,cmd,3,16.0513,,,29.30,1.49,
28.7863,cmd,4,32.1794,,,29.30,1.49,
28.7869,state,3,16.0073,0.280,-0.0440,,,37.0
28.7869,state,4,32.2234,-1.399,-0.0879,,,36.0
28.7962,cmd,3,16.0513,,,29.30,1.49,
28.7962,cmd,4,32.1794,,,29.30,1.49,
28.7968,state,3,16.0073,-9.794,-0.0147,,,37.0
28.7969,state,4,32.2234,-0.280,-0.0879,,,36.0
28.8062,cmd,3,16.0513,,,29.30,1.49,
28.8062,cmd,4,32.1794,,,29.30,1.49,
28.8068,state,3,16.0073,-0.280,-0.0440,,,37.0
28.8069,state,4,32.2234,-1.959,-0.1465,,,36.0
28.8163,cmd,3,16.0513,,,29.30,1.49,
28.8163,cmd,4,32.1794,,,29.30,1.49,
28.8169,state,3,16.0073,-1.959,0.0147,,,37.0
28.8169,state,4,32.2234,0.839,-0.0879,,,36.0
28.8262,cmd,3,16.0513,,,29.30,1.49,
28.8262,cmd,4,32.1794,,,29.30,1.49,
28.8268,state,3,16.0073,2.518,0.0147,,,37.0
28.8269,state,4,32.2234,-0.839,-0.0879,,,36.0
28.8363,cmd,3,16.0513,,,29.30,1.49,
28.8363,cmd,4,32.1794,,,29.30,1.49,
28.8368,state,3,16.0073,-0.839,-0.0147,,,37.0
28.8369,state,4,32.2234,1.399,-0.0879,,,36.0
28.8463,cmd,3,16.0513,,,29.30,1.49,
28.8463,cmd,4,32.1794,,,29.30,1.49,
28.8469,state,3,16.0073,1.959,-0.0147,,,37.0
28.8470,state,4,32.2234,-1.959,-0.0879,,,36.0
28.8562,cmd,3,16.0513,,,29.30,1.49,
28.8563,cmd,4,32.1794,,,29.30,1.49,
28.8568,state,3,16.0073,0.839,-0.0147,,,37.0
28.8569,state,4,32.2234,-8.115,-0.0879,,,36.0
28.8662,cmd,3,16.0513,,,29.30,1.49,
28.8662,cmd,4,32.1794,,,29.30,1.49,
28.8668,state,3,16.0073,-4.757,-0.0147,,,37.0
28.8669,state,4,32.2234,-0.839,-0.0879,,,36.0
28.8762,cmd,3,16.0513,,,29.30,1.49,
28.8762,cmd,4,32.1794,,,29.30,1.49,
28.8768,state,3,16.0073,-5.317,-0.0440,,,37.0
28.8769,state,4,32.2234,0.839,-0.0879,,,36.0
28.8862,cmd,3,16.0513,,,29.30,1.49,
28.8862,cmd,4,32.1794,,,29.30,1.49,
28.8868,state,3,16.0073,-3.638,-0.0147,,,37.0
28.8869,state,4,32.2234,-0.280,-0.0879,,,36.0
28.8962,cmd,3,16.0513,,,29.30,1.49,
28.8962,cmd,4,32.1794,,,29.30,1.49,
28.8968,state,3,16.0073,3.078,-0.0147,,,37.0
28.8969,state,4,32.2234,-0.839,-0.0879,,,36.0
28.9063,cmd,3,16.0513,,,29.30,1.49,
28.9063,cmd,4,32.1794,,,29.30,1.49,
28.9069,state,3,16.0073,0.839,0.0147,,,37.0
28.9070,state,4,32.2234,-0.280,-0.0879,,,36.0
28.9163,cmd,3,16.0513,,,29.30,1.49,
28.9163,cmd,4,32.1794,,,29.30,1.49,
28.9169,state,3,16.0073,7.555,-0.0147,,,37.0
28.9170,state,4,32.2234,0.280,-0.0879,,,36.0
28.9262,cmd,3,16.0513,,,29.30,1.49,
28.9262,cmd,4,32.1794,,,29.30,1.49,
28.9268,state,3,16.0073,-0.280,-0.0147,,,37.0
28.9269,state,4,32.2234,0.280,-0.0879,,,36.0
28.9363,cmd,3,16.0513,,,29.30,1.49,
28.9363,cmd,4,32.1794,,,29.30,1.49,
28.9369,state,3,16.0073,-0.280,-0.0147,,,37.0
28.9370,state,4,32.2234,-5.876,-0.0879,,,36.0
28.9462,cmd,3,16.0513,,,29.30,1.49,
28.9463,cmd,4,32.1794,,,29.30,1.49,
28.9468,state,3,16.0073,-1.399,-0.0440,,,37.0
28.9469,state,4,32.2234,-3.638,-0.0879,,,36.0
28.9563,cmd,3,16.0513,,,29.30,1.49,
28.9563,cmd,4,32.1794,,,29.30,1.49,
28.9569,state,3,16.0073,-6.996,-0.0147,,,37.0
28.9570,state,4,32.2234,-1.959,-0.0879,,,36.0
28.9663,cmd,3,16.0513,,,29.30,1.49,
28.9663,cmd,4,32.1794,,,29.30,1.49,
28.9669,state,3,16.0073,-6.436,-0.0733,,,37.0
28.9670,state,4,32.2234,-1.959,-0.0879,,,36.0
28.9763,cmd,3,16.0513,,,29.30,1.49,
28.9763,cmd,4,32.1794,,,29.30,1.49,
28.9769,state,3,16.0073,-6.996,-0.0440,,,37.0
28.9770,state,4,32.2234,-3.638,-0.0879,,,36.0
28.9862,cmd,3,16.0513,,,29.30,1.49,
28.9862,cmd,4,32.1794,,,29.30,1.49,
28.9868,state,3,16.0073,-0.280,-0.0440,,,37.0
28.9869,state,4,32.2234,-1.399,-0.0879,,,36.0
28.9963,cmd,3,16.0513,,,29.30,1.49,
28.9963,cmd,4,32.1794,,,29.30,1.49,
28.9968,state,3,16.0073,1.399,-0.0733,,,37.0
28.9969,state,4,32.2234,-0.280,-0.0879,,,36.0
29.0062,cmd,3,16.0513,,,29.30,1.49,
29.0062,cmd,4,32.1794,,,29.30,1.49,
29.0069,state,3,16.0073,-0.839,-0.0440,,,37.0
29.0069,state,4,32.2234,-6.996,-0.0879,,,36.0
29.0162,cmd,3,16.0513,,,29.30,1.49,
29.0162,cmd,4,32.1794,,,29.30,1.49,
29.0169,state,3,16.0073,-7.555,0.0147,,,37.0
29.0170,state,4,32.2454,6.436,-0.0879,,,36.0
29.0263,cmd,3,16.0513,,,29.30,1.49,
29.0263,cmd,4,32.1794,,,29.30,1.49,
29.0269,state,3,16.0073,-0.280,-0.0440,,,37.0
29.0270,state,4,32.2234,-0.839,-0.0879,,,36.0
29.0362,cmd,3,16.0513,,,29.30,1.49,
29.0362,cmd,4,32.1794,,,29.30,1.49,
29.0369,state,3,15.9854,-11.473,-0.0733,,,37.0
29.0369,state,4,32.2234,-1.399,-0.0293,,,36.0
29.0463,cmd,3,16.0513,,,29.30,1.49,
29.0463,cmd,4,32.1794,,,29.30,1.49,
29.0469,state,3,16.0073,1.959,-0.0147,,,37.0
29.0470,state,4,32.2234,-0.280,-0.1465,,,36.0
29.0564,cmd,3,16.0513,,,29.30,1.49,
29.0564,cmd,4,32.1794,,,29.30,1.49,
29.0569,state,3,16.0073,3.078,0.0147,,,37.0
29.0571,state,4,32.2234,0.280,-0.0879,,,36.0
29.0663,cmd,3,16.0513,,,29.30,1.49,
29.0663,cmd,4,32.1794,,,29.30,1.49,
29.0669,state,3,16.0073,-0.839,0.0147,,,37.0
29.0670,state,4,32.2234,2.518,-0.0879,,,36.0
29.0762,cmd,3,16.0513,,,29.30,1.49,
29.0762,cmd,4,32.1794,,,29.30,1.49,
29.0769,state,3,16.0073,0.839,-0.0147,,,37.0
29.0770,state,4,32.2234,0.280,-0.0879,,,36.0
29.0863,cmd,3,16.0513,,,29.30,1.49,
29.0863,cmd,4,32.1794,,,29.30,1.49,
29.0869,state,3,16.0073,-0.839,-0.0147,,,37.0
29.0869,state,4,32.2234,4.757,-0.0879,,,36.0
29.0962,cmd,3,16.0513,,,29.30,1.49,
29.0962,cmd,4,32.1794,,,29.30,1.49,
29.0969,state,3,16.0073,2.518,-0.0440,,,37.0
29.0969,state,4,32.2234,-0.280,-0.0879,,,36.0
29.1062,cmd,3,16.0513,,,29.30,1.49,
29.1063,cmd,4,32.1794,,,29.30,1.49,
29.1068,state,3,16.0073,3.638,-0.0147,,,37.0
29.1069,state,4,32.2234,-0.280,-0.0879,,,36.0
29.1164,cmd,3,16.0513,,,29.30,1.49,
29.1164,cmd,4,32.1794,,,29.30,1.49,
29.1169,state,3,16.0073,4.757,-0.0440,,,37.0
29.1170,state,4,32.2234,2.518,-0.0879,,,36.0
29.1262,cmd,3,16.0513,,,29.30,1.49,
29.1263,cmd,4,32.1794,,,29.30,1.49,
29.1269,state,3,16.0073,3.078,-0.1026,,,37.0
29.1270,state,4,32.2234,-1.959,-0.1465,,,36.0
29.1363,cmd,3,16.0513,,,29.30,1.49,
29.1363,cmd,4,32.1794,,,29.30,1.49,
29.1369,state,3,16.0073,1.959,-0.0147,,,37.0
29.1370,state,4,32.2234,1.399,-0.0879,,,36.0
29.1463,cmd,3,16.0513,,,29.30,1.49,
29.1463,cmd,4,32.1794,,,29.30,1.49,
29.1469,state,3,16.0073,-2.518,0.0147,,,37.0
29.1470,state,4,32.2234,-0.839,-0.0879,,,36.0
29.1563,cmd,3,16.0513,,,29.30,1.49,
29.1563,cmd,4,32.1794,,,29.30,1.49,
29.1569,state,3,16.0073,0.280,-0.0147,,,37.0
29.1570,state,4,32.2234,-0.839,-0.0879,,,36.0
29.1663,cmd,3,16.0513,,,29.30,1.49,
29.1663,cmd,4,32.1794,,,29.30,1.49,
29.1669,state,3,16.0073,-2.518,-0.0147,,,37.0
29.1670,state,4,32.2234,3.638,-0.0879,,,36.0
29.1763,cmd,3,16.0513,,,29.30,1.49,
29.1764,cmd,4,32.1794,,,29.30,1.49,
29.1769,state,3,16.0073,4.757,-0.0147,,,37.0
29.1770,state,4,32.2234,-4.197,-0.0879,,,36.0
29.1863,cmd,3,16.0513,,,29.30,1.49,
29.1863,cmd,4,32.1794,,,29.30,1.49,
29.1869,state,3,16.0073,1.399,-0.0147,,,37.0
29.1870,state,4,32.2234,-0.839,-0.0879,,,36.0
29.1963,cmd,3,16.0513,,,29.30,1.49,
29.1963,cmd,4,32.1794,,,29.30,1.49,
29.1969,state,3,16.0073,1.399,-0.0147,,,37.0
29.1969,state,4,32.2234,-0.839,-0.0879,,,36.0
29.2063,cmd,3,16.0513,,,29.30,1.49,
29.2063,cmd,4,32.1794,,,29.30,1.49,
29.2069,state,3,16.0073,0.839,0.0147,,,37.0
29.2070,state,4,32.2234,0.280,-0.0879,,,36.0
29.2163,cmd,3,16.0513,,,29.30,1.49,
29.2163,cmd,4,32.1794,,,29.30,1.49,
29.2169,state,3,16.0073,-4.757,0.0147,,,37.0
29.2170,state,4,32.2234,-4.757,-0.0879,,,36.0
29.2263,cmd,3,16.0513,,,29.30,1.49,
29.2263,cmd,4,32.1794,,,29.30,1.49,
29.2269,state,3,16.0073,-1.399,-0.1026,,,37.0
29.2271,state,4,32.2234,-3.078,-0.0879,,,36.0
29.2363,cmd,3,16.0513,,,29.30,1.49,
29.2363,cmd,4,32.1794,,,29.30,1.49,
29.2369,state,3,16.0073,0.280,0.0147,,,37.0
29.2370,state,4,32.2234,3.638,-0.0879,,,36.0
29.2463,cmd,3,16.0513,,,29.30,1.49,
29.2463,cmd,4,32.1794,,,29.30,1.49,
29.2469,state,3,16.0073,-2.518,0.0147,,,37.0
29.2470,state,4,32.2234,-2.518,-0.0879,,,36.0
29.2563,cmd,3,16.0513,,,29.30,1.49,
29.2563,cmd,4,32.1794,,,29.30,1.49,
29.2569,state,3,16.0073,-1.399,0.0147,,,37.0
29.2570,state,4,32.2234,-0.839,-0.0879,,,36.0
29.2663,cmd,3,16.0513,,,29.30,1.49,
29.2663,cmd,4,32.1794,,,29.30,1.49,
29.2669,state,3,16.0073,-9.234,-0.0147,,,37.0
29.2670,state,4,32.2234,1.959,-0.1465,,,36.0
29.2763,cmd,3,16.0513,,,29.30,1.49,
29.2763,cmd,4,32.1794,,,29.30,1.49,
29.2769,state,3,16.0073,-1.959,-0.0147,,,37.0
29.2770,state,4,32.2234,0.280,-0.0879,,,36.0
29.2863,cmd,3,16.0513,,,29.30,1.49,
29.2863,cmd,4,32.1794,,,29.30,1.49,
29.2869,state,3,16.0073,-6.436,-0.0147,,,37.0
29.2870,state,4,32.2234,-6.996,-0.0879,,,36.0
29.2963,cmd,3,16.0513,,,29.30,1.49,
29.2963,cmd,4,32.1794,,,29.30,1.49,
29.2969,state,3,16.0073,-0.280,-0.0147,,,37.0
29.2970,state,4,32.2454,0.839,-0.0879,,,36.0
29.3064,cmd,3,16.0513,,,29.30,1.49,
29.3064,cmd,4,32.1794,,,29.30,1.49,
29.3069,state,3,16.0073,-3.638,-0.0147,,,37.0
29.3070,state,4,32.2454,1.959,-0.1465,,,36.0
29.3163,cmd,3,16.0513,,,29.30,1.49,
29.3163,cmd,4,32.1794,,,29.30,1.49,
29.3169,state,3,16.0073,3.078,-0.0147,,,37.0
29.3170,state,4,32.2234,-1.399,-0.0879,,,36.0
29.3264,cmd,3,16.0513,,,29.30,1.49,
29.3264,cmd,4,32.1794,,,29.30,1.49,
29.3269,state,3,16.0073,-0.839,-0.0147,,,37.0
29.3270,state,4,32.2234,4.197,-0.0879,,,36.0
29.3363,cmd,3,16.0513,,,29.30,1.49,
29.3363,cmd,4,32.1794,,,29.30,1.49,
29.3369,state,3,16.0073,-1.959,-0.0440,,,37.0
29.3369,state,4,32.2234,-2.518,-0.1465,,,36.0
29.3463,cmd,3,16.0513,,,29.30,1.49,
29.3463,cmd,4,32.1794,,,29.30,1.49,
29.3469,state,3,16.0073,5.876,-0.0147,,,37.0
29.3470,state,4,32.2234,0.280,-0.0879,,,36.0
29.3563,cmd,3,16.0513,,,29.30,1.49,
29.3563,cmd,4,32.1794,,,29.30,1.49,
29.3569,state,3,16.0073,4.197,-0.0440,,,37.0
29.3570,state,4,32.2234,0.280,-0.0879,,,36.0
29.3663,cmd,3,16.0513,,,29.30,1.49,
29.3663,cmd,4,32.1794,,,29.30,1.49,
29.3669,state,3,16.0073,-6.436,-0.0440,,,37.0
29.3671,state,4,32.2234,0.280,-0.0879,,,36.0
29.3763,cmd,3,16.0513,,,29.30,1.49,
29.3763,cmd,4,32.1794,,,29.30,1.49,
29.3769,state,3,16.0073,1.399,0.0147,,,37.0
29.3770,state,4,32.2234,-1.399,-0.0879,,,36.0
29.3863,cmd,3,16.0513,,,29.30,1.49,
29.3863,cmd,4,32.1794,,,29.30,1.49,
29.3869,state,3,16.0073,5.317,-0.0440,,,37.0
29.3870,state,4,32.2234,-1.959,-0.0879,,,36.0
29.3963,cmd,3,16.0513,,,29.30,1.49,
29.3963,cmd,4,32.1794,,,29.30,1.49,
29.3969,state,3,16.0073,0.839,-0.0440,,,37.0
29.3970,state,4,32.2234,1.959,-0.0879,,,36.0
29.4063,cmd,3,16.0513,,,29.30,1.49,
29.4063,cmd,4,32.1794,,,29.30,1.49,
29.4069,state,3,16.0073,-3.078,-0.0440,,,37.0
29.4070,state,4,32.2234,-1.399,-0.0879,,,36.0
29.4163,cmd,3,16.0513,,,29.30,1.49,
29.4163,cmd,4,32.1794,,,29.30,1.49,
29.4169,state,3,16.0073,-1.399,-0.0440,,,37.0
29.4170,state,4,32.2234,-1.399,-0.0879,,,36.0
29.4264,cmd,3,16.0513,,,29.30,1.49,
29.4264,cmd,4,32.1794,,,29.30,1.49,
29.4270,state,3,16.0073,5.317,-0.0147,,,37.0
29.4271,state,4,32.2234,0.280,-0.0879,,,36.0
29.4363,cmd,3,16.0513,,,29.30,1.49,
29.4363,cmd,4,32.1794,,,29.30,1.49,
29.4369,state,3,16.0073,0.280,0.0147,,,37.0
29.4370,state,4,32.2234,0.280,-0.0879,,,36.0
29.4464,cmd,3,16.0513,,,29.30,1.49,
29.4464,cmd,4,32.1794,,,29.30,1.49,
29.4470,state,3,16.0073,-1.399,-0.0147,,,37.0
29.4471,state,4,32.2234,-3.078,-0.0879,,,36.0
29.4564,cmd,3,16.0513,,,29.30,1.49,
29.4564,cmd,4,32.1794,,,29.30,1.49,
29.4570,state,3,16.0073,1.959,0.0147,,,37.0
29.4571,state,4,32.2234,-5.317,-0.0879,,,36.0
29.4664,cmd,3,16.0513,,,29.30,1.49,
29.4664,cmd,4,32.1794,,,29.30,1.49,
29.4669,state,3,16.0073,-3.638,-0.0147,,,37.0
29.4673,state,4,32.2234,-4.197,-0.1465,,,36.0
29.4764,cmd,3,16.0513,,,29.30,1.49,
29.4764,cmd,4,32.1794,,,29.30,1.49,
29.4770,state,3,16.0073,3.638,0.0147,,,37.0
29.4771,state,4,32.2234,1.399,-0.0879,,,36.0
29.4863,cmd,3,16.0513,,,29.30,1.49,
29.4863,cmd,4,32.1794,,,29.30,1.49,
29.4869,state,3,16.0073,0.839,-0.0147,,,37.0
29.4870,state,4,32.2234,-0.280,-0.0879,,,36.0
29.4963,cmd,3,16.0513,,,29.30,1.49,
29.4963,cmd,4,32.1794,,,29.30,1.49,
29.4969,state,3,16.0073,1.959,-0.0147,,,37.0
29.4970,state,4,32.2234,-4.757,-0.0879,,,36.0
29.5063,cmd,3,16.0513,,,29.30,1.49,
29.5063,cmd,4,32.1794,,,29.30,1.49,
29.5069,state,3,16.0073,-3.078,0.0147,,,37.0
29.5070,state,4,32.2234,-0.839,-0.0879,,,36.0
29.5163,cmd,3,16.0513,,,29.30,1.49,
29.5163,cmd,4,32.1794,,,29.30,1.49,
29.5169,state,3,16.0073,-3.638,0.0147,,,37.0
29.5170,state,4,32.2234,1.959,-0.0879,,,36.0
29.5263,cmd,3,16.0513,,,29.30,1.49,
29.5263,cmd,4,32.1794,,,29.30,1.49,
29.5269,state,3,16.0073,-4.757,-0.0147,,,37.0
29.5271,state,4,32.2234,-0.839,-0.0879,,,36.0
29.5364,cmd,3,16.0513,,,29.30,1.49,
29.5364,cmd,4,32.1794,,,29.30,1.49,
29.5370,state,3,16.0073,2.518,-0.0440,,,37.0
29.5371,state,4,32.2234,0.839,-0.0879,,,36.0
29.5463,cmd,3,16.0513,,,29.30,1.49,
29.5463,cmd,4,32.1794,,,29.30,1.49,
29.5469,state,3,16.0073,-4.197,-0.0147,,,37.0
29.5470,state,4,32.2234,-0.280,-0.0879,,,36.0
29.5563,cmd,3,16.0513,,,29.30,1.49,
29.5563,cmd,4,32.1794,,,29.30,1.49,
29.5569,state,3,16.0073,4.757,-0.0147,,,37.0
29.5570,state,4,32.2234,3.078,-0.1465,,,36.0
29.5663,cmd,3,16.0513,,,29.30,1.49,
29.5664,cmd,4,32.1794,,,29.30,1.49,
29.5670,state,3,16.0073,-4.757,0.0147,,,37.0
29.5670,state,4,32.2234,-5.317,-0.0879,,,36.0
29.5763,cmd,3,16.0513,,,29.30,1.49,
29.5763,cmd,4,32.1794,,,29.30,1.49,
29.5769,state,3,16.0073,-4.757,0.0147,,,37.0
29.5773,state,4,32.2234,0.280,-0.0879,,,36.0
29.5863,cmd,3,16.0513,,,29.30,1.49,
29.5863,cmd,4,32.1794,,,29.30,1.49,
29.5868,state,3,16.0073,0.839,-0.0440,,,37.0
29.5872,state,4,32.2234,2.518,-0.0879,,,36.0
29.5964,cmd,3,16.0513,,,29.30,1.49,
29.5964,cmd,4,32.1794,,,29.30,1.49,
29.5969,state,3,16.0073,-1.959,-0.0147,,,37.0
29.5973,state,4,32.2234,0.280,-0.0879,,,36.0
29.6063,cmd,3,16.0513,,,29.30,1.49,
29.6063,cmd,4,32.1794,,,29.30,1.49,
29.6068,state,3,16.0073,6.436,-0.0147,,,37.0
29.6073,state,4,32.2234,-8.675,-0.0879,,,36.0
29.6164,cmd,3,16.0513,,,29.30,1.49,
29.6164,cmd,4,32.1794,,,29.30,1.49,
29.6170,state,3,16.0073,-3.638,-0.0147,,,37.0
29.6171,state,4,32.2234,-1.399,-0.0879,,,36.0
29.6264,cmd,3,16.0513,,,29.30,1.49,
29.6264,cmd,4,32.1794,,,29.30,1.49,
29.6270,state,3,16.0073,1.399,-0.0440,,,37.0
29.6270,state,4,32.2234,-0.839,-0.0879,,,36.0
29.6364,cmd,3,16.0513,,,29.30,1.49,
29.6364,cmd,4,32.1794,,,29.30,1.49,
29.6370,state,3,16.0073,-5.876,-0.0147,,,37.0
29.6371,state,4,32.2234,1.399,-0.0879,,,36.0
29.6465,cmd,3,16.0513,,,29.30,1.49,
29.6466,cmd,4,32.1794,,,29.30,1.49,
29.6470,state,3,16.0073,-4.757,-0.0147,,,37.0
29.6472,state,4,32.2234,-0.280,-0.0879,,,36.0
29.6565,cmd,3,16.0513,,,29.30,1.49,
29.6566,cmd,4,32.1794,,,29.30,1.49,
29.6571,state,3,16.0073,-4.757,-0.0440,,,37.0
29.6572,state,4,32.2234,-0.839,-0.0293,,,36.0
29.6665,cmd,3,16.0513,,,29.30,1.49,
29.6666,cmd,4,32.1794,,,29.30,1.49,
29.6670,state,3,16.0073,-0.280,-0.0440,,,37.0
29.6672,state,4,32.2234,0.839,-0.0879,,,36.0
29.6765,cmd,3,16.0513,,,29.30,1.49,
29.6765,cmd,4,32.1794,,,29.30,1.49,
29.6769,state,3,16.0073,0.280,0.0440,,,37.0
29.6772,state,4,32.2234,-1.399,-0.0879,,,36.0
29.6864,cmd,3,16.0513,,,29.30,1.49,
29.6865,cmd,4,32.1794,,,29.30,1.49,
29.6870,state,3,16.0073,-1.959,-0.0147,,,37.0
29.6871,state,4,32.2234,-0.839,-0.0879,,,36.0
29.6964,cmd,3,16.0513,,,29.30,1.49,
29.6964,cmd,4,32.1794,,,29.30,1.49,
29.6970,state,3,16.0073,-5.317,-0.0147,,,37.0
29.6971,state,4,32.2234,-3.638,-0.0879,,,36.0
29.7064,cmd,3,16.0513,,,29.30,1.49,
29.7064,cmd,4,32.1794,,,29.30,1.49,
29.7070,state,3,16.0073,-3.078,-0.0147,,,37.0
29.7071,state,4,32.2234,-1.959,-0.0879,,,36.0
29.7164,cmd,3,16.0513,,,29.30,1.49,
29.7164,cmd,4,32.1794,,,29.30,1.49,
29.7170,state,3,16.0073,-4.757,-0.0733,,,37.0
29.7171,state,4,32.2234,-1.399,-0.0293,,,36.0
29.7264,cmd,3,16.0513,,,29.30,1.49,
29.7264,cmd,4,32.1794,,,29.30,1.49,
29.7270,state,3,16.0073,-1.959,0.0147,,,37.0
29.7271,state,4,32.2234,1.959,-0.0879,,,36.0
29.7364,cmd,3,16.0513,,,29.30,1.49,
29.7364,cmd,4,32.1794,,,29.30,1.49,
29.7370,state,3,16.0073,1.399,-0.0440,,,37.0
29.7371,state,4,32.2234,1.959,-0.0879,,,36.0
29.7465,cmd,3,16.0513,,,29.30,1.49,
29.7465,cmd,4,32.1794,,,29.30,1.49,
29.7470,state,3,16.0073,-4.197,-0.0440,,,37.0
29.7471,state,4,32.2234,-2.518,-0.0879,,,36.0
29.7564,cmd,3,16.0513,,,29.30,1.49,
29.7564,cmd,4,32.1794,,,29.30,1.49,
29.7570,state,3,16.0073,-3.078,-0.0147,,,37.0
29.7571,state,4,32.2234,-0.280,-0.0879,,,36.0
29.7664,cmd,3,16.0513,,,29.30,1.49,
29.7664,cmd,4,32.1794,,,29.30,1.49,
29.7670,state,3,16.0073,-3.078,0.0147,,,37.0
29.7670,state,4,32.2234,-0.839,-0.0879,,,36.0
29.7764,cmd,3,16.0513,,,29.30,1.49,
29.7765,cmd,4,32.1794,,,29.30,1.49,
29.7769,state,3,16.0073,6.436,0.0147,,,37.0
29.7772,state,4,32.2234,-5.317,-0.0879,,,36.0
29.7864,cmd,3,16.0513,,,29.30,1.49,
29.7864,cmd,4,32.1794,,,29.30,1.49,
29.7870,state,3,16.0073,5.876,-0.0440,,,37.0
29.7871,state,4,32.2234,-3.078,-0.1465,,,36.0
29.7964,cmd,3,16.0513,,,29.30,1.49,
29.7964,cmd,4,32.1794,,,29.30,1.49,
29.7970,state,3,16.0073,-1.399,-0.0440,,,37.0
29.7972,state,4,32.2234,-4.197,-0.0879,,,36.0
29.8065,cmd,3,16.0513,,,29.30,1.49,
29.8065,cmd,4,32.1794,,,29.30,1.49,
29.8070,state,3,16.0073,1.959,-0.0147,,,37.0
29.8072,state,4,32.2234,-0.839,-0.0879,,,36.0
29.8164,cmd,3,16.0513,,,29.30,1.49,
29.8164,cmd,4,32.1794,,,29.30,1.49,
29.8170,state,3,16.0073,-0.839,-0.0440,,,37.0
29.8171,state,4,32.2234,-0.839,-0.0879,,,36.0
29.8264,cmd,3,16.0513,,,29.30,1.49,
29.8264,cmd,4,32.1794,,,29.30,1.49,
29.8270,state,3,16.0073,-0.280,-0.0147,,,37.0
29.8271,state,4,32.2234,2.518,-0.0879,,,36.0
29.8365,cmd,3,16.0513,,,29.30,1.49,
29.8365,cmd,4,32.1794,,,29.30,1.49,
29.8369,state,3,16.0073,1.399,0.0147,,,37.0
29.8372,state,4,32.2454,0.839,-0.0879,,,36.0
29.8464,cmd,3,16.0513,,,29.30,1.49,
29.8464,cmd,4,32.1794,,,29.30,1.49,
29.8470,state,3,16.0073,-1.399,0.0440,,,37.0
29.8471,state,4,32.2454,5.317,-0.0879,,,36.0
29.8564,cmd,3,16.0513,,,29.30,1.49,
29.8564,cmd,4,32.1794,,,29.30,1.49,
29.8570,state,3,16.0073,-2.518,-0.0147,,,37.0
29.8571,state,4,32.2234,-0.839,-0.1465,,,36.0
29.8664,cmd,3,16.0513,,,29.30,1.49,
29.8665,cmd,4,32.1794,,,29.30,1.49,
29.8671,state,3,16.0073,-2.518,-0.0147,,,37.0
29.8671,state,4,32.2234,1.399,-0.1465,,,36.0
29.8764,cmd,3,16.0513,,,29.30,1.49,
29.8764,cmd,4,32.1794,,,29.30,1.49,
29.8770,state,3,16.0073,-8.115,-0.0440,,,37.0
29.8771,state,4,32.2234,4.757,-0.0879,,,36.0
29.8864,cmd,3,16.0513,,,29.30,1.49,
29.8864,cmd,4,32.1794,,,29.30,1.49,
29.8871,state,3,16.0073,-3.078,-0.0440,,,37.0
29.8872,state,4,32.2234,1.959,-0.1465,,,36.0
29.8964,cmd,3,16.0513,,,29.30,1.49,
29.8964,cmd,4,32.1794,,,29.30,1.49,
29.8970,state,3,16.0073,-8.675,0.0147,,,37.0
29.8971,state,4,32.2234,-1.959,-0.1465,,,36.0
29.9064,cmd,3,16.0513,,,29.30,1.49,
29.9064,cmd,4,32.1794,,,29.30,1.49,
29.9070,state,3,16.0073,2.518,-0.0147,,,37.0
29.9071,state,4,32.2234,-1.959,-0.0879,,,36.0
29.9164,cmd,3,16.0513,,,29.30,1.49,
29.9165,cmd,4,32.1794,,,29.30,1.49,
29.9170,state,3,16.0073,-5.317,-0.0440,,,37.0
29.9172,state,4,32.2234,-4.757,-0.0879,,,36.0
29.9265,cmd,3,16.0513,,,29.30,1.49,
29.9265,cmd,4,32.1794,,,29.30,1.49,
29.9271,state,3,16.0073,-0.280,-0.0440,,,37.0
29.9271,state,4,32.2234,-0.280,-0.0879,,,36.0
29.9364,cmd,3,16.0513,,,29.30,1.49,
29.9364,cmd,4,32.1794,,,29.30,1.49,
29.9370,state,3,16.0073,-3.638,-0.0147,,,37.0
29.9371,state,4,32.2234,1.959,-0.0879,,,36.0
29.9464,cmd,3,16.0513,,,29.30,1.49,
29.9464,cmd,4,32.1794,,,29.30,1.49,
29.9469,state,3,16.0073,-0.280,-0.0147,,,37.0
29.9472,state,4,32.2234,-0.839,-0.0879,,,36.0
29.9565,cmd,3,16.0513,,,29.30,1.49,
29.9565,cmd,4,32.1794,,,29.30,1.49,
29.9571,state,3,16.0073,-2.518,-0.0733,,,37.0
29.9572,state,4,32.2234,-4.197,-0.0879,,,36.0
29.9665,cmd,3,16.0513,,,29.30,1.49,
29.9665,cmd,4,32.1794,,,29.30,1.49,
29.9670,state,3,16.0073,5.876,-0.0440,,,37.0
29.9671,state,4,32.2454,3.638,-0.0879,,,36.0
29.9764,cmd,3,16.0513,,,29.30,1.49,
29.9764,cmd,4,32.1794,,,29.30,1.49,
29.9770,state,3,16.0073,-4.757,-0.0147,,,37.0
29.9771,state,4,32.2234,-1.959,-0.1465,,,36.0
29.9865,cmd,3,16.0513,,,29.30,1.49,
29.9865,cmd,4,32.1794,,,29.30,1.49,
29.9871,state,3,16.0073,4.197,-0.0147,,,37.0
29.9872,state,4,32.2234,1.399,-0.0879,,,36.0
29.9964,cmd,3,16.0513,,,29.30,1.49,
29.9964,cmd,4,32.1794,,,29.30,1.49,
29.9970,state,3,16.0073,-4.757,-0.0147,,,37.0
29.9971,state,4,32.2234,3.078,-0.0879,,,36.0
30.0064,cmd,3,16.0513,,,29.30,1.49,
30.0064,cmd,4,32.1794,,,29.30,1.49,
30.0070,state,3,16.0073,0.839,-0.0147,,,37.0
30.0071,state,4,32.2234,1.959,-0.0879,,,36.0
30.0164,cmd,3,16.0513,,,29.30,1.49,
30.0164,cmd,4,32.1794,,,29.30,1.49,
30.0170,state,3,16.0073,4.197,-0.0440,,,37.0
30.0171,state,4,32.2234,1.959,-0.0879,,,36.0
30.0264,cmd,3,16.0513,,,29.30,1.49,
30.0265,cmd,4,32.1794,,,29.30,1.49,
30.0270,state,3,16.0073,7.555,-0.0147,,,37.0
30.0271,state,4,32.2234,-1.399,-0.0879,,,36.0
30.0364,cmd,3,16.0513,,,29.30,1.49,
30.0364,cmd,4,32.1794,,,29.30,1.49,
30.0370,state,3,16.0073,-0.839,-0.0147,,,37.0
30.0371,state,4,32.2234,3.078,-0.0879,,,36.0
30.0465,cmd,3,16.0513,,,29.30,1.49,
30.0465,cmd,4,32.1794,,,29.30,1.49,
30.0471,state,3,16.0073,5.876,-0.0440,,,37.0
30.0472,state,4,32.2234,-0.280,-0.0293,,,36.0
30.0564,cmd,3,16.0513,,,29.30,1.49,
30.0565,cmd,4,32.1794,,,29.30,1.49,
30.0569,state,3,16.0073,1.959,-0.0147,,,37.0
30.0572,state,4,32.2234,-1.959,-0.0879,,,36.0
30.0665,cmd,3,16.0513,,,29.30,1.49,
30.0665,cmd,4,32.1794,,,29.30,1.49,
30.0670,state,3,16.0073,9.234,-0.0440,,,37.0
30.0672,state,4,32.2234,-0.280,-0.0879,,,36.0
30.0765,cmd,3,16.0513,,,29.30,1.49,
30.0765,cmd,4,32.1794,,,29.30,1.49,
30.0770,state,3,16.0073,-5.317,-0.0147,,,37.0
30.0771,state,4,32.2234,-1.399,-0.0879,,,36.0
30.0865,cmd,3,16.0513,,,29.30,1.49,
30.0865,cmd,4,32.1794,,,29.30,1.49,
30.0871,state,3,16.0073,1.399,-0.0147,,,37.0
30.0872,state,4,32.2234,-4.757,-0.0293,,,36.0
30.0965,cmd,3,16.0513,,,29.30,1.49,
30.0965,cmd,4,32.1794,,,29.30,1.49,
30.0970,state,3,16.0073,5.876,0.0147,,,37.0
30.0971,state,4,32.2234,-3.078,-0.0879,,,36.0
30.1064,cmd,3,16.0513,,,29.30,1.49,
30.1065,cmd,4,32.1794,,,29.30,1.49,
30.1070,state,3,16.0073,-8.115,0.0147,,,37.0
30.1071,state,4,32.2234,0.280,-0.0879,,,36.0
30.1165,cmd,3,16.0513,,,29.30,1.49,
30.1165,cmd,4,32.1794,,,29.30,1.49,
30.1171,state,3,16.0073,-4.197,0.0147,,,37.0
30.1172,state,4,32.2234,-1.399,-0.0879,,,36.0
30.1264,cmd,3,16.0513,,,29.30,1.49,
30.1265,cmd,4,32.1794,,,29.30,1.49,
30.1271,state,3,16.0073,5.876,-0.0147,,,37.0
30.1272,state,4,32.2234,-1.399,-0.0879,,,36.0
30.1365,cmd,3,16.0513,,,29.30,1.49,
30.1365,cmd,4,32.1794,,,29.30,1.49,
30.1371,state,3,16.0073,0.280,-0.0733,,,37.0
30.1372,state,4,32.2234,0.839,-0.0879,,,36.0
30.1464,cmd,3,16.0513,,,29.30,1.49,
30.1465,cmd,4,32.1794,,,29.30,1.49,
30.1470,state,3,16.0073,-0.839,0.0147,,,37.0
30.1471,state,4,32.2234,3.078,-0.0879,,,36.0
30.1565,cmd,3,16.0513,,,29.30,1.49,
30.1565,cmd,4,32.1794,,,29.30,1.49,
30.1571,state,3,16.0073,4.757,-0.0147,,,37.0
30.1572,state,4,32.2234,-1.399,-0.0879,,,36.0
30.1665,cmd,3,16.0513,,,29.30,1.49,
30.1665,cmd,4,32.1794,,,29.30,1.49,
30.1671,state,3,16.0073,-5.876,-0.0147,,,37.0
30.1672,state,4,32.2234,-4.757,-0.0879,,,36.0
30.1765,cmd,3,16.0513,,,29.30,1.49,
30.1765,cmd,4,32.1794,,,29.30,1.49,
30.1770,state,3,16.0073,-0.280,-0.0147,,,37.0
30.1772,state,4,32.2234,-0.839,-0.0879,,,36.0
30.1865,cmd,3,16.0513,,,29.30,1.49,
30.1865,cmd,4,32.1794,,,29.30,1.49,
30.1871,state,3,16.0073,4.757,0.0147,,,37.0
30.1871,state,4,32.2234,-1.959,-0.0879,,,36.0
30.1965,cmd,3,16.0513,,,29.30,1.49,
30.1965,cmd,4,32.1794,,,29.30,1.49,
30.1970,state,3,16.0073,-0.839,-0.0147,,,37.0
30.1972,state,4,32.2234,0.839,-0.0879,,,36.0
30.2064,cmd,3,16.0513,,,29.30,1.49,
30.2064,cmd,4,32.1794,,,29.30,1.49,
30.2070,state,3,16.0073,8.115,-0.0147,,,37.0
30.2071,state,4,32.2234,2.518,-0.1465,,,36.0
30.2165,cmd,3,16.0513,,,29.30,1.49,
30.2165,cmd,4,32.1794,,,29.30,1.49,
30.2171,state,3,16.0073,3.078,-0.0147,,,37.0
30.2172,state,4,32.2234,1.399,-0.0293,,,36.0
30.2265,cmd,3,16.0513,,,29.30,1.49,
30.2265,cmd,4,32.1794,,,29.30,1.49,
30.2270,state,3,16.0073,-2.518,0.0147,,,37.0
30.2272,state,4,32.2234,0.280,-0.0879,,,36.0
30.2365,cmd,3,16.0513,,,29.30,1.49,
30.2365,cmd,4,32.1794,,,29.30,1.49,
30.2370,state,3,16.0073,3.638,-0.0440,,,37.0
30.2372,state,4,32.2234,0.280,-0.1465,,,36.0
30.2464,cmd,3,16.0513,,,29.30,1.49,
30.2464,cmd,4,32.1794,,,29.30,1.49,
30.2470,state,3,16.0073,4.757,0.0147,,,37.0
30.2471,state,4,32.2234,-1.959,-0.0879,,,36.0
30.2565,cmd,3,16.0513,,,29.30,1.49,
30.2565,cmd,4,32.1794,,,29.30,1.49,
30.2570,state,3,16.0073,-4.197,-0.0147,,,37.0
30.2572,state,4,32.2234,5.317,-0.0879,,,36.0
30.2665,cmd,3,16.0513,,,29.30,1.49,
30.2665,cmd,4,32.1794,,,29.30,1.49,
30.2670,state,3,16.0073,7.555,0.0147,,,37.0
30.2672,state,4,32.2234,-0.280,-0.0879,,,36.0
30.2765,cmd,3,16.0513,,,29.30,1.49,
30.2765,cmd,4,32.1794,,,29.30,1.49,
30.2770,state,3,15.9854,-13.152,0.0147,,,37.0
30.2772,state,4,32.2234,-6.436,-0.0879,,,36.0
30.2865,cmd,3,16.0513,,,29.30,1.49,
30.2865,cmd,4,32.1794,,,29.30,1.49,
30.2869,state,3,16.0073,-5.317,0.0147,,,37.0
30.2872,state,4,32.2234,-1.959,-0.0879,,,36.0
30.2965,cmd,3,16.0513,,,29.30,1.49,
30.2965,cmd,4,32.1794,,,29.30,1.49,
30.2969,state,3,16.0073,-1.399,-0.0440,,,37.0
30.2972,state,4,32.2234,-1.959,-0.0879,,,36.0
30.3065,cmd,3,16.0513,,,29.30,1.49,
30.3065,cmd,4,32.1794,,,29.30,1.49,
30.3070,state,3,16.0073,1.959,-0.0147,,,37.0
30.3072,state,4,32.2234,0.839,-0.0879,,,36.0
30.3165,cmd,3,16.0513,,,29.30,1.49,
30.3165,cmd,4,32.1794,,,29.30,1.49,
30.3171,state,3,16.0073,-4.757,0.0147,,,37.0
30.3172,state,4,32.2234,-0.839,-0.0879,,,36.0
30.3265,cmd,3,16.0513,,,29.30,1.49,
30.3265,cmd,4,32.1794,,,29.30,1.49,
30.3269,state,3,16.0073,-1.399,-0.0147,,,37.0
30.3272,state,4,32.2234,0.839,-0.0879,,,36.0
30.3365,cmd,3,16.0513,,,29.30,1.49,
30.3365,cmd,4,32.1794,,,29.30,1.49,
30.3371,state,3,15.9854,-10.354,-0.0440,,,37.0
30.3372,state,4,32.2234,3.078,-0.0879,,,36.0
30.3465,cmd,3,16.0513,,,29.30,1.49,
30.3465,cmd,4,32.1794,,,29.30,1.49,
30.3469,state,3,16.0073,1.959,-0.0147,,,37.0
30.3472,state,4,32.2454,-1.399,-0.0879,,,36.0
30.3565,cmd,3,16.0513,,,29.30,1.49,
30.3565,cmd,4,32.1794,,,29.30,1.49,
30.3571,state,3,16.0073,1.959,-0.0147,,,37.0
30.3571,state,4,32.2234,-3.078,-0.0879,,,36.0
30.3665,cmd,3,16.0513,,,29.30,1.49,
30.3665,cmd,4,32.1794,,,29.30,1.49,
30.3671,state,3,16.0073,1.959,-0.0147,,,37.0
30.3671,state,4,32.2234,-1.399,-0.1465,,,36.0
30.3766,cmd,3,16.0513,,,29.30,1.49,
30.3766,cmd,4,32.1794,,,29.30,1.49,
30.3772,state,3,16.0073,1.959,-0.0147,,,37.0
30.3773,state,4,32.2234,0.280,-0.0879,,,36.0
30.3865,cmd,3,16.0513,,,29.30,1.49,
30.3865,cmd,4,32.1794,,,29.30,1.49,
30.3871,state,3,16.0073,3.078,-0.0147,,,37.0
30.3872,state,4,32.2234,-6.436,-0.0879,,,36.0
30.3965,cmd,3,16.0513,,,29.30,1.49,
30.3965,cmd,4,32.1794,,,29.30,1.49,
30.3971,state,3,16.0073,8.675,-0.0440,,,37.0
30.3972,state,4,32.2234,1.399,-0.0293,,,36.0
30.4065,cmd,3,16.0513,,,29.30,1.49,
30.4065,cmd,4,32.1794,,,29.30,1.49,
30.4071,state,3,16.0073,1.959,-0.0147,,,37.0
30.4072,state,4,32.2234,2.518,-0.0879,,,36.0
30.4165,cmd,3,16.0513,,,29.30,1.49,
30.4165,cmd,4,32.1794,,,29.30,1.49,
30.4171,state,3,16.0073,-7.555,0.0147,,,37.0
30.4172,state,4,32.2234,1.399,-0.0879,,,36.0
30.4265,cmd,3,16.0513,,,29.30,1.49,
30.4265,cmd,4,32.1794,,,29.30,1.49,
30.4271,state,3,16.0073,-0.839,0.0147,,,37.0
30.4272,state,4,32.2234,2.518,-0.0879,,,36.0
30.4366,cmd,3,16.0513,,,29.30,1.49,
30.4366,cmd,4,32.1794,,,29.30,1.49,
30.4372,state,3,16.0073,-1.959,-0.0147,,,37.0
30.4373,state,4,32.2234,-0.839,-0.0879,,,36.0
30.4465,cmd,3,16.0513,,,29.30,1.49,
30.4466,cmd,4,32.1794,,,29.30,1.49,
30.4471,state,3,16.0073,-3.638,-0.0147,,,37.0
30.4472,state,4,32.2234,1.399,-0.0879,,,36.0
30.4565,cmd,3,16.0513,,,29.30,1.49,
30.4565,cmd,4,32.1794,,,29.30,1.49,
30.4569,state,3,16.0073,-6.436,-0.0147,,,37.0
30.4572,state,4,32.2234,1.399,-0.1465,,,36.0
30.4666,cmd,3,16.0513,,,29.30,1.49,
30.4666,cmd,4,32.1794,,,29.30,1.49,
30.4672,state,3,16.0073,1.399,-0.0440,,,37.0
30.4673,state,4,32.2234,1.399,-0.0879,,,36.0
30.4765,cmd,3,16.0513,,,29.30,1.49,
30.4765,cmd,4,32.1794,,,29.30,1.49,
30.4772,state,3,16.0073,-0.280,-0.0733,,,37.0
30.4772,state,4,32.2234,1.959,-0.0879,,,36.0
30.4865,cmd,3,16.0513,,,29.30,1.49,
30.4865,cmd,4,32.1794,,,29.30,1.49,
30.4870,state,3,16.0073,-0.839,0.0147,,,37.0
30.4872,state,4,32.2234,-0.280,-0.1465,,,36.0
30.4965,cmd,3,16.0513,,,29.30,1.49,
30.4965,cmd,4,32.1794,,,29.30,1.49,
30.4971,state,3,16.0073,0.280,-0.0147,,,37.0
30.4972,state,4,32.2234,-1.399,-0.0879,,,36.0
30.5065,cmd,3,16.0513,,,29.30,1.49,
30.5065,cmd,4,32.1794,,,29.30,1.49,
30.5071,state,3,16.0073,-0.839,-0.0733,,,37.0
30.5072,state,4,32.2234,0.839,-0.0879,,,36.0
30.5165,cmd,3,16.0513,,,29.30,1.49,
30.5165,cmd,4,32.1794,,,29.30,1.49,
30.5171,state,3,16.0073,2.518,0.0147,,,37.0
30.5172,state,4,32.2234,-0.839,-0.0879,,,36.0
30.5266,cmd,3,16.0513,,,29.30,1.49,
30.5266,cmd,4,32.1794,,,29.30,1.49,
30.5272,state,3,16.0073,8.675,0.0440,,,37.0
30.5273,state,4,32.2234,1.399,-0.0879,,,36.0
30.5365,cmd,3,16.0513,,,29.30,1.49,
30.5365,cmd,4,32.1794,,,29.30,1.49,
30.5371,state,3,16.0073,5.876,0.0147,,,37.0
30.5372,state,4,32.2234,-6.436,-0.0879,,,36.0
30.5465,cmd,3,16.0513,,,29.30,1.49,
30.5466,cmd,4,32.1794,,,29.30,1.49,
30.5471,state,3,16.0073,-6.996,0.0147,,,37.0
30.5472,state,4,32.2234,-4.757,-0.0879,,,36.0
30.5566,cmd,3,16.0513,,,29.30,1.49,
30.5566,cmd,4,32.1794,,,29.30,1.49,
30.5571,state,3,16.0073,1.959,0.0147,,,37.0
30.5572,state,4,32.2234,-5.317,-0.0879,,,36.0
30.5665,cmd,3,16.0513,,,29.30,1.49,
30.5665,cmd,4,32.1794,,,29.30,1.49,
30.5672,state,3,16.0073,4.197,-0.0147,,,37.0
30.5672,state,4,32.2234,-5.317,-0.0879,,,36.0
30.5765,cmd,3,16.0513,,,29.30,1.49,
30.5765,cmd,4,32.1794,,,29.30,1.49,
30.5771,state,3,16.0073,2.518,-0.0147,,,37.0
30.5772,state,4,32.2234,-1.399,-0.0879,,,36.0
30.5866,cmd,3,16.0513,,,29.30,1.49,
30.5866,cmd,4,32.1794,,,29.30,1.49,
30.5872,state,3,16.0073,-1.959,-0.0440,,,37.0
30.5873,state,4,32.2234,2.518,-0.1465,,,36.0
30.5966,cmd,3,16.0513,,,29.30,1.49,
30.5966,cmd,4,32.1794,,,29.30,1.49,
30.5972,state,3,16.0073,-1.959,-0.0147,,,37.0
30.5973,state,4,32.2234,0.280,-0.0879,,,36.0
30.6066,cmd,3,16.0513,,,29.30,1.49,
30.6066,cmd,4,32.1794,,,29.30,1.49,
30.6072,state,3,16.0073,-8.675,-0.0440,,,37.0
30.6073,state,4,32.2234,-1.959,-0.0879,,,36.0
30.6166,cmd,3,16.0513,,,29.30,1.49,
30.6166,cmd,4,32.1794,,,29.30,1.49,
30.6172,state,3,16.0073,-3.078,-0.0733,,,37.0
30.6173,state,4,32.2234,-0.839,-0.0879,,,36.0
30.6265,cmd,3,16.0513,,,29.30,1.49,
30.6265,cmd,4,32.1794,,,29.30,1.49,
30.6271,state,3,16.0073,3.638,-0.0147,,,37.0
30.6272,state,4,32.2234,0.839,-0.0879,,,36.0
30.6365,cmd,3,16.0513,,,29.30,1.49,
30.6366,cmd,4,32.1794,,,29.30,1.49,
30.6370,state,3,16.0073,-1.399,-0.0733,,,37.0
30.6372,state,4,32.2234,2.518,-0.1465,,,36.0
30.6465,cmd,3,16.0513,,,29.30,1.49,
30.6466,cmd,4,32.1794,,,29.30,1.49,
30.6471,state,3,16.0073,1.959,-0.0147,,,37.0
30.6472,state,4,32.2234,1.399,-0.0879,,,36.0
30.6565,cmd,3,16.0513,,,29.30,1.49,
30.6565,cmd,4,32.1794,,,29.30,1.49,
30.6571,state,3,16.0073,0.839,-0.0440,,,37.0
30.6572,state,4,32.2454,6.436,-0.0879,,,36.0
30.6666,cmd,3,16.0513,,,29.30,1.49,
30.6666,cmd,4,32.1794,,,29.30,1.49,
30.6672,state,3,16.0073,-5.317,-0.0147,,,37.0
30.6673,state,4,32.2234,1.959,-0.0879,,,36.0
30.6766,cmd,3,16.0513,,,29.30,1.49,
30.6766,cmd,4,32.1794,,,29.30,1.49,
30.6772,state,3,16.0073,-0.839,-0.0733,,,37.0
30.6773,state,4,32.2234,0.839,-0.0879,,,36.0
30.6865,cmd,3,16.0513,,,29.30,1.49,
30.6865,cmd,4,32.1794,,,29.30,1.49,
30.6872,state,3,16.0073,-4.757,-0.0440,,,37.0
30.6872,state,4,32.2234,-0.839,-0.0879,,,36.0
30.6965,cmd,3,16.0513,,,29.30,1.49,
30.6965,cmd,4,32.1794,,,29.30,1.49,
30.6971,state,3,16.0073,-0.280,-0.0440,,,37.0
30.6972,state,4,32.2234,1.399,-0.0879,,,36.0
30.7066,cmd,3,16.0513,,,29.30,1.49,
30.7066,cmd,4,32.1794,,,29.30,1.49,
30.7072,state,3,16.0073,9.234,-0.0147,,,37.0
30.7073,state,4,32.2234,-1.959,-0.0879,,,36.0
30.7166,cmd,3,16.0513,,,29.30,1.49,
30.7166,cmd,4,32.1794,,,29.30,1.49,
30.7170,state,3,16.0073,-2.518,0.0147,,,37.0
30.7175,state,4,32.2234,-0.839,-0.0879,,,36.0
30.7265,cmd,3,16.0513,,,29.30,1.49,
30.7265,cmd,4,32.1794,,,29.30,1.49,
30.7271,state,3,16.0073,-3.638,-0.0147,,,37.0
30.7272,state,4,32.2234,1.959,-0.0879,,,36.0
30.7366,cmd,3,16.0513,,,29.30,1.49,
30.7366,cmd,4,32.1794,,,29.30,1.49,
30.7372,state,3,16.0073,1.959,-0.0147,,,37.0
30.7372,state,4,32.2234,-3.078,-0.0879,,,36.0
30.7465,cmd,3,16.0513,,,29.30,1.49,
30.7465,cmd,4,32.1794,,,29.30,1.49,
30.7471,state,3,16.0073,-4.757,-0.0440,,,37.0
30.7472,state,4,32.2234,-5.317,-0.0879,,,36.0
30.7566,cmd,3,16.0513,,,29.30,1.49,
30.7566,cmd,4,32.1794,,,29.30,1.49,
30.7572,state,3,16.0073,0.280,-0.0440,,,37.0
30.7573,state,4,32.2234,-1.959,-0.0879,,,36.0
30.7667,cmd,3,16.0513,,,29.30,1.49,
30.7667,cmd,4,32.1794,,,29.30,1.49,
30.7673,state,3,16.0073,8.115,-0.0440,,,37.0
30.7674,state,4,32.2234,1.959,-0.0879,,,36.0
30.7766,cmd,3,16.0513,,,29.30,1.49,
30.7766,cmd,4,32.1794,,,29.30,1.49,
30.7771,state,3,16.0073,7.555,-0.0147,,,37.0
30.7772,state,4,32.2234,-5.317,-0.0879,,,36.0
30.7866,cmd,3,16.0513,,,29.30,1.49,
30.7866,cmd,4,32.1794,,,29.30,1.49,
30.7871,state,3,16.0073,2.518,-0.0440,,,37.0
30.7872,state,4,32.2234,1.959,-0.0879,,,36.0
30.7966,cmd,3,16.0513,,,29.30,1.49,
30.7967,cmd,4,32.1794,,,29.30,1.49,
30.7973,state,3,16.0073,1.399,0.0147,,,37.0
30.7973,state,4,32.2234,-1.399,-0.0879,,,36.0
30.8066,cmd,3,16.0513,,,29.30,1.49,
30.8066,cmd,4,32.1794,,,29.30,1.49,
30.8072,state,3,16.0073,0.280,-0.0147,,,37.0
30.8073,state,4,32.2454,-1.399,-0.0879,,,36.0
30.8166,cmd,3,16.0513,,,29.30,1.49,
30.8166,cmd,4,32.1794,,,29.30,1.49,
30.8172,state,3,16.0073,0.839,-0.0147,,,37.0
30.8173,state,4,32.2234,-2.518,-0.0879,,,36.0
30.8266,cmd,3,16.0513,,,29.30,1.49,
30.8266,cmd,4,32.1794,,,29.30,1.49,
30.8272,state,3,16.0073,-1.959,0.0440,,,37.0
30.8273,state,4,32.2454,3.638,-0.0879,,,36.0
30.8366,cmd,3,16.0513,,,29.30,1.49,
30.8366,cmd,4,32.1794,,,29.30,1.49,
30.8372,state,3,16.0073,0.280,-0.0147,,,37.0
30.8373,state,4,32.2234,-0.839,-0.0879,,,36.0
30.8466,cmd,3,16.0513,,,29.30,1.49,
30.8466,cmd,4,32.1794,,,29.30,1.49,
30.8472,state,3,16.0073,3.078,-0.0147,,,37.0
30.8473,state,4,32.2234,-0.839,-0.1465,,,36.0
30.8567,cmd,3,16.0513,,,29.30,1.49,
30.8567,cmd,4,32.1794,,,29.30,1.49,
30.8572,state,3,16.0073,0.280,-0.0147,,,37.0
30.8574,state,4,32.2234,-3.638,-0.0879,,,36.0
30.8665,cmd,3,16.0513,,,29.30,1.49,
30.8665,cmd,4,32.1794,,,29.30,1.49,
30.8671,state,3,16.0073,-3.638,-0.0440,,,37.0
30.8672,state,4,32.2234,-2.518,-0.0879,,,36.0
30.8766,cmd,3,16.0513,,,29.30,1.49,
30.8767,cmd,4,32.1794,,,29.30,1.49,
30.8773,state,3,16.0073,4.197,-0.0147,,,37.0
30.8774,state,4,32.2234,-5.317,-0.0879,,,36.0
30.8866,cmd,3,16.0513,,,29.30,1.49,
30.8867,cmd,4,32.1794,,,29.30,1.49,
30.8873,state,3,16.0073,-4.197,-0.0147,,,37.0
30.8874,state,4,32.2234,2.518,-0.1465,,,36.0
30.8966,cmd,3,16.0513,,,29.30,1.49,
30.8966,cmd,4,32.1794,,,29.30,1.49,
30.8972,state,3,16.0073,1.959,0.0147,,,37.0
30.8973,state,4,32.2234,1.959,-0.0879,,,36.0
30.9066,cmd,3,16.0513,,,29.30,1.49,
30.9066,cmd,4,32.1794,,,29.30,1.49,
30.9072,state,3,16.0073,-8.675,-0.0147,,,37.0
30.9073,state,4,32.2234,-3.638,-0.0879,,,36.0
30.9166,cmd,3,16.0513,,,29.30,1.49,
30.9167,cmd,4,32.1794,,,29.30,1.49,
30.9172,state,3,16.0073,-1.959,-0.0440,,,37.0
30.9174,state,4,32.2234,-1.399,-0.0879,,,36.0
30.9266,cmd,3,16.0513,,,29.30,1.49,
30.9266,cmd,4,32.1794,,,29.30,1.49,
30.9272,state,3,16.0073,4.197,-0.0440,,,37.0
30.9273,state,4,32.2234,-4.757,-0.0879,,,36.0
30.9366,cmd,3,16.0513,,,29.30,1.49,
30.9366,cmd,4,32.1794,,,29.30,1.49,
30.9372,state,3,16.0073,-4.197,-0.0440,,,37.0
30.9373,state,4,32.2234,1.959,-0.0293,,,36.0
30.9466,cmd,3,16.0513,,,29.30,1.49,
30.9466,cmd,4,32.1794,,,29.30,1.49,
30.9472,state,3,16.0073,-2.518,0.0147,,,37.0
30.9473,state,4,32.2234,3.078,-0.0879,,,36.0
30.9566,cmd,3,16.0513,,,29.30,1.49,
30.9566,cmd,4,32.1794,,,29.30,1.49,
30.9572,state,3,16.0073,0.839,0.0147,,,37.0
30.9573,state,4,32.2454,3.638,-0.1465,,,36.0
30.9666,cmd,3,16.0513,,,29.30,1.49,
30.9666,cmd,4,32.1794,,,29.30,1.49,
30.9672,state,3,16.0073,5.317,-0.0440,,,37.0
30.9673,state,4,32.2234,-3.638,-0.0879,,,36.0
30.9766,cmd,3,16.0513,,,29.30,1.49,
30.9767,cmd,4,32.1794,,,29.30,1.49,
30.9772,state,3,16.0073,-4.757,-0.0147,,,37.0
30.9774,state,4,32.2234,-1.399,-0.0879,,,36.0
30.9866,cmd,3,16.0513,,,29.30,1.49,
30.9866,cmd,4,32.1794,,,29.30,1.49,
30.9872,state,3,16.0073,-1.959,0.0440,,,37.0
30.9873,state,4,32.2234,1.399,-0.0879,,,36.0
30.9966,cmd,3,16.0513,,,29.30,1.49,
30.9966,cmd,4,32.1794,,,29.30,1.49,
30.9972,state,3,16.0073,0.839,-0.0733,,,37.0
30.9973,state,4,32.2234,-3.638,-0.0879,,,36.0
31.0066,cmd,3,16.0513,,,29.30,1.49,
31.0066,cmd,4,32.1794,,,29.30,1.49,
31.0072,state,3,16.0073,-7.555,-0.0440,,,37.0
31.0073,state,4,32.2234,0.839,-0.0879,,,36.0
31.0166,cmd,3,16.0513,,,29.30,1.49,
31.0166,cmd,4,32.1794,,,29.30,1.49,
31.0172,state,3,16.0073,2.518,-0.0440,,,37.0
31.0173,state,4,32.2454,3.078,-0.0879,,,36.0
31.0266,cmd,3,16.0513,,,29.30,1.49,
31.0266,cmd,4,32.1794,,,29.30,1.49,
31.0272,state,3,16.0073,0.280,-0.0147,,,37.0
31.0273,state,4,32.2454,4.757,-0.0879,,,36.0
31.0366,cmd,3,16.0513,,,29.30,1.49,
31.0367,cmd,4,32.1794,,,29.30,1.49,
31.0373,state,3,16.0073,0.280,-0.0147,,,37.0
31.0374,state,4,32.2234,1.959,-0.0879,,,36.0
31.0466,cmd,3,16.0513,,,29.30,1.49,
31.0466,cmd,4,32.1794,,,29.30,1.49,
31.0472,state,3,16.0073,-9.794,-0.0147,,,37.0
31.0473,state,4,32.2234,0.280,-0.0879,,,36.0
31.0566,cmd,3,16.0513,,,29.30,1.49,
31.0566,cmd,4,32.1794,,,29.30,1.49,
31.0572,state,3,16.0073,-0.280,-0.0147,,,37.0
31.0573,state,4,32.2234,-0.280,-0.0879,,,36.0
31.0667,cmd,3,16.0513,,,29.30,1.49,
31.0668,cmd,4,32.1794,,,29.30,1.49,
31.0672,state,3,16.0073,-0.280,-0.0147,,,37.0
31.0674,state,4,32.2234,3.638,-0.0879,,,36.0
31.0766,cmd,3,16.0513,,,29.30,1.49,
31.0767,cmd,4,32.1794,,,29.30,1.49,
31.0773,state,3,16.0073,3.638,-0.0147,,,37.0
31.0774,state,4,32.2234,-1.399,-0.0879,,,36.0
31.0866,cmd,3,16.0513,,,29.30,1.49,
31.0866,cmd,4,32.1794,,,29.30,1.49,
31.0873,state,3,16.0073,-3.078,0.0147,,,37.0
31.0874,state,4,32.2234,-1.959,-0.0879,,,36.0
31.0967,cmd,3,16.0513,,,29.30,1.49,
31.0967,cmd,4,32.1794,,,29.30,1.49,
31.0973,state,3,16.0073,2.518,0.0147,,,37.0
31.0974,state,4,32.2234,1.959,-0.0879,,,36.0
31.1066,cmd,3,16.0513,,,29.30,1.49,
31.1066,cmd,4,32.1794,,,29.30,1.49,
31.1073,state,3,16.0073,1.959,-0.0147,,,37.0
31.1074,state,4,32.2234,-2.518,-0.0879,,,36.0
31.1167,cmd,3,16.0513,,,29.30,1.49,
31.1167,cmd,4,32.1794,,,29.30,1.49,
31.1173,state,3,16.0073,3.638,-0.0440,,,37.0
31.1174,state,4,32.2234,-4.197,-0.0879,,,36.0
31.1267,cmd,3,16.0513,,,29.30,1.49,
31.1267,cmd,4,32.1794,,,29.30,1.49,
31.1273,state,3,16.0073,-5.876,-0.0147,,,37.0
31.1274,state,4,32.2234,-1.399,-0.0879,,,36.0
31.1366,cmd,3,16.0513,,,29.30,1.49,
31.1366,cmd,4,32.1794,,,29.30,1.49,
31.1373,state,3,16.0073,5.317,0.0147,,,37.0
31.1374,state,4,32.2234,-2.518,-0.0879,,,36.0
31.1466,cmd,3,16.0513,,,29.30,1.49,
31.1466,cmd,4,32.1794,,,29.30,1.49,
31.1472,state,3,16.0073,7.555,-0.0147,,,37.0
31.1473,state,4,32.2234,1.959,-0.0293,,,36.0
31.1567,cmd,3,16.0513,,,29.30,1.49,
31.1567,cmd,4,32.1794,,,29.30,1.49,
31.1573,state,3,16.0073,4.197,-0.0147,,,37.0
31.1574,state,4,32.2234,4.757,-0.0879,,,36.0
31.1666,cmd,3,16.0513,,,29.30,1.49,
31.1667,cmd,4,32.1794,,,29.30,1.49,
31.1673,state,3,16.0073,0.839,-0.0147,,,37.0
31.1673,state,4,32.2234,-0.280,-0.0879,,,36.0
31.1767,cmd,3,16.0513,,,29.30,1.49,
31.1768,cmd,4,32.1794,,,29.30,1.49,
31.1773,state,3,16.0073,-0.280,-0.0147,,,37.0
31.1774,state,4,32.2234,1.959,-0.1465,,,36.0
31.1867,cmd,3,16.0513,,,29.30,1.49,
31.1867,cmd,4,32.1794,,,29.30,1.49,
31.1873,state,3,16.0073,-1.959,-0.0440,,,37.0
31.1874,state,4,32.2234,-3.638,-0.1465,,,36.0
31.1966,cmd,3,16.0513,,,29.30,1.49,
31.1966,cmd,4,32.1794,,,29.30,1.49,
31.1973,state,3,16.0073,-2.518,-0.0440,,,37.0
31.1974,state,4,32.2234,-0.839,-0.0879,,,36.0
31.2066,cmd,3,16.0513,,,29.30,1.49,
31.2067,cmd,4,32.1794,,,29.30,1.49,
31.2073,state,3,16.0073,-1.399,-0.0147,,,37.0
31.2074,state,4,32.2234,-1.399,-0.1465,,,36.0
31.2166,cmd,3,16.0513,,,29.30,1.49,
31.2167,cmd,4,32.1794,,,29.30,1.49,
31.2173,state,3,16.0073,-2.518,-0.0147,,,37.0
31.2173,state,4,32.2234,1.399,-0.0293,,,36.0
31.2266,cmd,3,16.0513,,,29.30,1.49,
31.2267,cmd,4,32.1794,,,29.30,1.49,
31.2273,state,3,16.0073,-0.280,-0.0147,,,37.0
31.2274,state,4,32.2234,0.839,-0.0879,,,36.0
31.2367,cmd,3,16.0513,,,29.30,1.49,
31.2367,cmd,4,32.1794,,,29.30,1.49,
31.2373,state,3,16.0073,-3.638,-0.0147,,,37.0
31.2374,state,4,32.2234,-3.638,-0.1465,,,36.0
31.2467,cmd,3,16.0513,,,29.30,1.49,
31.2467,cmd,4,32.1794,,,29.30,1.49,
31.2473,state,3,16.0073,10.354,-0.0147,,,37.0
31.2473,state,4,32.2234,-2.518,-0.0879,,,36.0
31.2567,cmd,3,16.0513,,,29.30,1.49,
31.2567,cmd,4,32.1794,,,29.30,1.49,
31.2573,state,3,16.0073,0.280,-0.0147,,,37.0
31.2574,state,4,32.2234,3.078,-0.0879,,,36.0
31.2666,cmd,3,16.0513,,,29.30,1.49,
31.2667,cmd,4,32.1794,,,29.30,1.49,
31.2673,state,3,16.0073,1.959,-0.0147,,,37.0
31.2674,state,4,32.2234,0.839,-0.0879,,,36.0
31.2767,cmd,3,16.0513,,,29.30,1.49,
31.2767,cmd,4,32.1794,,,29.30,1.49,
31.2773,state,3,16.0073,-2.518,0.0147,,,37.0
31.2774,state,4,32.2234,0.839,-0.0879,,,36.0
31.2866,cmd,3,16.0513,,,29.30,1.49,
31.2866,cmd,4,32.1794,,,29.30,1.49,
31.2873,state,3,16.0073,-3.078,-0.0440,,,37.0
31.2874,state,4,32.2234,-1.959,-0.0879,,,36.0
31.2966,cmd,3,16.0513,,,29.30,1.49,
31.2967,cmd,4,32.1794,,,29.30,1.49,
31.2973,state,3,16.0073,-0.839,-0.0147,,,37.0
31.2974,state,4,32.2234,0.839,-0.0879,,,36.0
31.3067,cmd,3,16.0513,,,29.30,1.49,
31.3067,cmd,4,32.1794,,,29.30,1.49,
31.3073,state,3,16.0073,0.280,-0.0440,,,37.0
31.3074,state,4,32.2234,-0.280,-0.1465,,,36.0
31.3167,cmd,3,16.0513,,,29.30,1.49,
31.3167,cmd,4,32.1794,,,29.30,1.49,
31.3173,state,3,16.0073,1.959,0.0147,,,37.0
31.3174,state,4,32.2234,0.839,-0.1465,,,36.0
31.3266,cmd,3,16.0513,,,29.30,1.49,
31.3266,cmd,4,32.1794,,,29.30,1.49,
31.3273,state,3,16.0073,-3.638,-0.0147,,,37.0
31.3274,state,4,32.2234,0.839,-0.0879,,,36.0
31.3366,cmd,3,16.0513,,,29.30,1.49,
31.3366,cmd,4,32.1794,,,29.30,1.49,
31.3373,state,3,16.0073,-6.436,0.0147,,,37.0
31.3374,state,4,32.2234,-1.959,-0.0879,,,36.0
31.3467,cmd,3,16.0513,,,29.30,1.49,
31.3467,cmd,4,32.1794,,,29.30,1.49,
31.3473,state,3,15.9854,-4.197,-0.0147,,,37.0
31.3474,state,4,32.2234,-1.959,-0.0879,,,36.0
31.3566,cmd,3,16.0513,,,29.30,1.49,
31.3566,cmd,4,32.1794,,,29.30,1.49,
31.3573,state,3,16.0073,6.996,-0.0147,,,37.0
31.3574,state,4,32.2454,-0.839,-0.0879,,,36.0
31.3667,cmd,3,16.0513,,,29.30,1.49,
31.3668,cmd,4,32.1794,,,29.30,1.49,
31.3672,state,3,16.0073,-0.839,-0.0440,,,37.0
31.3675,state,4,32.2234,2.518,-0.0879,,,36.0
31.3767,cmd,3,16.0513,,,29.30,1.49,
31.3767,cmd,4,32.1794,,,29.30,1.49,
31.3773,state,3,16.0073,6.436,-0.0147,,,37.0
31.3774,state,4,32.2234,0.839,-0.0879,,,36.0
31.3866,cmd,3,16.0513,,,29.30,1.49,
31.3867,cmd,4,32.1794,,,29.30,1.49,
31.3873,state,3,16.0073,-1.959,0.0147,,,37.0
31.3874,state,4,32.2454,3.638,-0.0879,,,36.0
31.3967,cmd,3,16.0513,,,29.30,1.49,
31.3967,cmd,4,32.1794,,,29.30,1.49,
31.3973,state,3,16.0073,3.078,-0.0147,,,37.0
31.3974,state,4,32.2234,-4.197,-0.0879,,,36.0
31.4067,cmd,3,16.0513,,,29.30,1.49,
31.4067,cmd,4,32.1794,,,29.30,1.49,
31.4073,state,3,16.0073,-1.959,-0.0147,,,37.0
31.4074,state,4,32.2234,3.638,-0.0879,,,36.0
31.4167,cmd,3,16.0513,,,29.30,1.49,
31.4167,cmd,4,32.1794,,,29.30,1.49,
31.4172,state,3,16.0073,3.638,-0.0147,,,37.0
31.4178,state,4,32.2234,-2.518,-0.0879,,,36.0
31.4267,cmd,3,16.0513,,,29.30,1.49,
31.4267,cmd,4,32.1794,,,29.30,1.49,
31.4272,state,3,16.0073,-0.839,-0.0147,,,37.0
31.4276,state,4,32.2234,-1.399,-0.1465,,,36.0
31.4367,cmd,3,16.0513,,,29.30,1.49,
31.4368,cmd,4,32.1794,,,29.30,1.49,
31.4372,state,3,16.0073,1.959,0.0147,,,37.0
31.4378,state,4,32.2234,-0.839,-0.0293,,,36.0
31.4467,cmd,3,16.0513,,,29.30,1.49,
31.4467,cmd,4,32.1794,,,29.30,1.49,
31.4473,state,3,16.0073,-0.839,0.0147,,,37.0
31.4474,state,4,32.2234,1.399,-0.1465,,,36.0
31.4567,cmd,3,16.0513,,,29.30,1.49,
31.4567,cmd,4,32.1794,,,29.30,1.49,
31.4573,state,3,16.0073,-3.078,-0.0147,,,37.0
31.4574,state,4,32.2234,-0.839,-0.0879,,,36.0
31.4667,cmd,3,16.0513,,,29.30,1.49,
31.4668,cmd,4,32.1794,,,29.30,1.49,
31.4673,state,3,16.0073,1.399,-0.0440,,,37.0
31.4674,state,4,32.2234,-1.399,-0.0879,,,36.0
31.4767,cmd,3,16.0513,,,29.30,1.49,
31.4767,cmd,4,32.1794,,,29.30,1.49,
31.4772,state,3,16.0073,-2.518,-0.0440,,,37.0
31.4776,state,4,32.2234,3.078,-0.0879,,,36.0
31.4867,cmd,3,16.0513,,,29.30,1.49,
31.4867,cmd,4,32.1794,,,29.30,1.49,
31.4872,state,3,16.0073,-1.959,-0.0440,,,37.0
31.4876,state,4,32.2454,0.280,-0.0879,,,36.0
31.4967,cmd,3,16.0513,,,29.30,1.49,
31.4967,cmd,4,32.1794,,,29.30,1.49,
31.4973,state,3,16.0073,-1.959,-0.0147,,,37.0
31.4974,state,4,32.2234,0.839,-0.0879,,,36.0
31.5067,cmd,3,16.0513,,,29.30,1.49,
31.5068,cmd,4,32.1794,,,29.30,1.49,
31.5073,state,3,16.0073,5.317,-0.0440,,,37.0
31.5074,state,4,32.2234,2.518,-0.1465,,,36.0
31.5167,cmd,3,16.0513,,,29.30,1.49,
31.5168,cmd,4,32.1794,,,29.30,1.49,
31.5173,state,3,16.0073,1.959,0.0147,,,37.0
31.5174,state,4,32.2234,-0.839,-0.0879,,,36.0
31.5268,cmd,3,16.0513,,,29.30,1.49,
31.5268,cmd,4,32.1794,,,29.30,1.49,
31.5273,state,3,16.0073,-7.555,0.0147,,,37.0
31.5274,state,4,32.2234,3.078,-0.0879,,,36.0
31.5367,cmd,3,16.0513,,,29.30,1.49,
31.5368,cmd,4,32.1794,,,29.30,1.49,
31.5373,state,3,15.9854,0.839,-0.0440,,,37.0
31.5374,state,4,32.2234,-0.839,-0.0879,,,36.0
31.5468,cmd,3,16.0513,,,29.30,1.49,
31.5468,cmd,4,32.1794,,,29.30,1.49,
31.5473,state,3,16.0073,-1.959,-0.0733,,,37.0
31.5474,state,4,32.2234,0.839,-0.0879,,,36.0
31.5568,cmd,3,16.0513,,,29.30,1.49,
31.5568,cmd,4,32.1794,,,29.30,1.49,
31.5573,state,3,16.0073,1.959,-0.0440,,,37.0
31.5578,state,4,32.2234,0.280,-0.0879,,,36.0
31.5667,cmd,3,16.0513,,,29.30,1.49,
31.5668,cmd,4,32.1794,,,29.30,1.49,
31.5672,state,3,16.0073,4.197,-0.0147,,,37.0
31.5677,state,4,32.2234,4.757,-0.0879,,,36.0
31.5767,cmd,3,16.0513,,,29.30,1.49,
31.5768,cmd,4,32.1794,,,29.30,1.49,
31.5773,state,3,16.0073,-0.280,-0.0440,,,37.0
31.5774,state,4,32.2234,-0.839,-0.0879,,,36.0
31.5868,cmd,3,16.0513,,,29.30,1.49,
31.5868,cmd,4,32.1794,,,29.30,1.49,
31.5873,state,3,16.0073,0.839,-0.0147,,,37.0
31.5874,state,4,32.2234,0.839,-0.0293,,,36.0
31.5967,cmd,3,16.0513,,,29.30,1.49,
31.5967,cmd,4,32.1794,,,29.30,1.49,
31.5973,state,3,16.0073,-10.354,-0.0440,,,37.0
31.5974,state,4,32.2234,-0.839,-0.0879,,,36.0
31.6067,cmd,3,16.0513,,,29.30,1.49,
31.6068,cmd,4,32.1794,,,29.30,1.49,
31.6073,state,3,16.0073,6.436,-0.0440,,,37.0
31.6074,state,4,32.2234,-0.280,-0.0879,,,36.0
31.6168,cmd,3,16.0513,,,29.30,1.49,
31.6168,cmd,4,32.1794,,,29.30,1.49,
31.6173,state,3,16.0073,-3.638,0.0147,,,37.0
31.6175,state,4,32.2234,0.839,-0.0879,,,36.0
31.6268,cmd,3,16.0513,,,29.30,1.49,
31.6268,cmd,4,32.1794,,,29.30,1.49,
31.6273,state,3,16.0073,-6.436,0.0440,,,37.0
31.6274,state,4,32.2234,-1.959,-0.0879,,,36.0
31.6367,cmd,3,16.0513,,,29.30,1.49,
31.6367,cmd,4,32.1794,,,29.30,1.49,
31.6373,state,3,16.0073,4.757,-0.0147,,,37.0
31.6374,state,4,32.2234,1.959,-0.0879,,,36.0
31.6468,cmd,3,16.0513,,,29.30,1.49,
31.6468,cmd,4,32.1794,,,29.30,1.49,
31.6474,state,3,16.0073,1.399,0.0147,,,37.0
31.6475,state,4,32.2234,-4.757,-0.0293,,,36.0
31.6567,cmd,3,16.0513,,,29.30,1.49,
31.6567,cmd,4,32.1794,,,29.30,1.49,
31.6574,state,3,16.0073,1.399,-0.0440,,,37.0
31.6574,state,4,32.2234,1.399,-0.0879,,,36.0
31.6670,cmd,3,16.0513,,,29.30,1.49,
31.6670,cmd,4,32.1794,,,29.30,1.49,
31.6675,state,3,16.0073,2.518,-0.0440,,,37.0
31.6676,state,4,32.2234,2.518,-0.0879,,,36.0
31.6769,cmd,3,16.0513,,,29.30,1.49,
31.6770,cmd,4,32.1794,,,29.30,1.49,
31.6775,state,3,16.0073,-4.757,-0.0147,,,37.0
31.6776,state,4,32.2234,0.839,-0.0879,,,36.0
31.6869,cmd,3,16.0513,,,29.30,1.49,
31.6869,cmd,4,32.1794,,,29.30,1.49,
31.6873,state,3,16.0073,-4.197,-0.0440,,,37.0
31.6876,state,4,32.2234,-0.280,-0.0879,,,36.0
31.6969,cmd,3,16.0513,,,29.30,1.49,
31.6969,cmd,4,32.1794,,,29.30,1.49,
31.6973,state,3,16.0073,-0.839,-0.0440,,,37.0
31.6975,state,4,32.2234,-2.518,-0.1465,,,36.0
31.7068,cmd,3,16.0513,,,29.30,1.49,
31.7068,cmd,4,32.1794,,,29.30,1.49,
31.7074,state,3,16.0073,-1.959,-0.0440,,,37.0
31.7075,state,4,32.2234,0.280,-0.0879,,,36.0
31.7168,cmd,3,16.0513,,,29.30,1.49,
31.7169,cmd,4,32.1794,,,29.30,1.49,
31.7174,state,3,16.0073,2.518,-0.0147,,,37.0
31.7175,state,4,32.2234,-0.280,-0.1465,,,36.0
31.7268,cmd,3,16.0513,,,29.30,1.49,
31.7268,cmd,4,32.1794,,,29.30,1.49,
31.7274,state,3,16.0073,0.839,-0.0147,,,37.0
31.7275,state,4,32.2234,1.959,-0.0879,,,36.0
31.7369,cmd,3,16.0513,,,29.30,1.49,
31.7370,cmd,4,32.1794,,,29.30,1.49,
31.7375,state,3,16.0073,1.959,-0.0733,,,37.0
31.7377,state,4,32.2234,0.839,-0.1465,,,36.0
31.7468,cmd,3,16.0513,,,29.30,1.49,
31.7468,cmd,4,32.1794,,,29.30,1.49,
31.7473,state,3,16.0073,0.280,-0.0440,,,37.0
31.7478,state,4,32.2234,1.399,-0.0879,,,36.0
31.7567,cmd,3,16.0513,,,29.30,1.49,
31.7567,cmd,4,32.1794,,,29.30,1.49,
31.7573,state,3,16.0073,-1.399,-0.0147,,,37.0
31.7575,state,4,32.2234,-0.280,-0.0879,,,36.0
31.7668,cmd,3,16.0513,,,29.30,1.49,
31.7668,cmd,4,32.1794,,,29.30,1.49,
31.7673,state,3,16.0073,-4.757,-0.0147,,,37.0
31.7678,state,4,32.2234,2.518,-0.0879,,,36.0
31.7767,cmd,3,16.0513,,,29.30,1.49,
31.7768,cmd,4,32.1794,,,29.30,1.49,
31.7773,state,3,16.0073,1.399,-0.0147,,,37.0
31.7776,state,4,32.2234,-2.518,-0.1465,,,36.0
31.7867,cmd,3,16.0513,,,29.30,1.49,
31.7867,cmd,4,32.1794,,,29.30,1.49,
31.7872,state,3,16.0073,1.399,0.0147,,,37.0
31.7876,state,4,32.2234,-1.399,-0.0879,,,36.0
31.7967,cmd,3,16.0513,,,29.30,1.49,
31.7968,cmd,4,32.1794,,,29.30,1.49,
31.7972,state,3,16.0073,-2.518,-0.0147,,,37.0
31.7978,state,4,32.2234,-1.399,-0.0879,,,36.0
31.8068,cmd,3,16.0513,,,29.30,1.49,
31.8068,cmd,4,32.1794,,,29.30,1.49,
31.8073,state,3,16.0073,-4.197,-0.0147,,,37.0
31.8078,state,4,32.2234,-0.280,-0.0879,,,36.0
31.8167,cmd,3,16.0513,,,29.30,1.49,
31.8167,cmd,4,32.1794,,,29.30,1.49,
31.8173,state,3,16.0073,-0.280,0.0147,,,37.0
31.8178,state,4,32.2234,-0.839,-0.0879,,,36.0
31.8268,cmd,3,16.0513,,,29.30,1.49,
31.8268,cmd,4,32.1794,,,29.30,1.49,
31.8273,state,3,16.0073,-5.876,-0.0147,,,37.0
31.8277,state,4,32.2234,0.839,-0.0879,,,36.0
31.8367,cmd,3,16.0513,,,29.30,1.49,
31.8367,cmd,4,32.1794,,,29.30,1.49,
31.8372,state,3,16.0073,-3.078,0.0147,,,37.0
31.8376,state,4,32.2234,1.959,-0.0879,,,36.0
31.8468,cmd,3,16.0513,,,29.30,1.49,
31.8468,cmd,4,32.1794,,,29.30,1.49,
31.8474,state,3,16.0073,-4.757,-0.0440,,,37.0
31.8475,state,4,32.2234,-1.959,-0.0879,,,36.0
31.8568,cmd,3,16.0513,,,29.30,1.49,
31.8568,cmd,4,32.1794,,,29.30,1.49,
31.8573,state,3,16.0073,-12.033,-0.0147,,,37.0
31.8578,state,4,32.2234,-5.876,-0.1465,,,36.0
31.8668,cmd,3,16.0513,,,29.30,1.49,
31.8668,cmd,4,32.1794,,,29.30,1.49,
31.8674,state,3,16.0073,-6.996,-0.0440,,,37.0
31.8674,state,4,32.2234,0.280,-0.1465,,,36.0
31.8768,cmd,3,16.0513,,,29.30,1.49,
31.8768,cmd,4,32.1794,,,29.30,1.49,
31.8774,state,3,16.0073,4.197,-0.0440,,,37.0
31.8775,state,4,32.2234,1.399,-0.0879,,,36.0
31.8868,cmd,3,16.0513,,,29.30,1.49,
31.8868,cmd,4,32.1794,,,29.30,1.49,
31.8873,state,3,16.0073,6.996,-0.0147,,,37.0
31.8874,state,4,32.2234,-0.280,-0.0879,,,36.0
31.8968,cmd,3,16.0513,,,29.30,1.49,
31.8968,cmd,4,32.1794,,,29.30,1.49,
31.8974,state,3,16.0073,2.518,0.0440,,,37.0
31.8975,state,4,32.2234,-0.280,-0.0879,,,36.0
31.9068,cmd,3,16.0513,,,29.30,1.49,
31.9068,cmd,4,32.1794,,,29.30,1.49,
31.9074,state,3,16.0073,1.959,-0.0147,,,37.0
31.9074,state,4,32.2234,-2.518,-0.0879,,,36.0
31.9169,cmd,3,16.0513,,,29.30,1.49,
31.9169,cmd,4,32.1794,,,29.30,1.49,
31.9175,state,3,16.0073,3.078,-0.0147,,,37.0
31.9176,state,4,32.2234,-1.959,-0.0879,,,36.0
31.9268,cmd,3,16.0513,,,29.30,1.49,
31.9268,cmd,4,32.1794,,,29.30,1.49,
31.9273,state,3,16.0073,6.996,-0.0440,,,37.0
31.9274,state,4,32.2234,0.839,-0.0293,,,36.0
31.9368,cmd,3,16.0513,,,29.30,1.49,
31.9368,cmd,4,32.1794,,,29.30,1.49,
31.9373,state,3,16.0073,-4.197,-0.0440,,,37.0
31.9374,state,4,32.2234,2.518,-0.0879,,,36.0
31.9468,cmd,3,16.0513,,,29.30,1.49,
31.9469,cmd,4,32.1794,,,29.30,1.49,
31.9473,state,3,16.0073,-1.959,-0.0440,,,37.0
31.9476,state,4,32.2234,1.399,-0.0879,,,36.0
31.9568,cmd,3,16.0513,,,29.30,1.49,
31.9568,cmd,4,32.1794,,,29.30,1.49,
31.9574,state,3,16.0073,-4.757,-0.0440,,,37.0
31.9575,state,4,32.2234,0.839,-0.0879,,,36.0
31.9668,cmd,3,16.0513,,,29.30,1.49,
31.9668,cmd,4,32.1794,,,29.30,1.49,
31.9673,state,3,16.0073,3.638,-0.0147,,,37.0
31.9674,state,4,32.2234,0.280,-0.0879,,,36.0
31.9768,cmd,3,16.0513,,,29.30,1.49,
31.9768,cmd,4,32.1794,,,29.30,1.49,
31.9773,state,3,16.0073,0.839,-0.0440,,,37.0
31.9775,state,4,32.2234,3.078,-0.0879,,,36.0
31.9869,cmd,3,16.0513,,,29.30,1.49,
31.9869,cmd,4,32.1794,,,29.30,1.49,
31.9874,state,3,16.0073,-1.399,-0.0733,,,37.0
31.9875,state,4,32.2234,0.839,-0.0879,,,36.0
31.9968,cmd,3,16.0513,,,29.30,1.49,
31.9968,cmd,4,32.1794,,,29.30,1.49,
31.9974,state,3,16.0073,-1.959,-0.0440,,,37.0
31.9975,state,4,32.2234,5.317,-0.0879,,,36.0
32.0068,cmd,3,16.0513,,,29.30,1.49,
32.0068,cmd,4,32.1794,,,29.30,1.49,
32.0073,state,3,16.0073,3.638,-0.0147,,,37.0
32.0078,state,4,32.2234,-0.280,-0.1465,,,36.0
32.0168,cmd,3,16.0513,,,29.30,1.49,
32.0168,cmd,4,32.1794,,,29.30,1.49,
32.0174,state,3,16.0073,3.638,-0.0440,,,37.0
32.0175,state,4,32.2234,-5.317,-0.0879,,,36.0
32.0268,cmd,3,16.0513,,,29.30,1.49,
32.0268,cmd,4,32.1794,,,29.30,1.49,
32.0273,state,3,16.0073,-6.996,-0.0147,,,37.0
32.0274,state,4,32.2234,-1.399,-0.0879,,,36.0
32.0368,cmd,3,16.0513,,,29.30,1.49,
32.0368,cmd,4,32.1794,,,29.30,1.49,
32.0374,state,3,16.0073,-2.518,-0.0440,,,37.0
32.0375,state,4,32.2234,-3.638,-0.0879,,,36.0
32.0468,cmd,3,16.0513,,,29.30,1.49,
32.0468,cmd,4,32.1794,,,29.30,1.49,
32.0473,state,3,16.0073,0.280,-0.0147,,,37.0
32.0474,state,4,32.2234,1.959,-0.0879,,,36.0
32.0568,cmd,3,16.0513,,,29.30,1.49,
32.0568,cmd,4,32.1794,,,29.30,1.49,
32.0572,state,3,16.0073,1.959,0.0147,,,37.0
32.0574,state,4,32.2234,2.518,-0.0879,,,36.0
32.0669,cmd,3,16.0513,,,29.30,1.49,
32.0669,cmd,4,32.1794,,,29.30,1.49,
32.0675,state,3,16.0073,-0.839,-0.0147,,,37.0
32.0676,state,4,32.2234,4.757,-0.0879,,,36.0
32.0768,cmd,3,16.0513,,,29.30,1.49,
32.0768,cmd,4,32.1794,,,29.30,1.49,
32.0774,state,3,16.0073,-3.078,0.0147,,,37.0
32.0775,state,4,32.2234,-0.839,-0.0879,,,36.0
32.0868,cmd,3,16.0513,,,29.30,1.49,
32.0868,cmd,4,32.1794,,,29.30,1.49,
32.0874,state,3,16.0073,-7.555,-0.0147,,,37.0
32.0875,state,4,32.2234,0.839,-0.0879,,,36.0
32.0968,cmd,3,16.0513,,,29.30,1.49,
32.0968,cmd,4,32.1794,,,29.30,1.49,
32.0974,state,3,16.0073,0.280,0.0440,,,37.0
32.0975,state,4,32.2234,3.638,-0.0879,,,36.0
32.1068,cmd,3,16.0513,,,29.30,1.49,
32.1068,cmd,4,32.1794,,,29.30,1.49,
32.1074,state,3,16.0073,1.399,-0.0147,,,37.0
32.1075,state,4,32.2234,-0.839,-0.0879,,,36.0
32.1168,cmd,3,16.0513,,,29.30,1.49,
32.1169,cmd,4,32.1794,,,29.30,1.49,
32.1174,state,3,16.0073,0.839,0.0147,,,37.0
32.1175,state,4,32.2234,-3.078,-0.0879,,,36.0
32.1268,cmd,3,16.0513,,,29.30,1.49,
32.1269,cmd,4,32.1794,,,29.30,1.49,
32.1274,state,3,16.0073,-3.638,-0.0440,,,37.0
32.1275,state,4,32.2234,-1.399,-0.0879,,,36.0
32.1368,cmd,3,16.0513,,,29.30,1.49,
32.1368,cmd,4,32.1794,,,29.30,1.49,
32.1374,state,3,16.0073,-0.839,0.0147,,,37.0
32.1375,state,4,32.2234,3.638,-0.1465,,,36.0
32.1468,cmd,3,16.0513,,,29.30,1.49,
32.1468,cmd,4,32.1794,,,29.30,1.49,
32.1474,state,3,16.0073,-0.280,0.0147,,,37.0
32.1475,state,4,32.2234,1.959,-0.0879,,,36.0
32.1568,cmd,3,16.0513,,,29.30,1.49,
32.1569,cmd,4,32.1794,,,29.30,1.49,
32.1574,state,3,16.0073,3.638,-0.0440,,,37.0
32.1575,state,4,32.2234,-0.839,-0.0879,,,36.0
32.1669,cmd,3,16.0513,,,29.30,1.49,
32.1669,cmd,4,32.1794,,,29.30,1.49,
32.1675,state,3,16.0073,-5.876,-0.0440,,,37.0
32.1675,state,4,32.2234,-0.839,-0.0879,,,36.0
32.1768,cmd,3,16.0513,,,29.30,1.49,
32.1769,cmd,4,32.1794,,,29.30,1.49,
32.1774,state,3,16.0073,4.197,-0.0147,,,37.0
32.1775,state,4,32.2454,1.959,-0.0879,,,36.0
32.1868,cmd,3,16.0513,,,29.30,1.49,
32.1869,cmd,4,32.1794,,,29.30,1.49,
32.1874,state,3,16.0073,3.638,-0.0147,,,37.0
32.1875,state,4,32.2234,-0.280,-0.0879,,,36.0
32.1968,cmd,3,16.0513,,,29.30,1.49,
32.1969,cmd,4,32.1794,,,29.30,1.49,
32.1974,state,3,16.0073,-4.197,0.0440,,,37.0
32.1975,state,4,32.2234,-2.518,-0.0879,,,36.0
32.2068,cmd,3,16.0513,,,29.30,1.49,
32.2069,cmd,4,32.1794,,,29.30,1.49,
32.2075,state,3,16.0073,-8.675,0.0147,,,37.0
32.2075,state,4,32.2234,2.518,-0.0879,,,36.0
32.2168,cmd,3,16.0513,,,29.30,1.49,
32.2168,cmd,4,32.1794,,,29.30,1.49,
32.2174,state,3,16.0073,0.280,-0.0147,,,37.0
32.2175,state,4,32.2234,2.518,-0.0879,,,36.0
32.2269,cmd,3,16.0513,,,29.30,1.49,
32.2269,cmd,4,32.1794,,,29.30,1.49,
32.2274,state,3,16.0073,-1.399,-0.0440,,,37.0
32.2275,state,4,32.2234,4.197,-0.0879,,,36.0
32.2368,cmd,3,16.0513,,,29.30,1.49,
32.2369,cmd,4,32.1794,,,29.30,1.49,
32.2374,state,3,16.0073,-4.197,-0.0147,,,37.0
32.2375,state,4,32.2234,1.399,-0.0879,,,36.0
32.2468,cmd,3,16.0513,,,29.30,1.49,
32.2469,cmd,4,32.1794,,,29.30,1.49,
32.2475,state,3,16.0073,-4.757,-0.0440,,,37.0
32.2475,state,4,32.2234,-0.839,-0.0879,,,36.0
32.2568,cmd,3,16.0513,,,29.30,1.49,
32.2569,cmd,4,32.1794,,,29.30,1.49,
32.2575,state,3,16.0073,0.839,-0.0733,,,37.0
32.2575,state,4,32.2234,-2.518,-0.0293,,,36.0
32.2668,cmd,3,16.0513,,,29.30,1.49,
32.2669,cmd,4,32.1794,,,29.30,1.49,
32.2674,state,3,16.0073,0.839,-0.0733,,,37.0
32.2675,state,4,32.2234,-0.839,-0.0879,,,36.0
32.2768,cmd,3,16.0513,,,29.30,1.49,
32.2769,cmd,4,32.1794,,,29.30,1.49,
32.2774,state,3,16.0073,-0.839,-0.0147,,,37.0
32.2775,state,4,32.2234,1.399,-0.1465,,,36.0
32.2868,cmd,3,16.0513,,,29.30,1.49,
32.2869,cmd,4,32.1794,,,29.30,1.49,
32.2874,state,3,16.0073,-5.317,-0.0147,,,37.0
32.2875,state,4,32.2234,1.399,-0.0879,,,36.0
32.2968,cmd,3,16.0513,,,29.30,1.49,
32.2969,cmd,4,32.1794,,,29.30,1.49,
32.2975,state,3,16.0073,-0.280,-0.0440,,,37.0
32.2975,state,4,32.2234,-2.518,-0.0879,,,36.0
32.3068,cmd,3,16.0513,,,29.30,1.49,
32.3069,cmd,4,32.1794,,,29.30,1.49,
32.3075,state,3,16.0073,-0.839,-0.0733,,,37.0
32.3075,state,4,32.2234,-0.280,-0.0879,,,36.0
32.3170,cmd,3,16.0513,,,29.30,1.49,
32.3170,cmd,4,32.1794,,,29.30,1.49,
32.3175,state,3,16.0073,-0.839,0.0147,,,37.0
32.3176,state,4,32.2234,4.757,-0.0879,,,36.0
32.3270,cmd,3,16.0513,,,29.30,1.49,
32.3271,cmd,4,32.1794,,,29.30,1.49,
32.3275,state,3,16.0073,-4.197,-0.0147,,,37.0
32.3277,state,4,32.2234,6.996,-0.0879,,,36.0
32.3369,cmd,3,16.0513,,,29.30,1.49,
32.3369,cmd,4,32.1794,,,29.30,1.49,
32.3375,state,3,16.0073,-2.518,0.0147,,,37.0
32.3377,state,4,32.2234,-3.078,-0.0879,,,36.0
32.3469,cmd,3,16.0513,,,29.30,1.49,
32.3469,cmd,4,32.1794,,,29.30,1.49,
32.3475,state,3,16.0073,3.078,-0.0147,,,37.0
32.3476,state,4,32.2234,-0.280,-0.0879,,,36.0
32.3569,cmd,3,16.0513,,,29.30,1.49,
32.3569,cmd,4,32.1794,,,29.30,1.49,
32.3575,state,3,16.0073,5.876,-0.0147,,,37.0
32.3576,state,4,32.2234,-0.839,-0.0879,,,36.0
32.3670,cmd,3,16.0513,,,29.30,1.49,
32.3670,cmd,4,32.1794,,,29.30,1.49,
32.3676,state,3,16.0073,9.234,-0.0147,,,37.0
32.3677,state,4,32.2234,-6.436,-0.0879,,,36.0
32.3769,cmd,3,16.0513,,,29.30,1.49,
32.3769,cmd,4,32.1794,,,29.30,1.49,
32.3775,state,3,16.0073,-0.280,-0.0440,,,37.0
32.3776,state,4,32.2234,2.518,-0.0879,,,36.0
32.3869,cmd,3,16.0513,,,29.30,1.49,
32.3869,cmd,4,32.1794,,,29.30,1.49,
32.3876,state,3,16.0073,0.280,0.0147,,,37.0
32.3877,state,4,32.2234,3.078,-0.1465,,,36.0
32.3971,cmd,3,16.0513,,,29.30,1.49,
32.3971,cmd,4,32.1794,,,29.30,1.49,
32.3975,state,3,16.0073,-3.078,-0.0733,,,37.0
32.3978,state,4,32.2234,4.197,-0.1465,,,36.0
32.4070,cmd,3,16.0513,,,29.30,1.49,
32.4071,cmd,4,32.1794,,,29.30,1.49,
32.4077,state,3,16.0073,-0.280,-0.0440,,,37.0
32.4078,state,4,32.2234,5.876,-0.0879,,,36.0
32.4170,cmd,3,16.0513,,,29.30,1.49,
32.4171,cmd,4,32.1794,,,29.30,1.49,
32.4176,state,3,16.0073,4.197,-0.0733,,,37.0
32.4177,state,4,32.2454,5.317,-0.0293,,,36.0
32.4269,cmd,3,16.0513,,,29.30,1.49,
32.4270,cmd,4,32.1794,,,29.30,1.49,
32.4275,state,3,16.0073,-0.280,-0.0147,,,37.0
32.4276,state,4,32.2234,-1.399,-0.0879,,,36.0
32.4370,cmd,3,16.0513,,,29.30,1.49,
32.4370,cmd,4,32.1794,,,29.30,1.49,
32.4376,state,3,16.0073,4.757,-0.0147,,,37.0
32.4376,state,4,32.2234,-3.078,-0.0879,,,36.0
32.4470,cmd,3,16.0513,,,29.30,1.49,
32.4471,cmd,4,32.1794,,,29.30,1.49,
32.4476,state,3,16.0073,-4.197,-0.0147,,,37.0
32.4478,state,4,32.2234,-3.078,-0.0879,,,36.0
32.4570,cmd,3,16.0513,,,29.30,1.49,
32.4570,cmd,4,32.1794,,,29.30,1.49,
32.4576,state,3,16.0073,-6.436,-0.0440,,,37.0
32.4576,state,4,32.2234,4.197,-0.0879,,,36.0
32.4670,cmd,3,16.0513,,,29.30,1.49,
32.4671,cmd,4,32.1794,,,29.30,1.49,
32.4676,state,3,16.0073,-0.839,-0.0440,,,37.0
32.4677,state,4,32.2234,-0.280,-0.0879,,,36.0
32.4769,cmd,3,16.0513,,,29.30,1.49,
32.4770,cmd,4,32.1794,,,29.30,1.49,
32.4775,state,3,16.0073,-8.115,-0.0147,,,37.0
32.4776,state,4,32.2454,2.518,-0.0879,,,36.0
32.4870,cmd,3,16.0513,,,29.30,1.49,
32.4870,cmd,4,32.1794,,,29.30,1.49,
32.4876,state,3,16.0073,5.876,0.0147,,,37.0
32.4876,state,4,32.2234,-0.839,-0.0879,,,36.0
32.4970,cmd,3,16.0513,,,29.30,1.49,
32.4970,cmd,4,32.1794,,,29.30,1.49,
32.4976,state,3,16.0073,0.839,-0.0440,,,37.0
32.4978,state,4,32.2234,-4.757,-0.0879,,,36.0
32.5069,cmd,3,16.0513,,,29.30,1.49,
32.5070,cmd,4,32.1794,,,29.30,1.49,
32.5075,state,3,16.0073,4.197,-0.0440,,,37.0
32.5076,state,4,32.2234,0.839,-0.1465,,,36.0
32.5169,cmd,3,16.0513,,,29.30,1.49,
32.5169,cmd,4,32.1794,,,29.30,1.49,
32.5175,state,3,16.0073,5.317,-0.0147,,,37.0
32.5176,state,4,32.2454,2.518,-0.0879,,,36.0
32.5270,cmd,3,16.0513,,,29.30,1.49,
32.5270,cmd,4,32.1794,,,29.30,1.49,
32.5276,state,3,16.0073,1.399,-0.0147,,,37.0
32.5276,state,4,32.2234,-1.959,-0.0879,,,36.0
32.5369,cmd,3,16.0513,,,29.30,1.49,
32.5370,cmd,4,32.1794,,,29.30,1.49,
32.5375,state,3,16.0073,0.280,-0.0147,,,37.0
32.5376,state,4,32.2234,-1.399,-0.1465,,,36.0
32.5469,cmd,3,16.0513,,,29.30,1.49,
32.5470,cmd,4,32.1794,,,29.30,1.49,
32.5476,state,3,16.0073,5.876,-0.0733,,,37.0
32.5477,state,4,32.2454,1.959,-0.0879,,,36.0
32.5570,cmd,3,16.0513,,,29.30,1.49,
32.5571,cmd,4,32.1794,,,29.30,1.49,
32.5576,state,3,16.0073,-1.959,0.0147,,,37.0
32.5578,state,4,32.2234,-1.399,-0.0879,,,36.0
32.5670,cmd,3,16.0513,,,29.30,1.49,
32.5670,cmd,4,32.1794,,,29.30,1.49,
32.5676,state,3,16.0073,4.757,-0.0440,,,37.0
32.5677,state,4,32.2234,1.399,-0.0879,,,36.0
32.5771,cmd,3,16.0513,,,29.30,1.49,
32.5772,cmd,4,32.1794,,,29.30,1.49,
32.5776,state,3,16.0073,-1.399,-0.0147,,,37.0
32.5778,state,4,32.2234,-1.959,-0.0879,,,36.0
32.5872,cmd,3,16.0513,,,29.30,1.49,
32.5872,cmd,4,32.1794,,,29.30,1.49,
32.5878,state,3,16.0073,-4.197,-0.0440,,,37.0
32.5879,state,4,32.2234,4.757,-0.0879,,,36.0
32.5971,cmd,3,16.0513,,,29.30,1.49,
32.5972,cmd,4,32.1794,,,29.30,1.49,
32.5978,state,3,16.0073,-9.234,0.0147,,,37.0
32.5978,state,4,32.2234,3.638,-0.0293,,,36.0
32.6070,cmd,3,16.0513,,,29.30,1.49,
32.6070,cmd,4,32.1794,,,29.30,1.49,
32.6076,state,3,16.0073,-0.839,-0.0147,,,37.0
32.6078,state,4,32.2234,-1.959,-0.0879,,,36.0
32.6170,cmd,3,16.0513,,,29.30,1.49,
32.6170,cmd,4,32.1794,,,29.30,1.49,
32.6176,state,3,16.0073,1.399,-0.0440,,,37.0
32.6178,state,4,32.2234,-5.317,-0.0879,,,36.0
32.6269,cmd,3,16.0513,,,29.30,1.49,
32.6270,cmd,4,32.1794,,,29.30,1.49,
32.6275,state,3,16.0073,-0.280,-0.0733,,,37.0
32.6276,state,4,32.2234,8.675,-0.0879,,,36.0
32.6369,cmd,3,16.0513,,,29.30,1.49,
32.6369,cmd,4,32.1794,,,29.30,1.49,
32.6376,state,3,16.0073,-1.399,-0.0733,,,37.0
32.6376,state,4,32.2234,-0.280,-0.0879,,,36.0
32.6470,cmd,3,16.0513,,,29.30,1.49,
32.6470,cmd,4,32.1794,,,29.30,1.49,
32.6476,state,3,16.0073,4.197,-0.0440,,,37.0
32.6477,state,4,32.2234,-8.675,-0.1465,,,36.0
32.6569,cmd,3,16.0513,,,29.30,1.49,
32.6569,cmd,4,32.1794,,,29.30,1.49,
32.6575,state,3,16.0073,-5.876,-0.1026,,,37.0
32.6576,state,4,32.2234,-1.959,-0.0879,,,36.0
32.6669,cmd,3,16.0513,,,29.30,1.49,
32.6669,cmd,4,32.1794,,,29.30,1.49,
32.6675,state,3,16.0073,-3.638,-0.0147,,,37.0
32.6676,state,4,32.2234,-1.399,-0.0879,,,36.0
32.6769,cmd,3,16.0513,,,29.30,1.49,
32.6769,cmd,4,32.1794,,,29.30,1.49,
32.6775,state,3,16.0073,8.675,0.0147,,,37.0
32.6776,state,4,32.2234,0.839,-0.1465,,,36.0
32.6869,cmd,3,16.0513,,,29.30,1.49,
32.6869,cmd,4,32.1794,,,29.30,1.49,
32.6875,state,3,16.0073,2.518,-0.0147,,,37.0
32.6876,state,4,32.2234,-0.280,-0.0879,,,36.0
32.6969,cmd,3,16.0513,,,29.30,1.49,
32.6969,cmd,4,32.1794,,,29.30,1.49,
32.6975,state,3,16.0073,-5.317,-0.0147,,,37.0
32.6976,state,4,32.2234,-2.518,-0.0879,,,36.0
32.7069,cmd,3,16.0513,,,29.30,1.49,
32.7069,cmd,4,32.1794,,,29.30,1.49,
32.7076,state,3,16.0073,-5.876,-0.0733,,,37.0
32.7076,state,4,32.2234,1.959,-0.0879,,,36.0
32.7169,cmd,3,16.0513,,,29.30,1.49,
32.7169,cmd,4,32.1794,,,29.30,1.49,
32.7175,state,3,16.0073,-0.839,-0.0147,,,37.0
32.7176,state,4,32.2234,1.399,-0.0879,,,36.0
32.7269,cmd,3,16.0513,,,29.30,1.49,
32.7269,cmd,4,32.1794,,,29.30,1.49,
32.7275,state,3,16.0073,5.876,0.0147,,,37.0
32.7276,state,4,32.2454,-1.399,-0.1465,,,36.0
32.7369,cmd,3,16.0513,,,29.30,1.49,
32.7369,cmd,4,32.1794,,,29.30,1.49,
32.7376,state,3,16.0073,4.197,0.0147,,,37.0
32.7376,state,4,32.2234,-3.078,-0.0879,,,36.0
32.7469,cmd,3,16.0513,,,29.30,1.49,
32.7469,cmd,4,32.1794,,,29.30,1.49,
32.7476,state,3,16.0073,3.638,0.0147,,,37.0
32.7476,state,4,32.2234,-0.280,-0.0879,,,36.0
32.7569,cmd,3,16.0513,,,29.30,1.49,
32.7569,cmd,4,32.1794,,,29.30,1.49,
32.7575,state,3,16.0073,1.399,-0.0440,,,37.0
32.7576,state,4,32.2234,0.280,-0.0879,,,36.0
32.7669,cmd,3,16.0513,,,29.30,1.49,
32.7670,cmd,4,32.1794,,,29.30,1.49,
32.7676,state,3,16.0073,1.399,-0.0147,,,37.0
32.7676,state,4,32.2234,0.839,-0.0879,,,36.0
32.7769,cmd,3,16.0513,,,29.30,1.49,
32.7769,cmd,4,32.1794,,,29.30,1.49,
32.7775,state,3,16.0073,-3.078,-0.0440,,,37.0
32.7776,state,4,32.2234,-4.757,-0.0879,,,36.0
32.7869,cmd,3,16.0513,,,29.30,1.49,
32.7870,cmd,4,32.1794,,,29.30,1.49,
32.7875,state,3,16.0073,3.078,-0.0147,,,37.0
32.7876,state,4,32.2234,-3.078,-0.1465,,,36.0
32.7969,cmd,3,16.0513,,,29.30,1.49,
32.7969,cmd,4,32.1794,,,29.30,1.49,
32.7976,state,3,16.0073,-1.959,-0.0440,,,37.0
32.7977,state,4,32.2234,0.280,-0.1465,,,36.0
32.8069,cmd,3,16.0513,,,29.30,1.49,
32.8069,cmd,4,32.1794,,,29.30,1.49,
32.8075,state,3,16.0073,-5.317,0.0147,,,37.0
32.8076,state,4,32.2234,0.839,-0.0879,,,36.0
32.8169,cmd,3,16.0513,,,29.30,1.49,
32.8170,cmd,4,32.1794,,,29.30,1.49,
32.8176,state,3,16.0073,1.399,-0.0147,,,37.0
32.8177,state,4,32.2234,-5.317,-0.0879,,,36.0
32.8269,cmd,3,16.0513,,,29.30,1.49,
32.8269,cmd,4,32.1794,,,29.30,1.49,
32.8275,state,3,16.0073,8.115,-0.0147,,,37.0
32.8276,state,4,32.2234,2.518,-0.0879,,,36.0
32.8369,cmd,3,16.0513,,,29.30,1.49,
32.8370,cmd,4,32.1794,,,29.30,1.49,
32.8375,state,3,16.0073,-6.996,-0.0147,,,37.0
32.8376,state,4,32.2234,-1.399,-0.0879,,,36.0
32.8469,cmd,3,16.0513,,,29.30,1.49,
32.8469,cmd,4,32.1794,,,29.30,1.49,
32.8476,state,3,16.0073,6.996,0.0147,,,37.0
32.8476,state,4,32.2234,2.518,-0.1465,,,36.0
32.8569,cmd,3,16.0513,,,29.30,1.49,
32.8569,cmd,4,32.1794,,,29.30,1.49,
32.8575,state,3,16.0073,4.197,-0.0440,,,37.0
32.8576,state,4,32.2234,1.959,-0.0879,,,36.0
32.8669,cmd,3,16.0513,,,29.30,1.49,
32.8669,cmd,4,32.1794,,,29.30,1.49,
32.8675,state,3,16.0073,7.555,-0.0147,,,37.0
32.8676,state,4,32.2234,0.839,-0.1465,,,36.0
32.8771,cmd,3,16.0513,,,29.30,1.49,
32.8771,cmd,4,32.1794,,,29.30,1.49,
32.8777,state,3,16.0073,-6.996,-0.0147,,,37.0
32.8777,state,4,32.2234,3.638,-0.0879,,,36.0
32.8869,cmd,3,16.0513,,,29.30,1.49,
32.8870,cmd,4,32.1794,,,29.30,1.49,
32.8875,state,3,16.0073,4.757,-0.0733,,,37.0
32.8876,state,4,32.2234,-0.280,-0.0879,,,36.0
32.8969,cmd,3,16.0513,,,29.30,1.49,
32.8970,cmd,4,32.1794,,,29.30,1.49,
32.8975,state,3,16.0073,4.197,0.0147,,,37.0
32.8976,state,4,32.2234,0.280,-0.0879,,,36.0
32.9070,cmd,3,16.0513,,,29.30,1.49,
32.9070,cmd,4,32.1794,,,29.30,1.49,
32.9076,state,3,16.0073,-1.959,-0.0733,,,37.0
32.9076,state,4,32.2234,4.197,-0.0879,,,36.0
32.9169,cmd,3,16.0513,,,29.30,1.49,
32.9170,cmd,4,32.1794,,,29.30,1.49,
32.9176,state,3,16.0073,-4.757,0.0147,,,37.0
32.9176,state,4,32.2234,0.839,-0.1465,,,36.0
32.9270,cmd,3,16.0513,,,29.30,1.49,
32.9270,cmd,4,32.1794,,,29.30,1.49,
32.9276,state,3,16.0073,-4.757,-0.0147,,,37.0
32.9277,state,4,32.2234,7.555,-0.0879,,,36.0
32.9370,cmd,3,16.0513,,,29.30,1.49,
32.9370,cmd,4,32.1794,,,29.30,1.49,
32.9376,state,3,16.0073,0.839,-0.0440,,,37.0
32.9377,state,4,32.2234,0.280,-0.0879,,,36.0
32.9469,cmd,3,16.0513,,,29.30,1.49,
32.9469,cmd,4,32.1794,,,29.30,1.49,
32.9475,state,3,16.0073,-4.197,0.0147,,,37.0
32.9476,state,4,32.2234,0.839,-0.0879,,,36.0
32.9569,cmd,3,16.0513,,,29.30,1.49,
32.9569,cmd,4,32.1794,,,29.30,1.49,
32.9575,state,3,16.0073,3.078,0.0147,,,37.0
32.9576,state,4,32.2234,-0.839,-0.0879,,,36.0
32.9670,cmd,3,16.0513,,,29.30,1.49,
32.9670,cmd,4,32.1794,,,29.30,1.49,
32.9675,state,3,16.0073,0.280,-0.0147,,,37.0
32.9676,state,4,32.2234,-4.197,-0.0879,,,36.0
32.9770,cmd,3,16.0513,,,29.30,1.49,
32.9770,cmd,4,32.1794,,,29.30,1.49,
32.9776,state,3,16.0073,7.555,-0.0440,,,37.0
32.9777,state,4,32.2234,-6.436,-0.0879,,,36.0
32.9869,cmd,3,16.0513,,,29.30,1.49,
32.9869,cmd,4,32.1794,,,29.30,1.49,
32.9875,state,3,16.0073,3.638,-0.0147,,,37.0
32.9876,state,4,32.2234,3.078,-0.1465,,,36.0
32.9970,cmd,3,16.0513,,,29.30,1.49,
32.9970,cmd,4,32.1794,,,29.30,1.49,
32.9976,state,3,16.0073,1.959,-0.0440,,,37.0
32.9976,state,4,32.2234,-4.197,-0.0879,,,36.0
33.0070,cmd,3,16.0513,,,29.30,1.49,
33.0070,cmd,4,32.1794,,,29.30,1.49,
33.0076,state,3,16.0073,0.280,-0.0147,,,37.0
33.0077,state,4,32.2234,-0.280,-0.0879,,,36.0
33.0169,cmd,3,16.0513,,,29.30,1.49,
33.0170,cmd,4,32.1794,,,29.30,1.49,
33.0176,state,3,16.0073,10.913,0.0147,,,37.0
33.0177,state,4,32.2234,-0.280,-0.0879,,,36.0
33.0270,cmd,3,16.0513,,,29.30,1.49,
33.0270,cmd,4,32.1794,,,29.30,1.49,
33.0276,state,3,16.0073,-1.399,-0.0147,,,37.0
33.0278,state,4,32.2234,-2.518,-0.0879,,,36.0
33.0370,cmd,3,16.0513,,,29.30,1.49,
33.0370,cmd,4,32.1794,,,29.30,1.49,
33.0376,state,3,16.0073,-2.518,-0.0440,,,37.0
33.0377,state,4,32.2454,5.317,-0.0879,,,36.0
33.0470,cmd,3,16.0513,,,29.30,1.49,
33.0470,cmd,4,32.1794,,,29.30,1.49,
33.0476,state,3,16.0073,2.518,-0.0440,,,37.0
33.0476,state,4,32.2234,-3.638,-0.0879,,,36.0
33.0570,cmd,3,16.0513,,,29.30,1.49,
33.0570,cmd,4,32.1794,,,29.30,1.49,
33.0577,state,3,16.0073,4.757,-0.0147,,,37.0
33.0577,state,4,32.2234,-4.197,-0.0879,,,36.0
33.0670,cmd,3,16.0513,,,29.30,1.49,
33.0671,cmd,4,32.1794,,,29.30,1.49,
33.0677,state,3,16.0073,-3.078,-0.0147,,,37.0
33.0678,state,4,32.2234,1.399,-0.0879,,,36.0
33.0771,cmd,3,16.0513,,,29.30,1.49,
33.0772,cmd,4,32.1794,,,29.30,1.49,
33.0777,state,3,16.0073,1.399,0.0147,,,37.0
33.0778,state,4,32.2234,2.518,-0.0879,,,36.0
33.0871,cmd,3,16.0513,,,29.30,1.49,
33.0871,cmd,4,32.1794,,,29.30,1.49,
33.0876,state,3,16.0073,-2.518,-0.0440,,,37.0
33.0881,state,4,32.2234,-0.839,-0.0879,,,36.0
33.0970,cmd,3,16.0513,,,29.30,1.49,
33.0970,cmd,4,32.1794,,,29.30,1.49,
33.0975,state,3,16.0073,5.876,-0.0440,,,37.0
33.0979,state,4,32.2234,0.839,-0.0879,,,36.0
33.1069,cmd,3,16.0513,,,29.30,1.49,
33.1069,cmd,4,32.1794,,,29.30,1.49,
33.1075,state,3,16.0073,-4.757,-0.0147,,,37.0
33.1079,state,4,32.2234,-2.518,-0.1465,,,36.0
33.1171,cmd,3,16.0513,,,29.30,1.49,
33.1172,cmd,4,32.1794,,,29.30,1.49,
33.1176,state,3,16.0073,-1.399,0.0147,,,37.0
33.1182,state,4,32.2234,3.638,-0.0879,,,36.0
33.1270,cmd,3,16.0513,,,29.30,1.49,
33.1270,cmd,4,32.1794,,,29.30,1.49,
33.1276,state,3,16.0073,2.518,-0.0147,,,37.0
33.1279,state,4,32.2234,0.839,-0.0879,,,36.0
33.1370,cmd,3,16.0513,,,29.30,1.49,
33.1371,cmd,4,32.1794,,,29.30,1.49,
33.1377,state,3,16.0073,4.757,-0.0147,,,37.0
33.1378,state,4,32.2234,-6.436,-0.0879,,,36.0
33.1471,cmd,3,16.0513,,,29.30,1.49,
33.1471,cmd,4,32.1794,,,29.30,1.49,
33.1477,state,3,16.0073,-3.638,-0.0147,,,37.0
33.1478,state,4,32.2234,-0.839,-0.0879,,,36.0
33.1570,cmd,3,16.0513,,,29.30,1.49,
33.1570,cmd,4,32.1794,,,29.30,1.49,
33.1576,state,3,16.0073,-1.959,-0.0147,,,37.0
33.1577,state,4,32.2454,5.317,-0.0879,,,36.0
33.1670,cmd,3,16.0513,,,29.30,1.49,
33.1670,cmd,4,32.1794,,,29.30,1.49,
33.1676,state,3,16.0073,7.555,0.0147,,,37.0
33.1676,state,4,32.2454,-1.399,-0.0879,,,36.0
33.1771,cmd,3,16.0513,,,29.30,1.49,
33.1771,cmd,4,32.1794,,,29.30,1.49,
33.1777,state,3,16.0073,1.399,0.0147,,,37.0
33.1778,state,4,32.2234,-3.638,-0.0879,,,36.0
33.1870,cmd,3,16.0513,,,29.30,1.49,
33.1870,cmd,4,32.1794,,,29.30,1.49,
33.1876,state,3,16.0073,-5.317,-0.0147,,,37.0
33.1878,state,4,32.2234,1.399,-0.0879,,,36.0
33.1970,cmd,3,16.0513,,,29.30,1.49,
33.1970,cmd,4,32.1794,,,29.30,1.49,
33.1975,state,3,16.0073,4.197,-0.0440,,,37.0
33.1978,state,4,32.2234,0.280,-0.0879,,,36.0
33.2071,cmd,3,16.0513,,,29.30,1.49,
33.2071,cmd,4,32.1794,,,29.30,1.49,
33.2077,state,3,16.0073,-0.280,-0.0440,,,37.0
33.2078,state,4,32.2234,0.280,-0.0879,,,36.0
33.2170,cmd,3,16.0513,,,29.30,1.49,
33.2170,cmd,4,32.1794,,,29.30,1.49,
33.2176,state,3,16.0073,-0.839,-0.0147,,,37.0
33.2178,state,4,32.2234,-9.234,-0.0879,,,36.0
33.2270,cmd,3,16.0513,,,29.30,1.49,
33.2270,cmd,4,32.1794,,,29.30,1.49,
33.2276,state,3,16.0073,3.078,-0.0147,,,37.0
33.2276,state,4,32.2234,0.280,-0.0879,,,36.0
33.2370,cmd,3,16.0513,,,29.30,1.49,
33.2371,cmd,4,32.1794,,,29.30,1.49,
33.2376,state,3,16.0073,-4.197,-0.0440,,,37.0
33.2378,state,4,32.2234,3.638,-0.0879,,,36.0
33.2470,cmd,3,16.0513,,,29.30,1.49,
33.2471,cmd,4,32.1794,,,29.30,1.49,
33.2476,state,3,16.0073,-4.757,-0.0147,,,37.0
33.2478,state,4,32.2234,-2.518,-0.0879,,,36.0
33.2570,cmd,3,16.0513,,,29.30,1.49,
33.2570,cmd,4,32.1794,,,29.30,1.49,
33.2576,state,3,16.0073,-5.317,-0.0147,,,37.0
33.2578,state,4,32.2234,2.518,-0.0879,,,36.0
33.2670,cmd,3,16.0513,,,29.30,1.49,
33.2671,cmd,4,32.1794,,,29.30,1.49,
33.2676,state,3,16.0073,2.518,-0.0147,,,37.0
33.2678,state,4,32.2234,0.280,-0.0879,,,36.0
33.2771,cmd,3,16.0513,,,29.30,1.49,
33.2771,cmd,4,32.1794,,,29.30,1.49,
33.2776,state,3,16.0073,-6.996,-0.0147,,,37.0
33.2778,state,4,32.2234,0.280,-0.0879,,,36.0
33.2870,cmd,3,16.0513,,,29.30,1.49,
33.2870,cmd,4,32.1794,,,29.30,1.49,
33.2876,state,3,16.0073,-0.839,0.0147,,,37.0
33.2878,state,4,32.2234,0.280,-0.0879,,,36.0
33.2970,cmd,3,16.0513,,,29.30,1.49,
33.2971,cmd,4,32.1794,,,29.30,1.49,
33.2976,state,3,16.0073,5.317,-0.0440,,,37.0
33.2978,state,4,32.2234,-2.518,-0.0879,,,36.0
33.3070,cmd,3,16.0513,,,29.30,1.49,
33.3070,cmd,4,32.1794,,,29.30,1.49,
33.3076,state,3,16.0073,-1.399,-0.0440,,,37.0
33.3078,state,4,32.2234,0.839,-0.0879,,,36.0
33.3170,cmd,3,16.0513,,,29.30,1.49,
33.3170,cmd,4,32.1794,,,29.30,1.49,
33.3176,state,3,16.0073,2.518,-0.0440,,,37.0
33.3178,state,4,32.2234,0.280,-0.0879,,,36.0
33.3270,cmd,3,16.0513,,,29.30,1.49,
33.3270,cmd,4,32.1794,,,29.30,1.49,
33.3276,state,3,16.0073,0.839,-0.0147,,,37.0
33.3278,state,4,32.2234,1.399,-0.0879,,,36.0
33.3371,cmd,3,16.0513,,,29.30,1.49,
33.3371,cmd,4,32.1794,,,29.30,1.49,
33.3377,state,3,16.0073,3.638,-0.0440,,,37.0
33.3378,state,4,32.2234,0.839,-0.0293,,,36.0
33.3470,cmd,3,16.0513,,,29.30,1.49,
33.3470,cmd,4,32.1794,,,29.30,1.49,
33.3476,state,3,16.0073,0.280,-0.0147,,,37.0
33.3478,state,4,32.2234,0.280,-0.0293,,,36.0
33.3570,cmd,3,16.0513,,,29.30,1.49,
33.3570,cmd,4,32.1794,,,29.30,1.49,
33.3576,state,3,16.0073,-0.839,0.0147,,,37.0
33.3578,state,4,32.2234,-0.839,-0.1465,,,36.0
33.3670,cmd,3,16.0513,,,29.30,1.49,
33.3670,cmd,4,32.1794,,,29.30,1.49,
33.3677,state,3,16.0073,5.876,0.0147,,,37.0
33.3678,state,4,32.2234,-1.399,-0.0879,,,36.0
33.3770,cmd,3,16.0513,,,29.30,1.49,
33.3770,cmd,4,32.1794,,,29.30,1.49,
33.3777,state,3,16.0073,6.436,-0.0147,,,37.0
33.3778,state,4,32.2234,0.280,-0.0879,,,36.0
33.3870,cmd,3,16.0513,,,29.30,1.49,
33.3871,cmd,4,32.1794,,,29.30,1.49,
33.3877,state,3,16.0073,-3.638,-0.0440,,,37.0
33.3878,state,4,32.2234,-2.518,-0.0879,,,36.0
33.3970,cmd,3,16.0513,,,29.30,1.49,
33.3970,cmd,4,32.1794,,,29.30,1.49,
33.3977,state,3,16.0073,-2.518,0.0440,,,37.0
33.3978,state,4,32.2234,-1.399,-0.0879,,,36.0
33.4071,cmd,3,16.0513,,,29.30,1.49,
33.4071,cmd,4,32.1794,,,29.30,1.49,
33.4077,state,3,16.0073,1.399,-0.0147,,,37.0
33.4078,state,4,32.2234,0.839,-0.0879,,,36.0
33.4171,cmd,3,16.0513,,,29.30,1.49,
33.4171,cmd,4,32.1794,,,29.30,1.49,
33.4177,state,3,16.0073,3.078,-0.0440,,,37.0
33.4178,state,4,32.2234,1.959,-0.1465,,,36.0
33.4270,cmd,3,16.0513,,,29.30,1.49,
33.4270,cmd,4,32.1794,,,29.30,1.49,
33.4277,state,3,16.0073,-1.959,-0.0147,,,37.0
33.4278,state,4,32.2454,-4.197,-0.1465,,,36.0
33.4371,cmd,3,16.0513,,,29.30,1.49,
33.4371,cmd,4,32.1794,,,29.30,1.49,
33.4376,state,3,16.0073,-1.399,-0.0147,,,37.0
33.4378,state,4,32.2234,0.839,-0.0879,,,36.0
33.4471,cmd,3,16.0513,,,29.30,1.49,
33.4471,cmd,4,32.1794,,,29.30,1.49,
33.4477,state,3,16.0073,-1.959,-0.0147,,,37.0
33.4478,state,4,32.2234,-0.839,-0.0879,,,36.0
33.4570,cmd,3,16.0513,,,29.30,1.49,
33.4570,cmd,4,32.1794,,,29.30,1.49,
33.4576,state,3,16.0073,1.399,-0.0440,,,37.0
33.4578,state,4,32.2234,-2.518,-0.0879,,,36.0
33.4670,cmd,3,16.0513,,,29.30,1.49,
33.4670,cmd,4,32.1794,,,29.30,1.49,
33.4675,state,3,16.0073,0.839,-0.0147,,,37.0
33.4678,state,4,32.2234,-2.518,-0.1465,,,36.0
33.4771,cmd,3,16.0513,,,29.30,1.49,
33.4771,cmd,4,32.1794,,,29.30,1.49,
33.4777,state,3,16.0073,0.839,-0.0440,,,37.0
33.4778,state,4,32.2234,1.959,-0.0293,,,36.0
33.4871,cmd,3,16.0513,,,29.30,1.49,
33.4871,cmd,4,32.1794,,,29.30,1.49,
33.4878,state,3,16.0073,-0.280,0.0147,,,37.0
33.4878,state,4,32.2234,-2.518,-0.0879,,,36.0
33.4970,cmd,3,16.0513,,,29.30,1.49,
33.4971,cmd,4,32.1794,,,29.30,1.49,
33.4976,state,3,16.0073,-7.555,-0.0147,,,37.0
33.4978,state,4,32.2234,-2.518,-0.0879,,,36.0
33.5071,cmd,3,16.0513,,,29.30,1.49,
33.5071,cmd,4,32.1794,,,29.30,1.49,
33.5077,state,3,16.0073,3.078,-0.0147,,,37.0
33.5078,state,4,32.2234,-6.996,-0.0879,,,36.0
33.5171,cmd,3,16.0513,,,29.30,1.49,
33.5171,cmd,4,32.1794,,,29.30,1.49,
33.5176,state,3,16.0073,0.839,0.0147,,,37.0
33.5178,state,4,32.2234,-0.280,-0.0879,,,36.0
33.5271,cmd,3,16.0513,,,29.30,1.49,
33.5271,cmd,4,32.1794,,,29.30,1.49,
33.5277,state,3,16.0073,-8.115,-0.0147,,,37.0
33.5278,state,4,32.2234,0.839,-0.1465,,,36.0
33.5371,cmd,3,16.0513,,,29.30,1.49,
33.5371,cmd,4,32.1794,,,29.30,1.49,
33.5377,state,3,16.0073,-2.518,-0.0147,,,37.0
33.5378,state,4,32.2234,-1.399,-0.0879,,,36.0
33.5471,cmd,3,16.0513,,,29.30,1.49,
33.5471,cmd,4,32.1794,,,29.30,1.49,
33.5478,state,3,16.0073,3.638,0.0147,,,37.0
33.5478,state,4,32.2234,3.078,-0.0879,,,36.0
33.5571,cmd,3,16.0513,,,29.30,1.49,
33.5571,cmd,4,32.1794,,,29.30,1.49,
33.5577,state,3,16.0073,1.399,-0.0147,,,37.0
33.5578,state,4,32.2234,-2.518,-0.1465,,,36.0
33.5671,cmd,3,16.0513,,,29.30,1.49,
33.5671,cmd,4,32.1794,,,29.30,1.49,
33.5677,state,3,16.0073,-5.876,-0.0147,,,37.0
33.5678,state,4,32.2234,-3.638,-0.0879,,,36.0
33.5771,cmd,3,16.0513,,,29.30,1.49,
33.5771,cmd,4,32.1794,,,29.30,1.49,
33.5777,state,3,16.0073,4.757,-0.0440,,,37.0
33.5778,state,4,32.2234,-1.959,-0.0879,,,36.0
33.5871,cmd,3,16.0513,,,29.30,1.49,
33.5871,cmd,4,32.1794,,,29.30,1.49,
33.5877,state,3,16.0073,-1.399,-0.0147,,,37.0
33.5878,state,4,32.2234,-2.518,-0.0879,,,36.0
33.5971,cmd,3,16.0513,,,29.30,1.49,
33.5971,cmd,4,32.1794,,,29.30,1.49,
33.5977,state,3,16.0073,0.839,0.0147,,,37.0
33.5978,state,4,32.2234,2.518,-0.0879,,,36.0
33.6071,cmd,3,16.0513,,,29.30,1.49,
33.6071,cmd,4,32.1794,,,29.30,1.49,
33.6077,state,3,16.0073,-2.518,0.0147,,,37.0
33.6078,state,4,32.2234,-4.197,-0.0879,,,36.0
33.6171,cmd,3,16.0513,,,29.30,1.49,
33.6171,cmd,4,32.1794,,,29.30,1.49,
33.6177,state,3,16.0073,-4.757,-0.0440,,,37.0
33.6178,state,4,32.2234,2.518,-0.1465,,,36.0
33.6271,cmd,3,16.0513,,,29.30,1.49,
33.6271,cmd,4,32.1794,,,29.30,1.49,
33.6277,state,3,16.0073,-3.078,-0.0147,,,37.0
33.6278,state,4,32.2234,-3.078,-0.0879,,,36.0
33.6371,cmd,3,16.0513,,,29.30,1.49,
33.6371,cmd,4,32.1794,,,29.30,1.49,
33.6378,state,3,16.0073,-0.839,-0.0440,,,37.0
33.6378,state,4,32.2234,1.399,-0.1465,,,36.0
33.6471,cmd,3,16.0513,,,29.30,1.49,
33.6471,cmd,4,32.1794,,,29.30,1.49,
33.6477,state,3,16.0073,4.757,-0.0147,,,37.0
33.6478,state,4,32.2234,4.757,-0.0879,,,36.0
33.6571,cmd,3,16.0513,,,29.30,1.49,
33.6572,cmd,4,32.1794,,,29.30,1.49,
33.6578,state,3,16.0073,0.839,0.0147,,,37.0
33.6578,state,4,32.2234,-1.959,-0.0879,,,36.0
33.6671,cmd,3,16.0513,,,29.30,1.49,
33.6671,cmd,4,32.1794,,,29.30,1.49,
33.6677,state,3,16.0073,-0.839,-0.0147,,,37.0
33.6678,state,4,32.2234,-1.959,-0.1465,,,36.0
33.6771,cmd,3,16.0513,,,29.30,1.49,
33.6771,cmd,4,32.1794,,,29.30,1.49,
33.6777,state,3,16.0073,2.518,0.0147,,,37.0
33.6778,state,4,32.2234,-0.280,-0.0879,,,36.0
33.6871,cmd,3,16.0513,,,29.30,1.49,
33.6871,cmd,4,32.1794,,,29.30,1.49,
33.6877,state,3,16.0073,1.399,0.0147,,,37.0
33.6878,state,4,32.2234,-1.399,-0.0879,,,36.0
33.6971,cmd,3,16.0513,,,29.30,1.49,
33.6971,cmd,4,32.1794,,,29.30,1.49,
33.6977,state,3,16.0073,-4.197,-0.0440,,,37.0
33.6978,state,4,32.2234,0.280,-0.0879,,,36.0
33.7071,cmd,3,16.0513,,,29.30,1.49,
33.7071,cmd,4,32.1794,,,29.30,1.49,
33.7078,state,3,16.0073,0.839,-0.0147,,,37.0
33.7078,state,4,32.2234,-0.839,-0.0879,,,36.0
33.7171,cmd,3,16.0513,,,29.30,1.49,
33.7171,cmd,4,32.1794,,,29.30,1.49,
33.7177,state,3,16.0073,-2.518,-0.0440,,,37.0
33.7178,state,4,32.2234,-1.959,-0.1465,,,36.0
33.7271,cmd,3,16.0513,,,29.30,1.49,
33.7271,cmd,4,32.1794,,,29.30,1.49,
33.7277,state,3,16.0073,1.399,-0.0440,,,37.0
33.7278,state,4,32.2234,3.078,-0.0879,,,36.0
33.7371,cmd,3,16.0513,,,29.30,1.49,
33.7371,cmd,4,32.1794,,,29.30,1.49,
33.7378,state,3,16.0073,5.317,-0.0147,,,37.0
33.7378,state,4,32.2234,-1.399,-0.1465,,,36.0
33.7471,cmd,3,16.0513,,,29.30,1.49,
33.7471,cmd,4,32.1794,,,29.30,1.49,
33.7478,state,3,16.0073,4.757,0.0147,,,37.0
33.7478,state,4,32.2234,2.518,-0.0879,,,36.0
33.7571,cmd,3,16.0513,,,29.30,1.49,
33.7571,cmd,4,32.1794,,,29.30,1.49,
33.7578,state,3,16.0073,1.399,-0.0147,,,37.0
33.7578,state,4,32.2234,-0.839,-0.0879,,,36.0
33.7671,cmd,3,16.0513,,,29.30,1.49,
33.7671,cmd,4,32.1794,,,29.30,1.49,
33.7678,state,3,16.0073,-6.436,0.0147,,,37.0
33.7678,state,4,32.2234,-1.959,-0.0879,,,36.0
33.7771,cmd,3,16.0513,,,29.30,1.49,
33.7771,cmd,4,32.1794,,,29.30,1.49,
33.7778,state,3,16.0073,-5.317,0.0147,,,37.0
33.7778,state,4,32.2234,-0.280,-0.1465,,,36.0
33.7871,cmd,3,16.0513,,,29.30,1.49,
33.7871,cmd,4,32.1794,,,29.30,1.49,
33.7878,state,3,16.0073,1.399,-0.0147,,,37.0
33.7878,state,4,32.2234,2.518,-0.0879,,,36.0
33.7971,cmd,3,16.0513,,,29.30,1.49,
33.7971,cmd,4,32.1794,,,29.30,1.49,
33.7977,state,3,16.0073,-1.399,-0.0440,,,37.0
33.7978,state,4,32.2234,2.518,-0.0879,,,36.0
33.8071,cmd,3,16.0513,,,29.30,1.49,
33.8071,cmd,4,32.1794,,,29.30,1.49,
33.8078,state,3,16.0073,-5.317,-0.0440,,,37.0
33.8079,state,4,32.2234,-2.518,-0.0879,,,36.0
33.8171,cmd,3,16.0513,,,29.30,1.49,
33.8172,cmd,4,32.1794,,,29.30,1.49,
33.8178,state,3,16.0073,0.839,-0.0440,,,37.0
33.8179,state,4,32.2234,1.399,-0.0879,,,36.0
33.8271,cmd,3,16.0513,,,29.30,1.49,
33.8271,cmd,4,32.1794,,,29.30,1.49,
33.8278,state,3,16.0073,6.436,-0.0147,,,37.0
33.8279,state,4,32.2234,-3.638,-0.0879,,,36.0
33.8371,cmd,3,16.0513,,,29.30,1.49,
33.8371,cmd,4,32.1794,,,29.30,1.49,
33.8378,state,3,16.0073,-2.518,-0.0147,,,37.0
33.8379,state,4,32.2234,-0.280,-0.0293,,,36.0
33.8471,cmd,3,16.0513,,,29.30,1.49,
33.8472,cmd,4,32.1794,,,29.30,1.49,
33.8478,state,3,16.0073,0.280,-0.0147,,,37.0
33.8478,state,4,32.2234,-3.638,-0.1465,,,36.0
33.8571,cmd,3,16.0513,,,29.30,1.49,
33.8572,cmd,4,32.1794,,,29.30,1.49,
33.8578,state,3,16.0073,0.839,0.0733,,,37.0
33.8578,state,4,32.2234,0.839,-0.0879,,,36.0
33.8671,cmd,3,16.0513,,,29.30,1.49,
33.8671,cmd,4,32.1794,,,29.30,1.49,
33.8678,state,3,16.0073,-6.436,-0.0733,,,37.0
33.8679,state,4,32.2234,-0.280,-0.0879,,,36.0
33.8771,cmd,3,16.0513,,,29.30,1.49,
33.8771,cmd,4,32.1794,,,29.30,1.49,
33.8778,state,3,16.0073,0.839,-0.0147,,,37.0
33.8778,state,4,32.2234,-1.399,-0.0879,,,36.0
33.8871,cmd,3,16.0513,,,29.30,1.49,
33.8871,cmd,4,32.1794,,,29.30,1.49,
33.8878,state,3,16.0073,4.197,-0.0440,,,37.0
33.8878,state,4,32.2234,-4.197,-0.0879,,,36.0
33.8972,cmd,3,16.0513,,,29.30,1.49,
33.8972,cmd,4,32.1794,,,29.30,1.49,
33.8978,state,3,16.0073,-4.757,-0.0147,,,37.0
33.8979,state,4,32.2234,-3.078,-0.0879,,,36.0
33.9071,cmd,3,16.0513,,,29.30,1.49,
33.9071,cmd,4,32.1794,,,29.30,1.49,
33.9078,state,3,16.0073,-0.280,-0.0440,,,37.0
33.9079,state,4,32.2234,-1.399,-0.0879,,,36.0
33.9171,cmd,3,16.0513,,,29.30,1.49,
33.9171,cmd,4,32.1794,,,29.30,1.49,
33.9178,state,3,16.0073,-2.518,-0.0440,,,37.0
33.9179,state,4,32.2234,-1.399,-0.0879,,,36.0
33.9272,cmd,3,16.0513,,,29.30,1.49,
33.9272,cmd,4,32.1794,,,29.30,1.49,
33.9278,state,3,16.0073,0.839,-0.0440,,,37.0
33.9279,state,4,32.2234,3.638,-0.0879,,,36.0
33.9371,cmd,3,16.0513,,,29.30,1.49,
33.9372,cmd,4,32.1794,,,29.30,1.49,
33.9378,state,3,16.0073,3.638,-0.0440,,,37.0
33.9378,state,4,32.2234,-0.839,-0.0879,,,36.0
33.9471,cmd,3,16.0513,,,29.30,1.49,
33.9472,cmd,4,32.1794,,,29.30,1.49,
33.9478,state,3,16.0073,-4.197,-0.0440,,,37.0
33.9479,state,4,32.2234,0.280,-0.0879,,,36.0
33.9572,cmd,3,16.0513,,,29.30,1.49,
33.9572,cmd,4,32.1794,,,29.30,1.49,
33.9578,state,3,16.0073,-0.280,-0.0440,,,37.0
33.9579,state,4,32.2234,0.280,-0.1465,,,36.0
33.9671,cmd,3,16.0513,,,29.30,1.49,
33.9672,cmd,4,32.1794,,,29.30,1.49,
33.9678,state,3,16.0073,-8.675,-0.0147,,,37.0
33.9678,state,4,32.2234,-3.078,-0.1465,,,36.0
33.9771,cmd,3,16.0513,,,29.30,1.49,
33.9771,cmd,4,32.1794,,,29.30,1.49,
33.9778,state,3,16.0073,1.959,-0.0147,,,37.0
33.9779,state,4,32.2234,1.959,-0.0879,,,36.0
33.9872,cmd,3,16.0513,,,29.30,1.49,
33.9872,cmd,4,32.1794,,,29.30,1.49,
33.9878,state,3,16.0073,0.280,-0.0147,,,37.0
33.9879,state,4,32.2234,-0.839,-0.0879,,,36.0
33.9971,cmd,3,16.0513,,,29.30,1.49,
33.9972,cmd,4,32.1794,,,29.30,1.49,
33.9978,state,3,16.0073,0.839,-0.0440,,,37.0
33.9979,state,4,32.2454,1.959,-0.0879,,,36.0
34.0072,cmd,3,16.0513,,,29.30,1.49,
34.0072,cmd,4,32.1794,,,29.30,1.49,
34.0078,state,3,16.0073,-4.197,0.0440,,,37.0
34.0079,state,4,32.2234,-0.280,-0.0879,,,36.0
34.0173,cmd,3,16.0513,,,29.30,1.49,
34.0173,cmd,4,32.1794,,,29.30,1.49,
34.0178,state,3,16.0073,-1.399,-0.0440,,,37.0
34.0181,state,4,32.2454,5.317,-0.0879,,,36.0
34.0272,cmd,3,16.0513,,,29.30,1.49,
34.0272,cmd,4,32.1794,,,29.30,1.49,
34.0278,state,3,16.0073,-5.876,-0.0147,,,37.0
34.0279,state,4,32.2234,-4.197,-0.0879,,,36.0
34.0372,cmd,3,16.0513,,,29.30,1.49,
34.0372,cmd,4,32.1794,,,29.30,1.49,
34.0378,state,3,16.0073,3.638,-0.0147,,,37.0
34.0379,state,4,32.2234,-1.399,-0.0879,,,36.0
34.0472,cmd,3,16.0513,,,29.30,1.49,
34.0472,cmd,4,32.1794,,,29.30,1.49,
34.0478,state,3,16.0073,-0.280,-0.0147,,,37.0
34.0479,state,4,32.2234,0.280,-0.0879,,,36.0
34.0572,cmd,3,16.0513,,,29.30,1.49,
34.0572,cmd,4,32.1794,,,29.30,1.49,
34.0578,state,3,16.0073,3.638,-0.0147,,,37.0
34.0579,state,4,32.2234,1.399,-0.0879,,,36.0
34.0672,cmd,3,16.0513,,,29.30,1.49,
34.0672,cmd,4,32.1794,,,29.30,1.49,
34.0678,state,3,16.0073,-1.399,-0.0147,,,37.0
34.0679,state,4,32.2234,0.280,-0.1465,,,36.0
34.0773,cmd,3,16.0513,,,29.30,1.49,
34.0773,cmd,4,32.1794,,,29.30,1.49,
34.0779,state,3,16.0073,1.959,-0.0147,,,37.0
34.0780,state,4,32.2234,-6.996,-0.0879,,,36.0
34.0872,cmd,3,16.0513,,,29.30,1.49,
34.0872,cmd,4,32.1794,,,29.30,1.49,
34.0879,state,3,16.0073,5.317,-0.0147,,,37.0
34.0879,state,4,32.2234,4.197,-0.0879,,,36.0
34.0972,cmd,3,16.0513,,,29.30,1.49,
34.0972,cmd,4,32.1794,,,29.30,1.49,
34.0978,state,3,16.0073,1.959,-0.0147,,,37.0
34.0979,state,4,32.2234,4.197,-0.0879,,,36.0
34.1072,cmd,3,16.0513,,,29.30,1.49,
34.1072,cmd,4,32.1794,,,29.30,1.49,
34.1078,state,3,16.0073,-9.794,-0.0147,,,37.0
34.1079,state,4,32.2234,-5.317,-0.1465,,,36.0
34.1171,cmd,3,16.0513,,,29.30,1.49,
34.1172,cmd,4,32.1794,,,29.30,1.49,
34.1178,state,3,16.0073,-1.959,0.0147,,,37.0
34.1178,state,4,32.2234,-2.518,-0.0879,,,36.0
34.1271,cmd,3,16.0513,,,29.30,1.49,
34.1272,cmd,4,32.1794,,,29.30,1.49,
34.1278,state,3,16.0073,1.399,0.0147,,,37.0
34.1279,state,4,32.2234,4.197,-0.0879,,,36.0
34.1372,cmd,3,16.0513,,,29.30,1.49,
34.1372,cmd,4,32.1794,,,29.30,1.49,
34.1378,state,3,16.0073,-1.959,0.0147,,,37.0
34.1379,state,4,32.2234,3.638,-0.0879,,,36.0
34.1472,cmd,3,16.0513,,,29.30,1.49,
34.1472,cmd,4,32.1794,,,29.30,1.49,
34.1478,state,3,16.0073,-5.317,0.0147,,,37.0
34.1479,state,4,32.2234,1.399,-0.0879,,,36.0
34.1572,cmd,3,16.0513,,,29.30,1.49,
34.1572,cmd,4,32.1794,,,29.30,1.49,
34.1578,state,3,16.0073,-3.638,-0.0147,,,37.0
34.1579,state,4,32.2234,2.518,-0.1465,,,36.0
34.1672,cmd,3,16.0513,,,29.30,1.49,
34.1672,cmd,4,32.1794,,,29.30,1.49,
34.1678,state,3,16.0073,2.518,-0.0440,,,37.0
34.1679,state,4,32.2234,-0.839,-0.0879,,,36.0
34.1772,cmd,3,16.0513,,,29.30,1.49,
34.1772,cmd,4,32.1794,,,29.30,1.49,
34.1778,state,3,16.0073,-0.839,-0.0147,,,37.0
34.1778,state,4,32.2234,-2.518,-0.0879,,,36.0
34.1871,cmd,3,16.0513,,,29.30,1.49,
34.1872,cmd,4,32.1794,,,29.30,1.49,
34.1878,state,3,16.0073,4.197,-0.0440,,,37.0
34.1878,state,4,32.2234,-0.839,-0.0879,,,36.0
34.1972,cmd,3,16.0513,,,29.30,1.49,
34.1972,cmd,4,32.1794,,,29.30,1.49,
34.1978,state,3,16.0073,-1.959,-0.0147,,,37.0
34.1979,state,4,32.2234,-0.280,-0.0879,,,36.0
34.2071,cmd,3,16.0513,,,29.30,1.49,
34.2072,cmd,4,32.1794,,,29.30,1.49,
34.2078,state,3,16.0073,4.757,-0.0733,,,37.0
34.2078,state,4,32.2234,-4.757,-0.1465,,,36.0
34.2172,cmd,3,16.0513,,,29.30,1.49,
34.2172,cmd,4,32.1794,,,29.30,1.49,
34.2178,state,3,16.0073,0.280,-0.0440,,,37.0
34.2179,state,4,32.2234,-2.518,-0.0879,,,36.0
34.2272,cmd,3,16.0513,,,29.30,1.49,
34.2272,cmd,4,32.1794,,,29.30,1.49,
34.2278,state,3,16.0073,-1.959,0.0147,,,37.0
34.2279,state,4,32.2454,2.518,-0.1465,,,36.0
34.2371,cmd,3,16.0513,,,29.30,1.49,
34.2372,cmd,4,32.1794,,,29.30,1.49,
34.2378,state,3,16.0073,-8.115,-0.0147,,,37.0
34.2379,state,4,32.2234,0.280,-0.0293,,,36.0
34.2472,cmd,3,16.0513,,,29.30,1.49,
34.2472,cmd,4,32.1794,,,29.30,1.49,
34.2478,state,3,16.0073,1.399,-0.0440,,,37.0
34.2479,state,4,32.2234,1.399,-0.0879,,,36.0
34.2572,cmd,3,16.0513,,,29.30,1.49,
34.2572,cmd,4,32.1794,,,29.30,1.49,
34.2578,state,3,16.0073,-3.078,-0.0147,,,37.0
34.2579,state,4,32.2234,3.078,-0.0879,,,36.0
34.2672,cmd,3,16.0513,,,29.30,1.49,
34.2672,cmd,4,32.1794,,,29.30,1.49,
34.2678,state,3,16.0073,-3.078,-0.0147,,,37.0
34.2679,state,4,32.2234,0.839,-0.1465,,,36.0
34.2772,cmd,3,16.0513,,,29.30,1.49,
34.2772,cmd,4,32.1794,,,29.30,1.49,
34.2778,state,3,16.0073,-1.399,-0.0147,,,37.0
34.2779,state,4,32.2234,0.280,-0.0879,,,36.0
34.2872,cmd,3,16.0513,,,29.30,1.49,
34.2872,cmd,4,32.1794,,,29.30,1.49,
34.2878,state,3,16.0073,7.555,0.0147,,,37.0
34.2879,state,4,32.2234,1.399,-0.0879,,,36.0
34.2972,cmd,3,16.0513,,,29.30,1.49,
34.2972,cmd,4,32.1794,,,29.30,1.49,
34.2978,state,3,16.0073,-1.959,0.0440,,,37.0
34.2979,state,4,32.2234,1.959,-0.0879,,,36.0
34.3072,cmd,3,16.0513,,,29.30,1.49,
34.3072,cmd,4,32.1794,,,29.30,1.49,
34.3078,state,3,16.0073,4.757,0.0440,,,37.0
34.3079,state,4,32.2234,1.959,-0.0879,,,36.0
34.3172,cmd,3,16.0513,,,29.30,1.49,
34.3172,cmd,4,32.1794,,,29.30,1.49,
34.3178,state,3,16.0073,3.638,-0.0147,,,37.0
34.3179,state,4,32.2234,-2.518,-0.0879,,,36.0
34.3272,cmd,3,16.0513,,,29.30,1.49,
34.3272,cmd,4,32.1794,,,29.30,1.49,
34.3278,state,3,16.0073,-4.757,-0.0440,,,37.0
34.3279,state,4,32.2234,1.399,-0.0879,,,36.0
34.3372,cmd,3,16.0513,,,29.30,1.49,
34.3372,cmd,4,32.1794,,,29.30,1.49,
34.3378,state,3,16.0073,-0.839,0.0147,,,37.0
34.3379,state,4,32.2234,3.638,-0.0879,,,36.0
34.3472,cmd,3,16.0513,,,29.30,1.49,
34.3473,cmd,4,32.1794,,,29.30,1.49,
34.3479,state,3,16.0073,0.839,-0.0147,,,37.0
34.3479,state,4,32.2234,1.399,-0.0879,,,36.0
34.3572,cmd,3,16.0513,,,29.30,1.49,
34.3572,cmd,4,32.1794,,,29.30,1.49,
34.3578,state,3,16.0073,0.839,-0.0147,,,37.0
34.3579,state,4,32.2234,-0.839,-0.0879,,,36.0
34.3672,cmd,3,16.0513,,,29.30,1.49,
34.3672,cmd,4,32.1794,,,29.30,1.49,
34.3678,state,3,16.0073,0.280,-0.0147,,,37.0
34.3679,state,4,32.2234,0.280,-0.0879,,,36.0
34.3772,cmd,3,16.0513,,,29.30,1.49,
34.3772,cmd,4,32.1794,,,29.30,1.49,
34.3778,state,3,16.0073,-5.876,0.0147,,,37.0
34.3779,state,4,32.2234,6.436,-0.0293,,,36.0
34.3872,cmd,3,16.0513,,,29.30,1.49,
34.3872,cmd,4,32.1794,,,29.30,1.49,
34.3878,state,3,16.0073,1.399,0.0440,,,37.0
34.3879,state,4,32.2234,5.317,-0.0879,,,36.0
34.3972,cmd,3,16.0513,,,29.30,1.49,
34.3972,cmd,4,32.1794,,,29.30,1.49,
34.3978,state,3,16.0073,-1.399,-0.0147,,,37.0
34.3979,state,4,32.2234,2.518,-0.0879,,,36.0
34.4072,cmd,3,16.0513,,,29.30,1.49,
34.4073,cmd,4,32.1794,,,29.30,1.49,
34.4078,state,3,16.0073,7.555,-0.0440,,,37.0
34.4079,state,4,32.2234,-3.638,-0.0879,,,36.0
34.4172,cmd,3,16.0513,,,29.30,1.49,
34.4172,cmd,4,32.1794,,,29.30,1.49,
34.4178,state,3,16.0073,-3.638,-0.0147,,,37.0
34.4179,state,4,32.2234,2.518,-0.1465,,,36.0
34.4272,cmd,3,16.0513,,,29.30,1.49,
34.4272,cmd,4,32.1794,,,29.30,1.49,
34.4278,state,3,16.0073,-0.839,0.0147,,,37.0
34.4279,state,4,32.2234,-0.839,-0.0879,,,36.0
34.4372,cmd,3,16.0513,,,29.30,1.49,
34.4373,cmd,4,32.1794,,,29.30,1.49,
34.4379,state,3,16.0073,-1.399,-0.0440,,,37.0
34.4379,state,4,32.2234,4.197,-0.0879,,,36.0
34.4472,cmd,3,16.0513,,,29.30,1.49,
34.4472,cmd,4,32.1794,,,29.30,1.49,
34.4478,state,3,16.0073,1.959,0.0147,,,37.0
34.4479,state,4,32.2234,-3.638,-0.1465,,,36.0
34.4572,cmd,3,16.0513,,,29.30,1.49,
34.4572,cmd,4,32.1794,,,29.30,1.49,
34.4578,state,3,16.0073,-2.518,0.0440,,,37.0
34.4579,state,4,32.2234,4.197,-0.0879,,,36.0
34.4673,cmd,3,16.0513,,,29.30,1.49,
34.4673,cmd,4,32.1794,,,29.30,1.49,
34.4679,state,3,16.0073,-1.399,-0.0147,,,37.0
34.4679,state,4,32.2234,9.234,-0.1465,,,36.0
34.4772,cmd,3,16.0513,,,29.30,1.49,
34.4772,cmd,4,32.1794,,,29.30,1.49,
34.4778,state,3,16.0073,-2.518,-0.0147,,,37.0
34.4779,state,4,32.2234,-3.078,-0.0879,,,36.0
34.4872,cmd,3,16.0513,,,29.30,1.49,
34.4872,cmd,4,32.1794,,,29.30,1.49,
34.4878,state,3,16.0073,-9.794,-0.0147,,,37.0
34.4879,state,4,32.2234,-1.399,-0.0879,,,36.0
34.4972,cmd,3,16.0513,,,29.30,1.49,
34.4972,cmd,4,32.1794,,,29.30,1.49,
34.4978,state,3,16.0073,0.280,-0.0147,,,37.0
34.4979,state,4,32.2234,0.280,-0.0879,,,36.0
34.5072,cmd,3,16.0513,,,29.30,1.49,
34.5072,cmd,4,32.1794,,,29.30,1.49,
34.5078,state,3,16.0073,-4.757,-0.0440,,,37.0
34.5079,state,4,32.2234,1.399,-0.0879,,,36.0
34.5172,cmd,3,16.0513,,,29.30,1.49,
34.5172,cmd,4,32.1794,,,29.30,1.49,
34.5178,state,3,16.0073,-1.399,-0.0147,,,37.0
34.5179,state,4,32.2234,1.399,-0.0879,,,36.0
34.5272,cmd,3,16.0513,,,29.30,1.49,
34.5272,cmd,4,32.1794,,,29.30,1.49,
34.5279,state,3,16.0073,1.399,-0.0440,,,37.0
34.5279,state,4,32.2234,-1.959,-0.0879,,,36.0
34.5372,cmd,3,16.0513,,,29.30,1.49,
34.5372,cmd,4,32.1794,,,29.30,1.49,
34.5378,state,3,16.0073,-2.518,0.0147,,,37.0
34.5379,state,4,32.2234,3.078,-0.0879,,,36.0
34.5472,cmd,3,16.0513,,,29.30,1.49,
34.5472,cmd,4,32.1794,,,29.30,1.49,
34.5478,state,3,16.0073,-3.638,-0.0147,,,37.0
34.5479,state,4,32.2234,-4.197,-0.0879,,,36.0
34.5572,cmd,3,16.0513,,,29.30,1.49,
34.5572,cmd,4,32.1794,,,29.30,1.49,
34.5579,state,3,16.0073,-0.280,-0.0440,,,37.0
34.5579,state,4,32.2234,6.436,-0.0879,,,36.0
34.5672,cmd,3,16.0513,,,29.30,1.49,
34.5672,cmd,4,32.1794,,,29.30,1.49,
34.5678,state,3,16.0073,-2.518,-0.0440,,,37.0
34.5679,state,4,32.2234,2.518,-0.0879,,,36.0
34.5772,cmd,3,16.0513,,,29.30,1.49,
34.5772,cmd,4,32.1794,,,29.30,1.49,
34.5779,state,3,16.0073,1.959,-0.0440,,,37.0
34.5779,state,4,32.2234,-1.959,-0.1465,,,36.0
34.5873,cmd,3,16.0513,,,29.30,1.49,
34.5873,cmd,4,32.1794,,,29.30,1.49,
34.5879,state,3,16.0073,0.839,0.0147,,,37.0
34.5879,state,4,32.2234,-2.518,-0.0879,,,36.0
34.5972,cmd,3,16.0513,,,29.30,1.49,
34.5972,cmd,4,32.1794,,,29.30,1.49,
34.5979,state,3,16.0073,3.638,-0.0147,,,37.0
34.5979,state,4,32.2234,1.399,-0.0879,,,36.0
34.6073,cmd,3,16.0513,,,29.30,1.49,
34.6073,cmd,4,32.1794,,,29.30,1.49,
34.6079,state,3,16.0073,1.959,0.0147,,,37.0
34.6080,state,4,32.2234,-1.399,-0.0879,,,36.0
34.6172,cmd,3,16.0513,,,29.30,1.49,
34.6173,cmd,4,32.1794,,,29.30,1.49,
34.6179,state,3,16.0073,3.638,-0.0440,,,37.0
34.6179,state,4,32.2234,0.839,-0.0879,,,36.0
34.6272,cmd,3,16.0513,,,29.30,1.49,
34.6272,cmd,4,32.1794,,,29.30,1.49,
34.6279,state,3,16.0073,9.234,-0.0147,,,37.0
34.6279,state,4,32.2234,3.638,-0.0879,,,36.0
34.6373,cmd,3,16.0513,,,29.30,1.49,
34.6373,cmd,4,32.1794,,,29.30,1.49,
34.6379,state,3,16.0073,-1.959,0.0147,,,37.0
34.6380,state,4,32.2234,-4.197,-0.0879,,,36.0
34.6472,cmd,3,16.0513,,,29.30,1.49,
34.6473,cmd,4,32.1794,,,29.30,1.49,
34.6479,state,3,16.0073,-9.234,-0.0147,,,37.0
34.6479,state,4,32.2234,4.197,-0.0879,,,36.0
34.6573,cmd,3,16.0513,,,29.30,1.49,
34.6573,cmd,4,32.1794,,,29.30,1.49,
34.6578,state,3,16.0073,-0.839,-0.0733,,,37.0
34.6583,state,4,32.2234,0.280,-0.0293,,,36.0
34.6672,cmd,3,16.0513,,,29.30,1.49,
34.6673,cmd,4,32.1794,,,29.30,1.49,
34.6679,state,3,16.0073,5.317,-0.0147,,,37.0
34.6681,state,4,32.2234,-3.078,-0.0879,,,36.0
34.6773,cmd,3,16.0513,,,29.30,1.49,
34.6773,cmd,4,32.1794,,,29.30,1.49,
34.6779,state,3,16.0073,1.399,-0.0733,,,37.0
34.6781,state,4,32.2234,3.638,-0.0879,,,36.0
34.6873,cmd,3,16.0513,,,29.30,1.49,
34.6873,cmd,4,32.1794,,,29.30,1.49,
34.6879,state,3,16.0073,4.197,-0.0440,,,37.0
34.6881,state,4,32.2234,-0.839,-0.0879,,,36.0
34.6973,cmd,3,16.0513,,,29.30,1.49,
34.6973,cmd,4,32.1794,,,29.30,1.49,
34.6979,state,3,16.0073,0.280,-0.0440,,,37.0
34.6981,state,4,32.2454,4.197,-0.0879,,,36.0
34.7073,cmd,3,16.0513,,,29.30,1.49,
34.7073,cmd,4,32.1794,,,29.30,1.49,
34.7078,state,3,16.0073,-2.518,0.0147,,,37.0
34.7080,state,4,32.2234,-1.959,-0.0879,,,36.0
34.7173,cmd,3,16.0513,,,29.30,1.49,
34.7174,cmd,4,32.1794,,,29.30,1.49,
34.7179,state,3,16.0073,0.839,-0.0147,,,37.0
34.7180,state,4,32.2234,-3.638,-0.0879,,,36.0
34.7273,cmd,3,16.0513,,,29.30,1.49,
34.7273,cmd,4,32.1794,,,29.30,1.49,
34.7278,state,3,16.0073,-4.197,-0.0147,,,37.0
34.7280,state,4,32.2234,1.399,-0.0293,,,36.0
34.7373,cmd,3,16.0513,,,29.30,1.49,
34.7374,cmd,4,32.1794,,,29.30,1.49,
34.7379,state,3,16.0073,-1.399,0.0147,,,37.0
34.7380,state,4,32.2234,-6.436,-0.0879,,,36.0
34.7473,cmd,3,16.0513,,,29.30,1.49,
34.7474,cmd,4,32.1794,,,29.30,1.49,
34.7478,state,3,16.0073,-5.317,0.0440,,,37.0
34.7480,state,4,32.2234,-0.839,-0.0879,,,36.0
34.7574,cmd,3,16.0513,,,29.30,1.49,
34.7574,cmd,4,32.1794,,,29.30,1.49,
34.7578,state,3,16.0073,-4.757,-0.0147,,,37.0
34.7581,state,4,32.2234,0.839,-0.0879,,,36.0
34.7674,cmd,3,16.0513,,,29.30,1.49,
34.7674,cmd,4,32.1794,,,29.30,1.49,
34.7680,state,3,16.0073,1.399,-0.0440,,,37.0
34.7680,state,4,32.2234,-1.399,-0.0879,,,36.0
34.7773,cmd,3,16.0513,,,29.30,1.49,
34.7774,cmd,4,32.1794,,,29.30,1.49,
34.7779,state,3,16.0073,1.959,0.0147,,,37.0
34.7780,state,4,32.2234,-1.959,-0.0879,,,36.0
34.7873,cmd,3,16.0513,,,29.30,1.49,
34.7873,cmd,4,32.1794,,,29.30,1.49,
34.7879,state,3,16.0073,-4.197,0.0147,,,37.0
34.7880,state,4,32.2234,-1.959,-0.0879,,,36.0
34.7973,cmd,3,16.0513,,,29.30,1.49,
34.7974,cmd,4,32.1794,,,29.30,1.49,
34.7979,state,3,16.0073,1.399,-0.0733,,,37.0
34.7980,state,4,32.2234,-3.638,-0.0879,,,36.0
34.8073,cmd,3,16.0513,,,29.30,1.49,
34.8073,cmd,4,32.1794,,,29.30,1.49,
34.8078,state,3,16.0073,1.399,-0.0147,,,37.0
34.8080,state,4,32.2234,-1.959,-0.0879,,,36.0
34.8173,cmd,3,16.0513,,,29.30,1.49,
34.8173,cmd,4,32.1794,,,29.30,1.49,
34.8179,state,3,16.0073,3.638,-0.0440,,,37.0
34.8180,state,4,32.2234,-3.078,-0.0879,,,36.0
34.8273,cmd,3,16.0513,,,29.30,1.49,
34.8274,cmd,4,32.1794,,,29.30,1.49,
34.8280,state,3,16.0073,3.078,-0.0147,,,37.0
34.8280,state,4,32.2234,-7.555,-0.0879,,,36.0
34.8373,cmd,3,16.0513,,,29.30,1.49,
34.8374,cmd,4,32.1794,,,29.30,1.49,
34.8379,state,3,16.0073,-3.078,0.0147,,,37.0
34.8380,state,4,32.2234,-1.959,-0.0879,,,36.0
34.8473,cmd,3,16.0513,,,29.30,1.49,
34.8474,cmd,4,32.1794,,,29.30,1.49,
34.8479,state,3,16.0073,-3.638,-0.0440,,,37.0
34.8480,state,4,32.2234,2.518,-0.1465,,,36.0
34.8574,cmd,3,16.0513,,,29.30,1.49,
34.8574,cmd,4,32.1794,,,29.30,1.49,
34.8578,state,3,16.0073,5.876,-0.0733,,,37.0
34.8581,state,4,32.2234,-1.959,-0.0879,,,36.0
34.8673,cmd,3,16.0513,,,29.30,1.49,
34.8674,cmd,4,32.1794,,,29.30,1.49,
34.8678,state,3,16.0073,-1.399,-0.0733,,,37.0
34.8680,state,4,32.2234,-0.280,-0.0879,,,36.0
34.8774,cmd,3,16.0513,,,29.30,1.49,
34.8774,cmd,4,32.1794,,,29.30,1.49,
34.8778,state,3,16.0073,0.839,-0.0440,,,37.0
34.8781,state,4,32.2234,1.959,-0.0879,,,36.0
34.8874,cmd,3,16.0513,,,29.30,1.49,
34.8874,cmd,4,32.1794,,,29.30,1.49,
34.8880,state,3,16.0073,0.280,-0.0440,,,37.0
34.8881,state,4,32.2234,1.399,-0.0879,,,36.0
34.8974,cmd,3,16.0513,,,29.30,1.49,
34.8974,cmd,4,32.1794,,,29.30,1.49,
34.8979,state,3,16.0073,-4.757,-0.0440,,,37.0
34.8981,state,4,32.2234,0.280,-0.1465,,,36.0
34.9073,cmd,3,16.0513,,,29.30,1.49,
34.9074,cmd,4,32.1794,,,29.30,1.49,
34.9078,state,3,16.0073,5.317,0.0147,,,37.0
34.9081,state,4,32.2234,1.399,-0.1465,,,36.0
34.9173,cmd,3,16.0513,,,29.30,1.49,
34.9173,cmd,4,32.1794,,,29.30,1.49,
34.9179,state,3,16.0073,-0.280,0.0147,,,37.0
34.9180,state,4,32.2234,-2.518,-0.0879,,,36.0
34.9273,cmd,3,16.0513,,,29.30,1.49,
34.9273,cmd,4,32.1794,,,29.30,1.49,
34.9279,state,3,16.0073,0.839,-0.0440,,,37.0
34.9280,state,4,32.2234,-5.317,-0.0879,,,36.0
34.9373,cmd,3,16.0513,,,29.30,1.49,
34.9373,cmd,4,32.1794,,,29.30,1.49,
34.9379,state,3,16.0073,-3.638,-0.0147,,,37.0
34.9380,state,4,32.2234,2.518,-0.0879,,,36.0
34.9474,cmd,3,16.0513,,,29.30,1.49,
34.9474,cmd,4,32.1794,,,29.30,1.49,
34.9480,state,3,16.0073,-3.638,-0.0440,,,37.0
34.9481,state,4,32.2234,-0.280,-0.0879,,,36.0
34.9573,cmd,3,16.0513,,,29.30,1.49,
34.9573,cmd,4,32.1794,,,29.30,1.49,
34.9579,state,3,16.0073,3.638,-0.0440,,,37.0
34.9580,state,4,32.2234,1.399,-0.1465,,,36.0
34.9673,cmd,3,16.0513,,,29.30,1.49,
34.9673,cmd,4,32.1794,,,29.30,1.49,
34.9679,state,3,16.0073,1.399,-0.0147,,,37.0
34.9680,state,4,32.2234,2.518,-0.0879,,,36.0
34.9773,cmd,3,16.0513,,,29.30,1.49,
34.9773,cmd,4,32.1794,,,29.30,1.49,
34.9779,state,3,16.0073,-3.638,0.0147,,,37.0
34.9780,state,4,32.2234,-0.280,-0.0879,,,36.0
34.9873,cmd,3,16.0513,,,29.30,1.49,
34.9873,cmd,4,32.1794,,,29.30,1.49,
34.9879,state,3,16.0073,3.638,-0.0440,,,37.0
34.9880,state,4,32.2234,-3.638,-0.0879,,,36.0
34.9973,cmd,3,16.0513,,,29.30,1.49,
34.9973,cmd,4,32.1794,,,29.30,1.49,
34.9979,state,3,16.0073,-4.197,0.0147,,,37.0
34.9980,state,4,32.2234,0.839,-0.0879,,,36.0
35.0073,cmd,3,16.0513,,,29.30,1.49,
35.0074,cmd,4,32.1794,,,29.30,1.49,
35.0079,state,3,16.0073,3.638,-0.0147,,,37.0
35.0083,state,4,32.2234,-0.280,-0.0879,,,36.0
35.0173,cmd,3,16.0513,,,29.30,1.49,
35.0173,cmd,4,32.1794,,,29.30,1.49,
35.0178,state,3,16.0073,3.078,0.0440,,,37.0
35.0183,state,4,32.2234,3.078,-0.1465,,,36.0
35.0273,cmd,3,16.0513,,,29.30,1.49,
35.0273,cmd,4,32.1794,,,29.30,1.49,
35.0279,state,3,16.0073,3.638,0.0147,,,37.0
35.0283,state,4,32.2234,-0.280,-0.0879,,,36.0
35.0373,cmd,3,16.0513,,,29.30,1.49,
35.0374,cmd,4,32.1794,,,29.30,1.49,
35.0380,state,3,16.0073,-5.317,-0.0440,,,37.0
35.0380,state,4,32.2234,6.436,-0.0879,,,36.0
35.0473,cmd,3,16.0513,,,29.30,1.49,
35.0473,cmd,4,32.1794,,,29.30,1.49,
35.0479,state,3,16.0073,-0.280,-0.0147,,,37.0
35.0480,state,4,32.2234,-0.280,-0.0879,,,36.0
35.0573,cmd,3,16.0513,,,29.30,1.49,
35.0574,cmd,4,32.1794,,,29.30,1.49,
35.0579,state,3,16.0073,-1.959,-0.0147,,,37.0
35.0580,state,4,32.2234,-5.317,-0.0879,,,36.0
35.0673,cmd,3,16.0513,,,29.30,1.49,
35.0673,cmd,4,32.1794,,,29.30,1.49,
35.0679,state,3,16.0073,6.436,0.0147,,,37.0
35.0680,state,4,32.2234,0.280,-0.0879,,,36.0
35.0774,cmd,3,16.0513,,,29.30,1.49,
35.0774,cmd,4,32.1794,,,29.30,1.49,
35.0780,state,3,16.0073,6.436,-0.0440,,,37.0
35.0780,state,4,32.2234,0.280,-0.0879,,,36.0
35.0874,cmd,3,16.0513,,,29.30,1.49,
35.0874,cmd,4,32.1794,,,29.30,1.49,
35.0879,state,3,16.0073,-1.399,-0.0147,,,37.0
35.0883,state,4,32.2234,0.280,-0.1465,,,36.0
35.0974,cmd,3,16.0513,,,29.30,1.49,
35.0974,cmd,4,32.1794,,,29.30,1.49,
35.0979,state,3,16.0073,-1.399,-0.0147,,,37.0
35.0984,state,4,32.2234,-3.638,-0.0879,,,36.0
35.1074,cmd,3,16.0513,,,29.30,1.49,
35.1074,cmd,4,32.1794,,,29.30,1.49,
35.1079,state,3,16.0073,-3.078,-0.0733,,,37.0
35.1082,state,4,32.2234,3.638,-0.0879,,,36.0
35.1173,cmd,3,16.0513,,,29.30,1.49,
35.1174,cmd,4,32.1794,,,29.30,1.49,
35.1178,state,3,16.0073,-1.399,-0.0147,,,37.0
35.1183,state,4,32.2234,1.959,-0.0879,,,36.0
35.1274,cmd,3,16.0513,,,29.30,1.49,
35.1274,cmd,4,32.1794,,,29.30,1.49,
35.1279,state,3,16.0073,0.839,-0.0147,,,37.0
35.1283,state,4,32.2234,1.959,-0.0879,,,36.0
35.1374,cmd,3,16.0513,,,29.30,1.49,
35.1374,cmd,4,32.1794,,,29.30,1.49,
35.1380,state,3,16.0073,-3.078,-0.0147,,,37.0
35.1381,state,4,32.2234,1.399,-0.0879,,,36.0
35.1473,cmd,3,16.0513,,,29.30,1.49,
35.1473,cmd,4,32.1794,,,29.30,1.49,
35.1479,state,3,16.0073,4.197,-0.0147,,,37.0
35.1483,state,4,32.2234,2.518,-0.0879,,,36.0
35.1575,cmd,3,16.0513,,,29.30,1.49,
35.1575,cmd,4,32.1794,,,29.30,1.49,
35.1580,state,3,16.0073,6.436,-0.0147,,,37.0
35.1582,state,4,32.2234,1.959,-0.1465,,,36.0
35.1674,cmd,3,16.0513,,,29.30,1.49,
35.1674,cmd,4,32.1794,,,29.30,1.49,
35.1680,state,3,16.0073,7.555,-0.0147,,,37.0
35.1681,state,4,32.2234,-0.839,-0.0879,,,36.0
35.1774,cmd,3,16.0513,,,29.30,1.49,
35.1774,cmd,4,32.1794,,,29.30,1.49,
35.1779,state,3,16.0073,5.317,-0.0147,,,37.0
35.1780,state,4,32.2234,1.959,-0.0879,,,36.0
35.1874,cmd,3,16.0513,,,29.30,1.49,
35.1874,cmd,4,32.1794,,,29.30,1.49,
35.1879,state,3,16.0073,-4.757,0.0147,,,37.0
35.1882,state,4,32.2234,0.280,-0.0879,,,36.0
35.1974,cmd,3,16.0513,,,29.30,1.49,
35.1974,cmd,4,32.1794,,,29.30,1.49,
35.1980,state,3,16.0073,-4.757,-0.0147,,,37.0
35.1981,state,4,32.2234,1.399,-0.0879,,,36.0
35.2073,cmd,3,16.0513,,,29.30,1.49,
35.2073,cmd,4,32.1794,,,29.30,1.49,
35.2079,state,3,16.0073,6.996,0.0147,,,37.0
35.2080,state,4,32.2234,0.280,-0.0879,,,36.0
35.2174,cmd,3,16.0513,,,29.30,1.49,
35.2174,cmd,4,32.1794,,,29.30,1.49,
35.2179,state,3,16.0073,-8.115,-0.0147,,,37.0
35.2181,state,4,32.2454,0.839,-0.0879,,,36.0
35.2273,cmd,3,16.0513,,,29.30,1.49,
35.2274,cmd,4,32.1794,,,29.30,1.49,
35.2279,state,3,16.0073,-9.794,-0.0733,,,37.0
35.2280,state,4,32.2234,-3.638,-0.0879,,,36.0
35.2374,cmd,3,16.0513,,,29.30,1.49,
35.2374,cmd,4,32.1794,,,29.30,1.49,
35.2380,state,3,16.0073,0.839,0.0440,,,37.0
35.2381,state,4,32.2234,-3.078,-0.0879,,,36.0
35.2474,cmd,3,16.0513,,,29.30,1.49,
35.2474,cmd,4,32.1794,,,29.30,1.49,
35.2479,state,3,16.0073,1.399,-0.0147,,,37.0
35.2483,state,4,32.2234,-4.197,-0.0879,,,36.0
35.2574,cmd,3,16.0513,,,29.30,1.49,
35.2574,cmd,4,32.1794,,,29.30,1.49,
35.2580,state,3,16.0073,-3.638,-0.0147,,,37.0
35.2582,state,4,32.2234,-1.959,-0.0879,,,36.0
35.2674,cmd,3,16.0513,,,29.30,1.49,
35.2674,cmd,4,32.1794,,,29.30,1.49,
35.2680,state,3,16.0073,-3.078,-0.0440,,,37.0
35.2680,state,4,32.2234,-2.518,-0.0879,,,36.0
35.2774,cmd,3,16.0513,,,29.30,1.49,
35.2775,cmd,4,32.1794,,,29.30,1.49,
35.2780,state,3,16.0073,4.197,-0.0440,,,37.0
35.2784,state,4,32.2234,-0.839,-0.0879,,,36.0
35.2874,cmd,3,16.0513,,,29.30,1.49,
35.2874,cmd,4,32.1794,,,29.30,1.49,
35.2880,state,3,16.0073,4.757,-0.0440,,,37.0
35.2881,state,4,32.2234,4.197,-0.0879,,,36.0
35.2974,cmd,3,16.0513,,,29.30,1.49,
35.2974,cmd,4,32.1794,,,29.30,1.49,
35.2979,state,3,16.0073,0.839,-0.0440,,,37.0
35.2983,state,4,32.2234,2.518,-0.0879,,,36.0
35.3074,cmd,3,16.0513,,,29.30,1.49,
35.3074,cmd,4,32.1794,,,29.30,1.49,
35.3079,state,3,16.0073,-0.280,-0.0440,,,37.0
35.3083,state,4,32.2234,0.839,-0.0879,,,36.0
35.3173,cmd,3,16.0513,,,29.30,1.49,
35.3174,cmd,4,32.1794,,,29.30,1.49,
35.3180,state,3,16.0073,-1.959,-0.0733,,,37.0
35.3181,state,4,32.2234,-4.197,-0.0879,,,36.0
35.3273,cmd,3,16.0513,,,29.30,1.49,
35.3273,cmd,4,32.1794,,,29.30,1.49,
35.3279,state,3,16.0073,-1.399,-0.0147,,,37.0
35.3280,state,4,32.2234,-3.638,-0.0879,,,36.0
35.3374,cmd,3,16.0513,,,29.30,1.49,
35.3374,cmd,4,32.1794,,,29.30,1.49,
35.3380,state,3,16.0073,-0.839,0.0147,,,37.0
35.3381,state,4,32.2234,-3.078,-0.0879,,,36.0
35.3474,cmd,3,16.0513,,,29.30,1.49,
35.3474,cmd,4,32.1794,,,29.30,1.49,
35.3480,state,3,16.0073,4.197,-0.0440,,,37.0
35.3481,state,4,32.2234,-0.839,-0.0879,,,36.0
35.3574,cmd,3,16.0513,,,29.30,1.49,
35.3574,cmd,4,32.1794,,,29.30,1.49,
35.3580,state,3,16.0073,0.280,-0.0440,,,37.0
35.3582,state,4,32.2234,-5.317,-0.0879,,,36.0
35.3674,cmd,3,16.0513,,,29.30,1.49,
35.3674,cmd,4,32.1794,,,29.30,1.49,
35.3680,state,3,16.0073,6.436,0.0147,,,37.0
35.3682,state,4,32.2234,-2.518,-0.1465,,,36.0
35.3774,cmd,3,16.0513,,,29.30,1.49,
35.3774,cmd,4,32.1794,,,29.30,1.49,
35.3779,state,3,16.0073,0.280,-0.0147,,,37.0
35.3783,state,4,32.2234,-3.078,-0.1465,,,36.0
35.3874,cmd,3,16.0513,,,29.30,1.49,
35.3874,cmd,4,32.1794,,,29.30,1.49,
35.3879,state,3,16.0073,0.839,-0.0440,,,37.0
35.3883,state,4,32.2234,0.839,-0.0879,,,36.0
35.3974,cmd,3,16.0513,,,29.30,1.49,
35.3974,cmd,4,32.1794,,,29.30,1.49,
35.3979,state,3,16.0073,-0.280,-0.0440,,,37.0
35.3984,state,4,32.2234,-0.280,-0.0879,,,36.0
35.4074,cmd,3,16.0513,,,29.30,1.49,
35.4074,cmd,4,32.1794,,,29.30,1.49,
35.4079,state,3,16.0073,-4.197,-0.0733,,,37.0
35.4083,state,4,32.2234,-3.078,-0.0293,,,36.0
35.4173,cmd,3,16.0513,,,29.30,1.49,
35.4174,cmd,4,32.1794,,,29.30,1.49,
35.4179,state,3,16.0073,-0.839,-0.0440,,,37.0
35.4183,state,4,32.2234,0.280,-0.0879,,,36.0
35.4274,cmd,3,16.0513,,,29.30,1.49,
35.4275,cmd,4,32.1794,,,29.30,1.49,
35.4281,state,3,16.0073,2.518,-0.0147,,,37.0
35.4282,state,4,32.2234,0.839,-0.0879,,,36.0
35.4374,cmd,3,16.0513,,,29.30,1.49,
35.4374,cmd,4,32.1794,,,29.30,1.49,
35.4380,state,3,16.0073,0.839,-0.0440,,,37.0
35.4382,state,4,32.2234,-0.280,-0.0879,,,36.0
35.4474,cmd,3,16.0513,,,29.30,1.49,
35.4475,cmd,4,32.1794,,,29.30,1.49,
35.4480,state,3,16.0073,-1.959,0.0147,,,37.0
35.4484,state,4,32.2454,1.959,-0.0879,,,36.0
35.4574,cmd,3,16.0513,,,29.30,1.49,
35.4574,cmd,4,32.1794,,,29.30,1.49,
35.4579,state,3,16.0073,0.280,-0.0147,,,37.0
35.4583,state,4,32.2234,0.280,-0.0879,,,36.0
35.4674,cmd,3,16.0513,,,29.30,1.49,
35.4674,cmd,4,32.1794,,,29.30,1.49,
35.4680,state,3,16.0073,-0.280,0.0147,,,37.0
35.4681,state,4,32.2234,0.280,-0.0879,,,36.0
35.4774,cmd,3,16.0513,,,29.30,1.49,
35.4774,cmd,4,32.1794,,,29.30,1.49,
35.4779,state,3,16.0073,3.078,-0.0440,,,37.0
35.4783,state,4,32.2234,-1.959,-0.0879,,,36.0
35.4874,cmd,3,16.0513,,,29.30,1.49,
35.4874,cmd,4,32.1794,,,29.30,1.49,
35.4880,state,3,16.0073,-6.436,-0.0147,,,37.0
35.4882,state,4,32.2234,-3.638,-0.0879,,,36.0
35.4974,cmd,3,16.0513,,,29.30,1.49,
35.4974,cmd,4,32.1794,,,29.30,1.49,
35.4980,state,3,16.0073,-8.675,-0.0147,,,37.0
35.4982,state,4,32.2234,4.197,-0.0879,,,36.0
35.5074,cmd,3,16.0513,,,29.30,1.49,
35.5074,cmd,4,32.1794,,,29.30,1.49,
35.5080,state,3,16.0073,-5.317,-0.0147,,,37.0
35.5080,state,4,32.2234,-1.959,-0.0879,,,36.0
35.5175,cmd,3,16.0513,,,29.30,1.49,
35.5175,cmd,4,32.1794,,,29.30,1.49,
35.5181,state,3,16.0073,0.280,-0.0440,,,37.0
35.5182,state,4,32.2234,-0.839,-0.0293,,,36.0
35.5274,cmd,3,16.0513,,,29.30,1.49,
35.5274,cmd,4,32.1794,,,29.30,1.49,
35.5280,state,3,16.0073,1.959,-0.0147,,,37.0
35.5281,state,4,32.2234,0.280,-0.0879,,,36.0
35.5374,cmd,3,16.0513,,,29.30,1.49,
35.5374,cmd,4,32.1794,,,29.30,1.49,
35.5379,state,3,16.0073,4.757,-0.0147,,,37.0
35.5384,state,4,32.2234,-3.638,-0.0879,,,36.0
35.5474,cmd,3,16.0513,,,29.30,1.49,
35.5474,cmd,4,32.1794,,,29.30,1.49,
35.5479,state,3,16.0073,3.638,0.0147,,,37.0
35.5483,state,4,32.2234,1.959,-0.0879,,,36.0
35.5574,cmd,3,16.0513,,,29.30,1.49,
35.5574,cmd,4,32.1794,,,29.30,1.49,
35.5580,state,3,16.0073,-3.638,-0.0147,,,37.0
35.5581,state,4,32.2234,-1.959,-0.0879,,,36.0
35.5674,cmd,3,16.0513,,,29.30,1.49,
35.5674,cmd,4,32.1794,,,29.30,1.49,
35.5680,state,3,16.0073,4.197,0.0147,,,37.0
35.5681,state,4,32.2234,-3.638,-0.0879,,,36.0
35.5774,cmd,3,16.0513,,,29.30,1.49,
35.5775,cmd,4,32.1794,,,29.30,1.49,
35.5780,state,3,16.0073,1.399,-0.0440,,,37.0
35.5781,state,4,32.2234,-1.959,-0.0879,,,36.0
35.5874,cmd,3,16.0513,,,29.30,1.49,
35.5874,cmd,4,32.1794,,,29.30,1.49,
35.5880,state,3,16.0073,-6.436,-0.0147,,,37.0
35.5881,state,4,32.2234,0.280,-0.0879,,,36.0
35.5975,cmd,3,16.0513,,,29.30,1.49,
35.5975,cmd,4,32.1794,,,29.30,1.49,
35.5980,state,3,16.0073,-2.518,0.0147,,,37.0
35.5981,state,4,32.2234,0.839,-0.0879,,,36.0
35.6075,cmd,3,16.0513,,,29.30,1.49,
35.6075,cmd,4,32.1794,,,29.30,1.49,
35.6080,state,3,16.0073,-2.518,-0.0440,,,37.0
35.6081,state,4,32.2234,0.280,-0.0879,,,36.0
35.6174,cmd,3,16.0513,,,29.30,1.49,
35.6175,cmd,4,32.1794,,,29.30,1.49,
35.6180,state,3,16.0073,3.078,-0.0147,,,37.0
35.6181,state,4,32.2234,-4.197,-0.0879,,,36.0
35.6274,cmd,3,16.0513,,,29.30,1.49,
35.6274,cmd,4,32.1794,,,29.30,1.49,
35.6280,state,3,16.0073,9.234,-0.0147,,,37.0
35.6281,state,4,32.2234,-0.280,-0.0879,,,36.0
35.6375,cmd,3,16.0513,,,29.30,1.49,
35.6375,cmd,4,32.1794,,,29.30,1.49,
35.6380,state,3,16.0073,-2.518,-0.0440,,,37.0
35.6381,state,4,32.2234,-5.876,-0.0879,,,36.0
35.6474,cmd,3,16.0513,,,29.30,1.49,
35.6474,cmd,4,32.1794,,,29.30,1.49,
35.6480,state,3,16.0073,0.280,-0.0733,,,37.0
35.6481,state,4,32.2234,-2.518,-0.0879,,,36.0
35.6575,cmd,3,16.0513,,,29.30,1.49,
35.6575,cmd,4,32.1794,,,29.30,1.49,
35.6580,state,3,16.0073,2.518,-0.0440,,,37.0
35.6581,state,4,32.2234,-3.638,-0.1465,,,36.0
35.6674,cmd,3,16.0513,,,29.30,1.49,
35.6675,cmd,4,32.1794,,,29.30,1.49,
35.6680,state,3,16.0073,3.638,-0.0147,,,37.0
35.6681,state,4,32.2234,0.839,-0.1465,,,36.0
35.6775,cmd,3,16.0513,,,29.30,1.49,
35.6775,cmd,4,32.1794,,,29.30,1.49,
35.6780,state,3,16.0073,-2.518,-0.0147,,,37.0
35.6781,state,4,32.2234,-2.518,-0.0879,,,36.0
35.6874,cmd,3,16.0513,,,29.30,1.49,
35.6874,cmd,4,32.1794,,,29.30,1.49,
35.6881,state,3,16.0073,-0.280,0.0147,,,37.0
35.6881,state,4,32.2234,4.197,-0.0879,,,36.0
35.6975,cmd,3,16.0513,,,29.30,1.49,
35.6975,cmd,4,32.1794,,,29.30,1.49,
35.6980,state,3,16.0073,5.317,-0.0147,,,37.0
35.6981,state,4,32.2234,-4.757,-0.1465,,,36.0
35.7074,cmd,3,16.0513,,,29.30,1.49,
35.7074,cmd,4,32.1794,,,29.30,1.49,
35.7080,state,3,16.0073,-4.757,-0.0440,,,37.0
35.7081,state,4,32.2234,0.280,-0.0879,,,36.0
35.7174,cmd,3,16.0513,,,29.30,1.49,
35.7174,cmd,4,32.1794,,,29.30,1.49,
35.7180,state,3,16.0073,-0.839,-0.0147,,,37.0
35.7181,state,4,32.2234,0.839,-0.0879,,,36.0
35.7274,cmd,3,16.0513,,,29.30,1.49,
35.7275,cmd,4,32.1794,,,29.30,1.49,
35.7280,state,3,16.0073,3.078,-0.0147,,,37.0
35.7281,state,4,32.2234,-1.399,-0.0879,,,36.0
35.7375,cmd,3,16.0513,,,29.30,1.49,
35.7375,cmd,4,32.1794,,,29.30,1.49,
35.7380,state,3,16.0073,-1.959,-0.0440,,,37.0
35.7381,state,4,32.2234,0.839,-0.0879,,,36.0
35.7474,cmd,3,16.0513,,,29.30,1.49,
35.7474,cmd,4,32.1794,,,29.30,1.49,
35.7480,state,3,16.0073,-8.115,-0.0440,,,37.0
35.7481,state,4,32.2234,-0.839,-0.0879,,,36.0
35.7575,cmd,3,16.0513,,,29.30,1.49,
35.7575,cmd,4,32.1794,,,29.30,1.49,
35.7580,state,3,16.0073,1.399,-0.0440,,,37.0
35.7581,state,4,32.2234,-0.280,-0.0879,,,36.0
35.7675,cmd,3,16.0513,,,29.30,1.49,
35.7675,cmd,4,32.1794,,,29.30,1.49,
35.7680,state,3,16.0073,-1.959,-0.0147,,,37.0
35.7681,state,4,32.2234,-0.839,-0.1465,,,36.0
35.7775,cmd,3,16.0513,,,29.30,1.49,
35.7775,cmd,4,32.1794,,,29.30,1.49,
35.7780,state,3,16.0073,2.518,0.0147,,,37.0
35.7784,state,4,32.2234,5.317,-0.0293,,,36.0
35.7875,cmd,3,16.0513,,,29.30,1.49,
35.7875,cmd,4,32.1794,,,29.30,1.49,
35.7881,state,3,16.0073,3.078,-0.0440,,,37.0
35.7882,state,4,32.2234,3.078,-0.0879,,,36.0
35.7975,cmd,3,16.0513,,,29.30,1.49,
35.7975,cmd,4,32.1794,,,29.30,1.49,
35.7980,state,3,15.9854,-8.675,-0.0147,,,37.0
35.7981,state,4,32.2234,-0.839,-0.0879,,,36.0
35.8074,cmd,3,16.0513,,,29.30,1.49,
35.8074,cmd,4,32.1794,,,29.30,1.49,
35.8081,state,3,16.0073,-4.197,-0.0147,,,37.0
35.8082,state,4,32.2234,-3.638,-0.0879,,,36.0
35.8175,cmd,3,16.0513,,,29.30,1.49,
35.8175,cmd,4,32.1794,,,29.30,1.49,
35.8181,state,3,16.0073,-6.436,-0.0440,,,37.0
35.8182,state,4,32.2234,-3.638,-0.0879,,,36.0
35.8275,cmd,3,16.0513,,,29.30,1.49,
35.8275,cmd,4,32.1794,,,29.30,1.49,
35.8281,state,3,16.0073,-1.399,-0.0147,,,37.0
35.8282,state,4,32.2234,0.280,-0.1465,,,36.0
35.8375,cmd,3,16.0513,,,29.30,1.49,
35.8375,cmd,4,32.1794,,,29.30,1.49,
35.8380,state,3,16.0073,-0.839,-0.0147,,,37.0
35.8381,state,4,32.2234,-0.280,-0.0879,,,36.0
35.8475,cmd,3,16.0513,,,29.30,1.49,
35.8476,cmd,4,32.1794,,,29.30,1.49,
35.8481,state,3,16.0073,1.959,0.0147,,,37.0
35.8482,state,4,32.2234,3.078,-0.0879,,,36.0
35.8575,cmd,3,16.0513,,,29.30,1.49,
35.8575,cmd,4,32.1794,,,29.30,1.49,
35.8580,state,3,16.0073,-5.317,-0.0147,,,37.0
35.8584,state,4,32.2234,3.078,-0.0879,,,36.0
35.8675,cmd,3,16.0513,,,29.30,1.49,
35.8675,cmd,4,32.1794,,,29.30,1.49,
35.8680,state,3,16.0073,-2.518,-0.0147,,,37.0
35.8682,state,4,32.2454,1.959,-0.0293,,,36.0
35.8775,cmd,3,16.0513,,,29.30,1.49,
35.8775,cmd,4,32.1794,,,29.30,1.49,
35.8781,state,3,16.0073,-5.317,0.0147,,,37.0
35.8782,state,4,32.2454,-0.839,-0.0879,,,36.0
35.8875,cmd,3,16.0513,,,29.30,1.49,
35.8875,cmd,4,32.1794,,,29.30,1.49,
35.8881,state,3,16.0073,1.399,-0.0440,,,37.0
35.8882,state,4,32.2234,-1.959,-0.0879,,,36.0
35.8974,cmd,3,16.0513,,,29.30,1.49,
35.8974,cmd,4,32.1794,,,29.30,1.49,
35.8981,state,3,16.0073,1.399,-0.0440,,,37.0
35.8982,state,4,32.2234,0.839,-0.0879,,,36.0
35.9075,cmd,3,16.0513,,,29.30,1.49,
35.9076,cmd,4,32.1794,,,29.30,1.49,
35.9081,state,3,16.0073,0.280,-0.0440,,,37.0
35.9086,state,4,32.2234,1.399,-0.0879,,,36.0
35.9175,cmd,3,16.0513,,,29.30,1.49,
35.9175,cmd,4,32.1794,,,29.30,1.49,
35.9181,state,3,16.0073,-5.876,-0.0440,,,37.0
35.9181,state,4,32.2234,-0.839,-0.0879,,,36.0
35.9274,cmd,3,16.0513,,,29.30,1.49,
35.9275,cmd,4,32.1794,,,29.30,1.49,
35.9279,state,3,16.0073,0.280,0.0147,,,37.0
35.9281,state,4,32.2234,8.115,-0.0293,,,36.0
35.9376,cmd,3,16.0513,,,29.30,1.49,
35.9376,cmd,4,32.1794,,,29.30,1.49,
35.9382,state,3,16.0073,-1.959,-0.0147,,,37.0
35.9383,state,4,32.2234,-0.280,-0.0879,,,36.0
35.9475,cmd,3,16.0513,,,29.30,1.49,
35.9475,cmd,4,32.1794,,,29.30,1.49,
35.9482,state,3,16.0073,-5.876,-0.0440,,,37.0
35.9483,state,4,32.2234,1.399,-0.0879,,,36.0
35.9575,cmd,3,16.0513,,,29.30,1.49,
35.9575,cmd,4,32.1794,,,29.30,1.49,
35.9581,state,3,16.0073,0.839,-0.0440,,,37.0
35.9582,state,4,32.2234,1.399,-0.0879,,,36.0
35.9676,cmd,3,16.0513,,,29.30,1.49,
35.9676,cmd,4,32.1794,,,29.30,1.49,
35.9682,state,3,16.0073,-2.518,-0.0147,,,37.0
35.9683,state,4,32.2234,-0.839,-0.0879,,,36.0
35.9776,cmd,3,16.0513,,,29.30,1.49,
35.9776,cmd,4,32.1794,,,29.30,1.49,
35.9780,state,3,16.0073,-5.317,-0.0733,,,37.0
35.9783,state,4,32.2234,0.839,-0.0879,,,36.0
35.9875,cmd,3,16.0513,,,29.30,1.49,
35.9875,cmd,4,32.1794,,,29.30,1.49,
35.9881,state,3,16.0073,-2.518,-0.0147,,,37.0
35.9882,state,4,32.2234,-4.757,-0.0879,,,36.0
35.9975,cmd,3,16.0513,,,29.30,1.49,
35.9976,cmd,4,32.1794,,,29.30,1.49,
35.9981,state,3,16.0073,4.197,0.0147,,,37.0
35.9982,state,4,32.2234,4.197,-0.0879,,,36.0
36.0075,cmd,3,16.0513,,,29.30,1.49,
36.0075,cmd,4,32.1794,,,29.30,1.49,
36.0081,state,3,16.0073,-2.518,0.0147,,,37.0
36.0082,state,4,32.2234,-2.518,-0.0879,,,36.0
36.0175,cmd,3,16.0513,,,29.30,1.49,
36.0175,cmd,4,32.1794,,,29.30,1.49,
36.0179,state,3,16.0073,-0.839,0.0147,,,37.0
36.0182,state,4,32.2234,0.839,-0.1465,,,36.0
36.0275,cmd,3,16.0513,,,29.30,1.49,
36.0275,cmd,4,32.1794,,,29.30,1.49,
36.0281,state,3,16.0073,-0.839,-0.0147,,,37.0
36.0282,state,4,32.2234,-1.399,-0.0879,,,36.0
36.0375,cmd,3,16.0513,,,29.30,1.49,
36.0375,cmd,4,32.1794,,,29.30,1.49,
36.0381,state,3,16.0073,0.280,0.0147,,,37.0
36.0382,state,4,32.2234,-4.757,-0.1465,,,36.0
36.0475,cmd,3,16.0513,,,29.30,1.49,
36.0475,cmd,4,32.1794,,,29.30,1.49,
36.0480,state,3,16.0073,-2.518,-0.0440,,,37.0
36.0482,state,4,32.2234,-0.839,-0.0879,,,36.0
36.0575,cmd,3,16.0513,,,29.30,1.49,
36.0575,cmd,4,32.1794,,,29.30,1.49,
36.0581,state,3,16.0073,2.518,-0.0440,,,37.0
36.0582,state,4,32.2234,3.078,-0.1465,,,36.0
36.0675,cmd,3,16.0513,,,29.30,1.49,
36.0676,cmd,4,32.1794,,,29.30,1.49,
36.0681,state,3,16.0073,0.280,-0.0440,,,37.0
36.0682,state,4,32.2234,-3.638,-0.0879,,,36.0
36.0776,cmd,3,16.0513,,,29.30,1.49,
36.0776,cmd,4,32.1794,,,29.30,1.49,
36.0780,state,3,16.0073,-0.280,0.0147,,,37.0
36.0786,state,4,32.2234,-0.839,-0.0879,,,36.0
36.0876,cmd,3,16.0513,,,29.30,1.49,
36.0877,cmd,4,32.1794,,,29.30,1.49,
36.0882,state,3,16.0073,-0.839,0.0147,,,37.0
36.0883,state,4,32.2234,0.280,-0.1465,,,36.0
36.0975,cmd,3,16.0513,,,29.30,1.49,
36.0975,cmd,4,32.1794,,,29.30,1.49,
36.0981,state,3,16.0073,1.959,-0.0147,,,37.0
36.0982,state,4,32.2234,-0.839,-0.0879,,,36.0
36.1075,cmd,3,16.0513,,,29.30,1.49,
36.1075,cmd,4,32.1794,,,29.30,1.49,
36.1081,state,3,16.0073,-1.959,-0.0440,,,37.0
36.1082,state,4,32.2234,0.839,-0.0879,,,36.0
36.1175,cmd,3,16.0513,,,29.30,1.49,
36.1175,cmd,4,32.1794,,,29.30,1.49,
36.1181,state,3,16.0073,-0.280,-0.0147,,,37.0
36.1182,state,4,32.2234,-0.839,-0.1465,,,36.0
36.1275,cmd,3,16.0513,,,29.30,1.49,
36.1275,cmd,4,32.1794,,,29.30,1.49,
36.1281,state,3,16.0073,-3.078,0.0147,,,37.0
36.1282,state,4,32.2234,-4.197,-0.0879,,,36.0
36.1375,cmd,3,16.0513,,,29.30,1.49,
36.1375,cmd,4,32.1794,,,29.30,1.49,
36.1381,state,3,16.0073,4.197,-0.0440,,,37.0
36.1382,state,4,32.2234,-0.839,-0.0879,,,36.0
36.1475,cmd,3,16.0513,,,29.30,1.49,
36.1475,cmd,4,32.1794,,,29.30,1.49,
36.1481,state,3,16.0073,-0.839,-0.0147,,,37.0
36.1482,state,4,32.2234,3.078,-0.0879,,,36.0
36.1575,cmd,3,16.0513,,,29.30,1.49,
36.1575,cmd,4,32.1794,,,29.30,1.49,
36.1581,state,3,16.0073,0.280,-0.0147,,,37.0
36.1587,state,4,32.2454,4.197,-0.0879,,,36.0
36.1676,cmd,3,16.0513,,,29.30,1.49,
36.1676,cmd,4,32.1794,,,29.30,1.49,
36.1680,state,3,16.0073,-2.518,-0.0147,,,37.0
36.1683,state,4,32.2234,2.518,-0.0879,,,36.0
36.1775,cmd,3,16.0513,,,29.30,1.49,
36.1776,cmd,4,32.1794,,,29.30,1.49,
36.1782,state,3,16.0073,-3.078,-0.0440,,,37.0
36.1783,state,4,32.2234,-1.959,-0.0879,,,36.0
36.1876,cmd,3,16.0513,,,29.30,1.49,
36.1876,cmd,4,32.1794,,,29.30,1.49,
36.1882,state,3,15.9854,-8.675,-0.0733,,,37.0
36.1883,state,4,32.2234,0.280,-0.0879,,,36.0
36.1975,cmd,3,16.0513,,,29.30,1.49,
36.1976,cmd,4,32.1794,,,29.30,1.49,
36.1982,state,3,16.0073,-0.280,-0.0147,,,37.0
36.1982,state,4,32.2234,-4.197,-0.0879,,,36.0
36.2075,cmd,3,16.0513,,,29.30,1.49,
36.2076,cmd,4,32.1794,,,29.30,1.49,
36.2080,state,3,16.0073,-0.280,0.0147,,,37.0
36.2085,state,4,32.2234,3.078,-0.0879,,,36.0
36.2175,cmd,3,16.0513,,,29.30,1.49,
36.2175,cmd,4,32.1794,,,29.30,1.49,
36.2180,state,3,16.0073,-1.959,-0.0147,,,37.0
36.2186,state,4,32.2234,-1.399,-0.0879,,,36.0
36.2275,cmd,3,16.0513,,,29.30,1.49,
36.2276,cmd,4,32.1794,,,29.30,1.49,
36.2282,state,3,16.0073,-4.757,0.0147,,,37.0
36.2282,state,4,32.2234,-3.078,-0.0879,,,36.0
36.2375,cmd,3,16.0513,,,29.30,1.49,
36.2375,cmd,4,32.1794,,,29.30,1.49,
36.2380,state,3,16.0073,-1.959,-0.0147,,,37.0
36.2384,state,4,32.2234,-0.839,-0.0879,,,36.0
36.2476,cmd,3,16.0513,,,29.30,1.49,
36.2476,cmd,4,32.1794,,,29.30,1.49,
36.2482,state,3,16.0073,1.399,-0.0440,,,37.0
36.2483,state,4,32.2234,0.839,-0.0879,,,36.0
36.2575,cmd,3,16.0513,,,29.30,1.49,
36.2575,cmd,4,32.1794,,,29.30,1.49,
36.2581,state,3,16.0073,-5.317,-0.0733,,,37.0
36.2582,state,4,32.2234,0.839,-0.0879,,,36.0
36.2675,cmd,3,16.0513,,,29.30,1.49,
36.2675,cmd,4,32.1794,,,29.30,1.49,
36.2681,state,3,16.0073,3.078,-0.0147,,,37.0
36.2682,state,4,32.2234,-0.839,-0.0879,,,36.0
36.2776,cmd,3,16.0513,,,29.30,1.49,
36.2776,cmd,4,32.1794,,,29.30,1.49,
36.2782,state,3,16.0073,-5.876,-0.0733,,,37.0
36.2783,state,4,32.2234,-0.839,-0.0879,,,36.0
36.2876,cmd,3,16.0513,,,29.30,1.49,
36.2876,cmd,4,32.1794,,,29.30,1.49,
36.2881,state,3,16.0073,-1.959,-0.0440,,,37.0
36.2886,state,4,32.2234,-1.399,-0.0879,,,36.0
36.2976,cmd,3,16.0513,,,29.30,1.49,
36.2976,cmd,4,32.1794,,,29.30,1.49,
36.2982,state,3,16.0073,2.518,-0.0440,,,37.0
36.2983,state,4,32.2234,3.078,-0.0879,,,36.0
36.3076,cmd,3,16.0513,,,29.30,1.49,
36.3076,cmd,4,32.1794,,,29.30,1.49,
36.3081,state,3,16.0073,0.280,-0.0440,,,37.0
36.3082,state,4,32.2234,-5.876,-0.0879,,,36.0
36.3175,cmd,3,16.0513,,,29.30,1.49,
36.3176,cmd,4,32.1794,,,29.30,1.49,
36.3181,state,3,16.0073,2.518,-0.0440,,,37.0
36.3182,state,4,32.2234,-2.518,-0.1465,,,36.0
36.3275,cmd,3,16.0513,,,29.30,1.49,
36.3275,cmd,4,32.1794,,,29.30,1.49,
36.3280,state,3,16.0073,4.197,-0.0733,,,37.0
36.3285,state,4,32.2234,2.518,-0.1465,,,36.0
36.3376,cmd,3,16.0513,,,29.30,1.49,
36.3376,cmd,4,32.1794,,,29.30,1.49,
36.3380,state,3,16.0073,-2.518,0.0440,,,37.0
36.3385,state,4,32.2234,-2.518,-0.1465,,,36.0
36.3475,cmd,3,16.0513,,,29.30,1.49,
36.3475,cmd,4,32.1794,,,29.30,1.49,
36.3481,state,3,16.0073,-3.078,-0.0440,,,37.0
36.3482,state,4,32.2234,0.839,-0.0293,,,36.0
36.3575,cmd,3,16.0513,,,29.30,1.49,
36.3575,cmd,4,32.1794,,,29.30,1.49,
36.3581,state,3,16.0073,0.280,-0.0147,,,37.0
36.3582,state,4,32.2234,-4.197,-0.0879,,,36.0
36.3676,cmd,3,16.0513,,,29.30,1.49,
36.3676,cmd,4,32.1794,,,29.30,1.49,
36.3682,state,3,16.0073,-5.876,-0.0147,,,37.0
36.3683,state,4,32.2234,1.959,-0.0879,,,36.0
36.3775,cmd,3,16.0513,,,29.30,1.49,
36.3776,cmd,4,32.1794,,,29.30,1.49,
36.3781,state,3,16.0073,1.959,-0.0147,,,37.0
36.3785,state,4,32.2234,-2.518,-0.0879,,,36.0
36.3876,cmd,3,16.0513,,,29.30,1.49,
36.3876,cmd,4,32.1794,,,29.30,1.49,
36.3882,state,3,16.0073,-0.839,0.0440,,,37.0
36.3883,state,4,32.2234,0.839,-0.0879,,,36.0
36.3976,cmd,3,16.0513,,,29.30,1.49,
36.3976,cmd,4,32.1794,,,29.30,1.49,
36.3981,state,3,16.0073,-3.638,0.0147,,,37.0
36.3982,state,4,32.2234,-0.280,-0.0879,,,36.0
36.4076,cmd,3,16.0513,,,29.30,1.49,
36.4076,cmd,4,32.1794,,,29.30,1.49,
36.4082,state,3,16.0073,-6.996,-0.0147,,,37.0
36.4083,state,4,32.2234,-1.399,-0.0879,,,36.0
36.4176,cmd,3,16.0513,,,29.30,1.49,
36.4176,cmd,4,32.1794,,,29.30,1.49,
36.4181,state,3,16.0073,-7.555,-0.0440,,,37.0
36.4185,state,4,32.2234,-1.399,-0.0879,,,36.0
36.4276,cmd,3,16.0513,,,29.30,1.49,
36.4276,cmd,4,32.1794,,,29.30,1.49,
36.4281,state,3,16.0073,-4.757,-0.0440,,,37.0
36.4285,state,4,32.2234,-0.839,-0.0879,,,36.0
36.4376,cmd,3,16.0513,,,29.30,1.49,
36.4376,cmd,4,32.1794,,,29.30,1.49,
36.4381,state,3,16.0073,-1.959,-0.0440,,,37.0
36.4383,state,4,32.2234,-4.197,-0.0879,,,36.0
36.4476,cmd,3,16.0513,,,29.30,1.49,
36.4476,cmd,4,32.1794,,,29.30,1.49,
36.4482,state,3,16.0073,-8.675,-0.0440,,,37.0
36.4483,state,4,32.2234,1.959,-0.0879,,,36.0
36.4576,cmd,3,16.0513,,,29.30,1.49,
36.4576,cmd,4,32.1794,,,29.30,1.49,
36.4581,state,3,16.0073,-3.638,-0.0147,,,37.0
36.4583,state,4,32.2234,1.959,-0.0879,,,36.0
36.4676,cmd,3,16.0513,,,29.30,1.49,
36.4676,cmd,4,32.1794,,,29.30,1.49,
36.4682,state,3,16.0073,-2.518,-0.0147,,,37.0
36.4683,state,4,32.2234,2.518,-0.0879,,,36.0
36.4776,cmd,3,16.0513,,,29.30,1.49,
36.4776,cmd,4,32.1794,,,29.30,1.49,
36.4782,state,3,16.0073,4.197,-0.0440,,,37.0
36.4783,state,4,32.2234,-2.518,-0.1465,,,36.0
36.4876,cmd,3,16.0513,,,29.30,1.49,
36.4876,cmd,4,32.1794,,,29.30,1.49,
36.4882,state,3,16.0073,-6.996,0.0147,,,37.0
36.4883,state,4,32.2234,1.399,-0.0879,,,36.0
36.4976,cmd,3,16.0513,,,29.30,1.49,
36.4976,cmd,4,32.1794,,,29.30,1.49,
36.4982,state,3,15.9854,-3.638,-0.0147,,,37.0
36.4983,state,4,32.2234,1.959,-0.0879,,,36.0
36.5075,cmd,3,16.0513,,,29.30,1.49,
36.5076,cmd,4,32.1794,,,29.30,1.49,
36.5081,state,3,16.0073,-0.839,-0.0147,,,37.0
36.5082,state,4,32.2234,-1.959,-0.0879,,,36.0
36.5176,cmd,3,16.0513,,,29.30,1.49,
36.5176,cmd,4,32.1794,,,29.30,1.49,
36.5182,state,3,16.0073,-0.839,-0.0440,,,37.0
36.5183,state,4,32.2234,0.280,-0.0879,,,36.0
36.5276,cmd,3,16.0513,,,29.30,1.49,
36.5276,cmd,4,32.1794,,,29.30,1.49,
36.5282,state,3,16.0073,2.518,0.0147,,,37.0
36.5283,state,4,32.2234,-1.959,-0.0879,,,36.0
36.5376,cmd,3,16.0513,,,29.30,1.49,
36.5376,cmd,4,32.1794,,,29.30,1.49,
36.5382,state,3,16.0073,2.518,-0.0733,,,37.0
36.5387,state,4,32.2234,2.518,-0.0879,,,36.0
36.5477,cmd,3,16.0513,,,29.30,1.49,
36.5477,cmd,4,32.1794,,,29.30,1.49,
36.5481,state,3,16.0073,2.518,-0.0147,,,37.0
36.5483,state,4,32.2234,1.959,-0.0879,,,36.0
36.5576,cmd,3,16.0513,,,29.30,1.49,
36.5576,cmd,4,32.1794,,,29.30,1.49,
36.5580,state,3,16.0073,-2.518,-0.0147,,,37.0
36.5583,state,4,32.2234,-1.399,-0.0879,,,36.0
36.5676,cmd,3,16.0513,,,29.30,1.49,
36.5676,cmd,4,32.1794,,,29.30,1.49,
36.5680,state,3,16.0073,-4.757,0.0147,,,37.0
36.5683,state,4,32.2234,3.078,-0.0879,,,36.0
36.5777,cmd,3,16.0513,,,29.30,1.49,
36.5777,cmd,4,32.1794,,,29.30,1.49,
36.5781,state,3,16.0073,-4.757,-0.0147,,,37.0
36.5783,state,4,32.2234,-3.638,-0.0879,,,36.0
36.5876,cmd,3,16.0513,,,29.30,1.49,
36.5876,cmd,4,32.1794,,,29.30,1.49,
36.5882,state,3,16.0073,0.839,0.0147,,,37.0
36.5882,state,4,32.2234,-1.399,-0.0879,,,36.0
36.5976,cmd,3,16.0513,,,29.30,1.49,
36.5976,cmd,4,32.1794,,,29.30,1.49,
36.5982,state,3,16.0073,-9.234,-0.0147,,,37.0
36.5983,state,4,32.2234,-3.638,-0.1465,,,36.0
36.6076,cmd,3,16.0513,,,29.30,1.49,
36.6077,cmd,4,32.1794,,,29.30,1.49,
36.6081,state,3,16.0073,-1.399,0.0147,,,37.0
36.6084,state,4,32.2234,-4.197,-0.1465,,,36.0
36.6176,cmd,3,16.0513,,,29.30,1.49,
36.6176,cmd,4,32.1794,,,29.30,1.49,
36.6182,state,3,16.0073,0.839,0.0147,,,37.0
36.6183,state,4,32.2234,2.518,-0.0879,,,36.0
36.6276,cmd,3,16.0513,,,29.30,1.49,
36.6276,cmd,4,32.1794,,,29.30,1.49,
36.6282,state,3,16.0073,-3.638,0.0147,,,37.0
36.6282,state,4,32.2234,-4.197,-0.0879,,,36.0
36.6376,cmd,3,16.0513,,,29.30,1.49,
36.6376,cmd,4,32.1794,,,29.30,1.49,
36.6382,state,3,16.0073,1.399,0.0147,,,37.0
36.6383,state,4,32.2234,1.959,-0.0879,,,36.0
36.6476,cmd,3,16.0513,,,29.30,1.49,
36.6477,cmd,4,32.1794,,,29.30,1.49,
36.6482,state,3,16.0073,-9.234,0.0147,,,37.0
36.6483,state,4,32.2454,4.757,-0.1465,,,36.0
36.6576,cmd,3,16.0513,,,29.30,1.49,
36.6577,cmd,4,32.1794,,,29.30,1.49,
36.6581,state,3,16.0073,-4.197,0.0147,,,37.0
36.6583,state,4,32.2234,-1.399,-0.0879,,,36.0
36.6676,cmd,3,16.0513,,,29.30,1.49,
36.6677,cmd,4,32.1794,,,29.30,1.49,
36.6681,state,3,16.0073,2.518,-0.0147,,,37.0
36.6683,state,4,32.2234,-2.518,-0.0879,,,36.0
36.6776,cmd,3,16.0513,,,29.30,1.49,
36.6776,cmd,4,32.1794,,,29.30,1.49,
36.6782,state,3,16.0073,4.197,0.0147,,,37.0
36.6783,state,4,32.2234,1.399,-0.0879,,,36.0
36.6876,cmd,3,16.0513,,,29.30,1.49,
36.6876,cmd,4,32.1794,,,29.30,1.49,
36.6882,state,3,16.0073,-3.078,-0.0147,,,37.0
36.6882,state,4,32.2234,1.959,-0.0879,,,36.0
36.6976,cmd,3,16.0513,,,29.30,1.49,
36.6976,cmd,4,32.1794,,,29.30,1.49,
36.6982,state,3,16.0073,4.757,0.0147,,,37.0
36.6983,state,4,32.2234,-2.518,-0.0879,,,36.0
36.7076,cmd,3,16.0513,,,29.30,1.49,
36.7076,cmd,4,32.1794,,,29.30,1.49,
36.7082,state,3,16.0073,0.280,-0.0440,,,37.0
36.7083,state,4,32.2234,5.317,-0.0293,,,36.0
36.7175,cmd,3,16.0513,,,29.30,1.49,
36.7176,cmd,4,32.1794,,,29.30,1.49,
36.7182,state,3,16.0073,3.638,0.0147,,,37.0
36.7182,state,4,32.2454,3.638,-0.0879,,,36.0
36.7276,cmd,3,16.0513,,,29.30,1.49,
36.7276,cmd,4,32.1794,,,29.30,1.49,
36.7282,state,3,16.0073,9.794,0.0440,,,37.0
36.7283,state,4,32.2234,-3.638,-0.0879,,,36.0
36.7376,cmd,3,16.0513,,,29.30,1.49,
36.7376,cmd,4,32.1794,,,29.30,1.49,
36.7382,state,3,16.0073,1.959,-0.0147,,,37.0
36.7383,state,4,32.2234,-5.317,-0.0879,,,36.0
36.7476,cmd,3,16.0513,,,29.30,1.49,
36.7476,cmd,4,32.1794,,,29.30,1.49,
36.7482,state,3,16.0073,-2.518,-0.0147,,,37.0
36.7483,state,4,32.2234,-3.078,-0.0879,,,36.0
36.7576,cmd,3,16.0513,,,29.30,1.49,
36.7576,cmd,4,32.1794,,,29.30,1.49,
36.7582,state,3,16.0073,1.959,-0.0440,,,37.0
36.7583,state,4,32.2234,-2.518,-0.0879,,,36.0
36.7676,cmd,3,16.0513,,,29.30,1.49,
36.7676,cmd,4,32.1794,,,29.30,1.49,
36.7682,state,3,16.0073,1.959,-0.0147,,,37.0
36.7683,state,4,32.2234,3.638,-0.0293,,,36.0
36.7776,cmd,3,16.0513,,,29.30,1.49,
36.7776,cmd,4,32.1794,,,29.30,1.49,
36.7782,state,3,16.0073,5.876,-0.0147,,,37.0
36.7783,state,4,32.2234,-3.638,-0.0879,,,36.0
36.7877,cmd,3,16.0513,,,29.30,1.49,
36.7877,cmd,4,32.1794,,,29.30,1.49,
36.7881,state,3,16.0073,6.996,-0.0147,,,37.0
36.7884,state,4,32.2234,3.078,-0.0879,,,36.0
36.7976,cmd,3,16.0513,,,29.30,1.49,
36.7976,cmd,4,32.1794,,,29.30,1.49,
36.7982,state,3,16.0073,-5.317,-0.0440,,,37.0
36.7983,state,4,32.2234,-1.399,-0.0879,,,36.0
36.8076,cmd,3,16.0513,,,29.30,1.49,
36.8076,cmd,4,32.1794,,,29.30,1.49,
36.8082,state,3,16.0073,1.399,-0.0147,,,37.0
36.8083,state,4,32.2234,-2.518,-0.0879,,,36.0
36.8177,cmd,3,16.0513,,,29.30,1.49,
36.8177,cmd,4,32.1794,,,29.30,1.49,
36.8181,state,3,16.0073,0.280,-0.0440,,,37.0
36.8184,state,4,32.2234,1.959,-0.0879,,,36.0
36.8276,cmd,3,16.0513,,,29.30,1.49,
36.8276,cmd,4,32.1794,,,29.30,1.49,
36.8282,state,3,16.0073,-0.839,-0.0147,,,37.0
36.8283,state,4,32.2234,-8.115,-0.0879,,,36.0
36.8376,cmd,3,16.0513,,,29.30,1.49,
36.8376,cmd,4,32.1794,,,29.30,1.49,
36.8382,state,3,15.9854,-3.638,-0.0440,,,37.0
36.8383,state,4,32.2234,-1.959,-0.0879,,,36.0
36.8477,cmd,3,16.0513,,,29.30,1.49,
36.8477,cmd,4,32.1794,,,29.30,1.49,
36.8481,state,3,16.0073,4.757,0.0147,,,37.0
36.8484,state,4,32.2234,-2.518,-0.0879,,,36.0
36.8577,cmd,3,16.0513,,,29.30,1.49,
36.8577,cmd,4,32.1794,,,29.30,1.49,
36.8582,state,3,16.0073,4.757,-0.0147,,,37.0
36.8583,state,4,32.2234,-4.757,-0.0879,,,36.0
36.8676,cmd,3,16.0513,,,29.30,1.49,
36.8676,cmd,4,32.1794,,,29.30,1.49,
36.8682,state,3,16.0073,0.280,-0.0440,,,37.0
36.8683,state,4,32.2234,2.518,-0.0879,,,36.0
36.8777,cmd,3,16.0513,,,29.30,1.49,
36.8777,cmd,4,32.1794,,,29.30,1.49,
36.8781,state,3,16.0073,-5.317,0.0147,,,37.0
36.8784,state,4,32.2234,-1.399,-0.0879,,,36.0
36.8876,cmd,3,16.0513,,,29.30,1.49,
36.8876,cmd,4,32.1794,,,29.30,1.49,
36.8882,state,3,16.0073,1.399,-0.0147,,,37.0
36.8883,state,4,32.2234,-0.839,-0.0879,,,36.0
36.8976,cmd,3,16.0513,,,29.30,1.49,
36.8977,cmd,4,32.1794,,,29.30,1.49,
36.8982,state,3,16.0073,1.399,-0.0147,,,37.0
36.8983,state,4,32.2234,-5.876,-0.0879,,,36.0
36.9077,cmd,3,16.0513,,,29.30,1.49,
36.9077,cmd,4,32.1794,,,29.30,1.49,
36.9081,state,3,16.0073,-1.959,-0.0440,,,37.0
36.9084,state,4,32.2234,-5.317,-0.0879,,,36.0
36.9177,cmd,3,16.0513,,,29.30,1.49,
36.9177,cmd,4,32.1794,,,29.30,1.49,
36.9181,state,3,16.0073,-5.876,-0.0147,,,37.0
36.9184,state,4,32.2234,-0.839,-0.0879,,,36.0
36.9276,cmd,3,16.0513,,,29.30,1.49,
36.9277,cmd,4,32.1794,,,29.30,1.49,
36.9281,state,3,16.0073,3.078,-0.0147,,,37.0
36.9284,state,4,32.2234,-2.518,-0.0879,,,36.0
36.9377,cmd,3,16.0513,,,29.30,1.49,
36.9377,cmd,4,32.1794,,,29.30,1.49,
36.9383,state,3,16.0073,1.399,0.0147,,,37.0
36.9384,state,4,32.2234,-1.399,-0.0879,,,36.0
36.9476,cmd,3,16.0513,,,29.30,1.49,
36.9476,cmd,4,32.1794,,,29.30,1.49,
36.9481,state,3,16.0073,-0.839,-0.0733,,,37.0
36.9484,state,4,32.2234,-7.555,-0.0879,,,36.0
36.9576,cmd,3,16.0513,,,29.30,1.49,
36.9577,cmd,4,32.1794,,,29.30,1.49,
36.9582,state,3,16.0073,-0.839,-0.0440,,,37.0
36.9583,state,4,32.2454,0.839,-0.0879,,,36.0
36.9678,cmd,3,16.0513,,,29.30,1.49,
36.9678,cmd,4,32.1794,,,29.30,1.49,
36.9682,state,3,16.0073,1.399,-0.0440,,,37.0
36.9684,state,4,32.2234,1.959,-0.0879,,,36.0
36.9777,cmd,3,16.0513,,,29.30,1.49,
36.9777,cmd,4,32.1794,,,29.30,1.49,
36.9782,state,3,16.0073,0.839,-0.0147,,,37.0
36.9784,state,4,32.2234,0.839,-0.0879,,,36.0
36.9877,cmd,3,16.0513,,,29.30,1.49,
36.9877,cmd,4,32.1794,,,29.30,1.49,
36.9881,state,3,16.0073,-2.518,-0.0147,,,37.0
36.9884,state,4,32.2234,-0.839,-0.0879,,,36.0
36.9977,cmd,3,16.0513,,,29.30,1.49,
36.9977,cmd,4,32.1794,,,29.30,1.49,
36.9982,state,3,16.0073,-0.839,-0.0147,,,37.0
36.9984,state,4,32.2234,4.757,-0.0879,,,36.0
37.0077,cmd,3,16.0513,,,29.30,1.49,
37.0077,cmd,4,32.1794,,,29.30,1.49,
37.0081,state,3,16.0073,-0.280,-0.0440,,,37.0
37.0084,state,4,32.2234,1.399,-0.1465,,,36.0
37.0177,cmd,3,16.0513,,,29.30,1.49,
37.0177,cmd,4,32.1794,,,29.30,1.49,
37.0181,state,3,16.0073,0.839,-0.0440,,,37.0
37.0184,state,4,32.2234,-0.280,-0.0879,,,36.0
37.0277,cmd,3,16.0513,,,29.30,1.49,
37.0277,cmd,4,32.1794,,,29.30,1.49,
37.0281,state,3,16.0073,0.280,-0.0147,,,37.0
37.0284,state,4,32.2234,-0.839,-0.0879,,,36.0
37.0377,cmd,3,16.0513,,,29.30,1.49,
37.0377,cmd,4,32.1794,,,29.30,1.49,
37.0381,state,3,16.0073,-0.280,0.0147,,,37.0
37.0384,state,4,32.2234,-2.518,-0.0879,,,36.0
37.0477,cmd,3,16.0513,,,29.30,1.49,
37.0477,cmd,4,32.1794,,,29.30,1.49,
37.0483,state,3,16.0073,-1.399,0.0147,,,37.0
37.0484,state,4,32.2234,4.757,-0.0879,,,36.0
37.0577,cmd,3,16.0513,,,29.30,1.49,
37.0577,cmd,4,32.1794,,,29.30,1.49,
37.0582,state,3,16.0073,-6.436,-0.0147,,,37.0
37.0584,state,4,32.2234,-3.638,-0.0879,,,36.0
37.0677,cmd,3,16.0513,,,29.30,1.49,
37.0677,cmd,4,32.1794,,,29.30,1.49,
37.0682,state,3,16.0073,-5.317,-0.0440,,,37.0
37.0684,state,4,32.2234,1.399,-0.0879,,,36.0
37.0777,cmd,3,16.0513,,,29.30,1.49,
37.0777,cmd,4,32.1794,,,29.30,1.49,
37.0782,state,3,16.0073,3.078,-0.0147,,,37.0
37.0784,state,4,32.2234,-1.959,-0.0879,,,36.0
37.0878,cmd,3,16.0513,,,29.30,1.49,
37.0879,cmd,4,32.1794,,,29.30,1.49,
37.0884,state,3,16.0073,1.399,0.0147,,,37.0
37.0885,state,4,32.2234,0.839,-0.0879,,,36.0
37.0977,cmd,3,16.0513,,,29.30,1.49,
37.0977,cmd,4,32.1794,,,29.30,1.49,
37.0983,state,3,16.0073,-0.280,-0.0147,,,37.0
37.0984,state,4,32.2234,-1.959,-0.0879,,,36.0
37.1077,cmd,3,16.0513,,,29.30,1.49,
37.1077,cmd,4,32.1794,,,29.30,1.49,
37.1081,state,3,16.0073,-4.757,-0.0147,,,37.0
37.1084,state,4,32.2234,3.638,-0.0293,,,36.0
37.1178,cmd,3,16.0513,,,29.30,1.49,
37.1178,cmd,4,32.1794,,,29.30,1.49,
37.1182,state,3,16.0073,3.638,0.0147,,,37.0
37.1184,state,4,32.2234,-1.959,-0.0879,,,36.0
37.1277,cmd,3,16.0513,,,29.30,1.49,
37.1277,cmd,4,32.1794,,,29.30,1.49,
37.1281,state,3,16.0073,2.518,-0.0147,,,37.0
37.1284,state,4,32.2234,2.518,-0.0879,,,36.0
37.1376,cmd,3,16.0513,,,29.30,1.49,
37.1377,cmd,4,32.1794,,,29.30,1.49,
37.1382,state,3,16.0073,3.078,-0.0440,,,37.0
37.1384,state,4,32.2234,1.399,-0.0879,,,36.0
37.1477,cmd,3,16.0513,,,29.30,1.49,
37.1477,cmd,4,32.1794,,,29.30,1.49,
37.1482,state,3,16.0073,-1.959,0.0147,,,37.0
37.1484,state,4,32.2234,-1.399,-0.0879,,,36.0
37.1577,cmd,3,16.0513,,,29.30,1.49,
37.1577,cmd,4,32.1794,,,29.30,1.49,
37.1582,state,3,16.0073,6.436,0.0147,,,37.0
37.1584,state,4,32.2234,-1.959,-0.0879,,,36.0
37.1677,cmd,3,16.0513,,,29.30,1.49,
37.1677,cmd,4,32.1794,,,29.30,1.49,
37.1682,state,3,16.0073,1.959,-0.0147,,,37.0
37.1684,state,4,32.2234,-3.638,-0.0879,,,36.0
37.1777,cmd,3,16.0513,,,29.30,1.49,
37.1777,cmd,4,32.1794,,,29.30,1.49,
37.1782,state,3,16.0073,1.959,-0.0147,,,37.0
37.1784,state,4,32.2234,-0.839,-0.0879,,,36.0
37.1878,cmd,3,16.0513,,,29.30,1.49,
37.1878,cmd,4,32.1794,,,29.30,1.49,
37.1882,state,3,16.0073,-3.638,0.0147,,,37.0
37.1884,state,4,32.2234,2.518,-0.0879,,,36.0
37.1977,cmd,3,16.0513,,,29.30,1.49,
37.1977,cmd,4,32.1794,,,29.30,1.49,
37.1983,state,3,16.0073,-0.280,0.0147,,,37.0
37.1984,state,4,32.2234,0.839,-0.0879,,,36.0
37.2077,cmd,3,16.0513,,,29.30,1.49,
37.2077,cmd,4,32.1794,,,29.30,1.49,
37.2081,state,3,16.0073,1.959,-0.0440,,,37.0
37.2084,state,4,32.2234,-2.518,-0.0879,,,36.0
37.2177,cmd,3,16.0513,,,29.30,1.49,
37.2177,cmd,4,32.1794,,,29.30,1.49,
37.2181,state,3,16.0073,-0.839,0.0147,,,37.0
37.2184,state,4,32.2234,3.638,-0.0879,,,36.0
37.2276,cmd,3,16.0513,,,29.30,1.49,
37.2277,cmd,4,32.1794,,,29.30,1.49,
37.2281,state,3,16.0073,-0.839,0.0147,,,37.0
37.2284,state,4,32.2234,-3.078,-0.0879,,,36.0
37.2377,cmd,3,16.0513,,,29.30,1.49,
37.2377,cmd,4,32.1794,,,29.30,1.49,
37.2381,state,3,16.0073,-4.197,-0.0440,,,37.0
37.2384,state,4,32.2234,2.518,-0.0879,,,36.0
37.2477,cmd,3,16.0513,,,29.30,1.49,
37.2477,cmd,4,32.1794,,,29.30,1.49,
37.2483,state,3,16.0073,-0.839,-0.0147,,,37.0
37.2484,state,4,32.2234,0.839,-0.0879,,,36.0
37.2577,cmd,3,16.0513,,,29.30,1.49,
37.2577,cmd,4,32.1794,,,29.30,1.49,
37.2582,state,3,16.0073,4.757,-0.0147,,,37.0
37.2584,state,4,32.2234,3.078,-0.0293,,,36.0
37.2677,cmd,3,16.0513,,,29.30,1.49,
37.2677,cmd,4,32.1794,,,29.30,1.49,
37.2683,state,3,16.0073,-4.757,-0.0147,,,37.0
37.2684,state,4,32.2234,0.839,-0.0293,,,36.0
37.2776,cmd,3,16.0513,,,29.30,1.49,
37.2777,cmd,4,32.1794,,,29.30,1.49,
37.2782,state,3,16.0073,-3.078,-0.0440,,,37.0
37.2783,state,4,32.2234,0.280,-0.0879,,,36.0
37.2877,cmd,3,16.0513,,,29.30,1.49,
37.2877,cmd,4,32.1794,,,29.30,1.49,
37.2881,state,3,16.0073,-7.555,0.0147,,,37.0
37.2884,state,4,32.2234,-2.518,-0.1465,,,36.0
37.2977,cmd,3,16.0513,,,29.30,1.49,
37.2977,cmd,4,32.1794,,,29.30,1.49,
37.2983,state,3,16.0073,6.436,0.0147,,,37.0
37.2984,state,4,32.2234,1.959,-0.0879,,,36.0
37.3077,cmd,3,16.0513,,,29.30,1.49,
37.3077,cmd,4,32.1794,,,29.30,1.49,
37.3081,state,3,16.0073,-5.317,-0.0147,,,37.0
37.3084,state,4,32.2454,1.959,-0.0879,,,36.0
37.3177,cmd,3,16.0513,,,29.30,1.49,
37.3177,cmd,4,32.1794,,,29.30,1.49,
37.3181,state,3,16.0073,-5.317,0.0147,,,37.0
37.3184,state,4,32.2234,0.839,-0.0879,,,36.0
37.3277,cmd,3,16.0513,,,29.30,1.49,
37.3277,cmd,4,32.1794,,,29.30,1.49,
37.3281,state,3,16.0073,0.280,0.0147,,,37.0
37.3284,state,4,32.2234,1.959,-0.0879,,,36.0
37.3377,cmd,3,16.0513,,,29.30,1.49,
37.3377,cmd,4,32.1794,,,29.30,1.49,
37.3383,state,3,16.0073,-7.555,-0.0147,,,37.0
37.3384,state,4,32.2234,-4.197,-0.0879,,,36.0
37.3477,cmd,3,16.0513,,,29.30,1.49,
37.3477,cmd,4,32.1794,,,29.30,1.49,
37.3483,state,3,16.0073,-8.675,-0.0440,,,37.0
37.3484,state,4,32.2234,1.399,-0.0879,,,36.0
37.3577,cmd,3,16.0513,,,29.30,1.49,
37.3577,cmd,4,32.1794,,,29.30,1.49,
37.3583,state,3,16.0073,5.317,-0.0147,,,37.0
37.3584,state,4,32.2234,1.959,-0.0879,,,36.0
37.3677,cmd,3,16.0513,,,29.30,1.49,
37.3677,cmd,4,32.1794,,,29.30,1.49,
37.3683,state,3,16.0073,1.959,-0.0147,,,37.0
37.3684,state,4,32.2234,-0.280,-0.0879,,,36.0
37.3777,cmd,3,16.0513,,,29.30,1.49,
37.3777,cmd,4,32.1794,,,29.30,1.49,
37.3781,state,3,16.0073,6.436,-0.0147,,,37.0
37.3784,state,4,32.2234,-4.197,-0.0879,,,36.0
37.3877,cmd,3,16.0513,,,29.30,1.49,
37.3877,cmd,4,32.1794,,,29.30,1.49,
37.3883,state,3,16.0073,-5.876,-0.0147,,,37.0
37.3884,state,4,32.2234,1.959,-0.0879,,,36.0
37.3977,cmd,3,16.0513,,,29.30,1.49,
37.3977,cmd,4,32.1794,,,29.30,1.49,
37.3983,state,3,16.0073,6.996,-0.0147,,,37.0
37.3984,state,4,32.2234,0.839,-0.0879,,,36.0
37.4077,cmd,3,16.0513,,,29.30,1.49,
37.4077,cmd,4,32.1794,,,29.30,1.49,
37.4081,state,3,16.0073,4.757,-0.0147,,,37.0
37.4084,state,4,32.2234,-0.839,-0.1465,,,36.0
37.4177,cmd,3,16.0513,,,29.30,1.49,
37.4177,cmd,4,32.1794,,,29.30,1.49,
37.4183,state,3,16.0073,-2.518,-0.0147,,,37.0
37.4184,state,4,32.2234,-1.959,-0.0879,,,36.0
37.4277,cmd,3,16.0513,,,29.30,1.49,
37.4277,cmd,4,32.1794,,,29.30,1.49,
37.4283,state,3,16.0073,1.399,-0.0147,,,37.0
37.4284,state,4,32.2234,0.280,-0.0879,,,36.0
37.4377,cmd,3,16.0513,,,29.30,1.49,
37.4378,cmd,4,32.1794,,,29.30,1.49,
37.4383,state,3,16.0073,-1.959,-0.0440,,,37.0
37.4384,state,4,32.2234,0.280,-0.0879,,,36.0
37.4477,cmd,3,16.0513,,,29.30,1.49,
37.4478,cmd,4,32.1794,,,29.30,1.49,
37.4483,state,3,16.0073,0.280,0.0147,,,37.0
37.4484,state,4,32.2234,-1.399,-0.0879,,,36.0
37.4577,cmd,3,16.0513,,,29.30,1.49,
37.4577,cmd,4,32.1794,,,29.30,1.49,
37.4583,state,3,16.0073,-0.839,-0.0440,,,37.0
37.4584,state,4,32.2234,-5.317,-0.0879,,,36.0
37.4677,cmd,3,16.0513,,,29.30,1.49,
37.4678,cmd,4,32.1794,,,29.30,1.49,
37.4683,state,3,16.0073,-5.876,-0.0440,,,37.0
37.4684,state,4,32.2454,0.280,-0.0879,,,36.0
37.4777,cmd,3,16.0513,,,29.30,1.49,
37.4777,cmd,4,32.1794,,,29.30,1.49,
37.4783,state,3,16.0073,-0.839,-0.0147,,,37.0
37.4784,state,4,32.2234,3.078,-0.0879,,,36.0
37.4877,cmd,3,16.0513,,,29.30,1.49,
37.4878,cmd,4,32.1794,,,29.30,1.49,
37.4883,state,3,16.0073,-0.839,-0.0147,,,37.0
37.4884,state,4,32.2234,-1.959,-0.0879,,,36.0
37.4977,cmd,3,16.0513,,,29.30,1.49,
37.4977,cmd,4,32.1794,,,29.30,1.49,
37.4983,state,3,16.0073,-1.399,-0.0147,,,37.0
37.4984,state,4,32.2234,1.399,-0.0879,,,36.0
37.5077,cmd,3,16.0513,,,29.30,1.49,
37.5077,cmd,4,32.1794,,,29.30,1.49,
37.5083,state,3,16.0073,-3.078,-0.0147,,,37.0
37.5084,state,4,32.2234,-5.317,-0.0879,,,36.0
37.5177,cmd,3,16.0513,,,29.30,1.49,
37.5178,cmd,4,32.1794,,,29.30,1.49,
37.5183,state,3,16.0073,2.518,-0.0733,,,37.0
37.5184,state,4,32.2234,-1.959,-0.1465,,,36.0
37.5277,cmd,3,16.0513,,,29.30,1.49,
37.5277,cmd,4,32.1794,,,29.30,1.49,
37.5283,state,3,16.0073,-2.518,0.0147,,,37.0
37.5284,state,4,32.2234,-0.280,-0.0879,,,36.0
37.5377,cmd,3,16.0513,,,29.30,1.49,
37.5378,cmd,4,32.1794,,,29.30,1.49,
37.5383,state,3,16.0073,-2.518,-0.0147,,,37.0
37.5384,state,4,32.2454,4.197,-0.0879,,,36.0
37.5477,cmd,3,16.0513,,,29.30,1.49,
37.5477,cmd,4,32.1794,,,29.30,1.49,
37.5483,state,3,16.0073,-1.399,-0.0440,,,37.0
37.5484,state,4,32.2234,2.518,-0.0879,,,36.0
37.5577,cmd,3,16.0513,,,29.30,1.49,
37.5577,cmd,4,32.1794,,,29.30,1.49,
37.5583,state,3,16.0073,-6.996,-0.0733,,,37.0
37.5584,state,4,32.2234,-3.078,-0.0879,,,36.0
37.5677,cmd,3,16.0513,,,29.30,1.49,
37.5677,cmd,4,32.1794,,,29.30,1.49,
37.5683,state,3,16.0073,-0.839,-0.0147,,,37.0
37.5685,state,4,32.2234,-1.399,-0.0879,,,36.0
37.5777,cmd,3,16.0513,,,29.30,1.49,
37.5777,cmd,4,32.1794,,,29.30,1.49,
37.5783,state,3,16.0073,-0.280,-0.0147,,,37.0
37.5784,state,4,32.2234,1.959,-0.0879,,,36.0
37.5877,cmd,3,16.0513,,,29.30,1.49,
37.5877,cmd,4,32.1794,,,29.30,1.49,
37.5883,state,3,16.0073,3.638,-0.0733,,,37.0
37.5885,state,4,32.2234,2.518,-0.0879,,,36.0
37.5978,cmd,3,16.0513,,,29.30,1.49,
37.5978,cmd,4,32.1794,,,29.30,1.49,
37.5983,state,3,16.0073,-0.280,0.0147,,,37.0
37.5984,state,4,32.2234,4.757,-0.0879,,,36.0
37.6078,cmd,3,16.0513,,,29.30,1.49,
37.6078,cmd,4,32.1794,,,29.30,1.49,
37.6083,state,3,16.0073,-5.317,-0.0147,,,37.0
37.6088,state,4,32.2234,2.518,-0.0879,,,36.0
37.6178,cmd,3,16.0513,,,29.30,1.49,
37.6178,cmd,4,32.1794,,,29.30,1.49,
37.6183,state,3,16.0073,8.115,-0.0147,,,37.0
37.6185,state,4,32.2234,-1.399,-0.0879,,,36.0
37.6278,cmd,3,16.0513,,,29.30,1.49,
37.6278,cmd,4,32.1794,,,29.30,1.49,
37.6283,state,3,16.0073,5.317,-0.0147,,,37.0
37.6288,state,4,32.2234,-1.959,-0.0879,,,36.0
37.6378,cmd,3,16.0513,,,29.30,1.49,
37.6378,cmd,4,32.1794,,,29.30,1.49,
37.6383,state,3,16.0073,-6.996,-0.0147,,,37.0
37.6387,state,4,32.2234,3.078,-0.0879,,,36.0
37.6478,cmd,3,16.0513,,,29.30,1.49,
37.6478,cmd,4,32.1794,,,29.30,1.49,
37.6483,state,3,16.0073,-8.675,-0.0440,,,37.0
37.6487,state,4,32.2234,-0.839,-0.1465,,,36.0
37.6578,cmd,3,16.0513,,,29.30,1.49,
37.6578,cmd,4,32.1794,,,29.30,1.49,
37.6583,state,3,16.0073,1.399,-0.0440,,,37.0
37.6589,state,4,32.2234,3.638,-0.0879,,,36.0
37.6677,cmd,3,16.0513,,,29.30,1.49,
37.6678,cmd,4,32.1794,,,29.30,1.49,
37.6683,state,3,16.0073,-6.996,0.0147,,,37.0
37.6687,state,4,32.2454,1.399,-0.0879,,,36.0
37.6778,cmd,3,16.0513,,,29.30,1.49,
37.6778,cmd,4,32.1794,,,29.30,1.49,
37.6784,state,3,16.0073,-0.839,-0.0733,,,37.0
37.6784,state,4,32.2234,-0.280,-0.0879,,,36.0
37.6878,cmd,3,16.0513,,,29.30,1.49,
37.6878,cmd,4,32.1794,,,29.30,1.49,
37.6884,state,3,16.0073,0.280,-0.0440,,,37.0
37.6885,state,4,32.2234,2.518,-0.0879,,,36.0
37.6978,cmd,3,16.0513,,,29.30,1.49,
37.6978,cmd,4,32.1794,,,29.30,1.49,
37.6984,state,3,16.0073,4.197,0.0147,,,37.0
37.6985,state,4,32.2234,0.839,-0.0879,,,36.0
37.7078,cmd,3,16.0513,,,29.30,1.49,
37.7078,cmd,4,32.1794,,,29.30,1.49,
37.7083,state,3,16.0073,5.317,-0.0440,,,37.0
37.7088,state,4,32.2234,-2.518,-0.0879,,,36.0
37.7178,cmd,3,16.0513,,,29.30,1.49,
37.7178,cmd,4,32.1794,,,29.30,1.49,
37.7182,state,3,16.0073,1.959,0.0147,,,37.0
37.7187,state,4,32.2234,-4.757,-0.0879,,,36.0
37.7278,cmd,3,16.0513,,,29.30,1.49,
37.7278,cmd,4,32.1794,,,29.30,1.49,
37.7283,state,3,16.0073,3.638,-0.0147,,,37.0
37.7287,state,4,32.2234,4.757,-0.0879,,,36.0
37.7378,cmd,3,16.0513,,,29.30,1.49,
37.7378,cmd,4,32.1794,,,29.30,1.49,
37.7384,state,3,16.0073,8.115,-0.0147,,,37.0
37.7388,state,4,32.2234,3.078,-0.0879,,,36.0
37.7478,cmd,3,16.0513,,,29.30,1.49,
37.7478,cmd,4,32.1794,,,29.30,1.49,
37.7482,state,3,16.0073,-2.518,-0.0440,,,37.0
37.7487,state,4,32.2234,-2.518,-0.0879,,,36.0
37.7578,cmd,3,16.0513,,,29.30,1.49,
37.7579,cmd,4,32.1794,,,29.30,1.49,
37.7584,state,3,16.0073,2.518,-0.0147,,,37.0
37.7585,state,4,32.2454,1.399,-0.0879,,,36.0
37.7678,cmd,3,16.0513,,,29.30,1.49,
37.7678,cmd,4,32.1794,,,29.30,1.49,
37.7682,state,3,16.0073,4.197,-0.0147,,,37.0
37.7687,state,4,32.2234,-1.959,-0.0879,,,36.0
37.7778,cmd,3,16.0513,,,29.30,1.49,
37.7778,cmd,4,32.1794,,,29.30,1.49,
37.7783,state,3,16.0073,-1.959,0.0147,,,37.0
37.7787,state,4,32.2234,5.317,-0.0293,,,36.0
37.7878,cmd,3,16.0513,,,29.30,1.49,
37.7879,cmd,4,32.1794,,,29.30,1.49,
37.7884,state,3,16.0073,-0.280,-0.0440,,,37.0
37.7885,state,4,32.2234,-1.399,-0.0879,,,36.0
37.7977,cmd,3,16.0513,,,29.30,1.49,
37.7978,cmd,4,32.1794,,,29.30,1.49,
37.7983,state,3,16.0073,8.675,0.0147,,,37.0
37.7984,state,4,32.2234,-0.839,-0.0879,,,36.0
37.8078,cmd,3,16.0513,,,29.30,1.49,
37.8078,cmd,4,32.1794,,,29.30,1.49,
37.8083,state,3,16.0073,-5.317,-0.0147,,,37.0
37.8084,state,4,32.2234,-1.399,-0.1465,,,36.0
37.8177,cmd,3,16.0513,,,29.30,1.49,
37.8178,cmd,4,32.1794,,,29.30,1.49,
37.8184,state,3,16.0073,-4.197,0.0147,,,37.0
37.8184,state,4,32.2234,-1.959,-0.0879,,,36.0
37.8278,cmd,3,16.0513,,,29.30,1.49,
37.8278,cmd,4,32.1794,,,29.30,1.49,
37.8285,state,3,16.0073,9.234,-0.0147,,,37.0
37.8286,state,4,32.2234,0.280,-0.0879,,,36.0
37.8377,cmd,3,16.0513,,,29.30,1.49,
37.8377,cmd,4,32.1794,,,29.30,1.49,
37.8383,state,3,16.0073,-1.399,-0.0147,,,37.0
37.8384,state,4,32.2234,-0.280,-0.0879,,,36.0
37.8478,cmd,3,16.0513,,,29.30,1.49,
37.8478,cmd,4,32.1794,,,29.30,1.49,
37.8483,state,3,16.0073,0.839,-0.0733,,,37.0
37.8484,state,4,32.2234,-1.959,-0.0293,,,36.0
37.8577,cmd,3,16.0513,,,29.30,1.49,
37.8578,cmd,4,32.1794,,,29.30,1.49,
37.8583,state,3,16.0073,3.078,-0.0147,,,37.0
37.8584,state,4,32.2234,-0.839,-0.0879,,,36.0
37.8677,cmd,3,16.0513,,,29.30,1.49,
37.8677,cmd,4,32.1794,,,29.30,1.49,
37.8683,state,3,16.0073,6.996,0.0440,,,37.0
37.8685,state,4,32.2234,-3.078,-0.1465,,,36.0
37.8778,cmd,3,16.0513,,,29.30,1.49,
37.8779,cmd,4,32.1794,,,29.30,1.49,
37.8784,state,3,16.0073,-6.996,-0.0147,,,37.0
37.8785,state,4,32.2234,-3.638,-0.0879,,,36.0
37.8878,cmd,3,16.0513,,,29.30,1.49,
37.8879,cmd,4,32.1794,,,29.30,1.49,
37.8884,state,3,16.0073,0.839,-0.0147,,,37.0
37.8888,state,4,32.2234,-1.399,-0.0879,,,36.0
37.8978,cmd,3,16.0513,,,29.30,1.49,
37.8978,cmd,4,32.1794,,,29.30,1.49,
37.8983,state,3,16.0073,-1.399,0.0147,,,37.0
37.8988,state,4,32.2234,1.959,-0.0879,,,36.0
37.9078,cmd,3,16.0513,,,29.30,1.49,
37.9079,cmd,4,32.1794,,,29.30,1.49,
37.9084,state,3,16.0073,-5.876,-0.0733,,,37.0
37.9085,state,4,32.2234,3.078,-0.0879,,,36.0
37.9178,cmd,3,16.0513,,,29.30,1.49,
37.9178,cmd,4,32.1794,,,29.30,1.49,
37.9184,state,3,16.0073,-1.399,0.0147,,,37.0
37.9185,state,4,32.2234,5.317,-0.0879,,,36.0
37.9278,cmd,3,16.0513,,,29.30,1.49,
37.9278,cmd,4,32.1794,,,29.30,1.49,
37.9284,state,3,15.9854,-5.317,-0.0147,,,37.0
37.9285,state,4,32.2234,-1.959,-0.0879,,,36.0
37.9379,cmd,3,16.0513,,,29.30,1.49,
37.9379,cmd,4,32.1794,,,29.30,1.49,
37.9384,state,3,16.0073,-0.280,-0.0440,,,37.0
37.9385,state,4,32.2234,6.996,-0.0879,,,36.0
37.9478,cmd,3,16.0513,,,29.30,1.49,
37.9478,cmd,4,32.1794,,,29.30,1.49,
37.9484,state,3,16.0073,-4.757,-0.0733,,,37.0
37.9485,state,4,32.2234,-4.197,-0.0879,,,36.0
37.9579,cmd,3,16.0513,,,29.30,1.49,
37.9579,cmd,4,32.1794,,,29.30,1.49,
37.9585,state,3,16.0073,-3.078,0.0147,,,37.0
37.9585,state,4,32.2234,5.317,-0.0879,,,36.0
37.9679,cmd,3,16.0513,,,29.30,1.49,
37.9679,cmd,4,32.1794,,,29.30,1.49,
37.9685,state,3,16.0073,-5.876,-0.0147,,,37.0
37.9686,state,4,32.2234,-0.839,-0.0879,,,36.0
37.9778,cmd,3,16.0513,,,29.30,1.49,
37.9778,cmd,4,32.1794,,,29.30,1.49,
37.9784,state,3,16.0073,-6.436,-0.0440,,,37.0
37.9785,state,4,32.2234,-0.280,-0.0879,,,36.0
37.9878,cmd,3,16.0513,,,29.30,1.49,
37.9878,cmd,4,32.1794,,,29.30,1.49,
37.9884,state,3,16.0073,-0.839,-0.0147,,,37.0
37.9885,state,4,32.2234,1.959,-0.0879,,,36.0
37.9979,cmd,3,16.0513,,,29.30,1.49,
37.9979,cmd,4,32.1794,,,29.30,1.49,
37.9985,state,3,16.0073,-0.280,-0.0440,,,37.0
37.9986,state,4,32.2234,-0.839,-0.0879,,,36.0
38.0078,cmd,3,16.0513,,,29.30,1.49,
38.0078,cmd,4,32.1794,,,29.30,1.49,
38.0084,state,3,16.0073,-4.197,-0.0147,,,37.0
38.0085,state,4,32.2234,1.399,-0.0879,,,36.0
38.0178,cmd,3,16.0513,,,29.30,1.49,
38.0178,cmd,4,32.1794,,,29.30,1.49,
38.0184,state,3,16.0073,-2.518,-0.0440,,,37.0
38.0185,state,4,32.2234,0.839,-0.0879,,,36.0
38.0278,cmd,3,16.0513,,,29.30,1.49,
38.0278,cmd,4,32.1794,,,29.30,1.49,
38.0284,state,3,16.0073,1.399,-0.0147,,,37.0
38.0285,state,4,32.2234,0.280,-0.0879,,,36.0
38.0378,cmd,3,16.0513,,,29.30,1.49,
38.0378,cmd,4,32.1794,,,29.30,1.49,
38.0384,state,3,16.0073,-3.638,-0.0147,,,37.0
38.0385,state,4,32.2234,-1.959,-0.0879,,,36.0
38.0478,cmd,3,16.0513,,,29.30,1.49,
38.0478,cmd,4,32.1794,,,29.30,1.49,
38.0484,state,3,16.0073,0.839,-0.0147,,,37.0
38.0485,state,4,32.2234,1.959,-0.0879,,,36.0
38.0578,cmd,3,16.0513,,,29.30,1.49,
38.0578,cmd,4,32.1794,,,29.30,1.49,
38.0584,state,3,16.0073,-0.839,-0.0733,,,37.0
38.0585,state,4,32.2234,-5.876,-0.0879,,,36.0
38.0678,cmd,3,16.0513,,,29.30,1.49,
38.0678,cmd,4,32.1794,,,29.30,1.49,
38.0685,state,3,16.0073,-2.518,-0.0440,,,37.0
38.0685,state,4,32.2234,3.078,-0.0879,,,36.0
38.0779,cmd,3,16.0513,,,29.30,1.49,
38.0779,cmd,4,32.1794,,,29.30,1.49,
38.0783,state,3,16.0073,0.839,-0.0733,,,37.0
38.0786,state,4,32.2234,0.280,-0.0879,,,36.0
38.0879,cmd,3,16.0513,,,29.30,1.49,
38.0879,cmd,4,32.1794,,,29.30,1.49,
38.0885,state,3,16.0073,2.518,-0.0440,,,37.0
38.0885,state,4,32.2234,-3.078,-0.0879,,,36.0
38.0979,cmd,3,16.0513,,,29.30,1.49,
38.0979,cmd,4,32.1794,,,29.30,1.49,
38.0984,state,3,16.0073,-0.280,-0.0440,,,37.0
38.0986,state,4,32.2234,-1.959,-0.0879,,,36.0
38.1078,cmd,3,16.0513,,,29.30,1.49,
38.1078,cmd,4,32.1794,,,29.30,1.49,
38.1084,state,3,16.0073,1.399,-0.0147,,,37.0
38.1085,state,4,32.2234,1.959,-0.0879,,,36.0
38.1179,cmd,3,16.0513,,,29.30,1.49,
38.1179,cmd,4,32.1794,,,29.30,1.49,
38.1184,state,3,16.0073,-8.675,0.0147,,,37.0
38.1185,state,4,32.2234,-4.197,-0.0879,,,36.0
38.1279,cmd,3,16.0513,,,29.30,1.49,
38.1279,cmd,4,32.1794,,,29.30,1.49,
38.1283,state,3,16.0073,-4.197,0.0147,,,37.0
38.1286,state,4,32.2234,1.399,-0.0879,,,36.0
38.1379,cmd,3,16.0513,,,29.30,1.49,
38.1379,cmd,4,32.1794,,,29.30,1.49,
38.1385,state,3,16.0073,-2.518,-0.0440,,,37.0
38.1385,state,4,32.2234,-0.280,-0.0879,,,36.0
38.1479,cmd,3,16.0513,,,29.30,1.49,
38.1479,cmd,4,32.1794,,,29.30,1.49,
38.1485,state,3,16.0073,0.839,-0.0733,,,37.0
38.1486,state,4,32.2234,-3.078,-0.0879,,,36.0
38.1579,cmd,3,16.0513,,,29.30,1.49,
38.1579,cmd,4,32.1794,,,29.30,1.49,
38.1583,state,3,16.0073,3.638,-0.0147,,,37.0
38.1586,state,4,32.2234,-2.518,-0.0879,,,36.0
38.1679,cmd,3,16.0513,,,29.30,1.49,
38.1679,cmd,4,32.1794,,,29.30,1.49,
38.1684,state,3,16.0073,-4.197,-0.0440,,,37.0
38.1685,state,4,32.2234,-0.280,-0.0879,,,36.0
38.1778,cmd,3,16.0513,,,29.30,1.49,
38.1779,cmd,4,32.1794,,,29.30,1.49,
38.1784,state,3,16.0073,0.839,-0.0147,,,37.0
38.1785,state,4,32.2234,-3.078,-0.1465,,,36.0
38.1879,cmd,3,16.0513,,,29.30,1.49,
38.1879,cmd,4,32.1794,,,29.30,1.49,
38.1884,state,3,16.0073,-0.839,-0.0147,,,37.0
38.1885,state,4,32.2234,-0.839,-0.0879,,,36.0
38.1978,cmd,3,16.0513,,,29.30,1.49,
38.1979,cmd,4,32.1794,,,29.30,1.49,
38.1984,state,3,16.0073,6.436,0.0147,,,37.0
38.1985,state,4,32.2234,2.518,-0.0879,,,36.0
38.2078,cmd,3,16.0513,,,29.30,1.49,
38.2078,cmd,4,32.1794,,,29.30,1.49,
38.2084,state,3,16.0073,1.959,-0.0147,,,37.0
38.2085,state,4,32.2234,-0.280,-0.0879,,,36.0
38.2178,cmd,3,16.0513,,,29.30,1.49,
38.2178,cmd,4,32.1794,,,29.30,1.49,
38.2185,state,3,16.0073,1.399,-0.0147,,,37.0
38.2185,state,4,32.2234,-4.197,-0.0879,,,36.0
38.2278,cmd,3,16.0513,,,29.30,1.49,
38.2278,cmd,4,32.1794,,,29.30,1.49,
38.2284,state,3,16.0073,-4.757,-0.0440,,,37.0
38.2285,state,4,32.2234,0.280,-0.0879,,,36.0
38.2379,cmd,3,16.0513,,,29.30,1.49,
38.2379,cmd,4,32.1794,,,29.30,1.49,
38.2384,state,3,16.0073,-4.197,-0.0147,,,37.0
38.2385,state,4,32.2234,-2.518,-0.1465,,,36.0
38.2479,cmd,3,16.0513,,,29.30,1.49,
38.2480,cmd,4,32.1794,,,29.30,1.49,
38.2485,state,3,16.0073,-2.518,-0.0147,,,37.0
38.2486,state,4,32.2234,5.876,-0.0879,,,36.0
38.2579,cmd,3,16.0513,,,29.30,1.49,
38.2579,cmd,4,32.1794,,,29.30,1.49,
38.2584,state,3,16.0073,6.996,-0.0147,,,37.0
38.2590,state,4,32.2234,0.839,-0.0879,,,36.0
38.2678,cmd,3,16.0513,,,29.30,1.49,
38.2678,cmd,4,32.1794,,,29.30,1.49,
38.2684,state,3,16.0073,0.280,-0.0147,,,37.0
38.2688,state,4,32.2234,-0.839,-0.0879,,,36.0
38.2778,cmd,3,16.0513,,,29.30,1.49,
38.2779,cmd,4,32.1794,,,29.30,1.49,
38.2784,state,3,16.0073,0.839,-0.0147,,,37.0
38.2789,state,4,32.2234,0.280,-0.0879,,,36.0
38.2878,cmd,3,16.0513,,,29.30,1.49,
38.2878,cmd,4,32.1794,,,29.30,1.49,
38.2884,state,3,16.0073,4.757,0.0147,,,37.0
38.2888,state,4,32.2234,0.280,-0.0879,,,36.0
38.2979,cmd,3,16.0513,,,29.30,1.49,
38.2979,cmd,4,32.1794,,,29.30,1.49,
38.2984,state,3,16.0073,1.959,0.0147,,,37.0
38.2988,state,4,32.2234,1.959,-0.0879,,,36.0
38.3079,cmd,3,16.0513,,,29.30,1.49,
38.3079,cmd,4,32.1794,,,29.30,1.49,
38.3084,state,3,16.0073,-0.280,-0.0147,,,37.0
38.3089,state,4,32.2234,-0.280,-0.0879,,,36.0
38.3178,cmd,3,16.0513,,,29.30,1.49,
38.3179,cmd,4,32.1794,,,29.30,1.49,
38.3184,state,3,16.0073,1.399,-0.0440,,,37.0
38.3188,state,4,32.2234,-6.436,-0.0879,,,36.0
38.3279,cmd,3,16.0513,,,29.30,1.49,
38.3279,cmd,4,32.1794,,,29.30,1.49,
38.3284,state,3,16.0073,-4.757,0.0147,,,37.0
38.3289,state,4,32.2234,-0.280,-0.0879,,,36.0
38.3378,cmd,3,16.0513,,,29.30,1.49,
38.3379,cmd,4,32.1794,,,29.30,1.49,
38.3385,state,3,16.0073,-3.638,-0.0440,,,37.0
38.3386,state,4,32.2234,0.839,-0.0879,,,36.0
38.3479,cmd,3,16.0513,,,29.30,1.49,
38.3479,cmd,4,32.1794,,,29.30,1.49,
38.3485,state,3,16.0073,-4.197,-0.0440,,,37.0
38.3486,state,4,32.2234,-0.280,-0.0879,,,36.0
38.3579,cmd,3,16.0513,,,29.30,1.49,
38.3579,cmd,4,32.1794,,,29.30,1.49,
38.3584,state,3,15.9854,-1.959,-0.0147,,,37.0
38.3589,state,4,32.2234,1.959,-0.0293,,,36.0
38.3679,cmd,3,16.0513,,,29.30,1.49,
38.3679,cmd,4,32.1794,,,29.30,1.49,
38.3684,state,3,16.0073,-3.078,-0.0440,,,37.0
38.3688,state,4,32.2234,0.839,-0.0879,,,36.0
38.3779,cmd,3,16.0513,,,29.30,1.49,
38.3779,cmd,4,32.1794,,,29.30,1.49,
38.3785,state,3,16.0073,1.399,-0.0440,,,37.0
38.3788,state,4,32.2234,-4.757,-0.0879,,,36.0
38.3879,cmd,3,16.0513,,,29.30,1.49,
38.3879,cmd,4,32.1794,,,29.30,1.49,
38.3884,state,3,16.0073,0.280,-0.0440,,,37.0
38.3889,state,4,32.2234,-4.757,-0.1465,,,36.0
38.3979,cmd,3,16.0513,,,29.30,1.49,
38.3979,cmd,4,32.1794,,,29.30,1.49,
38.3984,state,3,16.0073,-6.436,-0.0147,,,37.0
38.3990,state,4,32.2234,-5.876,-0.0879,,,36.0
38.4079,cmd,3,16.0513,,,29.30,1.49,
38.4079,cmd,4,32.1794,,,29.30,1.49,
38.4085,state,3,16.0073,-0.839,-0.0440,,,37.0
38.4089,state,4,32.2234,-1.399,-0.0293,,,36.0
38.4179,cmd,3,16.0513,,,29.30,1.49,
38.4179,cmd,4,32.1794,,,29.30,1.49,
38.4184,state,3,16.0073,-1.959,-0.0147,,,37.0
38.4189,state,4,32.2234,-1.959,-0.0879,,,36.0
38.4279,cmd,3,16.0513,,,29.30,1.49,
38.4279,cmd,4,32.1794,,,29.30,1.49,
38.4284,state,3,16.0073,2.518,0.0440,,,37.0
38.4289,state,4,32.2454,2.518,-0.0879,,,36.0
38.4379,cmd,3,16.0513,,,29.30,1.49,
38.4379,cmd,4,32.1794,,,29.30,1.49,
38.4385,state,3,16.0073,-0.280,0.0440,,,37.0
38.4385,state,4,32.2234,-0.280,-0.0879,,,36.0
38.4479,cmd,3,16.0513,,,29.30,1.49,
38.4479,cmd,4,32.1794,,,29.30,1.49,
38.4485,state,3,16.0073,4.197,0.0440,,,37.0
38.4486,state,4,32.2234,-4.757,-0.0879,,,36.0
38.4579,cmd,3,16.0513,,,29.30,1.49,
38.4579,cmd,4,32.1794,,,29.30,1.49,
38.4585,state,3,16.0073,0.839,-0.0440,,,37.0
38.4586,state,4,32.2234,-0.280,-0.1465,,,36.0
38.4679,cmd,3,16.0513,,,29.30,1.49,
38.4679,cmd,4,32.1794,,,29.30,1.49,
38.4683,state,3,16.0073,2.518,-0.0147,,,37.0
38.4688,state,4,32.2234,-2.518,-0.0293,,,36.0
38.4778,cmd,3,16.0513,,,29.30,1.49,
38.4779,cmd,4,32.1794,,,29.30,1.49,
38.4784,state,3,16.0073,2.518,-0.0440,,,37.0
38.4788,state,4,32.2234,-2.518,-0.0879,,,36.0
38.4880,cmd,3,16.0513,,,29.30,1.49,
38.4880,cmd,4,32.1794,,,29.30,1.49,
38.4886,state,3,16.0073,-5.876,-0.0440,,,37.0
38.4887,state,4,32.2234,-5.317,-0.1465,,,36.0
38.4979,cmd,3,16.0513,,,29.30,1.49,
38.4979,cmd,4,32.1794,,,29.30,1.49,
38.4984,state,3,16.0073,3.638,0.0147,,,37.0
38.4986,state,4,32.2234,3.078,-0.0879,,,36.0
38.5078,cmd,3,16.0513,,,29.30,1.49,
38.5078,cmd,4,32.1794,,,29.30,1.49,
38.5085,state,3,16.0073,3.078,0.0440,,,37.0
38.5085,state,4,32.2234,-2.518,-0.0879,,,36.0
38.5180,cmd,3,16.0513,,,29.30,1.49,
38.5180,cmd,4,32.1794,,,29.30,1.49,
38.5184,state,3,16.0073,-1.959,-0.0147,,,37.0
38.5186,state,4,32.2234,-3.078,-0.0879,,,36.0
38.5279,cmd,3,16.0513,,,29.30,1.49,
38.5279,cmd,4,32.1794,,,29.30,1.49,
38.5285,state,3,16.0073,1.399,-0.0147,,,37.0
38.5285,state,4,32.2234,-2.518,-0.0879,,,36.0
38.5379,cmd,3,16.0513,,,29.30,1.49,
38.5379,cmd,4,32.1794,,,29.30,1.49,
38.5385,state,3,16.0073,-4.197,-0.0147,,,37.0
38.5386,state,4,32.2234,-1.399,-0.1465,,,36.0
38.5479,cmd,3,16.0513,,,29.30,1.49,
38.5479,cmd,4,32.1794,,,29.30,1.49,
38.5485,state,3,16.0073,-3.078,0.0147,,,37.0
38.5486,state,4,32.2234,-3.638,-0.0879,,,36.0
38.5579,cmd,3,16.0513,,,29.30,1.49,
38.5579,cmd,4,32.1794,,,29.30,1.49,
38.5585,state,3,16.0073,-0.280,0.0147,,,37.0
38.5586,state,4,32.2234,-5.876,-0.0879,,,36.0
38.5679,cmd,3,16.0513,,,29.30,1.49,
38.5679,cmd,4,32.1794,,,29.30,1.49,
38.5685,state,3,16.0073,2.518,-0.0147,,,37.0
38.5686,state,4,32.2234,1.959,-0.0879,,,36.0
38.5779,cmd,3,16.0513,,,29.30,1.49,
38.5779,cmd,4,32.1794,,,29.30,1.49,
38.5785,state,3,16.0073,-3.638,-0.0147,,,37.0
38.5785,state,4,32.2234,-1.959,-0.1465,,,36.0
38.5879,cmd,3,16.0513,,,29.30,1.49,
38.5879,cmd,4,32.1794,,,29.30,1.49,
38.5885,state,3,16.0073,0.839,0.0147,,,37.0
38.5886,state,4,32.2234,-2.518,-0.1465,,,36.0
38.5979,cmd,3,16.0513,,,29.30,1.49,
38.5979,cmd,4,32.1794,,,29.30,1.49,
38.5985,state,3,16.0073,2.518,-0.0440,,,37.0
38.5986,state,4,32.2234,3.078,-0.0879,,,36.0
38.6080,cmd,3,16.0513,,,29.30,1.49,
38.6080,cmd,4,32.1794,,,29.30,1.49,
38.6085,state,3,16.0073,-3.078,0.0147,,,37.0
38.6087,state,4,32.2234,-4.197,-0.0879,,,36.0
38.6179,cmd,3,16.0513,,,29.30,1.49,
38.6179,cmd,4,32.1794,,,29.30,1.49,
38.6185,state,3,16.0073,-3.638,-0.0147,,,37.0
38.6186,state,4,32.2234,-0.280,-0.0879,,,36.0
38.6279,cmd,3,16.0513,,,29.30,1.49,
38.6279,cmd,4,32.1794,,,29.30,1.49,
38.6285,state,3,16.0073,0.839,-0.0733,,,37.0
38.6286,state,4,32.2234,3.638,-0.0879,,,36.0
38.6379,cmd,3,16.0513,,,29.30,1.49,
38.6379,cmd,4,32.1794,,,29.30,1.49,
38.6385,state,3,16.0073,-0.280,-0.0440,,,37.0
38.6386,state,4,32.2234,-0.839,-0.0879,,,36.0
38.6479,cmd,3,16.0513,,,29.30,1.49,
38.6479,cmd,4,32.1794,,,29.30,1.49,
38.6485,state,3,16.0073,-0.280,-0.0440,,,37.0
38.6486,state,4,32.2234,-1.399,-0.0879,,,36.0
38.6579,cmd,3,16.0513,,,29.30,1.49,
38.6579,cmd,4,32.1794,,,29.30,1.49,
38.6585,state,3,16.0073,-3.638,-0.0440,,,37.0
38.6586,state,4,32.2234,-1.399,-0.1465,,,36.0
38.6679,cmd,3,16.0513,,,29.30,1.49,
38.6679,cmd,4,32.1794,,,29.30,1.49,
38.6685,state,3,16.0073,-4.197,-0.0440,,,37.0
38.6686,state,4,32.2234,-3.638,-0.0879,,,36.0
38.6779,cmd,3,16.0513,,,29.30,1.49,
38.6779,cmd,4,32.1794,,,29.30,1.49,
38.6786,state,3,16.0073,1.399,-0.0147,,,37.0
38.6786,state,4,32.2234,-3.638,-0.0879,,,36.0
38.6879,cmd,3,16.0513,,,29.30,1.49,
38.6879,cmd,4,32.1794,,,29.30,1.49,
38.6885,state,3,16.0073,2.518,-0.0147,,,37.0
38.6886,state,4,32.2234,-1.959,-0.0879,,,36.0
38.6979,cmd,3,16.0513,,,29.30,1.49,
38.6979,cmd,4,32.1794,,,29.30,1.49,
38.6985,state,3,16.0073,1.399,-0.0147,,,37.0
38.6986,state,4,32.2234,3.638,-0.0879,,,36.0
38.7079,cmd,3,16.0513,,,29.30,1.49,
38.7079,cmd,4,32.1794,,,29.30,1.49,
38.7085,state,3,16.0073,0.839,-0.0147,,,37.0
38.7086,state,4,32.2234,5.317,-0.0293,,,36.0
38.7179,cmd,3,16.0513,,,29.30,1.49,
38.7179,cmd,4,32.1794,,,29.30,1.49,
38.7185,state,3,16.0073,-1.399,-0.0147,,,37.0
38.7186,state,4,32.2234,-0.280,-0.0879,,,36.0
38.7279,cmd,3,16.0513,,,29.30,1.49,
38.7279,cmd,4,32.1794,,,29.30,1.49,
38.7285,state,3,16.0073,1.399,-0.0147,,,37.0
38.7287,state,4,32.2234,-6.436,-0.1465,,,36.0
38.7379,cmd,3,16.0513,,,29.30,1.49,
38.7379,cmd,4,32.1794,,,29.30,1.49,
38.7385,state,3,16.0073,-2.518,-0.0147,,,37.0
38.7386,state,4,32.2234,1.959,-0.0879,,,36.0
38.7479,cmd,3,16.0513,,,29.30,1.49,
38.7479,cmd,4,32.1794,,,29.30,1.49,
38.7485,state,3,16.0073,-0.280,0.0440,,,37.0
38.7486,state,4,32.2234,-0.839,-0.1465,,,36.0
38.7580,cmd,3,16.0513,,,29.30,1.49,
38.7580,cmd,4,32.1794,,,29.30,1.49,
38.7585,state,3,16.0073,4.757,-0.0440,,,37.0
38.7586,state,4,32.2234,3.078,-0.0879,,,36.0
38.7679,cmd,3,16.0513,,,29.30,1.49,
38.7679,cmd,4,32.1794,,,29.30,1.49,
38.7685,state,3,16.0073,5.317,-0.0733,,,37.0
38.7686,state,4,32.2234,-1.959,-0.0879,,,36.0
38.7779,cmd,3,16.0513,,,29.30,1.49,
38.7779,cmd,4,32.1794,,,29.30,1.49,
38.7785,state,3,16.0073,0.280,0.0147,,,37.0
38.7785,state,4,32.2234,2.518,-0.0879,,,36.0
38.7880,cmd,3,16.0513,,,29.30,1.49,
38.7880,cmd,4,32.1794,,,29.30,1.49,
38.7886,state,3,16.0073,-4.197,-0.0147,,,37.0
38.7888,state,4,32.2234,-0.280,-0.0879,,,36.0
38.7980,cmd,3,16.0513,,,29.30,1.49,
38.7980,cmd,4,32.1794,,,29.30,1.49,
38.7985,state,3,16.0073,0.280,-0.0440,,,37.0
38.7987,state,4,32.2234,-0.839,-0.0293,,,36.0
38.8079,cmd,3,16.0513,,,29.30,1.49,
38.8079,cmd,4,32.1794,,,29.30,1.49,
38.8085,state,3,16.0073,6.436,-0.0147,,,37.0
38.8086,state,4,32.2234,0.839,-0.1465,,,36.0
38.8180,cmd,3,16.0513,,,29.30,1.49,
38.8180,cmd,4,32.1794,,,29.30,1.49,
38.8185,state,3,16.0073,4.197,-0.0147,,,37.0
38.8187,state,4,32.2234,-1.399,-0.0879,,,36.0
38.8279,cmd,3,16.0513,,,29.30,1.49,
38.8280,cmd,4,32.1794,,,29.30,1.49,
38.8286,state,3,16.0073,3.638,0.0440,,,37.0
38.8286,state,4,32.2234,2.518,-0.0879,,,36.0
38.8379,cmd,3,16.0513,,,29.30,1.49,
38.8380,cmd,4,32.1794,,,29.30,1.49,
38.8386,state,3,16.0073,4.197,0.0147,,,37.0
38.8386,state,4,32.2234,1.399,-0.0879,,,36.0
38.8480,cmd,3,16.0513,,,29.30,1.49,
38.8480,cmd,4,32.1794,,,29.30,1.49,
38.8485,state,3,16.0073,-4.197,0.0147,,,37.0
38.8487,state,4,32.2234,-0.839,-0.0879,,,36.0
38.8580,cmd,3,16.0513,,,29.30,1.49,
38.8580,cmd,4,32.1794,,,29.30,1.49,
38.8585,state,3,16.0073,-3.078,-0.0440,,,37.0
38.8586,state,4,32.2234,-7.555,-0.0879,,,36.0
38.8679,cmd,3,16.0513,,,29.30,1.49,
38.8679,cmd,4,32.1794,,,29.30,1.49,
38.8686,state,3,16.0073,3.078,-0.0147,,,37.0
38.8686,state,4,32.2234,3.638,-0.1465,,,36.0
38.8780,cmd,3,16.0513,,,29.30,1.49,
38.8780,cmd,4,32.1794,,,29.30,1.49,
38.8785,state,3,16.0073,0.280,-0.0147,,,37.0
38.8786,state,4,32.2234,2.518,-0.0879,,,36.0
38.8879,cmd,3,16.0513,,,29.30,1.49,
38.8880,cmd,4,32.1794,,,29.30,1.49,
38.8886,state,3,16.0073,7.555,-0.0147,,,37.0
38.8887,state,4,32.2234,1.959,-0.0879,,,36.0
38.8979,cmd,3,16.0513,,,29.30,1.49,
38.8980,cmd,4,32.1794,,,29.30,1.49,
38.8985,state,3,16.0073,-0.280,0.0147,,,37.0
38.8986,state,4,32.2234,-6.996,-0.0879,,,36.0
38.9080,cmd,3,16.0513,,,29.30,1.49,
38.9080,cmd,4,32.1794,,,29.30,1.49,
38.9086,state,3,16.0073,0.839,-0.0440,,,37.0
38.9087,state,4,32.2234,-0.280,-0.0879,,,36.0
38.9180,cmd,3,16.0513,,,29.30,1.49,
38.9180,cmd,4,32.1794,,,29.30,1.49,
38.9185,state,3,16.0073,1.399,0.0147,,,37.0
38.9186,state,4,32.2234,1.959,-0.0879,,,36.0
38.9279,cmd,3,16.0513,,,29.30,1.49,
38.9280,cmd,4,32.1794,,,29.30,1.49,
38.9286,state,3,16.0073,3.078,-0.0147,,,37.0
38.9287,state,4,32.2234,-0.280,-0.0879,,,36.0
38.9380,cmd,3,16.0513,,,29.30,1.49,
38.9380,cmd,4,32.1794,,,29.30,1.49,
38.9386,state,3,16.0073,1.399,-0.0733,,,37.0
38.9387,state,4,32.2234,2.518,-0.0879,,,36.0
38.9479,cmd,3,16.0513,,,29.30,1.49,
38.9480,cmd,4,32.1794,,,29.30,1.49,
38.9486,state,3,16.0073,3.078,-0.0733,,,37.0
38.9487,state,4,32.2234,3.078,-0.0879,,,36.0
38.9579,cmd,3,16.0513,,,29.30,1.49,
38.9579,cmd,4,32.1794,,,29.30,1.49,
38.9585,state,3,16.0073,2.518,-0.1319,,,37.0
38.9586,state,4,32.2234,0.280,-0.0879,,,36.0
38.9680,cmd,3,16.0513,,,29.30,1.49,
38.9680,cmd,4,32.1794,,,29.30,1.49,
38.9685,state,3,16.0073,-2.518,-0.0147,,,37.0
38.9686,state,4,32.2234,-0.839,-0.0879,,,36.0
38.9779,cmd,3,16.0513,,,29.30,1.49,
38.9779,cmd,4,32.1794,,,29.30,1.49,
38.9786,state,3,16.0073,-0.280,-0.0440,,,37.0
38.9786,state,4,32.2234,2.518,-0.0879,,,36.0
38.9880,cmd,3,16.0513,,,29.30,1.49,
38.9880,cmd,4,32.1794,,,29.30,1.49,
38.9886,state,3,16.0073,1.399,-0.0147,,,37.0
38.9887,state,4,32.2234,0.839,-0.0879,,,36.0
38.9980,cmd,3,16.0513,,,29.30,1.49,
38.9980,cmd,4,32.1794,,,29.30,1.49,
38.9985,state,3,16.0073,-8.115,0.0440,,,37.0
38.9986,state,4,32.2234,-0.839,-0.0879,,,36.0
39.0079,cmd,3,16.0513,,,29.30,1.49,
39.0079,cmd,4,32.1794,,,29.30,1.49,
39.0086,state,3,16.0073,-3.078,-0.0147,,,37.0
39.0086,state,4,32.2234,-4.197,-0.0879,,,36.0
39.0180,cmd,3,16.0513,,,29.30,1.49,
39.0180,cmd,4,32.1794,,,29.30,1.49,
39.0186,state,3,16.0073,4.197,-0.0440,,,37.0
39.0187,state,4,32.2234,-0.280,-0.0879,,,36.0
39.0280,cmd,3,16.0513,,,29.30,1.49,
39.0280,cmd,4,32.1794,,,29.30,1.49,
39.0286,state,3,16.0073,0.839,-0.0733,,,37.0
39.0287,state,4,32.2234,-8.115,-0.0879,,,36.0
39.0379,cmd,3,16.0513,,,29.30,1.49,
39.0380,cmd,4,32.1794,,,29.30,1.49,
39.0386,state,3,16.0073,0.280,-0.0733,,,37.0
39.0387,state,4,32.2454,3.078,-0.0879,,,36.0
39.0479,cmd,3,16.0513,,,29.30,1.49,
39.0479,cmd,4,32.1794,,,29.30,1.49,
39.0486,state,3,16.0073,-2.518,0.0147,,,37.0
39.0486,state,4,32.2234,-0.839,-0.0879,,,36.0
39.0580,cmd,3,16.0513,,,29.30,1.49,
39.0580,cmd,4,32.1794,,,29.30,1.49,
39.0586,state,3,16.0073,0.280,-0.0147,,,37.0
39.0587,state,4,32.2234,-4.197,-0.0879,,,36.0
39.0680,cmd,3,16.0513,,,29.30,1.49,
39.0680,cmd,4,32.1794,,,29.30,1.49,
39.0685,state,3,16.0073,0.280,0.0147,,,37.0
39.0687,state,4,32.2234,5.876,-0.0879,,,36.0
39.0779,cmd,3,16.0513,,,29.30,1.49,
39.0779,cmd,4,32.1794,,,29.30,1.49,
39.0785,state,3,16.0073,5.317,-0.0147,,,37.0
39.0786,state,4,32.2234,-3.078,-0.1465,,,36.0
39.0880,cmd,3,16.0513,,,29.30,1.49,
39.0880,cmd,4,32.1794,,,29.30,1.49,
39.0885,state,3,16.0073,-9.234,-0.0440,,,37.0
39.0887,state,4,32.2234,-1.959,-0.1465,,,36.0
39.0981,cmd,3,16.0513,,,29.30,1.49,
39.0982,cmd,4,32.1794,,,29.30,1.49,
39.0987,state,3,16.0073,6.436,-0.0147,,,37.0
39.0988,state,4,32.2454,5.317,-0.0879,,,36.0
39.1080,cmd,3,16.0513,,,29.30,1.49,
39.1080,cmd,4,32.1794,,,29.30,1.49,
39.1086,state,3,16.0073,1.959,-0.0440,,,37.0
39.1087,state,4,32.2234,2.518,-0.0879,,,36.0
39.1180,cmd,3,16.0513,,,29.30,1.49,
39.1180,cmd,4,32.1794,,,29.30,1.49,
39.1186,state,3,16.0073,7.555,-0.0733,,,37.0
39.1188,state,4,32.2234,1.959,-0.1465,,,36.0
39.1280,cmd,3,16.0513,,,29.30,1.49,
39.1280,cmd,4,32.1794,,,29.30,1.49,
39.1286,state,3,16.0073,4.757,-0.0147,,,37.0
39.1287,state,4,32.2454,-1.399,-0.0879,,,36.0
39.1380,cmd,3,16.0513,,,29.30,1.49,
39.1380,cmd,4,32.1794,,,29.30,1.49,
39.1386,state,3,16.0073,-6.436,-0.0147,,,37.0
39.1387,state,4,32.2234,0.839,-0.0879,,,36.0
39.1480,cmd,3,16.0513,,,29.30,1.49,
39.1480,cmd,4,32.1794,,,29.30,1.49,
39.1486,state,3,16.0073,-1.959,-0.0147,,,37.0
39.1487,state,4,32.2234,1.399,-0.0879,,,36.0
39.1579,cmd,3,16.0513,,,29.30,1.49,
39.1580,cmd,4,32.1794,,,29.30,1.49,
39.1585,state,3,16.0073,-1.399,-0.0147,,,37.0
39.1586,state,4,32.2234,-3.078,-0.1465,,,36.0
39.1680,cmd,3,16.0513,,,29.30,1.49,
39.1680,cmd,4,32.1794,,,29.30,1.49,
39.1686,state,3,16.0073,4.197,-0.0147,,,37.0
39.1687,state,4,32.2234,-2.518,-0.0879,,,36.0
39.1780,cmd,3,16.0513,,,29.30,1.49,
39.1780,cmd,4,32.1794,,,29.30,1.49,
39.1786,state,3,16.0073,-0.280,0.0147,,,37.0
39.1787,state,4,32.2454,0.280,-0.0879,,,36.0
39.1880,cmd,3,16.0513,,,29.30,1.49,
39.1880,cmd,4,32.1794,,,29.30,1.49,
39.1886,state,3,16.0073,-0.839,-0.0440,,,37.0
39.1887,state,4,32.2234,-1.399,-0.0879,,,36.0
39.1979,cmd,3,16.0513,,,29.30,1.49,
39.1980,cmd,4,32.1794,,,29.30,1.49,
39.1985,state,3,16.0073,-4.757,-0.0147,,,37.0
39.1986,state,4,32.2234,5.317,-0.0879,,,36.0
39.2080,cmd,3,16.0513,,,29.30,1.49,
39.2080,cmd,4,32.1794,,,29.30,1.49,
39.2086,state,3,16.0073,3.638,-0.0147,,,37.0
39.2087,state,4,32.2234,-0.280,-0.0879,,,36.0
39.2180,cmd,3,16.0513,,,29.30,1.49,
39.2180,cmd,4,32.1794,,,29.30,1.49,
39.2185,state,3,16.0073,-0.280,0.0147,,,37.0
39.2186,state,4,32.2234,-2.518,-0.0879,,,36.0
39.2279,cmd,3,16.0513,,,29.30,1.49,
39.2280,cmd,4,32.1794,,,29.30,1.49,
39.2285,state,3,16.0073,3.078,-0.0147,,,37.0
39.2287,state,4,32.2234,2.518,-0.0879,,,36.0
39.2380,cmd,3,16.0513,,,29.30,1.49,
39.2380,cmd,4,32.1794,,,29.30,1.49,
39.2385,state,3,16.0073,0.839,-0.0147,,,37.0
39.2386,state,4,32.2234,-0.839,-0.0879,,,36.0
39.2480,cmd,3,16.0513,,,29.30,1.49,
39.2480,cmd,4,32.1794,,,29.30,1.49,
39.2486,state,3,16.0073,3.078,-0.0147,,,37.0
39.2487,state,4,32.2234,-0.280,-0.0879,,,36.0
39.2580,cmd,3,16.0513,,,29.30,1.49,
39.2580,cmd,4,32.1794,,,29.30,1.49,
39.2586,state,3,16.0073,-1.399,0.0440,,,37.0
39.2586,state,4,32.2234,0.839,-0.1465,,,36.0
39.2680,cmd,3,16.0513,,,29.30,1.49,
39.2680,cmd,4,32.1794,,,29.30,1.49,
39.2686,state,3,16.0073,-6.996,-0.0147,,,37.0
39.2686,state,4,32.2454,0.280,-0.0879,,,36.0
39.2780,cmd,3,16.0513,,,29.30,1.49,
39.2780,cmd,4,32.1794,,,29.30,1.49,
39.2786,state,3,16.0073,-0.839,0.0147,,,37.0
39.2787,state,4,32.2234,-0.280,-0.0879,,,36.0
39.2880,cmd,3,16.0513,,,29.30,1.49,
39.2880,cmd,4,32.1794,,,29.30,1.49,
39.2885,state,3,16.0073,1.399,-0.0440,,,37.0
39.2886,state,4,32.2234,1.959,-0.0879,,,36.0
39.2980,cmd,3,16.0513,,,29.30,1.49,
39.2980,cmd,4,32.1794,,,29.30,1.49,
39.2986,state,3,16.0073,2.518,-0.0147,,,37.0
39.2987,state,4,32.2234,-3.638,-0.0879,,,36.0
39.3080,cmd,3,16.0513,,,29.30,1.49,
39.3080,cmd,4,32.1794,,,29.30,1.49,
39.3086,state,3,16.0073,0.280,-0.0440,,,37.0
39.3087,state,4,32.2234,1.399,-0.0879,,,36.0
39.3180,cmd,3,16.0513,,,29.30,1.49,
39.3180,cmd,4,32.1794,,,29.30,1.49,
39.3185,state,3,16.0073,5.876,-0.0440,,,37.0
39.3186,state,4,32.2454,0.280,-0.0293,,,36.0
39.3280,cmd,3,16.0513,,,29.30,1.49,
39.3280,cmd,4,32.1794,,,29.30,1.49,
39.3285,state,3,16.0073,-2.518,-0.0440,,,37.0
39.3286,state,4,32.2234,-0.280,-0.0879,,,36.0
39.3380,cmd,3,16.0513,,,29.30,1.49,
39.3380,cmd,4,32.1794,,,29.30,1.49,
39.3386,state,3,16.0073,2.518,-0.0440,,,37.0
39.3387,state,4,32.2234,-0.280,-0.0879,,,36.0
39.3480,cmd,3,16.0513,,,29.30,1.49,
39.3480,cmd,4,32.1794,,,29.30,1.49,
39.3486,state,3,16.0073,-1.399,0.0147,,,37.0
39.3487,state,4,32.2234,-4.757,-0.0879,,,36.0
39.3580,cmd,3,16.0513,,,29.30,1.49,
39.3580,cmd,4,32.1794,,,29.30,1.49,
39.3586,state,3,16.0073,3.078,-0.0147,,,37.0
39.3587,state,4,32.2234,2.518,-0.0879,,,36.0
39.3680,cmd,3,16.0513,,,29.30,1.49,
39.3680,cmd,4,32.1794,,,29.30,1.49,
39.3686,state,3,16.0073,1.399,0.0147,,,37.0
39.3687,state,4,32.2234,2.518,-0.0879,,,36.0
39.3780,cmd,3,16.0513,,,29.30,1.49,
39.3780,cmd,4,32.1794,,,29.30,1.49,
39.3786,state,3,16.0073,-3.078,0.0147,,,37.0
39.3787,state,4,32.2234,-2.518,-0.0879,,,36.0
39.3880,cmd,3,16.0513,,,29.30,1.49,
39.3880,cmd,4,32.1794,,,29.30,1.49,
39.3886,state,3,16.0073,-3.078,0.0440,,,37.0
39.3886,state,4,32.2454,-1.399,-0.1465,,,36.0
39.3980,cmd,3,16.0513,,,29.30,1.49,
39.3980,cmd,4,32.1794,,,29.30,1.49,
39.3986,state,3,16.0073,-6.996,-0.0440,,,37.0
39.3987,state,4,32.2234,1.959,-0.0879,,,36.0
39.4080,cmd,3,16.0513,,,29.30,1.49,
39.4080,cmd,4,32.1794,,,29.30,1.49,
39.4086,state,3,16.0073,-3.638,0.0147,,,37.0
39.4087,state,4,32.2234,-1.399,-0.0879,,,36.0
39.4181,cmd,3,16.0513,,,29.30,1.49,
39.4181,cmd,4,32.1794,,,29.30,1.49,
39.4186,state,3,16.0073,0.839,-0.0147,,,37.0
39.4190,state,4,32.2234,0.280,-0.0879,,,36.0
39.4281,cmd,3,16.0513,,,29.30,1.49,
39.4281,cmd,4,32.1794,,,29.30,1.49,
39.4286,state,3,16.0073,1.399,-0.0147,,,37.0
39.4288,state,4,32.2234,-1.959,-0.0879,,,36.0
39.4380,cmd,3,16.0513,,,29.30,1.49,
39.4381,cmd,4,32.1794,,,29.30,1.49,
39.4386,state,3,16.0073,1.399,-0.0147,,,37.0
39.4387,state,4,32.2234,-0.839,-0.0879,,,36.0
39.4480,cmd,3,16.0513,,,29.30,1.49,
39.4480,cmd,4,32.1794,,,29.30,1.49,
39.4486,state,3,16.0073,6.436,-0.0147,,,37.0
39.4487,state,4,32.2234,-1.959,-0.0879,,,36.0
39.4580,cmd,3,16.0513,,,29.30,1.49,
39.4580,cmd,4,32.1794,,,29.30,1.49,
39.4586,state,3,16.0073,-3.638,0.0147,,,37.0
39.4588,state,4,32.2454,-0.839,-0.0879,,,36.0
39.4681,cmd,3,16.0513,,,29.30,1.49,
39.4681,cmd,4,32.1794,,,29.30,1.49,
39.4687,state,3,16.0073,1.399,-0.0147,,,37.0
39.4688,state,4,32.2234,1.399,-0.0879,,,36.0
39.4780,cmd,3,16.0513,,,29.30,1.49,
39.4780,cmd,4,32.1794,,,29.30,1.49,
39.4786,state,3,16.0073,-5.317,0.0440,,,37.0
39.4790,state,4,32.2234,-1.399,-0.0879,,,36.0
39.4880,cmd,3,16.0513,,,29.30,1.49,
39.4881,cmd,4,32.1794,,,29.30,1.49,
39.4886,state,3,16.0073,1.399,-0.0147,,,37.0
39.4890,state,4,32.2234,0.839,-0.0879,,,36.0
39.4981,cmd,3,16.0513,,,29.30,1.49,
39.4981,cmd,4,32.1794,,,29.30,1.49,
39.4987,state,3,16.0073,1.959,0.0147,,,37.0
39.4988,state,4,32.2234,-1.959,-0.0879,,,36.0
39.5080,cmd,3,16.0513,,,29.30,1.49,
39.5080,cmd,4,32.1794,,,29.30,1.49,
39.5085,state,3,16.0073,1.959,-0.0147,,,37.0
39.5087,state,4,32.2234,1.399,-0.0879,,,36.0
39.5181,cmd,3,16.0513,,,29.30,1.49,
39.5181,cmd,4,32.1794,,,29.30,1.49,
39.5185,state,3,16.0073,0.839,-0.0440,,,37.0
39.5188,state,4,32.2234,-3.638,-0.0879,,,36.0
39.5280,cmd,3,16.0513,,,29.30,1.49,
39.5280,cmd,4,32.1794,,,29.30,1.49,
39.5286,state,3,16.0073,-5.876,-0.0147,,,37.0
39.5287,state,4,32.2234,3.078,-0.0879,,,36.0
39.5381,cmd,3,16.0513,,,29.30,1.49,
39.5381,cmd,4,32.1794,,,29.30,1.49,
39.5385,state,3,16.0073,4.757,0.0147,,,37.0
39.5388,state,4,32.2234,-3.638,-0.0879,,,36.0
39.5481,cmd,3,16.0513,,,29.30,1.49,
39.5481,cmd,4,32.1794,,,29.30,1.49,
39.5487,state,3,16.0073,5.317,0.0147,,,37.0
39.5487,state,4,32.2234,-0.280,-0.0879,,,36.0
39.5581,cmd,3,16.0513,,,29.30,1.49,
39.5581,cmd,4,32.1794,,,29.30,1.49,
39.5587,state,3,16.0073,0.280,-0.0147,,,37.0
39.5587,state,4,32.2234,0.839,-0.0879,,,36.0
39.5680,cmd,3,16.0513,,,29.30,1.49,
39.5680,cmd,4,32.1794,,,29.30,1.49,
39.5686,state,3,16.0073,1.959,-0.0147,,,37.0
39.5687,state,4,32.2234,2.518,-0.0879,,,36.0
39.5781,cmd,3,16.0513,,,29.30,1.49,
39.5781,cmd,4,32.1794,,,29.30,1.49,
39.5787,state,3,16.0073,0.280,-0.0440,,,37.0
39.5788,state,4,32.2234,0.839,-0.0879,,,36.0
39.5880,cmd,3,16.0513,,,29.30,1.49,
39.5881,cmd,4,32.1794,,,29.30,1.49,
39.5886,state,3,16.0073,2.518,-0.0147,,,37.0
39.5888,state,4,32.2234,-3.638,-0.0879,,,36.0
39.5980,cmd,3,16.0513,,,29.30,1.49,
39.5981,cmd,4,32.1794,,,29.30,1.49,
39.5986,state,3,16.0073,-0.280,-0.0147,,,37.0
39.5990,state,4,32.2454,3.078,-0.0879,,,36.0
39.6081,cmd,3,16.0513,,,29.30,1.49,
39.6081,cmd,4,32.1794,,,29.30,1.49,
39.6086,state,3,16.0073,-0.280,0.0147,,,37.0
39.6090,state,4,32.2454,3.638,-0.0879,,,36.0
39.6181,cmd,3,16.0513,,,29.30,1.49,
39.6181,cmd,4,32.1794,,,29.30,1.49,
39.6186,state,3,16.0073,2.518,-0.0147,,,37.0
39.6190,state,4,32.2234,3.638,-0.0879,,,36.0
39.6280,cmd,3,16.0513,,,29.30,1.49,
39.6280,cmd,4,32.1794,,,29.30,1.49,
39.6285,state,3,16.0073,-5.876,0.0440,,,37.0
39.6289,state,4,32.2234,3.078,-0.0879,,,36.0
39.6381,cmd,3,16.0513,,,29.30,1.49,
39.6381,cmd,4,32.1794,,,29.30,1.49,
39.6386,state,3,16.0073,1.399,-0.0440,,,37.0
39.6390,state,4,32.2234,-0.280,-0.0879,,,36.0
39.6480,cmd,3,16.0513,,,29.30,1.49,
39.6480,cmd,4,32.1794,,,29.30,1.49,
39.6485,state,3,16.0073,-3.078,-0.0440,,,37.0
39.6489,state,4,32.2234,-0.280,-0.0879,,,36.0
39.6580,cmd,3,16.0513,,,29.30,1.49,
39.6580,cmd,4,32.1794,,,29.30,1.49,
39.6585,state,3,15.9854,1.399,-0.0440,,,37.0
39.6589,state,4,32.2454,4.757,-0.0879,,,36.0
39.6681,cmd,3,16.0513,,,29.30,1.49,
39.6682,cmd,4,32.1794,,,29.30,1.49,
39.6687,state,3,16.0073,0.839,-0.0147,,,37.0
39.6690,state,4,32.2234,-0.280,-0.0879,,,36.0
39.6782,cmd,3,16.0513,,,29.30,1.49,
39.6782,cmd,4,32.1794,,,29.30,1.49,
39.6788,state,3,16.0073,-4.197,-0.0147,,,37.0
39.6792,state,4,32.2234,1.399,-0.0879,,,36.0
39.6883,cmd,3,16.0513,,,29.30,1.49,
39.6883,cmd,4,32.1794,,,29.30,1.49,
39.6888,state,3,16.0073,0.280,-0.0147,,,37.0
39.6889,state,4,32.2234,-4.197,-0.0879,,,36.0
39.6983,cmd,3,16.0513,,,29.30,1.49,
39.6983,cmd,4,32.1794,,,29.30,1.49,
39.6989,state,3,16.0073,2.518,-0.0147,,,37.0
39.6989,state,4,32.2234,-0.839,-0.0879,,,36.0
39.7081,cmd,3,16.0513,,,29.30,1.49,
39.7081,cmd,4,32.1794,,,29.30,1.49,
39.7086,state,3,16.0073,-4.757,-0.0147,,,37.0
39.7091,state,4,32.2234,-1.959,-0.1465,,,36.0
39.7181,cmd,3,16.0513,,,29.30,1.49,
39.7181,cmd,4,32.1794,,,29.30,1.49,
39.7187,state,3,16.0073,-2.518,-0.0440,,,37.0
39.7187,state,4,32.2234,-1.959,-0.0879,,,36.0
39.7281,cmd,3,16.0513,,,29.30,1.49,
39.7282,cmd,4,32.1794,,,29.30,1.49,
39.7287,state,3,16.0073,-0.839,0.0147,,,37.0
39.7288,state,4,32.2234,1.959,-0.0879,,,36.0
39.7381,cmd,3,16.0513,,,29.30,1.49,
39.7381,cmd,4,32.1794,,,29.30,1.49,
39.7386,state,3,16.0073,3.638,-0.0147,,,37.0
39.7388,state,4,32.2234,4.197,-0.0879,,,36.0
39.7481,cmd,3,16.0513,,,29.30,1.49,
39.7481,cmd,4,32.1794,,,29.30,1.49,
39.7487,state,3,16.0073,0.280,0.0147,,,37.0
39.7488,state,4,32.2234,-4.197,-0.0879,,,36.0
39.7581,cmd,3,16.0513,,,29.30,1.49,
39.7581,cmd,4,32.1794,,,29.30,1.49,
39.7587,state,3,16.0073,4.197,0.0147,,,37.0
39.7588,state,4,32.2234,0.280,-0.0879,,,36.0
39.7681,cmd,3,16.0513,,,29.30,1.49,
39.7681,cmd,4,32.1794,,,29.30,1.49,
39.7686,state,3,16.0073,-4.197,0.0147,,,37.0
39.7688,state,4,32.2234,0.280,-0.0879,,,36.0
39.7781,cmd,3,16.0513,,,29.30,1.49,
39.7781,cmd,4,32.1794,,,29.30,1.49,
39.7788,state,3,16.0073,-3.638,-0.0147,,,37.0
39.7789,state,4,32.2234,-1.959,-0.0879,,,36.0
39.7881,cmd,3,16.0513,,,29.30,1.49,
39.7882,cmd,4,32.1794,,,29.30,1.49,
39.7887,state,3,16.0073,3.638,-0.0440,,,37.0
39.7888,state,4,32.2234,-0.839,-0.0879,,,36.0
39.7981,cmd,3,16.0513,,,29.30,1.49,
39.7981,cmd,4,32.1794,,,29.30,1.49,
39.7987,state,3,16.0073,-3.078,-0.0733,,,37.0
39.7988,state,4,32.2234,1.959,-0.0879,,,36.0
39.8080,cmd,3,16.0513,,,29.30,1.49,
39.8081,cmd,4,32.1794,,,29.30,1.49,
39.8087,state,3,16.0073,1.399,-0.0440,,,37.0
39.8088,state,4,32.2234,-1.959,-0.1465,,,36.0
39.8182,cmd,3,16.0513,,,29.30,1.49,
39.8182,cmd,4,32.1794,,,29.30,1.49,
39.8188,state,3,16.0073,-1.399,0.0147,,,37.0
39.8189,state,4,32.2234,2.518,-0.0879,,,36.0
39.8281,cmd,3,16.0513,,,29.30,1.49,
39.8281,cmd,4,32.1794,,,29.30,1.49,
39.8287,state,3,16.0073,4.757,-0.0440,,,37.0
39.8288,state,4,32.2234,0.280,-0.1465,,,36.0
39.8381,cmd,3,16.0513,,,29.30,1.49,
39.8382,cmd,4,32.1794,,,29.30,1.49,
39.8387,state,3,16.0073,-1.959,-0.0147,,,37.0
39.8392,state,4,32.2234,1.399,-0.0879,,,36.0
39.8481,cmd,3,16.0513,,,29.30,1.49,
39.8481,cmd,4,32.1794,,,29.30,1.49,
39.8486,state,3,16.0073,-1.959,-0.0440,,,37.0
39.8491,state,4,32.2234,2.518,-0.0879,,,36.0
39.8582,cmd,3,16.0513,,,29.30,1.49,
39.8582,cmd,4,32.1794,,,29.30,1.49,
39.8586,state,3,16.0073,-3.638,-0.0147,,,37.0
39.8589,state,4,32.2234,-1.399,-0.0879,,,36.0
39.8681,cmd,3,16.0513,,,29.30,1.49,
39.8682,cmd,4,32.1794,,,29.30,1.49,
39.8687,state,3,16.0073,3.078,-0.0147,,,37.0
39.8689,state,4,32.2234,0.280,-0.0879,,,36.0
39.8781,cmd,3,16.0513,,,29.30,1.49,
39.8781,cmd,4,32.1794,,,29.30,1.49,
39.8788,state,3,16.0073,5.876,0.0147,,,37.0
39.8789,state,4,32.2234,3.078,-0.0879,,,36.0
39.8882,cmd,3,16.0513,,,29.30,1.49,
39.8882,cmd,4,32.1794,,,29.30,1.49,
39.8888,state,3,16.0073,-3.638,-0.0147,,,37.0
39.8889,state,4,32.2234,-5.876,-0.0879,,,36.0
39.8981,cmd,3,16.0513,,,29.30,1.49,
39.8981,cmd,4,32.1794,,,29.30,1.49,
39.8986,state,3,16.0073,-1.399,0.0147,,,37.0
39.8991,state,4,32.2234,-1.959,-0.0879,,,36.0
39.9082,cmd,3,16.0513,,,29.30,1.49,
39.9082,cmd,4,32.1794,,,29.30,1.49,
39.9088,state,3,16.0073,0.839,-0.0440,,,37.0
39.9089,state,4,32.2234,-1.959,-0.1465,,,36.0
39.9181,cmd,3,16.0513,,,29.30,1.49,
39.9181,cmd,4,32.1794,,,29.30,1.49,
39.9187,state,3,16.0073,1.959,-0.0440,,,37.0
39.9188,state,4,32.2234,0.839,-0.1465,,,36.0
39.9281,cmd,3,16.0513,,,29.30,1.49,
39.9281,cmd,4,32.1794,,,29.30,1.49,
39.9285,state,3,16.0073,-5.317,-0.0147,,,37.0
39.9288,state,4,32.2234,-0.280,-0.0879,,,36.0
39.9382,cmd,3,16.0513,,,29.30,1.49,
39.9382,cmd,4,32.1794,,,29.30,1.49,
39.9387,state,3,16.0073,6.996,-0.0733,,,37.0
39.9392,state,4,32.2234,-1.399,-0.0879,,,36.0
39.9481,cmd,3,16.0513,,,29.30,1.49,
39.9481,cmd,4,32.1794,,,29.30,1.49,
39.9487,state,3,16.0073,1.959,-0.0147,,,37.0
39.9488,state,4,32.2234,0.280,-0.0879,,,36.0
39.9581,cmd,3,16.0513,,,29.30,1.49,
39.9582,cmd,4,32.1794,,,29.30,1.49,
39.9587,state,3,16.0073,-4.197,-0.0147,,,37.0
39.9588,state,4,32.2234,-0.280,-0.0879,,,36.0
39.9682,cmd,3,16.0513,,,29.30,1.49,
39.9682,cmd,4,32.1794,,,29.30,1.49,
39.9688,state,3,16.0073,-6.436,-0.0147,,,37.0
39.9689,state,4,32.2234,-6.436,-0.0879,,,36.0
39.9781,cmd,3,16.0513,,,29.30,1.49,
39.9782,cmd,4,32.1794,,,29.30,1.49,
39.9788,state,3,16.0073,0.280,-0.0147,,,37.0
39.9789,state,4,32.2234,-1.399,-0.0879,,,36.0
39.9881,cmd,3,16.0513,,,29.30,1.49,
39.9881,cmd,4,32.1794,,,29.30,1.49,
39.9887,state,3,16.0073,0.280,0.0147,,,37.0
39.9888,state,4,32.2234,-2.518,-0.0879,,,36.0
39.9982,cmd,3,16.0513,,,29.30,1.49,
39.9983,cmd,4,32.1794,,,29.30,1.49,
39.9988,state,3,16.0073,-4.757,-0.0440,,,37.0
39.9992,state,4,32.2234,-1.399,-0.0879,,,36.0
40.0081,cmd,3,16.0513,,,29.30,1.49,
