t_s,cmd,pos_deg,vel_deg_s,tau_est_nm,temp_c
5.940673872828484e-07,41.859658004178996,41.83766933487827,-1.8888718520796304,-0.0293040293040292,32.0
0.005090251099318266,41.93960577122875,41.859648672590296,-1.8888718520796304,-0.0879120879120876,32.0
0.010056266095489264,42.017609211361254,41.83766933487827,-1.0493732511553502,-0.0879120879120876,32.0
0.015056414064019918,42.09614447257923,41.83766933487827,-1.0493732511553502,-0.0879120879120876,32.0
0.020058006048202515,42.17469592730326,41.859648672590296,-1.4691225516174902,-0.0293040293040292,32.0
0.02505765005480498,42.25320815112108,41.859648672590296,1.4691225516174902,-0.0879120879120876,32.0
0.030064536025747657,42.33182328699306,41.83766933487827,-1.0493732511553502,-0.0293040293040292,32.0
0.03505641804076731,42.41018991955501,41.859648672590296,-1.0493732511553502,-0.0293040293040292,32.0
0.04006731405388564,42.48883991616243,41.859648672590296,-0.6296239506932101,-0.0293040293040292,32.0
0.04505693109240383,42.567138710733765,41.859648672590296,1.4691225516174902,-0.0293040293040292,32.0
0.050055233063176274,42.64555442483419,41.83766933487827,-0.6296239506932101,0.0293040293040292,32.0
0.055056311073713005,42.723992141042764,41.859648672590296,-1.0493732511553502,0.0293040293040292,32.0
0.06005580606870353,42.80238133382927,41.859648672590296,4.827116955314611,-0.0293040293040292,32.0
0.06505673809442669,42.8807672068077,41.859648672590296,1.0493732511553502,-0.0293040293040292,32.0
0.07005434401798993,42.95907296911068,41.859648672590296,-2.7283704530039103,0.0293040293040292,32.0
0.07505735603626817,43.03743327557805,41.859648672590296,4.407367654852471,0.0293040293040292,32.0
0.0800588569836691,43.11573760109441,41.859648672590296,0.6296239506932101,0.0879120879120876,32.0
0.08505919901654124,43.19398933760406,41.83766933487827,-4.407367654852471,0.0879120879120876,32.0
0.09005828609224409,43.2721848622649,41.859648672590296,0.20987465023107005,0.0879120879120876,32.0
0.09508644905872643,43.35079613704462,41.859648672590296,-0.20987465023107005,0.0879120879120876,32.0
0.10005648201331496,43.42845797598267,41.859648672590296,-1.0493732511553502,0.0879120879120876,32.0
0.10505662008654326,43.50654735125863,41.859648672590296,-1.4691225516174902,0.146520146520146,32.0
0.11005487304646522,43.5845621586311,41.859648672590296,1.0493732511553502,0.146520146520146,32.0
0.11505835608113557,43.662611267903486,41.859648672590296,-2.7283704530039103,0.0879120879120876,32.0
0.12005647807382047,43.7405273327891,41.859648672590296,1.8888718520796304,0.146520146520146,32.0
0.1250561170745641,43.81841549622992,41.859648672590296,-0.6296239506932101,0.146520146520146,32.0
0.1300542320823297,43.89622624969011,41.859648672590296,2.7283704530039103,0.146520146520146,32.0
0.13508490100502968,43.97448746049916,41.859648672590296,1.8888718520796304,0.146520146520146,32.0
0.14005717006511986,44.051782488665694,41.859648672590296,-0.20987465023107005,0.146520146520146,32.0
0.14506038301624358,44.129498552481465,41.859648672590296,-0.6296239506932101,0.146520146520146,32.0
0.15010383608751,44.20777660679228,41.881628010302315,-2.7283704530039103,0.146520146520146,32.0
0.15505704400129616,44.28459025202156,41.881628010302315,1.0493732511553502,0.2051282051282044,32.0
0.16005704400595278,44.362063365835134,41.881628010302315,-1.0493732511553502,0.2051282051282044,32.0
0.16506081202533096,44.43952618054767,41.881628010302315,3.1481197534660503,0.2637362637362628,32.0
0.17006585898343474,44.51693793174924,41.881628010302315,-3.9876183543903307,0.2051282051282044,32.0
0.17507189605385065,44.59429197688467,41.881628010302315,-0.6296239506932101,0.2637362637362628,32.0
0.18006919499021024,44.671436044154646,41.881628010302315,1.0493732511553502,0.2637362637362628,32.0
0.18505668104626238,44.74835185322343,41.881628010302315,-0.20987465023107005,0.2637362637362628,32.0
0.1900683690328151,44.8255615213932,41.881628010302315,0.20987465023107005,0.2637362637362628,32.0
0.19505996606312692,44.90238047069303,41.881628010302315,-1.8888718520796304,0.2637362637362628,32.0
0.20005714299622923,44.97920201464278,41.90360734801444,1.4691225516174902,0.2637362637362628,32.0
0.20505951205268502,45.056017815547946,41.90360734801444,-1.0493732511553502,0.2637362637362628,32.0
0.2100825880188495,45.133063327932305,41.90360734801444,-1.4691225516174902,0.3223443223443212,32.0
0.21508038300089538,45.20963118625478,41.881628010302315,-0.20987465023107005,0.2637362637362628,32.0
0.22005655406974256,45.2857765963311,41.90360734801444,-1.8888718520796304,0.3223443223443212,32.0
0.22509454900864512,45.36277325018698,41.90360734801444,0.6296239506932101,0.3223443223443212,32.0
0.2300874920329079,45.4389851721048,41.90360734801444,1.0493732511553502,0.3223443223443212,32.0
0.23508865106850863,45.51522440730566,41.90360734801444,1.8888718520796304,0.3223443223443212,32.0
0.2400825039949268,45.59125222058859,41.90360734801444,1.0493732511553502,0.3223443223443212,32.0
0.24506392900366336,45.66698915773254,41.90360734801444,0.20987465023107005,0.3223443223443212,32.0
0.2500589400297031,45.742828622736155,41.90360734801444,-0.20987465023107005,0.3809523809523796,32.0
0.25505968800280243,45.818648761146235,41.90360734801444,3.1481197534660503,0.3223443223443212,32.0
0.2600584870669991,45.89433084393517,41.92558668572646,1.4691225516174902,0.3809523809523796,32.0
0.2650889230426401,45.970380295310854,41.92558668572646,4.827116955314611,0.3809523809523796,32.0
0.2700571740278974,46.04537768346177,41.92558668572646,-0.6296239506932101,0.3223443223443212,32.0
0.2750877650687471,46.121200664085436,41.92558668572646,-0.6296239506932101,0.3809523809523796,32.0
0.2800826660823077,46.196368704989105,41.92558668572646,4.407367654852471,0.3809523809523796,32.0
0.2850560770602897,46.27109545986666,41.92558668572646,0.6296239506932101,0.439560439560438,32.0
0.29006323509383947,46.34620838829595,41.947566023438476,0.20987465023107005,0.439560439560438,32.0
0.295084634097293,46.42141106463763,41.947566023438476,-0.20987465023107005,0.439560439560438,32.0
0.30008687207009643,46.49620136485842,41.947566023438476,-0.20987465023107005,0.3809523809523796,32.0
0.3050858729984611,46.57081616349881,41.947566023438476,2.7283704530039103,0.439560439560438,32.0
0.3100571900140494,46.644889720465166,41.9695453611505,0.6296239506932101,0.4981684981684964,32.0
0.3150687760207802,46.719432018498715,41.9695453611505,3.1481197534660503,0.439560439560438,32.0
0.32008088007569313,46.79384814956525,41.9695453611505,1.8888718520796304,0.4981684981684964,32.0
0.32508622808381915,46.86802831801485,41.9695453611505,-1.8888718520796304,0.5567765567765548,32.0
0.3300576020264998,46.94156878583964,41.9695453611505,0.20987465023107005,0.5567765567765548,32.0
0.3350870970170945,47.01582886050301,41.9695453611505,-2.7283704530039103,0.4981684981684964,32.0
0.34008335205726326,47.08945653742179,41.9695453611505,3.9876183543903307,0.6153846153846132,32.0
0.34508294705301523,47.16299012667605,41.99152469886263,1.4691225516174902,0.5567765567765548,32.0
0.3500582940177992,47.23602276694922,41.9695453611505,1.4691225516174902,0.6153846153846132,32.0
0.3550835159840062,47.3096393628974,41.9695453611505,-2.3086211525417704,0.5567765567765548,32.0
0.3600820910651237,47.38271587383282,41.99152469886263,1.0493732511553502,0.6153846153846132,32.0
0.3650565390707925,47.455289425459995,41.99152469886263,-0.6296239506932101,0.6153846153846132,32.0
0.3700598170980811,47.528130416174065,41.99152469886263,1.0493732511553502,0.6153846153846132,32.0
0.3750564450165257,47.60071929311897,41.99152469886263,0.6296239506932101,0.5567765567765548,32.0
0.38005705608520657,47.673208664916636,41.99152469886263,2.7283704530039103,0.6153846153846132,32.0
0.3850581890437752,47.74554615641341,41.99152469886263,-2.3086211525417704,0.6153846153846132,32.0
0.3900587899843231,47.81771454052515,41.99152469886263,-2.7283704530039103,0.6153846153846132,32.0
0.3950586779974401,47.88970928808977,41.99152469886263,-0.6296239506932101,0.6739926739926716,32.0
0.4000581899890676,47.96153333016342,41.99152469886263,-3.1481197534660503,0.6739926739926716,32.0
0.4050568270031363,48.033177592547425,41.99152469886263,-1.4691225516174902,0.6739926739926716,32.0
0.4100577380741015,48.10468517454091,41.99152469886263,0.20987465023107005,0.6739926739926716,32.0
0.4150857460917905,48.17640754201267,42.013504036574645,3.5678690539281908,0.6739926739926716,32.0
0.4200560210738331,48.24713426204373,42.013504036574645,-2.7283704530039103,0.73260073260073,32.0
0.4250589000293985,48.318150183882594,42.013504036574645,2.3086211525417704,0.6739926739926716,32.0
0.43005698604974896,48.38892105819218,42.013504036574645,0.20987465023107005,0.6739926739926716,32.0
0.43508401908911765,48.459921383629975,42.03548337428666,1.4691225516174902,0.73260073260073,32.0
0.44005616300273687,48.529966551461726,42.03548337428666,1.0493732511553502,0.73260073260073,32.0
0.4450568089960143,48.6002308430967,42.013504036574645,0.20987465023107005,0.73260073260073,32.0
0.4500566750066355,48.67029937428751,42.03548337428666,-1.8888718520796304,0.73260073260073,32.0
0.4550557320471853,48.74016990649767,42.03548337428666,1.0493732511553502,0.73260073260073,32.0
0.4600573980715126,48.80988819400635,42.03548337428666,-0.20987465023107005,0.7912087912087884,32.0
0.46508421702310443,48.87976497322703,42.05746271199869,2.7283704530039103,0.73260073260073,32.0
0.47005678701680154,48.948696263151646,42.03548337428666,-1.4691225516174902,0.7912087912087884,32.0
0.47505600203294307,49.01780314014735,42.05746271199869,-0.20987465023107005,0.7912087912087884,32.0
0.4800566650228575,49.08673376504403,42.05746271199869,3.1481197534660503,0.8498168498168468,32.0
0.4850568750407547,49.15545998628798,42.079442049710806,2.3086211525417704,0.8498168498168468,32.0
0.4900607999879867,49.22403700939544,42.079442049710806,1.8888718520796304,0.8498168498168468,32.0
0.4950838000513613,49.292672074554446,42.079442049710806,-2.7283704530039103,0.8498168498168468,32.0
0.500055697048083,49.36040633436076,42.079442049710806,0.6296239506932101,0.8498168498168468,32.0
0.5050581350224093,49.42835145375433,42.079442049710806,0.20987465023107005,0.8498168498168468,32.0
0.5100558350095525,49.496024813271205,42.079442049710806,-1.8888718520796304,0.9084249084249052,32.0
0.5150838700355962,49.56389786200182,42.079442049710806,3.9876183543903307,0.9084249084249052,32.0
0.5200848560780287,49.63119391134932,42.079442049710806,1.4691225516174902,0.8498168498168468,32.0
0.5250566790346056,49.69788624545882,42.10142138742283,1.0493732511553502,0.9084249084249052,32.0
0.5300568280508742,49.76474425025099,42.10142138742283,2.7283704530039103,0.9670329670329636,32.0
0.5350566190900281,49.831380756670235,42.10142138742283,1.0493732511553502,0.9084249084249052,32.0
0.5400555030209944,49.89778670206337,42.10142138742283,-1.0493732511553502,0.9084249084249052,32.0
0.5450568530941382,49.96400497349505,42.10142138742283,-1.0493732511553502,0.9084249084249052,32.0
0.5500587640563026,50.03000832865205,42.10142138742283,0.20987465023107005,0.9084249084249052,32.0
0.5550840090727434,50.096093851638734,42.12340072513485,2.7283704530039103,0.9084249084249052,32.0
0.5600559310987592,50.16125367132286,42.12340072513485,1.8888718520796304,0.9670329670329636,32.0
0.565058401087299,50.226586713480614,42.12340072513485,-1.0493732511553502,0.9084249084249052,32.0
0.5700567950261757,50.291637192313715,42.14538006284687,0.20987465023107005,0.9670329670329636,32.0
0.5750559330917895,50.35646628499674,42.14538006284687,2.7283704530039103,0.9084249084249052,32.0
0.5800580980721861,50.42110155473822,42.16735940055899,3.5678690539281908,0.9670329670329636,32.0
0.5850565970176831,50.485454792722265,42.16735940055899,0.20987465023107005,0.9670329670329636,32.0
0.5900563200702891,50.549587364655345,42.16735940055899,-1.4691225516174902,0.9670329670329636,32.0
0.5950566900428385,50.61348997579663,42.18933873827101,5.246866255776751,1.025641025641022,32.0
0.6000557839870453,50.677136345355535,42.233297413695055,1.8888718520796304,0.9670329670329636,32.0
0.6050560009898618,50.74055528338308,42.255276751407074,6.086364856701031,0.9084249084249052,32.0
0.6100570750422776,50.80374153319247,42.2772560891192,5.666615556238891,0.8498168498168468,32.0
0.6150560000678524,50.866655477209584,42.29923542683122,4.827116955314611,0.9670329670329636,32.0
0.6200564270839095,50.929341387618685,42.34319410225526,4.407367654852471,0.9084249084249052,32.0
0.625057234079577,50.99178334042331,42.365173439967386,3.5678690539281908,0.9084249084249052,32.0
0.6300560000818223,51.05394951924259,42.387152777679404,5.666615556238891,0.9670329670329636,32.0
0.6350561110302806,51.11588038038405,42.40913211539142,6.086364856701031,0.9670329670329636,32.0
0.6400564260547981,51.17755997810087,42.43111145310345,3.9876183543903307,0.9084249084249052,32.0
0.6450566590065137,51.23898308230119,42.43111145310345,3.1481197534660503,0.9084249084249052,32.0
0.6500561060383916,51.30013942978723,42.453090790815565,6.506114157163171,1.025641025641022,32.0
0.6550594210857525,51.36108403385968,42.453090790815565,-0.20987465023107005,0.9670329670329636,32.0
0.6600562500534579,51.421689307525774,42.47507012852759,2.3086211525417704,1.025641025641022,32.0
0.6650558320106938,51.482065939022895,42.49704946623961,2.3086211525417704,0.9670329670329636,32.0
0.6700551330577582,51.542175441094955,42.49704946623961,5.666615556238891,0.9670329670329636,32.0
0.6750559260835871,51.60203738596926,42.519028803951635,6.9258634576253115,0.9084249084249052,32.0
0.6800584220327437,51.66165240175759,42.56298747937578,7.7653620585495915,0.8498168498168468,32.0
0.6850880620768294,51.7213197036274,42.56298747937578,6.9258634576253115,0.9084249084249052,32.0
0.6900846799835563,51.780324373734516,42.606946154799815,10.283857861322431,0.7912087912087884,32.0
0.695083508035168,51.839083350276965,42.67288416793598,11.962855063170991,0.7912087912087884,32.0
0.7000859620748088,51.89761118767234,42.716842843360126,12.382604363633131,0.6739926739926716,32.0
0.7050863900221884,51.95584002167444,42.80476019420821,14.481350865943833,0.6739926739926716,32.0
0.710055976989679,52.013435439143336,42.93663622048054,20.357841072413795,0.5567765567765548,32.0
0.7150809110607952,52.071392694231314,42.98059489590458,18.678843870565235,0.4981684981684964,32.0
0.7200809540227056,52.12878219775995,43.090491584464885,24.555334077035194,0.3223443223443212,32.0
0.725080730044283,52.185887121652655,43.22236761073711,23.296086175648774,0.3809523809523796,32.0
0.7300852000480518,52.24276218491117,43.332264299297314,22.036838274262355,0.439560439560438,32.0
0.7350568970432505,52.298982418748324,43.48611966328167,25.394832677959474,0.5567765567765548,32.0
0.7400570290628821,52.35523879364972,43.596016351841875,28.333077781194657,0.6739926739926716,32.0
0.745082893059589,52.41149469358099,43.749871715826224,29.592325682581077,0.6739926739926716,32.0
0.7500807320466265,52.46714706006384,43.903727079810466,30.431824283505357,0.6153846153846132,32.0
0.7550565230194479,52.52226527909269,44.07956178150684,33.78981868720248,0.6739926739926716,32.0
0.7600549950730056,52.5773432608932,44.321334496339375,32.53057078581606,0.73260073260073,32.0
0.7650594949955121,52.63219348009781,44.409251847187555,34.20956798766462,0.73260073260073,32.0
0.7700835500145331,52.686960421714545,44.56310721117191,32.9503200862782,0.6739926739926716,32.0
0.7750808970304206,52.741138909876085,44.71696257515615,28.333077781194657,0.5567765567765548,32.0
0.7800809810869396,52.79504882132742,44.84883860142848,31.27132288442964,0.4981684981684964,32.0
0.7850815040292218,52.84866361564036,45.00269396541273,32.9503200862782,0.3223443223443212,32.0
0.7900798909831792,52.90195436906953,45.1785286671091,35.0490665885889,0.3223443223443212,32.0
0.795055633992888,52.95470322186655,45.420301381941634,36.30831448997532,0.439560439560438,32.0
0.8000832210527733,53.00769572218971,45.53019807050184,34.20956798766462,0.5567765567765548,32.0
0.805055691045709,53.059803326616375,45.70603277219821,35.0490665885889,0.6153846153846132,32.0
0.8100821500411257,53.11216803874173,45.85988813618256,28.333077781194657,0.6739926739926716,32.0
0.8150561930378899,53.16367978832627,46.057702175590954,30.012074983043217,0.7912087912087884,32.0
0.820080541074276,53.21540113306186,46.2115575395753,32.9503200862782,0.7912087912087884,32.0
0.8250812580808997,53.26656707010176,46.38739224127167,34.62931728812676,0.4981684981684964,32.0
0.8300612950697541,53.31721053853303,46.54124760525592,30.8515735839675,0.4981684981684964,32.0
0.8350877430057153,53.36800998811914,46.67312363152825,24.135584776573054,0.4981684981684964,32.0
0.8400794180342928,53.41814245785651,46.870937670936634,25.394832677959474,0.3809523809523796,32.0
0.8450825550826266,53.46807312582118,46.95885502178482,24.975083377497334,0.3809523809523796,32.0
0.8500817870954052,53.51764654506394,47.11271038576917,24.555334077035194,0.3223443223443212,32.0
0.8550803810358047,53.56689418654882,47.2445864120414,29.592325682581077,0.439560439560438,32.0
0.8600828510243446,53.61585886290265,47.39844177602575,30.8515735839675,0.4981684981684964,32.0
0.8650589300086722,53.66424515138592,47.574276477722115,34.20956798766462,0.4981684981684964,32.0
0.8700831020250916,53.71277387987658,47.794069854842526,30.431824283505357,0.6739926739926716,32.0
0.8750867990311235,53.760778735040546,47.88198720569071,28.752827081656797,0.6153846153846132,32.0
0.880083505064249,53.808390446592846,48.013863231962944,25.814581978421614,0.7912087912087884,32.0
0.8850806010887027,53.855678686569966,48.16771859594729,27.073829879808237,0.6153846153846132,32.0
0.8900810150662437,53.902669501974145,48.2776152845075,22.876336875186635,0.4981684981684964,32.0
0.8950876510934904,53.94938795106981,48.40949131077982,22.036838274262355,0.439560439560438,32.0
0.9000852400204167,53.995690553231825,48.519387999340026,23.715835476110914,0.439560439560438,32.0
0.9050815399968997,54.04164894705882,48.65126402561226,22.036838274262355,0.3809523809523796,32.0
0.910055868094787,54.087073949677404,48.805119389596605,19.518342471489515,0.3809523809523796,32.0
0.9150818060152233,54.13263327406388,48.84907806502065,21.617088973800215,0.3223443223443212,32.0
0.9200820759870112,54.17762255461952,48.958974753580954,18.678843870565235,0.3809523809523796,32.0
0.9250825520139188,54.22227592829002,49.04689210442914,18.678843870565235,0.3223443223443212,32.0
0.9300829920684919,54.2665899921852,49.156788792989346,20.777590372875935,0.4981684981684964,32.0
0.935081894043833,54.31055038020453,49.24470614383753,17.83934526964095,0.5567765567765548,32.0
0.940081081003882,54.35417204732798,49.35460283239774,20.777590372875935,0.439560439560438,32.0
0.9450744800269604,54.39740137298655,49.50845819638209,21.197339673338075,0.4981684981684964,32.0
0.950061509036459,54.440233385935215,49.61835488494229,24.975083377497334,0.4981684981684964,32.0
0.9550563220400363,54.48278833287662,49.70627223579048,22.456587574724495,0.5567765567765548,32.0
0.9600834040902555,54.525269497990884,49.79418958663866,19.518342471489515,0.6739926739926716,32.0
0.9650831280741841,54.567171330952505,49.882106937486846,19.518342471489515,0.7912087912087884,32.0
0.9700841580051929,54.6087356275486,49.94804495062291,14.901100166405973,0.8498168498168468,32.0
0.9750555939972401,54.64970739774776,50.01398296375907,7.7653620585495915,0.73260073260073,32.0
0.9800554810790345,54.69056401116241,50.05794163918322,6.086364856701031,0.6739926739926716,32.0
0.9850855140248314,54.7313120217195,50.07992097689524,-0.6296239506932101,0.73260073260073,32.0
0.9900561840040609,54.77122830281568,50.101900314607256,-0.20987465023107005,0.73260073260073,32.0
0.9950834690826014,54.81124338315866,50.101900314607256,2.3086211525417704,0.73260073260073,32.0
1.0000820220448077,54.8506738810703,50.101900314607256,-1.8888718520796304,0.73260073260073,32.0
1.005082065006718,54.88976002399113,50.101900314607256,0.20987465023107005,0.6153846153846132,32.0
1.0100567870540544,54.928293706832285,50.101900314607256,1.4691225516174902,0.6153846153846132,32.0
1.0150860029971227,54.96688897095552,50.07992097689524,-2.7283704530039103,0.6739926739926716,32.0
1.0200798860751092,55.00485335466156,50.101900314607256,-2.7283704530039103,0.6739926739926716,32.0
1.025057276012376,55.04233463353357,50.101900314607256,0.6296239506932101,0.5567765567765548,32.0
1.0300582370255142,55.079632711360155,50.07992097689524,-3.5678690539281908,0.6153846153846132,32.0
1.0350588480941951,55.11656564544225,50.101900314607256,-0.6296239506932101,0.6153846153846132,32.0
1.0400589430937544,55.15313129039247,50.101900314607256,0.6296239506932101,0.5567765567765548,32.0
1.0450590580003336,55.18933261735448,50.101900314607256,-1.8888718520796304,0.6153846153846132,32.0
1.0500831410754472,55.22533938589144,50.07992097689524,-3.1481197534660503,0.6153846153846132,32.0
1.0550560019910336,55.26061473015039,50.07992097689524,-0.20987465023107005,0.5567765567765548,32.0
1.0600564250489697,55.29571914293308,50.101900314607256,1.8888718520796304,0.5567765567765548,32.0
1.065058880019933,55.33046917661598,50.101900314607256,0.20987465023107005,0.5567765567765548,32.0
1.0700587410246953,55.36483180661669,50.101900314607256,-0.6296239506932101,0.6153846153846132,32.0
1.0750562130706385,55.3988080526003,50.07992097689524,-0.20987465023107005,0.6153846153846132,32.0
1.0800580070354044,55.43244239287077,50.101900314607256,0.6296239506932101,0.6153846153846132,32.0
1.0850574540672824,55.46568884142276,50.101900314607256,1.4691225516174902,0.6153846153846132,32.0
1.090075850021094,55.498686242749585,50.07992097689524,-2.7283704530039103,0.6153846153846132,32.0
1.0950819820864126,55.531227708245126,50.101900314607256,-2.3086211525417704,0.6153846153846132,32.0
1.1000818170141429,55.5633532161834,50.101900314607256,-1.4691225516174902,0.6153846153846132,32.0
1.105055944994092,55.59494077354838,50.07992097689524,-2.7283704530039103,0.6153846153846132,32.0
1.1100732380291447,55.62642490434652,50.101900314607256,-4.407367654852471,0.6739926739926716,32.0
1.115081313997507,55.65747220568222,50.101900314607256,0.20987465023107005,0.6739926739926716,32.0
1.1200852789916098,55.688114991372046,50.101900314607256,1.0493732511553502,0.6153846153846132,32.0
1.1250852530356497,55.71835407614421,50.101900314607256,-0.6296239506932101,0.6153846153846132,32.0
1.1300564960110933,55.74804273042976,50.07992097689524,-5.666615556238891,0.6153846153846132,32.0
1.1350566650507972,55.77752445021231,50.101900314607256,1.8888718520796304,0.6739926739926716,32.0
1.140085780993104,55.806791932116425,50.101900314607256,1.4691225516174902,0.6739926739926716,32.0
1.1450559690129012,55.83533641802997,50.101900314607256,0.20987465023107005,0.6739926739926716,32.0
1.150057718041353,55.863679952632395,50.07992097689524,-3.5678690539281908,0.6153846153846132,32.0
1.1550570370163769,55.89162580061951,50.101900314607256,1.8888718520796304,0.6739926739926716,32.0
1.160083563067019,55.91933599875583,50.101900314607256,-0.20987465023107005,0.6153846153846132,32.0
1.165083794039674,55.94651473624897,50.101900314607256,0.20987465023107005,0.6739926739926716,32.0
1.1700911100488156,55.973344928558326,50.101900314607256,-0.20987465023107005,0.6739926739926716,32.0
1.175084054004401,55.99971171513975,50.101900314607256,3.1481197534660503,0.6739926739926716,32.0
1.1800869629951194,56.025743403044345,50.101900314607256,-0.20987465023107005,0.6739926739926716,32.0
1.1851187270367518,56.051533038322994,50.07992097689524,-2.3086211525417704,0.6739926739926716,32.0
1.1900561490328982,56.076456116105454,50.101900314607256,0.6296239506932101,0.6739926739926716,32.0
1.1950565980514511,56.101309964093346,50.101900314607256,3.5678690539281908,0.6739926739926716,32.0
1.200064201024361,56.12580801832034,50.101900314607256,-1.0493732511553502,0.6739926739926716,32.0
1.2050741870189086,56.14992514619539,50.07992097689524,0.6296239506932101,0.73260073260073,32.0
1.2100887449923903,56.17367040230876,50.101900314607256,1.0493732511553502,0.6739926739926716,32.0
1.215062667033635,56.1968333085983,50.101900314607256,-1.8888718520796304,0.6739926739926716,32.0
1.2200599330244586,56.21971320926455,50.07992097689524,-2.3086211525417704,0.6739926739926716,32.0
1.2250563109992072,56.24219589101447,50.101900314607256,-0.20987465023107005,0.73260073260073,32.0
1.2300584760960191,56.264310195330395,50.07992097689524,-3.1481197534660503,0.73260073260073,32.0
1.2350805950118229,56.28611509229468,50.07992097689524,0.6296239506932101,0.73260073260073,32.0
1.2400564290583134,56.30732551598035,50.101900314607256,0.6296239506932101,0.73260073260073,32.0
1.2450801230734214,56.3283420013104,50.101900314607256,0.20987465023107005,0.7912087912087884,32.0
1.2500560220796615,56.34876380088114,50.101900314607256,-4.407367654852471,0.73260073260073,32.0
1.2550816100556403,56.36899021059564,50.07992097689524,-3.1481197534660503,0.73260073260073,32.0
1.260082548018545,56.388718501774,50.101900314607256,-1.4691225516174902,0.6739926739926716,32.0
1.2650585080264136,56.40795276696555,50.101900314607256,1.8888718520796304,0.73260073260073,32.0
1.270086302072741,56.42698617480557,50.07992097689524,-0.6296239506932101,0.6739926739926716,32.0
1.2750834610778838,56.44550347054674,50.101900314607256,6.506114157163171,0.73260073260073,32.0
1.2800567570375279,56.46353577324785,50.101900314607256,-1.0493732511553502,0.73260073260073,32.0
1.2850567830028012,56.481265686505594,50.101900314607256,-5.246866255776751,0.7912087912087884,32.0
1.2900582920992747,56.49859981728989,50.101900314607256,-1.0493732511553502,0.7912087912087884,32.0
1.2950846990570426,56.51561565767864,50.101900314607256,-3.5678690539281908,0.73260073260073,32.0
1.3000569990836084,56.53204880901181,50.07992097689524,1.8888718520796304,0.7912087912087884,32.0
1.305055984063074,56.54816913693095,50.101900314607256,-0.6296239506932101,0.73260073260073,32.0
1.3100565650966018,56.563891889105705,50.101900314607256,-1.8888718520796304,0.6739926739926716,32.0
1.3150565740652382,56.57920969385579,50.101900314607256,0.6296239506932101,0.7912087912087884,32.0
1.3200565380975604,56.594123820733714,50.101900314607256,-2.7283704530039103,0.73260073260073,32.0
1.3250855410005897,56.60871709217558,50.101900314607256,0.6296239506932101,0.7912087912087884,32.0
1.3300606299890205,56.622751413211596,50.07992097689524,-1.0493732511553502,0.73260073260073,32.0
1.3350687570637092,56.63647421578441,50.101900314607256,-2.3086211525417704,0.7912087912087884,32.0
1.3400591390673071,56.649744120829254,50.101900314607256,-1.8888718520796304,0.7912087912087884,32.0
1.3450585580430925,56.66263303851355,50.101900314607256,2.7283704530039103,0.73260073260073,32.0
1.3500590960029513,56.675118967795456,50.101900314607256,1.0493732511553502,0.73260073260073,32.0
1.355063087074086,56.687206837213765,50.101900314607256,-1.0493732511553502,0.7912087912087884,32.0
1.3600843520835042,56.69892716907135,50.101900314607256,2.3086211525417704,0.7912087912087884,32.0
1.365059194038622,56.71013452227867,50.101900314607256,-2.3086211525417704,0.73260073260073,32.0
1.3700905920704827,56.72105933834221,50.101900314607256,0.20987465023107005,0.7912087912087884,32.0
1.375085912994109,56.731497680476124,50.07992097689524,-1.4691225516174902,0.7912087912087884,32.0
1.3800579000962898,56.741483154598924,50.101900314607256,-1.4691225516174902,0.7912087912087884,32.0
1.3850892900954932,56.75117723622391,50.101900314607256,1.4691225516174902,0.73260073260073,32.0
1.3900848029879853,56.76039320357455,50.101900314607256,0.20987465023107005,0.73260073260073,32.0
1.3950841320911422,56.76920796525161,50.101900314607256,-0.6296239506932101,0.73260073260073,32.0
1.400079996092245,56.77760839869448,50.101900314607256,-1.8888718520796304,0.73260073260073,32.0
1.4050843940349296,56.785613827779756,50.101900314607256,1.0493732511553502,0.8498168498168468,32.0
1.4100905790692195,56.79321197295853,50.101900314607256,-1.0493732511553502,0.7912087912087884,32.0
1.4150909580057487,56.80039159503663,50.101900314607256,0.20987465023107005,0.7912087912087884,32.0
1.4200958600267768,56.80716748525302,50.101900314607256,-1.4691225516174902,0.73260073260073,32.0
1.4251579890260473,56.813603184752175,50.101900314607256,1.4691225516174902,0.7912087912087884,32.0
1.430061181075871,56.819436184365195,50.101900314607256,-1.8888718520796304,0.7912087912087884,32.0
1.4350885580061004,56.82500740452346,50.101900314607256,1.0493732511553502,0.7912087912087884,32.0
1.4400659770471975,56.83011463718212,50.101900314607256,-2.7283704530039103,0.7912087912087884,32.0
1.4450605470919982,56.834830639204746,50.101900314607256,-2.3086211525417704,0.7912087912087884,32.0
1.4500701650977135,56.839149335588004,50.101900314607256,1.4691225516174902,0.7912087912087884,32.0
1.4550636920612305,56.84304389240326,50.101900314607256,1.0493732511553502,0.7912087912087884,32.0
1.460068896994926,56.84653640421665,50.07992097689524,-4.407367654852471,0.7912087912087884,32.0
1.4650615750579163,56.84960999058938,50.07992097689524,-0.6296239506932101,0.7912087912087884,32.0
1.470058849081397,56.85227608568735,50.07992097689524,-2.3086211525417704,0.7912087912087884,32.0
1.4750889900606126,56.8545450736282,50.101900314607256,-0.6296239506932101,0.8498168498168468,32.0
1.4800609330413863,56.85637893888442,50.101900314607256,2.7283704530039103,0.7912087912087884,32.0
1.4850614659953862,56.85781329424845,50.101900314607256,1.4691225516174902,0.7912087912087884,32.0
1.4900594190694392,56.85883595790284,50.07992097689524,1.0493732511553502,0.73260073260073,32.0
1.4950916829984635,56.85945052775785,50.101900314607256,-0.6296239506932101,0.7912087912087884,32.0
1.5000915450509638,56.85964860366347,50.07992097689524,-0.20987465023107005,0.7912087912087884,32.0
1.5050912180449814,56.85943548551817,50.101900314607256,-2.3086211525417704,0.7912087912087884,32.0
1.5100821920204908,56.8588126377157,50.101900314607256,4.827116955314611,0.7912087912087884,32.0
1.5150591160636395,56.85778354537172,50.101900314607256,-2.3086211525417704,0.7912087912087884,32.0
1.5200861510820687,56.856330523184894,50.101900314607256,-1.8888718520796304,0.73260073260073,32.0
1.5250849790172651,56.85447354562185,50.101900314607256,1.4691225516174902,0.7912087912087884,32.0
1.5300573310814798,56.85221876395522,50.101900314607256,1.8888718520796304,0.7912087912087884,32.0
1.5350680650444701,56.84953536308657,50.101900314607256,0.6296239506932101,0.7912087912087884,32.0
1.5400719470344484,56.84644375612772,50.101900314607256,-1.4691225516174902,0.7912087912087884,32.0
1.545065370039083,56.842948391587974,50.101900314607256,1.8888718520796304,0.8498168498168468,32.0
1.55006288504228,56.83903996418403,50.101900314607256,-0.20987465023107005,0.7912087912087884,32.0
1.5550963929854333,56.83468868565678,50.07992097689524,-1.8888718520796304,0.73260073260073,32.0
1.5600608760723844,56.82998952584434,50.101900314607256,0.20987465023107005,0.8498168498168468,32.0
1.5650916640879586,56.8248148539454,50.101900314607256,-2.7283704530039103,0.7912087912087884,32.0
1.5700604520970955,56.81929625550376,50.101900314607256,-0.6296239506932101,0.8498168498168468,32.0
1.5750615710858256,56.81333276529067,50.101900314607256,0.20987465023107005,0.7912087912087884,32.0
1.5800663840491325,56.806954269457485,50.101900314607256,-1.4691225516174902,0.8498168498168468,32.0
1.5850734789855778,56.80016200726116,50.101900314607256,-2.7283704530039103,0.7912087912087884,32.0
1.5900785330450162,56.79296199966839,50.101900314607256,-0.20987465023107005,0.7912087912087884,32.0
1.5950785700697452,56.78535959345831,50.101900314607256,-2.7283704530039103,0.73260073260073,32.0
1.6000742530450225,56.777355139768716,50.07992097689524,-1.0493732511553502,0.8498168498168468,32.0
1.605079801985994,56.76892539747184,50.101900314607256,-3.1481197534660503,0.7912087912087884,32.0
1.6100775160593912,56.760100157798234,50.101900314607256,-0.6296239506932101,0.7912087912087884,32.0
1.6150725740008056,56.750871803763104,50.101900314607256,-0.6296239506932101,0.8498168498168468,32.0
1.6200687600066885,56.74123378385225,50.101900314607256,1.8888718520796304,0.7912087912087884,32.0
1.6250607430702075,56.73119702155513,50.101900314607256,-0.20987465023107005,0.7912087912087884,32.0
1.6300604779971763,56.72073732194265,50.101900314607256,-0.6296239506932101,0.7912087912087884,32.0
1.6350832440657541,56.70981924020609,50.101900314607256,-1.4691225516174902,0.7912087912087884,32.0
1.6400605470407754,56.69859470192035,50.07992097689524,-3.5678690539281908,0.8498168498168468,32.0
1.645080974092707,56.68686452701736,50.101900314607256,3.5678690539281908,0.73260073260073,32.0
1.6500855730846524,56.6747634461294,50.101900314607256,-1.4691225516174902,0.7912087912087884,32.0
1.6550823519937694,56.66227531583818,50.101900314607256,6.506114157163171,0.7912087912087884,32.0
1.6600781000452116,56.649384588512014,50.101900314607256,0.20987465023107005,0.7912087912087884,32.0
1.6650710990652442,56.63609650983827,50.101900314607256,1.0493732511553502,0.7912087912087884,32.0
1.6700728440191597,56.622380123295805,50.101900314607256,-1.8888718520796304,0.73260073260073,32.0
1.675089808064513,56.60821514084489,50.101900314607256,-1.4691225516174902,0.73260073260073,32.0
1.680057049030438,56.593789490319786,50.101900314607256,-2.3086211525417704,0.73260073260073,32.0
1.6850569340167567,56.57886643055969,50.07992097689524,-2.3086211525417704,0.7912087912087884,32.0
1.6900847230572253,56.56345318638427,50.101900314607256,-3.1481197534660503,0.7912087912087884,32.0
1.6950764399953187,56.547747294778546,50.101900314607256,1.0493732511553502,0.7912087912087884,32.0
1.7000793300103396,56.531603551531255,50.07992097689524,-2.7283704530039103,0.73260073260073,32.0
1.7050803439924493,56.515063384275294,50.101900314607256,2.3086211525417704,0.73260073260073,32.0
1.7100770610850304,56.498135997569705,50.101900314607256,1.0493732511553502,0.7912087912087884,32.0
1.7150790190789849,56.480789430928716,50.07992097689524,1.8888718520796304,0.7912087912087884,32.0
1.7200765380403027,56.463057632410866,50.101900314607256,-1.0493732511553502,0.73260073260073,32.0
1.7250794060528278,56.44490625000872,50.101900314607256,2.3086211525417704,0.7912087912087884,32.0
1.7301574100274593,56.426072877666314,50.101900314607256,0.20987465023107005,0.7912087912087884,32.0
1.735110871028155,56.407304534125714,50.101900314607256,1.8888718520796304,0.7912087912087884,32.0
1.740059802075848,56.38816244950665,50.07992097689524,-0.6296239506932101,0.73260073260073,32.0
1.7450573310488835,56.368436415345634,50.101900314607256,-0.20987465023107005,0.7912087912087884,32.0
1.7500854060053825,56.34818878915112,50.101900314607256,6.506114157163171,0.73260073260073,32.0
1.7550602960400283,56.3277599990662,50.07992097689524,-4.407367654852471,0.73260073260073,32.0
1.7600593020906672,56.306836643833456,50.101900314607256,0.20987465023107005,0.73260073260073,32.0
1.7650594270089641,56.285512553189264,50.101900314607256,0.20987465023107005,0.7912087912087884,32.0
1.770058449008502,56.263797784876985,50.101900314607256,-1.8888718520796304,0.73260073260073,32.0
1.7750571930082515,56.241689514501466,50.101900314607256,-5.666615556238891,0.6739926739926716,32.0
1.7800850650528446,56.21905487467898,50.101900314607256,0.20987465023107005,0.6739926739926716,32.0
1.7850570280570537,56.19628046925659,50.101900314607256,2.3086211525417704,0.73260073260073,32.0
1.790056732017547,56.17298708653298,50.101900314607256,1.0493732511553502,0.6739926739926716,32.0
1.795059163006954,56.14928831682068,50.101900314607256,0.20987465023107005,0.73260073260073,32.0
1.8000792170641944,56.12511184611577,50.101900314607256,2.7283704530039103,0.73260073260073,32.0
1.8050818020710722,56.100627322267115,50.101900314607256,0.6296239506932101,0.6739926739926716,32.0
1.8100795150967315,56.0757763868227,50.101900314607256,-0.20987465023107005,0.7912087912087884,32.0
1.8150797620182857,56.050523169738,50.101900314607256,2.3086211525417704,0.73260073260073,32.0
1.8200552690541372,56.02500869215347,50.101900314607256,6.086364856701031,0.6739926739926716,32.0
1.825059768045321,55.99895762196222,50.101900314607256,3.1481197534660503,0.73260073260073,32.0
1.830058956053108,55.97254648175705,50.07992097689524,-0.6296239506932101,0.73260073260073,32.0
1.8350928630679846,55.94556109456232,50.101900314607256,1.0493732511553502,0.73260073260073,32.0
1.8400563159957528,55.91857014034354,50.101900314607256,-1.8888718520796304,0.6739926739926716,32.0
1.845057669095695,55.89098890930239,50.101900314607256,0.6296239506932101,0.6739926739926716,32.0
1.8500835039885715,55.86288495330147,50.101900314607256,-0.20987465023107005,0.73260073260073,32.0
1.8550623620394617,55.83466122270532,50.07992097689524,-0.20987465023107005,0.6739926739926716,32.0
1.860058869002387,55.80595552517463,50.101900314607256,1.0493732511553502,0.6739926739926716,32.0
1.8650887979893014,55.77667216428219,50.101900314607256,-1.4691225516174902,0.6153846153846132,32.0
1.8700575010152534,55.747366144757834,50.101900314607256,1.4691225516174902,0.6739926739926716,32.0
1.8750575929880142,55.71749543339347,50.07992097689524,-4.407367654852471,0.73260073260073,32.0
1.8800572260515764,55.68724758200002,50.101900314607256,-2.7283704530039103,0.73260073260073,32.0
1.885060720029287,55.656596898094485,50.101900314607256,2.3086211525417704,0.73260073260073,32.0
1.8900587040698156,55.62560181327984,50.101900314607256,1.4691225516174902,0.6739926739926716,32.0
1.8950584480771795,55.59421851860263,50.101900314607256,1.4691225516174902,0.6739926739926716,32.0
1.9000577360857278,55.562461636086205,50.101900314607256,-2.7283704530039103,0.6739926739926716,32.0
1.9050569899845868,55.530329411527966,50.101900314607256,-1.0493732511553502,0.6739926739926716,32.0
1.9100588490255177,55.49780547312845,50.101900314607256,-3.1481197534660503,0.6739926739926716,32.0
1.9150579620618373,55.46492552313256,50.101900314607256,0.6296239506932101,0.6153846153846132,32.0
1.920058942050673,55.431660221895946,50.101900314607256,5.666615556238891,0.6153846153846132,32.0
1.9250586640555412,55.39803119940204,50.101900314607256,3.1481197534660503,0.6739926739926716,32.0
1.9300578580005094,55.364034667169236,50.101900314607256,-2.7283704530039103,0.6153846153846132,32.0
1.9350579680176452,55.32966169339377,50.101900314607256,-0.20987465023107005,0.6153846153846132,32.0
1.9400573250604793,55.29492467580408,50.101900314607256,1.8888718520796304,0.6153846153846132,32.0
1.9450581040000543,55.259809381274316,50.101900314607256,2.3086211525417704,0.6153846153846132,32.0
1.950064002070576,55.22429008960192,50.101900314607256,-3.1481197534660503,0.6153846153846132,32.0
1.95505834906362,55.1884867645998,50.101900314607256,3.9876183543903307,0.6153846153846132,32.0
1.960058152093552,55.152279138207554,50.101900314607256,1.8888718520796304,0.6739926739926716,32.0
1.9650581310270354,55.11570582326902,50.07992097689524,-1.0493732511553502,0.6153846153846132,32.0
1.9700568600092083,55.078778369082634,50.101900314607256,3.9876183543903307,0.6153846153846132,32.0
1.9750573630444705,55.04147539168821,50.101900314607256,1.8888718520796304,0.6153846153846132,32.0
1.9800602120812982,55.00379320007994,50.101900314607256,1.8888718520796304,0.6153846153846132,32.0
1.9850619500502944,54.96575873315086,50.07992097689524,-3.5678690539281908,0.6153846153846132,32.0
1.9900590470060706,54.92740049715266,50.07992097689524,-1.8888718520796304,0.5567765567765548,32.0
1.9950560610741377,54.88868506318424,50.101900314607256,-3.5678690539281908,0.5567765567765548,32.0
2.0000577360624447,54.84957624763966,50.07992097689524,0.20987465023107005,0.4981684981684964,32.0
2.00506044307258,54.81010288827106,50.101900314607256,1.0493732511553502,0.5567765567765548,32.0
2.010060279048048,54.77029706042572,50.07992097689524,-1.4691225516174902,0.5567765567765548,32.0
2.0150582790374756,54.73015211571432,50.07992097689524,-1.4691225516174902,0.5567765567765548,32.0
2.0200648250756785,54.689585054119846,50.101900314607256,3.5678690539281908,0.4981684981684964,32.0
2.025061123073101,54.64874945090971,50.07992097689524,-2.3086211525417704,0.4981684981684964,32.0
2.0300584660144523,54.60755509677821,50.07992097689524,0.20987465023107005,0.5567765567765548,32.0
2.0350623790873215,54.565956776157456,50.101900314607256,0.6296239506932101,0.5567765567765548,32.0
2.040059415041469,54.52406744919789,50.07992097689524,-5.246866255776751,0.4981684981684964,32.0
2.045057218056172,54.481824822388674,50.101900314607256,-1.0493732511553502,0.5567765567765548,32.0
2.050057672080584,54.4392137743783,50.07992097689524,0.20987465023107005,0.5567765567765548,32.0
2.055058947065845,54.39625070794887,50.101900314607256,-3.1481197534660503,0.4981684981684964,32.0
2.06005864799954,54.35295745290389,50.07992097689524,-0.6296239506932101,0.4981684981684964,32.0
2.065057650092058,54.309327851588414,50.07992097689524,4.407367654852471,0.5567765567765548,32.0
2.0700565280858427,54.265358168041665,50.07992097689524,-1.8888718520796304,0.4981684981684964,32.0
2.0750562379835173,54.221041126174654,50.07992097689524,-0.6296239506932101,0.4981684981684964,32.0
2.080059308093041,54.17635510374636,50.07992097689524,0.20987465023107005,0.4981684981684964,32.0
2.0850635000970215,54.131320863709114,50.101900314607256,-1.0493732511553502,0.4981684981684964,32.0
2.090059877024032,54.08602074383881,50.07992097689524,-1.8888718520796304,0.439560439560438,32.0
2.0950564780505374,54.04038386307586,50.07992097689524,-3.1481197534660503,0.4981684981684964,32.0
2.1000588800525293,53.99435993097082,50.07992097689524,-0.20987465023107005,0.439560439560438,32.0
2.1050589870428666,53.94802434379254,50.07992097689524,0.6296239506932101,0.439560439560438,32.0
2.1100581620121375,53.90136606305047,50.07992097689524,1.0493732511553502,0.5567765567765548,32.0
2.1150581490946934,53.854370101516054,50.07992097689524,1.8888718520796304,0.4981684981684964,32.0
2.120061320019886,53.80701506082274,50.07992097689524,-1.8888718520796304,0.4981684981684964,32.0
2.1250578709878027,53.75939536944727,50.07992097689524,-3.9876183543903307,0.439560439560438,32.0
2.1300571870524436,53.7114232673966,50.07992097689524,1.4691225516174902,0.439560439560438,32.0
2.135057475999929,53.66311690157776,50.07992097689524,-0.6296239506932101,0.3809523809523796,32.0
2.1400568820536137,53.614495515330475,50.07992097689524,0.6296239506932101,0.3809523809523796,32.0
2.1450559720396996,53.56555504499649,50.07992097689524,1.4691225516174902,0.3809523809523796,32.0
2.150056743994355,53.51627714009727,50.07992097689524,-2.7283704530039103,0.439560439560438,32.0
2.1550567620433867,53.466687065403256,50.07992097689524,-3.5678690539281908,0.439560439560438,32.0
2.1600574330659583,53.416772237134296,50.07992097689524,-1.0493732511553502,0.3809523809523796,32.0
2.165062153013423,53.36649967993346,50.07992097689524,1.8888718520796304,0.3809523809523796,32.0
2.1700565720675513,53.3160155076759,50.07992097689524,-2.7283704530039103,0.3809523809523796,32.0
2.1750565700931475,53.2651610364273,50.07992097689524,0.20987465023107005,0.3809523809523796,32.0
2.180055945063941,53.21400027295563,50.07992097689524,-3.1481197534660503,0.3809523809523796,32.0
2.185056789079681,53.16251313160181,50.07992097689524,-1.8888718520796304,0.3809523809523796,32.0
2.1900571130681783,53.11072141422494,50.07992097689524,1.8888718520796304,0.3223443223443212,32.0
2.1950569500913844,53.058626291873985,50.07992097689524,0.6296239506932101,0.3809523809523796,32.0
2.200058129034005,53.00621005848262,50.07992097689524,0.6296239506932101,0.3223443223443212,32.0
2.2050552510190755,52.953530983941135,50.07992097689524,-0.6296239506932101,0.3809523809523796,32.0
2.210057158023119,52.900497235908006,50.07992097689524,-0.6296239506932101,0.3809523809523796,32.0
2.2150767300045118,52.846971665064075,50.07992097689524,3.9876183543903307,0.3223443223443212,32.0
2.2200672100298107,52.79345535807876,50.07992097689524,0.20987465023107005,0.2637362637362628,32.0
2.2250691290246323,52.73951674142806,50.07992097689524,2.3086211525417704,0.2637362637362628,32.0
2.230069827986881,52.68529288410709,50.07992097689524,-1.8888718520796304,0.3223443223443212,32.0
2.2350588380359113,52.63089993809491,50.07992097689524,-3.5678690539281908,0.3223443223443212,32.0
2.2400583010166883,52.57609810225857,50.07992097689524,1.0493732511553502,0.3809523809523796,32.0
2.24505822500214,52.520997438747756,50.07992097689524,-1.4691225516174902,0.2051282051282044,32.0
2.250059186015278,52.465592978672916,50.07992097689524,2.3086211525417704,0.2637362637362628,32.0
2.255058531067334,52.409915683151944,50.05794163918322,1.4691225516174902,0.2637362637362628,32.0
2.26005952199921,52.353930749827455,50.07992097689524,3.5678690539281908,0.2637362637362628,32.0
2.2650585119845346,52.297680569052304,50.07992097689524,-1.4691225516174902,0.2051282051282044,32.0
2.270057443063706,52.2411450078401,50.05794163918322,-0.6296239506932101,0.2637362637362628,32.0
2.275058469036594,52.18430108343675,50.05794163918322,-1.0493732511553502,0.2051282051282044,32.0
2.280088557046838,52.12684118494761,50.05794163918322,1.0493732511553502,0.2051282051282044,32.0
2.2850585400592536,52.06978808155461,50.07992097689524,2.3086211525417704,0.2637362637362628,32.0
2.2900616130791605,52.01207579017021,50.05794163918322,-3.1481197534660503,0.2051282051282044,32.0
2.2950580440228805,51.95416199543796,50.07992097689524,3.1481197534660503,0.2051282051282044,32.0
2.300057472079061,51.89593686145673,50.05794163918322,-0.6296239506932101,0.2051282051282044,32.0
2.305057372082956,51.83743110513359,50.05794163918322,0.20987465023107005,0.2051282051282044,32.0
2.3100578680168837,51.7786447917579,50.05794163918322,-1.4691225516174902,0.2637362637362628,32.0
2.3150577400811017,51.71959387524966,50.05794163918322,0.6296239506932101,0.2051282051282044,32.0
2.320061917998828,51.66022145416963,50.05794163918322,-1.0493732511553502,0.2051282051282044,32.0
2.3250570880481973,51.60068749599819,50.05794163918322,-2.7283704530039103,0.146520146520146,32.0
2.330057470011525,51.54082446411077,50.05794163918322,-3.1481197534660503,0.2051282051282044,32.0
2.3350562780397013,51.480714945159534,50.05794163918322,-0.20987465023107005,0.146520146520146,32.0
2.340058507048525,51.42030037873328,50.05794163918322,3.1481197534660503,0.146520146520146,32.0
2.3450557549949735,51.359684018556266,50.05794163918322,0.6296239506932101,0.0879120879120876,32.0
2.3500590480398387,51.29873369841813,50.035962301471095,-1.0493732511553502,0.146520146520146,32.0
2.355058929999359,51.237566078545825,50.035962301471095,-2.7283704530039103,0.146520146520146,32.0
2.3600574230076745,51.17615846960055,50.035962301471095,-2.3086211525417704,0.0879120879120876,32.0
2.365057292045094,51.114478587686094,50.05794163918322,1.0493732511553502,0.146520146520146,32.0
2.370057804044336,51.05253701258718,50.05794163918322,-1.0493732511553502,0.0879120879120876,32.0
2.375056085991673,50.990371150299346,50.05794163918322,3.5678690539281908,0.0879120879120876,32.0
2.3800586570287123,50.92790146972803,50.035962301471095,-0.6296239506932101,0.0879120879120876,32.0
2.3850579330464825,50.865224314736096,50.035962301471095,0.20987465023107005,0.0879120879120876,32.0
2.39005733106751,50.80229880022561,50.035962301471095,-1.4691225516174902,0.0879120879120876,32.0
2.39505709905643,50.739123493664486,50.035962301471095,-1.8888718520796304,0.0293040293040292,32.0
2.4000565360765904,50.675708980542495,50.035962301471095,-3.1481197534660503,0.146520146520146,32.0
2.405056307092309,50.61204856441189,50.035962301471095,1.8888718520796304,0.0879120879120876,32.0
2.4100579119985923,50.54812473666841,50.035962301471095,-2.7283704530039103,0.0879120879120876,32.0
2.4150599640561268,50.483956810224065,50.035962301471095,-0.6296239506932101,0.0293040293040292,32.0
2.4200593180721626,50.41958705234603,50.01398296375907,-3.5678690539281908,0.0293040293040292,32.0
2.425058147055097,50.35498947708753,50.01398296375907,2.3086211525417704,0.0293040293040292,32.0
2.430056256009266,50.29016846166184,50.01398296375907,1.4691225516174902,0.0293040293040292,32.0
2.4350553520489484,50.22510362414995,50.01398296375907,-1.4691225516174902,0.0293040293040292,32.0
2.4400555610191077,50.15979496480501,50.01398296375907,4.407367654852471,-0.0293040293040292,32.0
2.445056908065453,50.094243791546305,50.01398296375907,-3.5678690539281908,0.0293040293040292,32.0
2.450055986060761,50.028496634245705,49.99200362604705,-4.407367654852471,0.0293040293040292,32.0
2.455065526999533,49.96238729724641,49.99200362604705,1.8888718520796304,-0.0293040293040292,32.0
2.460057557094842,49.89628722180366,49.99200362604705,-3.1481197534660503,0.0293040293040292,32.0
2.465057182009332,49.82986645523166,49.97002428833503,-6.086364856701031,0.0293040293040292,32.0
2.4700567580293864,49.76322786666416,49.97002428833503,-1.8888718520796304,0.0293040293040292,32.0
2.475057616014965,49.696355463926096,49.94804495062291,-3.1481197534660503,0.0293040293040292,32.0
2.4800608690129593,49.62923595949484,49.94804495062291,0.20987465023107005,0.0293040293040292,32.0
2.4850639500655234,49.5619054883003,49.904086275198864,-7.7653620585495915,-0.0293040293040292,32.0
2.490063523990102,49.49441101558055,49.904086275198864,-7.7653620585495915,0.0293040293040292,32.0
2.4950729809934273,49.42657322593725,49.882106937486846,-6.086364856701031,-0.0293040293040292,32.0
2.500073423027061,49.3586498406234,49.8381482620627,-1.8888718520796304,-0.0293040293040292,32.0
2.505074698012322,49.29050946439603,49.816168924350684,-3.5678690539281908,0.0293040293040292,32.0
2.5100629990920424,49.22234281856272,49.79418958663866,-3.1481197534660503,-0.0293040293040292,32.0
2.5150573910214007,49.15389166355541,49.77221024892664,-2.3086211525417704,-0.0879120879120876,32.0
2.520056615001522,49.085174466308736,49.750230911214516,-6.9258634576253115,-0.146520146520146,32.0
2.5250555460806936,49.01626328256451,49.750230911214516,1.0493732511553502,-0.146520146520146,32.0
2.5300558800809085,48.947136558582045,49.7282515735025,-1.4691225516174902,-0.2051282051282044,32.0
2.5350564940599725,48.87781161474665,49.7282515735025,4.407367654852471,-0.2637362637362628,32.0
2.540056991041638,48.80829584588045,49.7282515735025,1.0493732511553502,-0.2051282051282044,32.0
2.5450566310901195,48.738601500226615,49.7282515735025,-1.4691225516174902,-0.2051282051282044,32.0
2.5500596950296313,48.66867066984712,49.7282515735025,-1.0493732511553502,-0.2637362637362628,32.0
2.5550578710390255,48.598621532560706,49.7282515735025,1.0493732511553502,-0.2051282051282044,32.0
2.5600660160416737,48.52824751143387,49.7282515735025,2.3086211525417704,-0.146520146520146,32.0
2.5650576680200174,48.45792273268502,49.7282515735025,-0.20987465023107005,-0.146520146520146,32.0
2.5700580989941955,48.387293504996485,49.7282515735025,2.3086211525417704,-0.2051282051282044,32.0
2.5750560350716114,48.31652066087622,49.7282515735025,-2.3086211525417704,-0.146520146520146,32.0
2.5800581939984113,48.24551092348406,49.7282515735025,-1.8888718520796304,-0.3223443223443212,32.0
2.585059446049854,48.17433888460111,49.7282515735025,0.6296239506932101,-0.2051282051282044,32.0
2.59005695709493,48.10304707006857,49.7282515735025,-2.3086211525417704,-0.2051282051282044,32.0
2.5950555050512776,48.03156941487447,49.7282515735025,1.0493732511553502,-0.2051282051282044,32.0
2.600057994015515,47.95986609692107,49.7282515735025,-0.20987465023107005,-0.2051282051282044,32.0
2.605056667001918,47.888050259310845,49.7282515735025,-1.8888718520796304,-0.2637362637362628,32.0
2.6100562060019,47.816056752925434,49.7282515735025,-0.6296239506932101,-0.2637362637362628,32.0
2.615055895061232,47.7438978105244,49.70627223579048,-3.1481197534660503,-0.2637362637362628,32.0
2.6200597010320053,47.6715179516949,49.7282515735025,-1.4691225516174902,-0.3223443223443212,32.0
2.6250582840293646,47.59905431405147,49.7282515735025,3.9876183543903307,-0.2637362637362628,32.0
2.6300582230323926,47.52641369526653,49.7282515735025,0.20987465023107005,-0.3223443223443212,32.0
2.6350557120749727,47.45365343064938,49.7282515735025,1.4691225516174902,-0.3223443223443212,32.0
2.6400551419937983,47.38071161063144,49.70627223579048,-1.0493732511553502,-0.3223443223443212,32.0
2.6450560650555417,47.3075966098,49.70627223579048,-1.0493732511553502,-0.3223443223443212,32.0
2.650055281003006,47.23435723036536,49.7282515735025,-3.1481197534660503,-0.3223443223443212,32.0
2.6550557020818815,47.16095283829786,49.70627223579048,0.20987465023107005,-0.3223443223443212,32.0
2.6600574580952525,47.087383429421934,49.70627223579048,-2.3086211525417704,-0.3809523809523796,32.0
2.665029478026554,47.01410925094299,49.70627223579048,-3.5678690539281908,-0.3809523809523796,32.0
2.670060303993523,46.939826214087525,49.70627223579048,-0.6296239506932101,-0.3223443223443212,32.0
2.675060563022271,46.86585479569413,49.70627223579048,-1.4691225516174902,-0.439560439560438,32.0
2.680058892001398,46.79177474683384,49.70627223579048,0.6296239506932101,-0.3809523809523796,32.0
2.6850628410466015,46.71747604959478,49.68429289807845,-3.5678690539281908,-0.439560439560438,32.0
2.690062689012848,46.64310501836093,49.68429289807845,4.407367654852471,-0.3809523809523796,32.0
2.6950573450885713,46.56868028530698,49.68429289807845,-0.20987465023107005,-0.439560439560438,32.0
2.700058902031742,46.49402363247221,49.68429289807845,-2.7283704530039103,-0.3809523809523796,32.0
2.7050580370705575,46.41927608976276,49.662313560366336,-4.407367654852471,-0.5567765567765548,32.0
2.7100596739910543,46.344366083956324,49.68429289807845,0.20987465023107005,-0.4981684981684964,32.0
2.715059632086195,46.26935825247817,49.662313560366336,1.0493732511553502,-0.439560439560438,32.0
2.7200598010094836,46.194226358214316,49.68429289807845,3.5678690539281908,-0.4981684981684964,32.0
2.7250596550293267,46.11898036416583,49.662313560366336,-1.8888718520796304,-0.5567765567765548,32.0
2.730058999033645,46.04362529855026,49.662313560366336,1.4691225516174902,-0.4981684981684964,32.0
2.7350588620174676,45.96814771683958,49.662313560366336,-4.407367654852471,-0.439560439560438,32.0
2.7400591030018404,45.892551785734724,49.662313560366336,1.8888718520796304,-0.4981684981684964,32.0
2.7450590260559693,45.81685009701259,49.662313560366336,1.8888718520796304,-0.4981684981684964,32.0
2.7500586840324104,45.74104394497139,49.662313560366336,-5.666615556238891,-0.4981684981684964,32.0
2.7550607410958037,45.665094945216815,49.662313560366336,-3.5678690539281908,-0.5567765567765548,32.0
2.7600604210747406,45.589077698045124,49.662313560366336,2.3086211525417704,-0.5567765567765548,32.0
2.7650596339954063,45.51296533539167,49.64033422265431,-3.9876183543903307,-0.5567765567765548,32.0
2.770060045993887,45.436734555084605,49.64033422265431,-3.5678690539281908,-0.5567765567765548,32.0
2.775058511993848,45.36043541452948,49.64033422265431,-6.086364856701031,-0.5567765567765548,32.0
2.780058506061323,45.28401698804032,49.61835488494229,-3.1481197534660503,-0.5567765567765548,32.0
2.7850642220582813,45.20741706829971,49.61835488494229,-2.3086211525417704,-0.5567765567765548,32.0
2.7900645040208474,45.13080846106601,49.596375547230274,-2.3086211525417704,-0.5567765567765548,32.0
2.7950576660223305,45.05421943760896,49.596375547230274,-2.3086211525417704,-0.6153846153846132,32.0
2.800058464985341,44.97742573166705,49.596375547230274,0.20987465023107005,-0.6153846153846132,32.0
2.8050579309929162,44.90056702621574,49.57439620951815,0.20987465023107005,-0.6153846153846132,32.0
2.8100569280795753,44.82363219081911,49.57439620951815,-0.6296239506932101,-0.6739926739926716,32.0
2.815057486994192,44.746592054445074,49.55241687180613,-5.666615556238891,-0.6153846153846132,32.0
2.8200571320485324,44.66948685414578,49.530437534094105,-3.9876183543903307,-0.6739926739926716,32.0
2.825058491085656,44.59227815900641,49.50845819638209,-3.5678690539281908,-0.6739926739926716,32.0
2.8300583040108904,44.51501840942324,49.48647885866996,-1.8888718520796304,-0.6739926739926716,32.0
2.8350579399848357,44.43768860516886,49.46449952095794,-6.9258634576253115,-0.6739926739926716,32.0
2.8400575750274584,44.360288147363,49.46449952095794,-1.4691225516174902,-0.6739926739926716,32.0
2.845057431026362,44.28281571808443,49.44252018324592,-4.827116955314611,-0.73260073260073,32.0
2.85006146307569,44.20521207001009,49.4205408455339,0.20987465023107005,-0.73260073260073,32.0
2.8550590589875355,44.127643949732914,49.398561507821775,-4.827116955314611,-0.7912087912087884,32.0
2.860058509046212,44.049984898312914,49.398561507821775,0.6296239506932101,-0.7912087912087884,32.0
2.865062736091204,43.97219152212597,49.398561507821775,1.0493732511553502,-0.7912087912087884,32.0
2.8700992800295353,43.89383718967149,49.398561507821775,-2.3086211525417704,-0.7912087912087884,32.0
2.875058402074501,43.81663202288188,49.398561507821775,-1.8888718520796304,-0.7912087912087884,32.0
2.880060144001618,43.73870988211373,49.398561507821775,1.4691225516174902,-0.7912087912087884,32.0
2.8850904650753364,43.66029051692231,49.398561507821775,4.827116955314611,-0.7912087912087884,32.0
2.890090167056769,43.58229896790671,49.398561507821775,-3.5678690539281908,-0.7912087912087884,32.0
2.8950900690397248,43.504257074516055,49.398561507821775,0.20987465023107005,-0.7912087912087884,32.0
2.9000573119847104,43.42668029591975,49.398561507821775,-0.20987465023107005,-0.7912087912087884,32.0
2.905057933065109,43.348539405028134,49.398561507821775,-0.6296239506932101,-0.7912087912087884,32.0
2.91005986998789,43.27033710770997,49.398561507821775,4.407367654852471,-0.7912087912087884,32.0
2.9150573720689863,43.19216549261401,49.398561507821775,4.407367654852471,-0.7912087912087884,32.0
2.9200567019870505,43.11392877134765,49.398561507821775,-2.7283704530039103,-0.8498168498168468,32.0
2.925060635083355,43.03558558857078,49.398561507821775,-1.8888718520796304,-0.8498168498168468,32.0
2.930058201076463,42.95730986225332,49.398561507821775,0.6296239506932101,-0.8498168498168468,32.0
2.935057242983021,42.87898094229045,49.398561507821775,-3.5678690539281908,-0.8498168498168468,32.0
2.940059590036981,42.800572272642135,49.398561507821775,1.8888718520796304,-0.8498168498168468,32.0
2.945058671059087,42.72218900070014,49.398561507821775,-4.827116955314611,-0.8498168498168468,32.0
2.95006247702986,42.64370797262145,49.398561507821775,0.20987465023107005,-0.8498168498168468,32.0
2.955059299012646,42.56531499920522,49.398561507821775,-1.8888718520796304,-0.8498168498168468,32.0
2.960058454074897,42.48686608830325,49.398561507821775,0.20987465023107005,-0.9084249084249052,32.0
2.965057924040593,42.408395044549515,49.398561507821775,-1.8888718520796304,-0.9084249084249052,32.0
2.9700585460523143,42.32989087242451,49.37658217010976,-1.4691225516174902,-0.9084249084249052,32.0
2.975057892035693,42.25139384213423,49.37658217010976,-2.7283704530039103,-0.9084249084249052,32.0
2.980056430096738,42.1728987628085,49.37658217010976,-1.0493732511553502,-0.9084249084249052,32.0
2.9850565110100433,42.09437086849557,49.37658217010976,-0.6296239506932101,-0.9670329670329636,32.0
2.9900818740716204,42.01543942936491,49.37658217010976,-1.4691225516174902,-0.9670329670329636,32.0
2.995058270986192,41.937272823952206,49.37658217010976,-2.7283704530039103,-0.9670329670329636,32.0
3.0000580810010433,41.858736338359904,49.37658217010976,-1.0493732511553502,-0.9670329670329636,32.0
3.0050586060388014,41.78018864638182,49.35460283239774,-0.6296239506932101,-0.9670329670329636,32.0
3.0100933640496805,41.70110543294914,49.35460283239774,-0.6296239506932101,-0.9670329670329636,32.0
3.015057658078149,41.6231333341022,49.35460283239774,-1.0493732511553502,-1.025641025641022,32.0
3.0200617690570652,41.54454232171371,49.35460283239774,-2.3086211525417704,-1.025641025641022,32.0
3.025062818080187,41.46600804285892,49.33262349468571,-0.6296239506932101,-1.025641025641022,32.0
3.0300606640521437,41.38753484886992,49.33262349468571,-1.8888718520796304,-1.025641025641022,32.0
3.0350591820897534,41.309064037301525,49.33262349468571,-1.8888718520796304,-1.0842490842490804,32.0
3.04006691405084,41.23046370672134,49.33262349468571,-3.1481197534660503,-1.025641025641022,32.0
3.0450580780161545,41.15214063866165,49.310644156973694,-3.9876183543903307,-1.025641025641022,32.0
3.050057076034136,41.073714010789445,49.310644156973694,-3.1481197534660503,-1.025641025641022,32.0
3.055061163031496,40.995229116410606,49.310644156973694,1.4691225516174902,-1.0842490842490804,32.0
3.0600633000722155,40.91679852856533,49.310644156973694,-4.827116955314611,-1.1428571428571388,32.0
3.065087399096228,40.83804963425845,49.310644156973694,-1.8888718520796304,-1.0842490842490804,32.0
3.070057714008726,40.76017158276678,49.310644156973694,-3.1481197534660503,-1.025641025641022,32.0
3.075057123089209,40.68186771742931,49.28866481926157,-0.6296239506932101,-1.0842490842490804,32.0
3.0800867080688477,40.603123797372014,49.28866481926157,-6.506114157163171,-1.0842490842490804,32.0
3.0850587179884315,40.525315533593336,49.28866481926157,0.20987465023107005,-1.1428571428571388,32.0
3.0900572050595656,40.44712938827915,49.28866481926157,-0.6296239506932101,-1.0842490842490804,32.0
3.095059609040618,40.36892072236931,49.24470614383753,-3.9876183543903307,-1.0842490842490804,32.0
3.10005753103178,40.29082298162516,49.24470614383753,-3.9876183543903307,-1.1428571428571388,32.0
3.105088150012307,40.212257718090456,49.22272680612551,-5.246866255776751,-1.1428571428571388,32.0
3.1100941550685093,40.13412224079849,49.22272680612551,-1.8888718520796304,-1.1428571428571388,32.0
3.1150564920390025,40.056715145303635,49.178768130701364,-4.827116955314611,-1.1428571428571388,32.0
3.120057049090974,39.97876111366918,49.156788792989346,-7.7653620585495915,-1.0842490842490804,32.0
3.12508682301268,39.900403652296625,49.1128301175652,-11.123356462246711,-1.025641025641022,32.0
3.130058646085672,39.82300240254288,49.06887144214116,-12.382604363633131,-1.0842490842490804,32.0
3.135088467039168,39.744754429090996,49.002933429005,-11.123356462246711,-1.2014652014651972,32.0
3.1400588980177417,39.667488005316564,48.91501607815681,-14.061601565481794,-1.1428571428571388,32.0
3.145058302092366,39.58983110336646,48.87105740273277,-13.222102964557411,-1.025641025641022,32.0
3.1500570240896195,39.512246996817055,48.78314005188459,-17.839345269641054,-0.9084249084249052,32.0
3.15505744505208,39.43470087633401,48.6952227010364,-17.419595969178914,-0.8498168498168468,32.0
3.160058106062934,39.35721753038583,48.60730535018821,-16.999846668716774,-0.7912087912087884,32.0
3.1650584529852495,39.27980766816539,48.54136733705205,-16.160348067792494,-0.8498168498168468,32.0
3.1700571280671284,39.20249438928782,48.453449986203864,-18.678843870565334,-0.73260073260073,32.0
3.175057756016031,39.12522375746984,48.36553263535568,-16.160348067792494,-0.73260073260073,32.0
3.1800584740703925,39.04802671983631,48.25563594679547,-22.036838274262454,-0.6739926739926716,32.0
3.1850579840829596,38.97092540704395,48.14573925823527,-22.456587574724594,-0.439560439560438,32.0
3.190059120999649,38.89387822367327,48.013863231962944,-26.654080579345997,-0.439560439560438,32.0
3.195057444041595,38.81695566670978,47.860007867978695,-30.431824283505257,-0.439560439560438,32.0
3.2000564970076084,38.74010525583788,47.706152503994346,-32.11082148535382,-0.5567765567765548,32.0
3.2050567530095577,38.663321873197965,47.55229714001,-35.46881588905094,-0.6153846153846132,32.0
3.2100567650049925,38.58662986893358,47.376462438313624,-35.0490665885888,-0.8498168498168468,32.0
3.2150575250852853,38.51001614240956,47.20062773661726,-36.30831448997522,-1.025641025641022,32.0
3.2200592000735924,38.43348028424234,47.02479303492099,-30.851573583967397,-1.0842490842490804,32.0
3.2250584460562095,38.357075519112676,46.870937670936634,-32.9503200862781,-0.9084249084249052,32.0
3.2300574250984937,38.28077082182793,46.69510296924027,-34.20956798766452,-0.6153846153846132,32.0
3.235086039057933,38.20411273019458,46.45333025440773,-40.50580749459672,-0.439560439560438,32.0
3.2400610980112106,38.128370798973265,46.32145422813551,-38.82681029274806,-0.3809523809523796,32.0
3.24505842407234,38.05239182690253,46.145619526439134,-37.98731169182378,-0.0879120879120876,32.0
3.2500620840582997,37.97642101976569,45.94780548703074,-39.2465595932102,-0.3223443223443212,32.0
3.2550903690280393,37.90018373868085,45.74999144762236,-39.2465595932102,-0.5567765567765548,32.0
3.260057909996249,37.82497523178616,45.50821873278982,-40.50580749459672,-0.7912087912087884,32.0
3.265057343058288,37.74939411819453,45.31040469338143,-40.50580749459672,-0.9084249084249052,32.0
3.2700584600679576,37.6739002631001,45.13456999168506,-43.86380189829384,-1.025641025641022,32.0
3.2750622830353677,37.59848045974727,44.93675595227667,-42.18480469644528,-0.7912087912087884,32.0
3.2800596420420334,37.52327485731678,44.73894191286828,-38.40706099228592,-0.6153846153846132,32.0
3.2850622120313346,37.44810977930364,44.541127873459786,-37.1478130908995,-0.439560439560438,32.0
3.290059703984298,37.373141884225205,44.34331383405139,-41.345306095521,-0.146520146520146,32.0
3.2950571650872007,37.29829732727514,44.05758244379482,-40.08605819413448,-0.2051282051282044,32.0
3.3000574280740693,37.22353583811432,43.92570641752259,-42.18480469644528,-0.3809523809523796,32.0
3.3050844460958615,37.14850246122383,43.7278923781142,-43.86380189829384,-0.6153846153846132,32.0
3.3100583750056103,37.074389983499366,43.50809900099369,-41.345306095521,-0.6739926739926716,32.0
3.3150575240142643,37.00003253979767,43.310284961585296,-40.08605819413448,-0.8498168498168468,32.0
3.320057347067632,36.92579828085443,43.06851224675276,-41.345306095521,-0.73260073260073,32.0
3.32505568000488,36.851721339993155,42.91465688276851,-37.56756239136164,-0.6153846153846132,32.0
3.3300595390610397,36.777699931918775,42.716842843360126,-36.30831448997522,-0.4981684981684964,32.0
3.3350581120466813,36.70389603755717,42.54100814166375,-39.2465595932102,-0.3809523809523796,32.0
3.340058477013372,36.63020702771727,42.34319410225526,-40.92555679505886,-0.0293040293040292,32.0
3.3450608130078763,36.55663244515196,42.14538006284687,-39.66630889367234,-0.2051282051282044,32.0
3.35006033803802,36.48324460411105,41.9695453611505,-38.82681029274806,-0.3223443223443212,32.0
3.3550585890188813,36.41002277712546,41.70579330860595,-36.30831448997522,-0.6153846153846132,32.0
3.360058936988935,36.33691962430922,41.57391728233372,-35.88856518951308,-0.73260073260073,32.0
3.3650890520075336,36.263534077119445,41.42006191834937,-32.11082148535382,-0.9084249084249052,32.0
3.3700597900897264,36.191167321793614,41.244227216653,-34.62931728812666,-0.8498168498168468,32.0
3.375074960058555,36.11830936450941,41.068392514956734,-34.62931728812666,-0.5567765567765548,32.0
3.3800580620300025,36.04607411395638,40.84859913783622,-31.691072184891677,-0.3809523809523796,32.0
3.385057596024126,35.97375975680323,40.76068178698803,-32.530570785815954,-0.3223443223443212,32.0
3.390058311051689,35.90158970879188,40.60682642300368,-27.913328480732417,-0.2051282051282044,32.0
3.395058760070242,35.82958687665363,40.32109503274711,-27.493579180270277,-0.146520146520146,32.0
3.4000575250247493,35.75777355695682,40.277136357323066,-28.752827081656697,-0.2637362637362628,32.0
3.4050587110687047,35.686092780542445,40.16723966876286,-27.073829879808137,-0.2637362637362628,32.0
3.4100572320166975,35.61461939807752,40.03536364249053,-27.073829879808137,-0.3809523809523796,32.0
3.415057296049781,35.54329513998291,39.85952894079416,-29.172576382118837,-0.4981684981684964,32.0
3.420056988019496,35.47214934033042,39.705673576809914,-27.493579180270277,-0.6739926739926716,32.0
3.425059408065863,35.40113995868339,39.50785953740142,-26.234331278883857,-0.9084249084249052,32.0
3.4300850570434704,35.32997931637964,39.44192152426536,-24.555334077035297,-0.8498168498168468,32.0
3.4350590360118076,35.25972836450753,39.31004549799303,-22.036838274262454,-0.8498168498168468,32.0
3.440056308056228,35.18932875290385,39.22212814714484,-17.419595969178914,-0.73260073260073,32.0
3.4450828270055354,35.11870140361364,39.134210796296664,-19.098593171027474,-0.6153846153846132,32.0
3.450055901077576,35.04900880239973,39.04629344544848,-20.777590372876034,-0.4981684981684964,32.0
3.4550569080747664,34.97911102375825,38.914417419176246,-19.098593171027474,-0.3809523809523796,32.0
3.460057988995686,34.909400925501735,38.848479406040084,-18.259094570103194,-0.3223443223443212,32.0
3.465058049070649,34.839895625277,38.7605620551919,-16.999846668716774,-0.2637362637362628,32.0
3.4700675510102883,34.77045207607815,38.67264470434372,-19.098593171027474,-0.0293040293040292,32.0
3.4750566810835153,34.70148483142955,38.56274801578351,-21.197339673338174,-0.0879120879120876,32.0
3.4800568900536746,34.63256048269017,38.496810002647344,-18.259094570103194,-0.0879120879120876,32.0
3.4850567270768806,34.56383938965647,38.40889265179916,-18.678843870565334,-0.2051282051282044,32.0
3.4900566660799086,34.49531690633395,38.29899596323895,-22.036838274262454,-0.2637362637362628,32.0
3.4950588430510834,34.42696578020975,38.21107861239077,-18.678843870565334,-0.439560439560438,32.0
3.5000576560851187,34.358864361982114,38.123161261542585,-18.259094570103194,-0.5567765567765548,32.0
3.505055558984168,34.29098082691961,38.01326457298238,-16.160348067792494,-0.5567765567765548,32.0
3.5100558910053223,34.22327177484455,37.94732655984622,-18.678843870565334,-0.4981684981684964,32.0
3.515056006028317,34.155775030401045,37.85940920899803,-19.518342471489614,-0.5567765567765548,32.0
3.5200811000540853,34.08815389722711,37.77149185814994,-14.061601565481794,-0.6153846153846132,32.0
3.5250855610938743,34.021024293014776,37.66159516958964,-14.901100166406074,-0.5567765567765548,32.0
3.5300593610154465,33.95451928091739,37.617636494165595,-14.901100166406074,-0.6739926739926716,32.0
3.5350563540123403,33.88792011565164,37.55169848102943,-15.740598767330354,-0.7912087912087884,32.0
3.540081880055368,33.82116082913176,37.50773980560539,-14.481350865943934,-0.7912087912087884,32.0
3.5450582139892504,33.755274383497586,37.44180179246923,-11.123356462246711,-0.73260073260073,32.0
3.550081723020412,33.688986574027595,37.41982245475721,-4.827116955314611,-0.7912087912087884,32.0
3.5550562490243465,33.62356793295247,37.397843117045085,-4.827116955314611,-0.7912087912087884,32.0
3.56008298904635,33.5576896784112,37.397843117045085,1.0493732511553502,-0.7912087912087884,32.0
3.565081726992503,33.492406528149964,37.397843117045085,1.4691225516174902,-0.8498168498168468,32.0
3.5700554630020633,33.42767745750154,37.41982245475721,1.8888718520796304,-0.7912087912087884,32.0
3.575055872090161,33.36283184983914,37.41982245475721,1.8888718520796304,-0.73260073260073,32.0
3.580056044040248,33.29822228344042,37.44180179246923,4.827116955314611,-0.6153846153846132,32.0
3.585055957082659,33.233850776220706,37.41982245475721,0.6296239506932101,-0.6153846153846132,32.0
3.590056290035136,33.169710365079155,37.41982245475721,0.20987465023107005,-0.6153846153846132,32.0
3.595055449055508,33.10582319897158,37.41982245475721,-0.20987465023107005,-0.6153846153846132,32.0
3.6000568920280784,33.04214691943297,37.41982245475721,0.20987465023107005,-0.6153846153846132,32.0
3.6050553490640596,32.978750314493425,37.41982245475721,-1.0493732511553502,-0.6153846153846132,32.0
3.6100548889953643,32.91558337821096,37.41982245475721,1.4691225516174902,-0.6739926739926716,32.0
3.615143147064373,32.85154726389655,37.41982245475721,-1.4691225516174902,-0.6153846153846132,32.0
3.620072435005568,32.78975567890217,37.41982245475721,-1.8888718520796304,-0.6153846153846132,32.0
3.6251488390844315,32.72637252090453,37.44180179246923,1.4691225516174902,-0.6739926739926716,32.0
3.630138726090081,32.66432113460789,37.44180179246923,2.3086211525417704,-0.6739926739926716,32.0
3.635061510023661,32.60335023027173,37.41982245475721,2.3086211525417704,-0.6739926739926716,32.0
3.6400573879946023,32.54172552594071,37.41982245475721,-1.0493732511553502,-0.6153846153846132,32.0
3.6450863510835916,32.479950290369885,37.41982245475721,1.0493732511553502,-0.6153846153846132,32.0
3.6500643780454993,32.41905694101624,37.41982245475721,2.7283704530039103,-0.6739926739926716,32.0
3.6550607359968126,32.35819732880364,37.41982245475721,-2.7283704530039103,-0.6153846153846132,32.0
3.660057392087765,32.2975942160728,37.41982245475721,2.3086211525417704,-0.6739926739926716,32.0
3.665056698024273,32.237220970686856,37.41982245475721,2.7283704530039103,-0.6739926739926716,32.0
3.6700265390099958,32.17746495392164,37.41982245475721,-1.4691225516174902,-0.6739926739926716,32.0
3.6750580210937187,32.11723493678679,37.41982245475721,1.8888718520796304,-0.73260073260073,32.0
3.6800571960629895,32.057659520484314,37.41982245475721,-0.20987465023107005,-0.73260073260073,32.0
3.685059078037739,31.998320701002225,37.41982245475721,0.20987465023107005,-0.6739926739926716,32.0
3.6900563610251993,31.939306623996465,37.41982245475721,3.9876183543903307,-0.6739926739926716,32.0
3.695055907010101,31.880537683229278,37.41982245475721,1.4691225516174902,-0.73260073260073,32.0
3.700057298061438,31.82202073829529,37.41982245475721,1.8888718520796304,-0.73260073260073,32.0
3.7050566649995744,31.76380264819523,37.41982245475721,1.4691225516174902,-0.73260073260073,32.0
3.710056551033631,31.705855268964307,37.41982245475721,-4.407367654852471,-0.7912087912087884,32.0
3.7150588360382244,31.648158645596347,37.41982245475721,-0.20987465023107005,-0.7912087912087884,32.0
3.7200574410380796,31.59078436717275,37.41982245475721,0.20987465023107005,-0.7912087912087884,32.0
3.72505563008599,31.533696196939566,37.41982245475721,-2.3086211525417704,-0.73260073260073,32.0
3.730056608095765,31.476859295105385,37.41982245475721,1.8888718520796304,-0.8498168498168468,32.0
3.7350571900606155,31.42031162129939,37.41982245475721,0.6296239506932101,-0.73260073260073,32.0
3.740056563052349,31.364063781220807,37.41982245475721,-1.8888718520796304,-0.7912087912087884,32.0
3.7450874199857935,31.307752111969258,37.41982245475721,0.20987465023107005,-0.8498168498168468,32.0
3.750057094031945,31.25241281849913,37.41982245475721,0.6296239506932101,-0.8498168498168468,32.0
3.7550576410721987,31.197019713583153,37.41982245475721,1.0493732511553502,-0.8498168498168468,32.0
3.7600573210511357,31.141928522657583,37.41982245475721,3.9876183543903307,-0.8498168498168468,32.0
3.765059080091305,31.0871084002647,37.41982245475721,0.6296239506932101,-0.8498168498168468,32.0
3.770056084031239,31.032635515251265,37.41982245475721,0.20987465023107005,-0.73260073260073,32.0
3.775060740998015,30.978376358363263,37.41982245475721,-3.1481197534660503,-0.8498168498168468,32.0
3.780057320022024,30.92450292789711,37.41982245475721,0.20987465023107005,-0.9084249084249052,32.0
3.785055843065493,30.870908094277304,37.41982245475721,-1.0493732511553502,-0.8498168498168468,32.0
3.790056591038592,30.817590689857738,37.41982245475721,2.7283704530039103,-0.8498168498168468,32.0
3.7950572500703856,30.764577039808714,37.41982245475721,-2.7283704530039103,-0.8498168498168468,32.0
3.8000561530934647,30.711886102562794,37.41982245475721,-0.6296239506932101,-0.9084249084249052,32.0
3.805085598025471,30.659181534101148,37.41982245475721,0.20987465023107005,-0.9670329670329636,32.0
3.810057728085667,30.607382977277872,37.41982245475721,-1.4691225516174902,-0.8498168498168468,32.0
3.815056579071097,30.555613570935126,37.41982245475721,-2.7283704530039103,-0.8498168498168468,32.0
3.8200564910657704,30.504143038646365,37.41982245475721,-0.6296239506932101,-0.9084249084249052,32.0
3.825079659000039,30.452746586502606,37.41982245475721,-0.20987465023107005,-0.9084249084249052,32.0
3.8300550050335005,30.40215057563289,37.41982245475721,-0.6296239506932101,-0.9670329670329636,32.0
3.835077414987609,30.351391410037703,37.41982245475721,-0.20987465023107005,-0.9670329670329636,32.0
3.8400567750213668,30.301381583950423,37.41982245475721,-0.6296239506932101,-0.9084249084249052,32.0
3.845056315069087,30.251485261301344,37.397843117045085,-2.3086211525417704,-0.9084249084249052,32.0
3.8500564130954444,30.201901608359044,37.397843117045085,-3.9876183543903307,-0.9670329670329636,32.0
3.8550569689832628,30.152633074517237,37.41982245475721,-0.20987465023107005,-0.9084249084249052,32.0
3.8600572750438005,30.103688003162848,37.397843117045085,-1.0493732511553502,-0.9670329670329636,32.0
3.865056032082066,30.055080279435153,37.41982245475721,1.8888718520796304,-0.9670329670329636,32.0
3.870056292042136,30.006781554703373,37.41982245475721,1.4691225516174902,-0.9670329670329636,32.0
3.875054629985243,29.9588261938065,37.397843117045085,-3.1481197534660503,-0.9670329670329636,32.0
3.8800575430504978,29.91115343637899,37.397843117045085,1.4691225516174902,-1.025641025641022,32.0
3.8850573600502685,29.863837832559582,37.397843117045085,-5.246866255776751,-1.025641025641022,32.0
3.8900566180236638,29.816856311010504,37.41982245475721,2.3086211525417704,-1.025641025641022,32.0
3.8950560460798442,29.770203269181827,37.397843117045085,1.0493732511553502,-0.9670329670329636,32.0
3.900057192076929,29.72386572948033,37.41982245475721,1.8888718520796304,-1.025641025641022,32.0
3.90506009303499,29.677844965916805,37.397843117045085,-3.5678690539281908,-1.0842490842490804,32.0
3.910084577044472,29.63196219040345,37.397843117045085,-1.0493732511553502,-1.025641025641022,32.0
3.915056349011138,29.586893979219184,37.397843117045085,0.6296239506932101,-1.025641025641022,32.0
3.9200562790501863,29.541906029487215,37.397843117045085,1.0493732511553502,-1.0842490842490804,32.0
3.925055896048434,29.497258552355703,37.397843117045085,1.4691225516174902,-1.0842490842490804,32.0
3.930056544020772,29.45294084259816,37.397843117045085,-5.666615556238891,-1.025641025641022,32.0
3.935057005030103,29.40896499501258,37.397843117045085,-1.0493732511553502,-1.025641025641022,32.0
3.940055891056545,29.365344241715338,37.397843117045085,2.3086211525417704,-1.0842490842490804,32.0
3.9450565070146695,29.322050955811953,37.397843117045085,-1.4691225516174902,-1.0842490842490804,32.0
3.9500558690633625,29.279112205607277,37.397843117045085,1.0493732511553502,-1.0842490842490804,32.0
3.9550578660564497,29.236495910884983,37.397843117045085,-3.5678690539281908,-1.0842490842490804,32.0
3.9600565270520747,29.194254038318938,37.397843117045085,1.0493732511553502,-1.0842490842490804,32.0
3.9650579900480807,29.152335821375715,37.397843117045085,-1.0493732511553502,-1.0842490842490804,32.0
3.970056700054556,29.110788971099193,37.397843117045085,2.7283704530039103,-1.0842490842490804,32.0
3.975054559065029,29.069598440723844,37.397843117045085,2.7283704530039103,-1.0842490842490804,32.0
3.980056973057799,29.02872119474469,37.397843117045085,-1.0493732511553502,-1.0842490842490804,32.0
3.985056287026964,28.988221059259388,37.397843117045085,-1.0493732511553502,-1.2014652014651972,32.0
3.9900805840734392,28.94787396294123,37.397843117045085,-0.20987465023107005,-1.0842490842490804,32.0
3.9950567800551653,28.9082654486892,37.397843117045085,1.0493732511553502,-1.1428571428571388,32.0
4.000081415986642,28.86862822337444,37.397843117045085,-3.9876183543903307,-1.1428571428571388,32.0
4.005057517089881,28.82972834447032,37.397843117045085,-1.4691225516174902,-1.0842490842490804,32.0
4.010058009065688,28.790994216301886,37.37586377933306,-1.8888718520796304,-1.1428571428571388,32.0
4.015054754097946,28.752647063526666,37.397843117045085,-1.4691225516174902,-1.1428571428571388,32.0
4.020055308006704,28.714629957883314,37.37586377933306,-3.1481197534660503,-1.1428571428571388,32.0
4.025059347040951,28.67694719063544,37.37586377933306,-1.0493732511553502,-1.1428571428571388,32.0
4.0300602780189365,28.639649485667277,37.37586377933306,-2.3086211525417704,-1.0842490842490804,32.0
4.035079252091236,28.602581746264825,37.35388444162104,-4.407367654852471,-1.0842490842490804,32.0
4.040056736092083,28.566182114243095,37.35388444162104,-3.1481197534660503,-1.0842490842490804,32.0
4.045057378010824,28.529976829797466,37.33190510390902,-2.3086211525417704,-1.0842490842490804,32.0
4.050056745065376,28.494146169201237,37.33190510390902,-2.7283704530039103,-1.1428571428571388,32.0
4.055059609003365,28.458657160211295,37.3099257661969,-4.407367654852471,-1.025641025641022,32.0
4.060057185008191,28.423572895090466,37.28794642848488,-5.666615556238891,-1.0842490842490804,32.0
4.065087997005321,28.38862698581776,37.265967090772854,-4.827116955314611,-1.025641025641022,32.0
4.070063189021312,28.35443513343241,37.243987753060836,-8.604860659473871,-0.9670329670329636,32.0
4.075057871057652,28.32047808192604,37.20002907763669,-7.7653620585495915,-0.9670329670329636,32.0
4.080061814049259,28.286829493918248,37.15607040221265,-7.7653620585495915,-0.9670329670329636,32.0
4.085058338008821,28.253602658472314,37.112111726788505,-12.802353664095271,-0.9084249084249052,32.0
4.090060206013732,28.220713381479477,37.09013238907649,-12.382604363633131,-0.9670329670329636,32.0
4.095057944068685,28.188224994728813,37.024194375940326,-6.086364856701031,-0.9084249084249052,32.0
4.100055966060609,28.15610926408658,36.95825636280426,-10.703607161784571,-0.7912087912087884,32.0
4.105057004024275,28.124349886048513,36.892318349668095,-13.641852265019654,-0.73260073260073,32.0
4.110056495992467,28.092976867700727,36.82638033653193,-20.777590372876034,-0.5567765567765548,32.0
4.1150565220741555,28.061977901733016,36.71648364797173,-23.715835476111014,-0.3809523809523796,32.0
4.120057494030334,28.031351453029323,36.5846076216995,-25.394832677959577,-0.2637362637362628,32.0
4.125056482036598,28.00111618562623,36.452731595427174,-25.814581978421717,-0.439560439560438,32.0
4.130055840010755,27.971258507623304,36.32085556915494,-26.234331278883857,-0.439560439560438,32.0
4.135057560051791,27.94176765204645,36.18897954288261,-27.493579180270277,-0.6739926739926716,32.0
4.1400562160415575,27.912676339906646,36.03512417889837,-29.592325682580977,-0.7912087912087884,32.0
4.145084826042876,27.883796301890072,35.83731013948987,-30.851573583967397,-0.9670329670329636,32.0
4.150058532017283,27.855612811216567,35.72741345092967,-27.493579180270277,-1.025641025641022,32.0
4.155057645984925,27.827668163879785,35.573558086945425,-33.78981868720238,-0.9670329670329636,32.0
4.160057265078649,27.80010530874721,35.41970272296108,-34.20956798766452,-0.8498168498168468,32.0
4.165089199086651,27.772753438662317,35.26584735897672,-32.530570785815954,-0.6153846153846132,32.0
4.170056662987918,27.746135666004538,35.090012657280354,-30.012074983043117,-0.6153846153846132,32.0
4.175056838081218,27.719728304987893,34.89219861787196,-32.11082148535382,-0.3223443223443212,32.0
4.1800582660362124,27.693702153238746,34.78230192931176,-33.78981868720238,-0.2637362637362628,32.0
4.185056686052121,27.668079891847952,34.62844656532741,-32.530570785815954,-0.3223443223443212,32.0
4.19005607906729,27.6428415795557,34.47459120134316,-31.691072184891677,-0.3223443223443212,32.0
4.195056274998933,27.61798897415631,34.232818486510624,-35.88856518951308,-0.4981684981684964,32.0
4.2000559529988095,27.59352935525183,34.1009424602383,-37.1478130908995,-0.6153846153846132,32.0
4.205055814003572,27.569459925017313,33.92510775854203,-33.37006938674024,-0.7912087912087884,32.0
4.210057463031262,27.54577384841312,33.77125239455768,-39.2465595932102,-0.9084249084249052,32.0
4.215058539994061,27.522483094515607,33.52947967972515,-32.9503200862781,-0.7912087912087884,32.0
4.220057847094722,27.499593604313,33.44156232887696,-34.20956798766452,-0.73260073260073,32.0
4.2250573229976,27.477096940241935,33.26572762718059,-32.9503200862781,-0.4981684981684964,32.0
4.230057763052173,27.454990274026116,33.133851600908365,-30.012074983043117,-0.439560439560438,32.0
4.235056756995618,27.433284810107402,32.958016899212,-30.851573583967397,-0.2637362637362628,32.0
4.240057341055945,27.411967977577604,32.760202859803606,-33.37006938674024,-0.2051282051282044,32.0
4.245057924068533,27.39104733239555,32.628326833531275,-27.073829879808137,-0.2637362637362628,32.0
4.250056868069805,27.370530105668287,32.45249213183491,-32.11082148535382,-0.439560439560438,32.0
4.255069321021438,27.350356104170956,32.29863676785066,-29.592325682580977,-0.439560439560438,32.0
4.260063269059174,27.33065413256233,32.16676074157833,-27.913328480732417,-0.6153846153846132,32.0
4.2650873840320855,27.311234112134713,32.01290537759408,-29.592325682580977,-0.6153846153846132,32.0
4.270060235983692,27.29240880623793,31.859050013609732,-27.913328480732417,-0.8498168498168468,32.0
4.27505762106739,27.273888599535976,31.727173987337505,-27.913328480732417,-0.7912087912087884,32.0
4.280057416995987,27.255759205313236,31.595297961065178,-26.234331278883857,-0.73260073260073,32.0
4.285087933996692,27.23792245436763,31.46342193479295,-24.555334077035297,-0.6153846153846132,32.0
4.290060910047032,27.22068855977234,31.375504583944767,-18.678843870565334,-0.5567765567765548,32.0
4.295082953060046,27.203687527733127,31.26560789538446,-22.036838274262454,-0.439560439560438,32.0
4.300056315027177,27.187250769584015,31.11175253140021,-20.777590372876034,-0.2051282051282044,32.0
4.3050572430947796,27.17112419890917,31.04581451826405,-22.036838274262454,-0.0879120879120876,32.0
4.3100561840692535,27.15540663874004,30.93591782970384,-22.456587574724594,0.0293040293040292,32.0
4.315055966028012,27.140089489554917,30.804041803431513,-24.975083377497437,-0.0293040293040292,32.0
4.32005708408542,27.12517191789898,30.672165777159286,-21.617088973800314,-0.3223443223443212,32.0
4.3250785149866715,27.11060035599214,30.584248426311103,-23.296086175648874,-0.3223443223443212,32.0
4.330055008060299,27.0965615648917,30.474351737750897,-26.234331278883857,-0.439560439560438,32.0
4.335055481991731,27.08285896743597,30.36445504919069,-20.357841072413894,-0.5567765567765548,32.0
4.340054644038901,27.06956499536814,30.276537698342505,-16.580097368254634,-0.6153846153846132,32.0
4.345055298996158,27.05667257663798,30.188620347494318,-16.999846668716774,-0.6153846153846132,32.0
4.350097817019559,27.044083278872183,30.100702996646135,-13.641852265019654,-0.6739926739926716,32.0
4.355060721049085,27.03209612725926,30.03476498350997,-14.901100166406074,-0.6739926739926716,32.0
4.360057827085257,27.020431011458193,29.946847632661786,-16.999846668716774,-0.73260073260073,32.0
4.365069249062799,27.009140578920956,29.902888957237742,-14.481350865943934,-0.6739926739926716,32.0
4.370059813023545,26.998303584356698,29.83695094410158,-9.864108560860291,-0.73260073260073,32.0
4.375058248988353,26.987856351712644,29.792992268677438,-8.604860659473871,-0.6739926739926716,32.0
4.380058745038696,26.977812527922573,29.749033593253394,-4.827116955314611,-0.6153846153846132,32.0
4.385087145026773,26.96812415383647,29.727054255541375,-3.1481197534660503,-0.6739926739926716,32.0
4.390057173091918,26.958953993358975,29.727054255541375,-3.5678690539281908,-0.6739926739926716,32.0
4.3950664510484785,26.950119835021148,29.727054255541375,0.20987465023107005,-0.6739926739926716,32.0
4.4000630270456895,26.94171678860846,29.727054255541375,0.20987465023107005,-0.6153846153846132,32.0
4.4050578500609845,26.93372489804541,29.749033593253394,-0.20987465023107005,-0.5567765567765548,32.0
4.410057077067904,26.92613485604793,29.749033593253394,1.0493732511553502,-0.6153846153846132,32.0
4.415057267993689,26.91895275222734,29.749033593253394,-1.0493732511553502,-0.4981684981684964,32.0
4.420057293027639,26.912180504308587,29.749033593253394,0.6296239506932101,-0.5567765567765548,32.0
4.425062314025126,26.905811900596074,29.727054255541375,-1.4691225516174902,-0.4981684981684964,32.0
4.430066670989618,26.899854850850232,29.749033593253394,4.827116955314611,-0.439560439560438,32.0
4.43505756102968,26.8943230200937,29.749033593253394,-1.4691225516174902,-0.439560439560438,32.0
4.440081396023743,26.889167518742042,29.749033593253394,1.8888718520796304,-0.4981684981684964,32.0
4.445087781990878,26.88444211297972,29.749033593253394,2.7283704530039103,-0.439560439560438,32.0
4.450056842062622,26.88015894844545,29.749033593253394,0.6296239506932101,-0.439560439560438,32.0
4.4550571530126035,26.876258284830783,29.749033593253394,2.3086211525417704,-0.439560439560438,32.0
4.460066442028619,26.872762553064423,29.749033593253394,-1.4691225516174902,-0.3809523809523796,32.0
4.465089810080826,26.869671137699306,29.749033593253394,-2.3086211525417704,-0.439560439560438,32.0
4.470056965015829,26.867022187295653,29.749033593253394,-2.7283704530039103,-0.3809523809523796,32.0
4.475056390045211,26.86476563727338,29.749033593253394,-1.8888718520796304,-0.3809523809523796,32.0
4.480056766071357,26.862919773041245,29.749033593253394,0.20987465023107005,-0.4981684981684964,32.0
4.485085435095243,26.861478165993237,29.749033593253394,-1.8888718520796304,-0.3809523809523796,32.0
4.4900657900143415,26.860460345878934,29.749033593253394,-1.4691225516174902,-0.439560439560438,32.0
4.495092731085606,26.859846732811086,29.749033593253394,1.8888718520796304,-0.439560439560438,32.0
4.500056896009482,26.859648699214837,29.749033593253394,0.6296239506932101,-0.439560439560438,32.0
4.505086168064736,26.85986143695257,29.749033593253394,-0.6296239506932101,-0.3809523809523796,32.0
4.510083609027788,26.860484942481197,29.749033593253394,-1.0493732511553502,-0.439560439560438,32.0
4.515057043056004,26.861513286355535,29.749033593253394,-3.5678690539281908,-0.439560439560438,32.0
4.520066254073754,26.862960251685823,29.749033593253394,-4.827116955314611,-0.3809523809523796,32.0
4.5250923110870644,26.86482682509477,29.749033593253394,0.6296239506932101,-0.4981684981684964,32.0
4.530088302097283,26.86709389937341,29.749033593253394,-3.1481197534660503,-0.3809523809523796,32.0
4.53505732503254,26.869755789095677,29.749033593253394,2.3086211525417704,-0.439560439560438,32.0
4.5400565130403265,26.87284342056889,29.749033593253394,-1.0493732511553502,-0.439560439560438,32.0
4.545086574042216,26.87636466988731,29.749033593253394,-0.6296239506932101,-0.439560439560438,32.0
4.550064809038304,26.8802589647148,29.749033593253394,1.8888718520796304,-0.439560439560438,32.0
4.555061695049517,26.88457724013744,29.749033593253394,1.0493732511553502,-0.439560439560438,32.0
4.560057421098463,26.889304408301975,29.749033593253394,0.6296239506932101,-0.3809523809523796,32.0
4.5650865950156,26.89447706811647,29.749033593253394,-3.1481197534660503,-0.439560439560438,32.0
4.5700568300671875,26.8999969193262,29.749033593253394,-0.20987465023107005,-0.439560439560438,32.0
4.575084370095283,26.905992705413905,29.749033593253394,1.8888718520796304,-0.439560439560438,32.0
4.580060214037076,26.912334959405044,29.749033593253394,1.8888718520796304,-0.3809523809523796,32.0
4.585067579057068,26.91912709274628,29.749033593253394,-4.827116955314611,-0.4981684981684964,32.0
4.590057694003917,26.92630451695635,29.749033593253394,0.20987465023107005,-0.4981684981684964,32.0
4.595056678983383,26.933903574967374,29.749033593253394,-0.6296239506932101,-0.439560439560438,32.0
4.600056715076789,26.94191339052084,29.749033593253394,-3.1481197534660503,-0.4981684981684964,32.0
4.605086339986883,26.950383226157353,29.749033593253394,2.3086211525417704,-0.3809523809523796,32.0
4.61005694209598,26.959160019960343,29.749033593253394,0.20987465023107005,-0.439560439560438,32.0
4.61506659607403,26.968414253648756,29.749033593253394,2.3086211525417704,-0.3809523809523796,32.0
4.620060090092011,26.978046483493245,29.749033593253394,1.8888718520796304,-0.439560439560438,32.0
4.625087724998593,26.988155677355927,29.749033593253394,-1.0493732511553502,-0.439560439560438,32.0
4.630056952009909,26.99855250311064,29.749033593253394,-2.3086211525417704,-0.439560439560438,32.0
4.635057321051136,27.009420700637783,29.749033593253394,-1.8888718520796304,-0.439560439560438,32.0
4.640057091019116,27.020694709533988,29.749033593253394,1.0493732511553502,-0.3809523809523796,32.0
4.6450662210118026,27.032397747196796,29.749033593253394,-0.6296239506932101,-0.3809523809523796,32.0
4.650086174020544,27.04453537654943,29.749033593253394,0.20987465023107005,-0.3809523809523796,32.0
4.6550570640247315,27.056957808055245,29.749033593253394,-3.1481197534660503,-0.439560439560438,32.0
4.660057400004007,27.069858508149718,29.749033593253394,-1.0493732511553502,-0.439560439560438,32.0
4.6650568910408765,27.083162449622527,29.749033593253394,-0.6296239506932101,-0.3809523809523796,32.0
4.6700965410564095,27.096983171016802,29.749033593253394,-1.8888718520796304,-0.3809523809523796,32.0
4.675060632056557,27.11099865108973,29.749033593253394,-3.1481197534660503,-0.3809523809523796,32.0
4.6800579350674525,27.125510463626462,29.749033593253394,-2.3086211525417704,-0.3809523809523796,32.0
4.685076661990024,27.14049059580792,29.727054255541375,-3.1481197534660503,-0.439560439560438,32.0
4.690093149081804,27.15587033195237,29.749033593253394,0.20987465023107005,-0.439560439560438,32.0
4.695058081066236,27.171491550431234,29.749033593253394,-0.20987465023107005,-0.3809523809523796,32.0
4.700085048098117,27.187712475737705,29.749033593253394,-1.4691225516174902,-0.439560439560438,32.0
4.705055711092427,27.20415150555367,29.749033593253394,1.4691225516174902,-0.439560439560438,32.0
4.710083147045225,27.221182209503052,29.749033593253394,-3.5678690539281908,-0.3809523809523796,32.0
4.715082728071138,27.238520925772264,29.749033593253394,0.20987465023107005,-0.439560439560438,32.0
4.720083696069196,27.25626539728144,29.749033593253394,1.4691225516174902,-0.439560439560438,32.0
4.725089482031763,27.274428056904096,29.749033593253394,-3.1481197534660503,-0.3809523809523796,32.0
4.730058359098621,27.29285316538388,29.749033593253394,-2.7283704530039103,-0.439560439560438,32.0
4.735056487028487,27.311784627438033,29.749033593253394,1.8888718520796304,-0.3223443223443212,32.0
4.740084363031201,27.331230869082123,29.749033593253394,-3.1481197534660503,-0.3809523809523796,32.0
4.745082856039517,27.350962701436714,29.749033593253394,-3.1481197534660503,-0.3809523809523796,32.0
4.7500809989869595,27.37109063338172,29.749033593253394,-1.8888718520796304,-0.3809523809523796,32.0
4.755057194037363,27.39152448570692,29.749033593253394,-4.827116955314611,-0.3223443223443212,32.0
4.760059562046081,27.41246179969106,29.749033593253394,2.3086211525417704,-0.3809523809523796,32.0
4.7650813980726525,27.43387936545198,29.749033593253394,-3.5678690539281908,-0.3809523809523796,32.0
4.770058740046807,27.455500836014025,29.749033593253394,-1.4691225516174902,-0.3223443223443212,32.0
4.775058457045816,27.47761347108601,29.749033593253394,0.20987465023107005,-0.3809523809523796,32.0
4.780057270079851,27.500116247371768,29.749033593253394,1.4691225516174902,-0.3809523809523796,32.0
4.785084562026896,27.52314407977168,29.749033593253394,3.1481197534660503,-0.3809523809523796,32.0
4.790059908060357,27.546325180450097,29.749033593253394,-1.4691225516174902,-0.3809523809523796,32.0
4.795057150069624,27.5699994132598,29.749033593253394,1.0493732511553502,-0.3809523809523796,32.0
4.800058133085258,27.59408313419748,29.749033593253394,1.8888718520796304,-0.3223443223443212,32.0
4.805056506069377,27.61854523111057,29.771012930965416,3.9876183543903307,-0.3809523809523796,32.0
4.810084444005042,27.643545659479226,29.749033593253394,-3.1481197534660503,-0.3223443223443212,32.0
4.8150568780256435,27.668657715460167,29.749033593253394,-1.8888718520796304,-0.3223443223443212,32.0
4.82005617802497,27.694293349398386,29.749033593253394,-0.20987465023107005,-0.3223443223443212,32.0
4.825056661036797,27.720323429044896,29.749033593253394,-3.5678690539281908,-0.3809523809523796,32.0
4.830057010985911,27.746740512203438,29.749033593253394,-0.6296239506932101,-0.3809523809523796,32.0
4.835087801096961,27.773708918054005,29.749033593253394,0.6296239506932101,-0.3223443223443212,32.0
4.840085584088229,27.800887490105055,29.749033593253394,3.5678690539281908,-0.3809523809523796,32.0
4.845056179095991,27.828300161543652,29.771012930965416,1.0493732511553502,-0.3809523809523796,32.0
4.850055982009508,27.856257434836344,29.771012930965416,3.1481197534660503,-0.3223443223443212,32.0
4.855084466049448,27.884762271432713,29.749033593253394,-2.7283704530039103,-0.3223443223443212,32.0
4.860056834062561,27.913330051192492,29.771012930965416,3.5678690539281908,-0.3223443223443212,32.0
4.865056714043021,27.942437169332713,29.771012930965416,1.8888718520796304,-0.2637362637362628,32.0
4.870057557011023,27.971931532812818,29.749033593253394,-4.407367654852471,-0.2637362637362628,32.0
4.875057541998103,28.001801605233112,29.771012930965416,-0.6296239506932101,-0.2637362637362628,32.0
4.8800561730749905,28.0320433527219,29.771012930965416,3.9876183543903307,-0.2637362637362628,32.0
4.885056404047646,28.06267384465679,29.749033593253394,-1.8888718520796304,-0.2637362637362628,32.0
4.890056265052408,28.093680314255828,29.771012930965416,-0.6296239506932101,-0.3223443223443212,32.0
4.895058115012944,28.125076723390976,29.749033593253394,-2.3086211525417704,-0.3223443223443212,32.0
4.900056584039703,28.156828347677894,29.771012930965416,-0.6296239506932101,-0.3223443223443212,32.0
4.9050569999963045,28.18896799837745,29.771012930965416,-2.3086211525417704,-0.3223443223443212,32.0
4.910056399996392,28.221475855927633,29.771012930965416,-1.4691225516174902,-0.2051282051282044,32.0
4.915057159028947,28.254366510407944,29.771012930965416,1.4691225516174902,-0.3223443223443212,32.0
4.920056001050398,28.287617450990112,29.771012930965416,1.8888718520796304,-0.3223443223443212,32.0
4.925087767071091,28.321462985173834,29.771012930965416,-0.20987465023107005,-0.3223443223443212,32.0
4.930057838093489,28.355262541898078,29.771012930965416,-2.3086211525417704,-0.3223443223443212,32.0
4.935074013075791,28.389746547577058,29.771012930965416,2.3086211525417704,-0.2637362637362628,32.0
4.940058593987487,28.424381533043594,29.771012930965416,2.3086211525417704,-0.2637362637362628,32.0
4.945057639037259,28.4594846818563,29.771012930965416,1.0493732511553502,-0.2637362637362628,32.0
4.950058058020659,28.49496486166025,29.771012930965416,-0.20987465023107005,-0.2637362637362628,32.0
4.955086424015462,28.531012874882688,29.771012930965416,3.1481197534660503,-0.2637362637362628,32.0
4.960057888063602,28.567016285288368,29.771012930965416,0.20987465023107005,-0.2051282051282044,32.0
4.965087775024585,28.603809443381866,29.771012930965416,2.3086211525417704,-0.2637362637362628,32.0
4.970057183993049,28.640521381236283,29.792992268677438,1.0493732511553502,-0.2637362637362628,32.0
4.975056861992925,28.67781819760104,29.792992268677438,-1.0493732511553502,-0.2637362637362628,32.0
4.9800835330970585,28.71568064799328,29.792992268677438,2.3086211525417704,-0.146520146520146,32.0
4.985058241058141,28.753510274580357,29.792992268677438,1.4691225516174902,-0.0879120879120876,32.0
4.990056980052032,28.791880907824098,29.771012930965416,-2.3086211525417704,-0.2051282051282044,32.0
4.995078388019465,28.830786066166013,29.792992268677438,6.506114157163171,-0.2051282051282044,32.0
5.000055822078139,28.869706063595245,29.792992268677438,2.7283704530039103,-0.2051282051282044,32.0
5.005081681068987,28.90936279161808,29.792992268677438,-1.0493732511553502,-0.2051282051282044,32.0
5.010056634084322,28.94897113659409,29.792992268677438,2.7283704530039103,-0.2637362637362628,32.0
5.015056551084854,28.989131289212818,29.792992268677438,2.3086211525417704,-0.2051282051282044,32.0
5.02005651104264,29.02964463143635,29.792992268677438,-2.3086211525417704,-0.146520146520146,32.0
5.025057691032998,29.070519723325685,29.792992268677438,0.20987465023107005,-0.2051282051282044,32.0
5.030067177023739,29.111814360580833,29.771012930965416,-3.1481197534660503,-0.2637362637362628,32.0
5.035058208042756,29.15330574901997,29.792992268677438,-1.8888718520796304,-0.146520146520146,32.0
5.0400563310831785,29.19520393660535,29.771012930965416,-1.8888718520796304,-0.2051282051282044,32.0
5.045061492011882,29.237508795412552,29.792992268677438,-0.6296239506932101,-0.146520146520146,32.0
5.050086457049474,29.280329859719835,29.792992268677438,-3.9876183543903307,-0.146520146520146,32.0
5.05505681806244,29.32302827494771,29.792992268677438,0.6296239506932101,-0.146520146520146,32.0
5.060055748093873,29.366314682127218,29.792992268677438,0.20987465023107005,-0.2051282051282044,32.0
5.065082199056633,29.410184591481134,29.792992268677438,-0.6296239506932101,-0.2051282051282044,32.0
5.070083687081933,29.454178994845087,29.792992268677438,-3.1481197534660503,-0.146520146520146,32.0
5.0750556429848075,29.49825092479864,29.792992268677438,-1.0493732511553502,-0.146520146520146,32.0
5.080058207036927,29.54293236987006,29.792992268677438,1.8888718520796304,-0.146520146520146,32.0
5.085056852083653,29.587916430158106,29.792992268677438,-1.0493732511553502,-0.0879120879120876,32.0
5.090055489097722,29.633236670770085,29.792992268677438,1.0493732511553502,-0.0879120879120876,32.0
5.095057366066612,29.678921622551883,29.792992268677438,2.3086211525417704,-0.146520146520146,32.0
5.100084242993034,29.725171612088424,29.792992268677438,1.8888718520796304,-0.146520146520146,32.0
5.105086986091919,29.77153340063097,29.81497160638956,2.3086211525417704,-0.146520146520146,32.0
5.110057033016346,29.817920707685673,29.81497160638956,3.9876183543903307,-0.0293040293040292,32.0
5.115056145004928,29.864908340828222,29.81497160638956,1.8888718520796304,-0.0879120879120876,32.0
5.120086505077779,29.912521491762963,29.792992268677438,-1.4691225516174902,-0.0879120879120876,32.0
5.125056261080317,29.959886579951593,29.81497160638956,0.6296239506932101,-0.0879120879120876,32.0
5.130082365009002,30.008116501935355,29.81497160638956,0.20987465023107005,-0.0879120879120876,32.0
5.135057948995382,30.05618502840636,29.81497160638956,1.0493732511553502,-0.0879120879120876,32.0
5.140086831059307,30.1050940690374,29.81497160638956,-1.4691225516174902,-0.0293040293040292,32.0
5.1450563840335235,30.153746346791497,29.81497160638956,1.0493732511553502,-0.0879120879120876,32.0
5.150055118021555,30.203004130624244,29.81497160638956,0.6296239506932101,-0.0293040293040292,32.0
5.155060959048569,30.25265203944466,29.81497160638956,-0.6296239506932101,-0.0879120879120876,32.0
5.16005587100517,30.30250946658392,29.81497160638956,1.4691225516174902,-0.0879120879120876,32.0
5.16508209600579,30.352998626341645,29.81497160638956,-0.6296239506932101,-0.0293040293040292,32.0
5.170055883005261,30.4032748507355,29.81497160638956,3.9876183543903307,-0.0293040293040292,32.0
5.175081614986993,30.45439182603399,29.81497160638956,-4.407367654852471,-0.0293040293040292,32.0
5.180055393022485,30.505291405740216,29.83695094410158,0.20987465023107005,-0.0293040293040292,32.0
5.185054630041122,30.556761917799136,29.83695094410158,1.0493732511553502,0.0293040293040292,32.0
5.1900911590782925,30.608929627369616,29.83695094410158,1.0493732511553502,0.0293040293040292,32.0
5.195085088023916,30.66096510275412,29.83695094410158,-1.8888718520796304,0.0879120879120876,32.0
5.200056759058498,30.713072886363207,29.83695094410158,0.20987465023107005,0.0293040293040292,32.0
5.205056718084961,30.76578187155434,29.83695094410158,-3.5678690539281908,-0.0293040293040292,32.0
5.210083781043068,30.819083197064643,29.83695094410158,2.3086211525417704,-0.0293040293040292,32.0
5.215056371991523,30.872107980884014,29.83695094410158,1.8888718520796304,0.0293040293040292,32.0
5.22005626000464,30.925724235118764,29.83695094410158,2.3086211525417704,0.0293040293040292,32.0
5.225093446089886,30.98004355921359,29.8589302818136,-3.1481197534660503,0.0879120879120876,32.0
5.230060378089547,31.03390171297803,29.8589302818136,0.6296239506932101,0.0293040293040292,32.0
5.235059180064127,31.08840114616197,29.8589302818136,-5.246866255776751,0.0879120879120876,32.0
5.240057629998773,31.14319186778607,29.8589302818136,0.20987465023107005,0.0879120879120876,32.0
5.245056337094866,31.19827904587327,29.8589302818136,0.20987465023107005,0.0879120879120876,32.0
5.250081271049567,31.253949687602443,29.8589302818136,-1.8888718520796304,0.0879120879120876,32.0
5.255054909037426,31.30934121891979,29.8589302818136,-1.8888718520796304,0.0879120879120876,32.0
5.260055658989586,31.365323238581095,29.88090961952562,1.8888718520796304,0.0879120879120876,32.0
5.265084782033227,31.42191313174309,29.88090961952562,3.5678690539281908,0.0879120879120876,32.0
5.270092600025237,31.4785509553116,29.88090961952562,-0.6296239506932101,0.0879120879120876,32.0
5.275085526984185,31.53530458622256,29.902888957237742,1.0493732511553502,0.0879120879120876,32.0
5.280082514043897,31.592386958328333,29.902888957237742,-3.5678690539281908,0.0879120879120876,32.0
5.285080216010101,31.649758700362348,29.902888957237742,-1.4691225516174902,0.0879120879120876,32.0
5.290055281016976,31.707148335876262,29.902888957237742,2.7283704530039103,0.0879120879120876,32.0
5.295083401026204,31.76542996974629,29.902888957237742,3.1481197534660503,0.0879120879120876,32.0
5.300082130008377,31.82364834186704,29.902888957237742,1.0493732511553502,0.146520146520146,32.0
5.305055710021406,31.881846746086385,29.924868294949764,5.246866255776751,0.0879120879120876,32.0
5.3100787460571155,31.940898568977822,29.924868294949764,0.6296239506932101,0.0879120879120876,32.0
5.315055433078669,31.999676160655927,29.946847632661786,0.6296239506932101,0.0879120879120876,32.0
5.320081514073536,32.0593089201108,29.968826970373808,8.185111359011731,0.0879120879120876,32.0
5.325082667986862,32.118915406037765,29.968826970373808,3.1481197534660503,0.0879120879120876,32.0
5.330088739050552,32.17884806126197,29.99080630808593,4.407367654852471,0.146520146520146,32.0
5.335057015996426,32.23859129328493,29.99080630808593,1.4691225516174902,0.0879120879120876,32.0
5.340056664077565,32.29897465950003,30.03476498350997,5.246866255776751,0.0879120879120876,32.0
5.345056343008764,32.35962047454204,30.05674432122199,6.9258634576253115,0.146520146520146,32.0
5.350057726027444,32.42054750765549,30.100702996646135,5.666615556238891,0.0879120879120876,32.0
5.355088150012307,32.48208949605973,30.122682334358156,6.9258634576253115,0.2051282051282044,32.0
5.360057255020365,32.54313680751954,30.144661672070175,7.7653620585495915,0.2637362637362628,32.0
5.365056168055162,32.6048048630432,30.166641009782197,2.3086211525417704,0.2637362637362628,32.0
5.370056763989851,32.66674742312156,30.188620347494318,3.1481197534660503,0.2051282051282044,32.0
5.375056722084992,32.72893412221326,30.21059968520634,5.246866255776751,0.3223443223443212,32.0
5.380056465044618,32.79136844839377,30.21059968520634,2.7283704530039103,0.3223443223443212,32.0
5.385056330007501,32.85405289309849,30.23257902291836,2.7283704530039103,0.3223443223443212,32.0
5.3900576560990885,32.917002643990386,30.254558360630384,-1.4691225516174902,0.3223443223443212,32.0
5.395057281013578,32.98017615510248,30.254558360630384,2.7283704530039103,0.3809523809523796,32.0
5.400056919082999,33.04359323209714,30.298517036054527,3.1481197534660503,0.3809523809523796,32.0
5.405085186008364,33.1076171849787,30.298517036054527,0.6296239506932101,0.3809523809523796,32.0
5.410071546095423,33.17134718786253,30.298517036054527,1.4691225516174902,0.3809523809523796,32.0
5.415057232021354,33.23530542279117,30.320496373766545,0.6296239506932101,0.3223443223443212,32.0
5.420088510029018,33.300086847927545,30.320496373766545,0.6296239506932101,0.3223443223443212,32.0
5.425096162012778,33.364800012118934,30.342475711478567,1.4691225516174902,0.3223443223443212,32.0
5.430057708057575,33.4291477489342,30.36445504919069,2.7283704530039103,0.3223443223443212,32.0
5.43505696603097,33.49421476464099,30.36445504919069,4.827116955314611,0.3223443223443212,32.0
5.440056200022809,33.55951074110315,30.408413724614732,2.7283704530039103,0.3223443223443212,32.0
5.445056054042652,33.625042340877364,30.43039306232675,4.407367654852471,0.3223443223443212,32.0
5.450056759058498,33.69081089464785,30.43039306232675,5.246866255776751,0.3809523809523796,32.0
5.4550814180402085,33.757120112766216,30.452372400038875,5.246866255776751,0.3223443223443212,32.0
5.460080682998523,33.823316848741115,30.496331075462916,3.9876183543903307,0.3809523809523796,32.0
5.465061419061385,33.889487272732595,30.496331075462916,2.3086211525417704,0.3809523809523796,32.0
5.4700891530374065,33.95650197505366,30.518310413174937,3.5678690539281908,0.3809523809523796,32.0
5.475058199022897,34.02294968991002,30.54028975088706,5.666615556238891,0.3809523809523796,32.0
5.480065472074784,34.090123235041915,30.518310413174937,-3.1481197534660503,0.439560439560438,32.0
5.485062194056809,34.15736818766554,30.54028975088706,3.1481197534660503,0.439560439560438,32.0
5.490087263984606,34.22520732128023,30.54028975088706,0.6296239506932101,0.439560439560438,32.0
5.495057046995498,34.292508010809314,30.54028975088706,-2.7283704530039103,0.439560439560438,32.0
5.5000599100021645,34.360463672778565,30.54028975088706,1.8888718520796304,0.439560439560438,32.0
5.50505721301306,34.428549298504244,30.54028975088706,-0.20987465023107005,0.439560439560438,32.0
5.510060894070193,34.49692571835243,30.54028975088706,-0.20987465023107005,0.439560439560438,32.0
5.515067682019435,34.56554693259413,30.54028975088706,-3.9876183543903307,0.439560439560438,32.0
5.520060440059751,34.63417553254612,30.54028975088706,0.20987465023107005,0.439560439560438,32.0
5.525056915008463,34.70305296048359,30.518310413174937,-2.7283704530039103,0.439560439560438,32.0
5.530085241072811,34.772567261071615,30.54028975088706,1.8888718520796304,0.439560439560438,32.0
5.535056043998338,34.84147948241229,30.54028975088706,-1.4691225516174902,0.439560439560438,32.0
5.540056037018076,34.91098821844885,30.54028975088706,1.8888718520796304,0.439560439560438,32.0
5.5450664720265195,34.98083321292398,30.54028975088706,-2.7283704530039103,0.439560439560438,32.0
5.550059442059137,35.050623134671774,30.54028975088706,-1.4691225516174902,0.439560439560438,32.0
5.555057528079487,35.12067099970701,30.54028975088706,4.827116955314611,0.4981684981684964,32.0
5.560056454036385,35.19091529389142,30.54028975088706,-0.6296239506932101,0.4981684981684964,32.0
5.565055990009569,35.26135094148109,30.54028975088706,-0.20987465023107005,0.439560439560438,32.0
5.5700591780478135,35.33201910080131,30.54028975088706,-1.0493732511553502,0.439560439560438,32.0
5.5750595250865445,35.402826166383996,30.54028975088706,0.6296239506932101,0.4981684981684964,32.0
5.580059817992151,35.473809504174575,30.54028975088706,-2.7283704530039103,0.5567765567765548,32.0
5.585056012030691,35.54490953194008,30.54028975088706,1.8888718520796304,0.5567765567765548,32.0
5.590055167092942,35.616224709173665,30.54028975088706,0.6296239506932101,0.4981684981684964,32.0
5.595057650003582,35.68775863888504,30.54028975088706,3.5678690539281908,0.5567765567765548,32.0
5.600055774091743,35.75939939164512,30.54028975088706,3.1481197534660503,0.4981684981684964,32.0
5.605062885093503,35.831336524347066,30.54028975088706,-0.20987465023107005,0.5567765567765548,32.0
5.61005996807944,35.90329482800296,30.54028975088706,2.3086211525417704,0.5567765567765548,32.0
5.615078335045837,35.975723768992836,30.54028975088706,-1.0493732511553502,0.5567765567765548,32.0
5.620055387029424,36.04771692258987,30.54028975088706,1.4691225516174902,0.6153846153846132,32.0
5.625055736047216,36.120206053220684,30.54028975088706,-0.20987465023107005,0.6153846153846132,32.0
5.63008295209147,36.19324330885013,30.54028975088706,1.8888718520796304,0.6153846153846132,32.0
5.635060167056508,36.26570884487694,30.56226908859908,4.407367654852471,0.6153846153846132,32.0
5.640062961028889,36.3386999335305,30.54028975088706,-1.0493732511553502,0.5567765567765548,32.0
5.645056486013345,36.41170689622762,30.56226908859908,1.8888718520796304,0.6153846153846132,32.0
5.650084657012485,36.48537091574119,30.56226908859908,1.0493732511553502,0.6153846153846132,32.0
5.6550792790949345,36.55869095488878,30.56226908859908,-1.4691225516174902,0.6739926739926716,32.0
5.66005495400168,36.63187704770526,30.56226908859908,3.1481197534660503,0.6153846153846132,32.0
5.665055349003524,36.70556972989653,30.56226908859908,1.8888718520796304,0.6153846153846132,32.0
5.670067506027408,36.779577574824785,30.584248426311103,0.20987465023107005,0.6739926739926716,32.0
5.675062282010913,36.85346800309302,30.584248426311103,5.666615556238891,0.6739926739926716,32.0
5.680057556019165,36.92750277965915,30.584248426311103,2.7283704530039103,0.6739926739926716,32.0
5.685078093083575,37.0020479629629,30.584248426311103,5.246866255776751,0.73260073260073,32.0
5.690054989070632,37.07607769146554,30.60622776402312,1.4691225516174902,0.73260073260073,32.0
5.695057837991044,37.150624410941234,30.60622776402312,0.6296239506932101,0.73260073260073,32.0
5.7000630160328,37.22533517370647,30.60622776402312,-1.4691225516174902,0.73260073260073,32.0
5.705060102045536,37.30005215708062,30.60622776402312,-3.1481197534660503,0.73260073260073,32.0
5.7100566130829975,37.37488537987148,30.628207101735246,0.6296239506932101,0.73260073260073,32.0
5.715055936016142,37.449883600494225,30.628207101735246,-1.4691225516174902,0.73260073260073,32.0
5.720056287012994,37.52501814413561,30.650186439447264,2.3086211525417704,0.7912087912087884,32.0
5.725056385039352,37.60026773046555,30.650186439447264,6.086364856701031,0.7912087912087884,32.0
5.730061606038362,37.67571137208333,30.672165777159286,1.4691225516174902,0.7912087912087884,32.0
5.735090712085366,37.75163079795916,30.694145114871308,6.086364856701031,0.73260073260073,32.0
5.740086105070077,37.827154091107836,30.71612445258333,3.9876183543903307,0.73260073260073,32.0
5.745079779066145,37.90276168810112,30.73810379029545,4.407367654852471,0.8498168498168468,32.0
5.7500551249831915,37.97819939886348,30.760083128007473,9.024609959936011,0.7912087912087884,32.0
5.755077444016933,38.05445618572909,30.804041803431513,6.086364856701031,0.73260073260073,32.0
5.760063873021863,38.13027216755445,30.826021141143634,4.407367654852471,0.7912087912087884,32.0
5.765058726072311,38.206318177624965,30.848000478855656,6.086364856701031,0.8498168498168468,32.0
5.770057006040588,38.28251641630393,30.869979816567678,0.6296239506932101,0.8498168498168468,32.0
5.775055387057364,38.358814199841106,30.891959154279697,2.7283704530039103,0.9084249084249052,32.0
5.780057452036999,38.435264237778284,30.891959154279697,-2.3086211525417704,0.9670329670329636,32.0
5.785055290092714,38.51174351301389,30.891959154279697,-2.3086211525417704,0.9670329670329636,32.0
5.790063830092549,38.58847855286462,30.91393849199182,0.20987465023107005,1.025641025641022,32.0
5.795057972078212,38.665082604794435,30.891959154279697,-1.8888718520796304,0.9670329670329636,32.0
5.800078122993,38.742173657623894,30.91393849199182,2.3086211525417704,0.9670329670329636,32.0
5.805055940989405,38.81869970915704,30.91393849199182,-0.6296239506932101,0.9670329670329636,32.0
5.810054843081161,38.8956330490445,30.91393849199182,-1.4691225516174902,0.9670329670329636,32.0
5.815054735052399,38.97266287151549,30.91393849199182,-0.20987465023107005,0.9670329670329636,32.0
5.820059252087958,39.04984320305529,30.891959154279697,-3.5678690539281908,0.9670329670329636,32.0
5.825056359055452,39.12698625674577,30.91393849199182,0.20987465023107005,0.8498168498168468,32.0
5.830080237006769,39.20461801790398,30.91393849199182,-0.20987465023107005,0.9670329670329636,32.0
5.835059033008292,39.28162565370426,30.91393849199182,-1.0493732511553502,0.9084249084249052,32.0
5.840056714019738,39.358995862404086,30.91393849199182,1.0493732511553502,0.9084249084249052,32.0
5.845063092070632,39.43656938264291,30.91393849199182,-2.7283704530039103,0.9670329670329636,32.0
5.850061980076134,39.51409329629329,30.91393849199182,0.6296239506932101,0.9670329670329636,32.0
5.855081617017277,39.59200366301295,30.91393849199182,-1.4691225516174902,1.025641025641022,32.0
5.860055646044202,39.66926795698857,30.891959154279697,-3.5678690539281908,1.025641025641022,32.0
5.865056373062544,39.74700686909367,30.91393849199182,2.3086211525417704,1.025641025641022,32.0
5.870055855019018,39.82478434059052,30.891959154279697,-3.5678690539281908,1.025641025641022,32.0
5.875064640073106,39.90276247108945,30.91393849199182,5.666615556238891,1.025641025641022,32.0
5.880059776012786,39.98058172824614,30.91393849199182,4.407367654852471,1.025641025641022,32.0
5.885056474013254,40.05847676004513,30.91393849199182,0.6296239506932101,1.025641025641022,32.0
5.890056431060657,40.13647196074168,30.91393849199182,2.3086211525417704,1.025641025641022,32.0
5.89505612407811,40.21451028003317,30.91393849199182,1.4691225516174902,1.0842490842490804,32.0
5.900056246086024,40.29260039777983,30.91393849199182,1.0493732511553502,1.025641025641022,32.0
5.905065631028265,40.37087826237457,30.91393849199182,-3.1481197534660503,1.1428571428571388,32.0
5.910085033043288,40.449353746462144,30.91393849199182,-1.0493732511553502,1.025641025641022,32.0
5.915056425030343,40.527117035332914,30.93591782970384,4.407367654852471,1.0842490842490804,32.0
5.920081514050253,40.605756956271996,30.93591782970384,-1.0493732511553502,1.025641025641022,32.0
5.9250585390254855,40.683678933144826,30.93591782970384,2.7283704530039103,1.025641025641022,32.0
5.930056699085981,40.761963952972145,30.93591782970384,4.827116955314611,1.0842490842490804,32.0
5.935059249983169,40.84034785590032,30.95789716741586,1.0493732511553502,1.0842490842490804,32.0
5.940061626024544,40.91875699077607,30.95789716741586,1.8888718520796304,1.0842490842490804,32.0
5.945056125987321,40.99706843273907,30.979876505127883,4.407367654852471,1.1428571428571388,32.0
5.950057659065351,41.07551379561797,30.979876505127883,1.4691225516174902,1.1428571428571388,32.0
5.955057409009896,41.1539526907537,30.979876505127883,3.1481197534660503,1.2014652014651972,32.0
5.960060863988474,41.23246907860513,30.979876505127883,0.6296239506932101,1.1428571428571388,32.0
5.965058181085624,41.310906335582246,31.001855842840005,-0.20987465023107005,1.1428571428571388,32.0
5.970058260019869,41.38940198197733,31.001855842840005,1.8888718520796304,1.1428571428571388,32.0
5.975084805046208,41.468326107587224,31.023835180552027,4.827116955314611,1.0842490842490804,32.0
5.980085539049469,41.54685572516209,31.04581451826405,1.4691225516174902,1.2014652014651972,32.0
5.985056122066453,41.62492036792146,31.067793855976067,3.1481197534660503,1.1428571428571388,32.0
5.990060676005669,41.70352495537245,31.089773193688192,3.1481197534660503,1.1428571428571388,32.0
5.995059022097848,41.78203631950473,31.11175253140021,3.1481197534660503,1.025641025641022,32.0
