t_s,cmd,pos_deg,vel_deg_s,tau_est_nm,temp_c
7.890630513429642e-07,0.0001251752757218555,30.100702996646135,2.3086211525417704,-0.0293040293040292,32.0
0.0050619060639292,0.7450877797189028,30.100702996646135,1.0493732511553502,-0.0879120879120876,32.0
0.010058557032607496,1.1894877303295424,30.100702996646135,-2.7283704530039103,-0.0879120879120876,32.0
0.015059855999425054,1.2549054825694246,30.100702996646135,0.6296239506932101,0.0879120879120876,32.0
0.02005706704221666,1.0923610966272435,30.122682334358156,-0.6296239506932101,0.3223443223443212,32.0
0.025056560058146715,0.9532585125878268,30.144661672070175,6.506114157163171,0.439560439560438,32.0
0.030057340976782143,0.9831610312512398,30.166641009782197,3.5678690539281908,0.6153846153846132,32.0
0.035058420966379344,1.1148900180578725,30.21059968520634,7.7653620585495915,0.6739926739926716,32.0
0.04005620302632451,1.1452359806381653,30.254558360630384,10.283857861322431,0.6739926739926716,32.0
0.04505889106076211,0.9292151806079461,30.320496373766545,12.802353664095271,0.73260073260073,32.0
0.05006053997203708,0.5298738339422125,30.38643438690271,18.678843870565235,0.6739926739926716,32.0
0.055056232027709484,0.19717440996466487,30.496331075462916,17.83934526964095,0.6153846153846132,32.0
0.060057252063415945,0.18562930986137616,30.60622776402312,20.777590372875935,0.4981684981684964,32.0
0.06506430497393012,0.559325445721044,30.694145114871308,17.83934526964095,0.3809523809523796,32.0
0.07006315095350146,1.1293830682726618,30.78206246571949,15.740598767330253,0.439560439560438,32.0
0.07506820606067777,1.5894827776117773,30.869979816567678,21.197339673338075,0.6153846153846132,32.0
0.0800597689813003,1.7290597306827307,30.95789716741586,15.320849466868113,0.73260073260073,32.0
0.08505748701281846,1.57229727388439,31.04581451826405,15.320849466868113,0.9084249084249052,32.0
0.09006012498866767,1.3237039312185994,31.155711206824254,21.617088973800215,0.9670329670329636,32.0
0.09505816095042974,1.182780340851352,31.243628557672437,24.975083377497334,0.9670329670329636,32.0
0.10005592997185886,1.1706502104219265,31.353525246232643,23.715835476110914,0.9084249084249052,32.0
0.10505783301778138,1.1170646923686762,31.485401272504973,28.752827081656797,0.7912087912087884,32.0
0.11005713604390621,0.8143058384425104,31.6172772987772,27.493579180270377,0.5567765567765548,32.0
0.11505619902163744,0.21292527726092123,31.77113266276155,30.431824283505357,0.439560439560438,32.0
0.12005671102087945,-0.5037860284828938,32.034884715306106,37.1478130908996,0.4981684981684964,32.0
0.1250650699948892,-1.0316512185366795,32.21071941700247,35.0490665885889,0.4981684981684964,32.0
0.13005786202847958,-1.1587482728476672,32.32061610556268,36.30831448997532,0.3223443223443212,32.0
0.13505648099817336,-0.9209678012603426,32.49645080725905,30.012074983043217,0.146520146520146,32.0
0.1400640329811722,-0.563034986693543,32.67228550895542,23.296086175648774,0.0293040293040292,32.0
0.14505933702457696,-0.35561264250912106,32.782182197515624,27.073829879808237,0.0293040293040292,32.0
0.15005744399968535,-0.39532406696509087,32.89207888607583,16.99984666871667,-0.0293040293040292,32.0
0.15505583002232015,-0.560310207294007,32.958016899212,12.802353664095271,0.0879120879120876,32.0
0.16005794203374535,-0.6395005232315308,33.001975574636035,8.604860659473871,0.0293040293040292,32.0
0.1650566280586645,-0.5314191182389064,33.04593425006018,4.827116955314611,-0.0293040293040292,32.0
0.17005806998349726,-0.3461454588136727,33.04593425006018,1.8888718520796304,0.0293040293040292,32.0
0.1750574130564928,-0.3241528331162277,33.02395491234816,-4.407367654852471,0.0293040293040292,32.0
0.18005789804738015,-0.6355860096459769,33.02395491234816,1.4691225516174902,-0.0293040293040292,32.0
0.185060532996431,-1.2236392981770696,33.001975574636035,-1.8888718520796304,-0.0879120879120876,32.0
0.19005599105730653,-1.8187131186668857,32.979996236924016,-5.246866255776751,-0.2051282051282044,32.0
0.19505636405665427,-2.12421187040624,32.958016899212,-6.086364856701031,-0.4981684981684964,32.0
0.20005575194954872,-2.0187796266579814,32.914058223787855,-6.086364856701031,-0.7912087912087884,32.0
0.20505845197476447,-1.6310282229923865,32.848120210651786,-13.641852265019654,-0.9084249084249052,32.0
0.21005763800349087,-1.2235763375185162,32.760202859803606,-19.098593171027474,-0.9084249084249052,32.0
0.21505589003209025,-0.982321396705309,32.628326833531275,-24.555334077035297,-0.9670329670329636,32.0
0.2200107789831236,-0.8845703107764172,32.47447146954703,-27.493579180270277,-0.9670329670329636,32.0
0.22505672904662788,-0.7416420112883773,32.36457478098672,-33.37006938674024,-0.7912087912087884,32.0
0.2300581500167027,-0.39042034351815585,32.188740079290454,-34.20956798766452,-0.7912087912087884,32.0
0.2350564820226282,0.14531739011523317,32.034884715306106,-36.30831448997522,-0.73260073260073,32.0
0.24005749903153628,0.6420478678997478,31.837070675897714,-36.30831448997522,-0.8498168498168468,32.0
0.24505690205842257,0.8360063282442066,31.661235974201343,-36.72806379043736,-0.5567765567765548,32.0
0.2500909729860723,0.628053102648119,31.529359947929013,-30.012074983043117,-0.3223443223443212,32.0
0.2550583389820531,0.18175941477521146,31.375504583944767,-25.394832677959577,-0.146520146520146,32.0
0.26005641103256494,-0.20549482535712457,31.243628557672437,-23.715835476111014,-0.0293040293040292,32.0
0.2650566439842805,-0.2940203641288283,31.133731869112232,-24.555334077035297,-0.0293040293040292,32.0
0.27005854004528373,-0.07145856696667319,31.04581451826405,-18.678843870565334,-0.146520146520146,32.0
0.2750553160440177,0.26763720198908236,30.93591782970384,-20.357841072413894,-0.2051282051282044,32.0
0.2800587340025231,0.5001630223214834,30.826021141143634,-22.036838274262454,-0.146520146520146,32.0
0.2850584799889475,0.5596806829476906,30.694145114871308,-16.580097368254634,-0.146520146520146,32.0
0.29005803004838526,0.5846915482346665,30.650186439447264,-16.160348067792494,-0.0879120879120876,32.0
0.2950632650172338,0.7865659557375305,30.584248426311103,-11.543105762708851,-0.0879120879120876,32.0
0.30005766195245087,1.2481627362490553,30.54028975088706,-6.506114157163171,-0.0879120879120876,32.0
0.3050579009577632,1.825143186978735,30.54028975088706,-0.6296239506932101,-0.0293040293040292,32.0
0.31005672202445567,2.225570741204139,30.518310413174937,-3.1481197534660503,0.146520146520146,32.0
0.3150564250536263,2.2204841926069196,30.56226908859908,6.086364856701031,0.4981684981684964,32.0
0.32005694101098925,1.8126997516831798,30.60622776402312,7.3456127580874515,0.7912087912087884,32.0
0.32505782798398286,1.235223249462415,30.672165777159286,15.740598767330253,0.9670329670329636,32.0
0.33005766198039055,0.7785041494147861,30.73810379029545,17.41959596917881,0.9084249084249052,32.0
0.33505725394934416,0.5828381661111465,30.848000478855656,19.938091771951655,0.9084249084249052,32.0
0.34005595301277936,0.5595219241640413,30.979876505127883,24.975083377497334,0.8498168498168468,32.0
0.3450586299877614,0.4968675883914324,31.067793855976067,19.098593171027375,0.6739926739926716,32.0
0.35005912906490266,0.26040171029620807,31.177690544536375,17.83934526964095,0.6153846153846132,32.0
0.3550578700378537,-0.07894818835402923,31.26560789538446,16.16034806779239,0.5567765567765548,32.0
0.3600575770251453,-0.2959015059466012,31.353525246232643,12.802353664095271,0.4981684981684964,32.0
0.36505638901144266,-0.19951319234809242,31.419463259368808,15.320849466868113,0.3223443223443212,32.0
0.37004660395905375,0.19165337876933725,31.485401272504973,11.543105762708851,0.0879120879120876,32.0
0.3750568500254303,0.6389856953950949,31.551339285641138,11.543105762708851,-0.0293040293040292,32.0
0.38005759904626757,0.8361470347508959,31.6172772987772,12.802353664095271,0.0879120879120876,32.0
0.3850583550520241,0.6331303871175743,31.661235974201343,11.962855063170991,0.2051282051282044,32.0
0.390056808013469,0.1325237423783101,31.749153325049527,12.802353664095271,0.3223443223443212,32.0
0.3950097090564668,-0.3967425827284947,31.81509133818559,18.259094570103095,0.3223443223443212,32.0
0.40005487704183906,-0.7467465457148149,31.903008689033776,12.802353664095271,0.0879120879120876,32.0
0.40505835006479174,-0.8857198557841305,31.968946702169937,17.41959596917881,-0.0293040293040292,32.0
0.4100577109493315,-0.9857194777883078,32.034884715306106,15.320849466868113,-0.146520146520146,32.0
0.4150562670547515,-1.2313632394084337,32.07884339073014,7.7653620585495915,-0.0879120879120876,32.0
0.42005544900894165,-1.6410886903054818,32.10082272844227,-0.20987465023107005,-0.146520146520146,32.0
0.4250566529808566,-2.0251256304919965,32.10082272844227,-1.0493732511553502,-0.3223443223443212,32.0
0.43005821702536196,-2.121842973820942,32.07884339073014,-6.086364856701031,-0.4981684981684964,32.0
0.43506151996552944,-1.8070875841065206,31.99092603988196,-13.641852265019654,-0.8498168498168468,32.0
0.4400587610434741,-1.2082144904777916,31.924988026745897,-12.382604363633131,-1.2014652014651972,32.0
0.4450596410315484,-0.6243697812104317,31.859050013609732,-16.999846668716774,-1.2600732600732556,32.0
0.450056427042,-0.32123063158369963,31.77113266276155,-19.938091771951754,-1.1428571428571388,32.0
0.4550576260080561,-0.34954635510102483,31.661235974201343,-18.259094570103194,-0.8498168498168468,32.0
0.460059451055713,-0.5356091127576716,31.595297961065178,-19.098593171027474,-0.6739926739926716,32.0
0.46505977399647236,-0.6397916303475673,31.507380610216995,-20.777590372876034,-0.6739926739926716,32.0
0.4700563569786027,-0.5568248244672025,31.419463259368808,-20.777590372876034,-0.6739926739926716,32.0
0.4750253319507465,-0.3930770334480043,31.309566570808602,-16.999846668716774,-0.5567765567765548,32.0
0.48005789099261165,-0.35756736596023736,31.22164921996042,-19.938091771951754,-0.439560439560438,32.0
0.48505847400519997,-0.5708723801034018,31.133731869112232,-22.036838274262454,-0.3809523809523796,32.0
0.4900621259585023,-0.9291938974272506,31.023835180552027,-25.394832677959577,-0.2051282051282044,32.0
0.49505806795787066,-1.1605672413129489,30.91393849199182,-22.036838274262454,-0.2051282051282044,32.0
0.5000571589916945,-1.023120346554398,30.78206246571949,-23.296086175648874,-0.439560439560438,32.0
0.5050597570370883,-0.4880752588404996,30.672165777159286,-22.876336875186734,-0.6153846153846132,32.0
0.5100570559734479,0.22889015592223758,30.518310413174937,-28.333077781194557,-0.7912087912087884,32.0
0.5150555949658155,0.8246861125099881,30.38643438690271,-25.814581978421717,-0.6739926739926716,32.0
0.5200679199770093,1.120785956871872,30.254558360630384,-27.493579180270277,-0.5567765567765548,32.0
0.5250638299621642,1.1705019897852884,30.122682334358156,-23.296086175648874,-0.2051282051282044,32.0
0.5300598259782419,1.1842682996371008,30.03476498350997,-19.098593171027474,-0.2051282051282044,32.0
0.5350566949928179,1.3288034204198353,29.968826970373808,-14.061601565481794,-0.0879120879120876,32.0
0.5400568710174412,1.5778452414058122,29.902888957237742,-5.666615556238891,0.0293040293040292,32.0
0.5450593919958919,1.7297391224999221,29.88090961952562,-0.20987465023107005,0.0879120879120876,32.0
0.550059015979059,1.5813147676492183,29.902888957237742,2.7283704530039103,0.146520146520146,32.0
0.5550567669561133,1.1157965052200007,29.946847632661786,9.444359260398151,0.439560439560438,32.0
0.560057271970436,0.5467431417972873,29.99080630808593,14.481350865943833,0.4981684981684964,32.0
0.5650580170331523,0.18129921430915535,30.05674432122199,13.641852265019553,0.439560439560438,32.0
0.5700565309962258,0.2018614729861865,30.144661672070175,17.83934526964095,0.439560439560438,32.0
0.5750563900219277,0.5396135685059241,30.254558360630384,20.357841072413795,0.3809523809523796,32.0
0.5800592920277268,0.937139998519092,30.320496373766545,17.41959596917881,0.3809523809523796,32.0
0.585057799005881,1.1470650658438668,30.43039306232675,19.518342471489515,0.439560439560438,32.0
0.5900577619904652,1.112143079991844,30.518310413174937,17.41959596917881,0.5567765567765548,32.0
0.5950671579921618,0.980486697737685,30.628207101735246,22.456587574724495,0.6739926739926716,32.0
0.6000562480185181,0.9546990738318116,30.760083128007473,21.617088973800215,0.7912087912087884,32.0
0.605058126966469,1.0967527351792756,30.869979816567678,22.876336875186635,0.8498168498168468,32.0
0.6100585659733042,1.256951749260608,31.001855842840005,22.876336875186635,0.8498168498168468,32.0
0.6150575140491128,1.1836241769989508,31.133731869112232,22.036838274262355,0.7912087912087884,32.0
0.620057494030334,0.7300529808559381,31.26560789538446,21.197339673338075,0.7912087912087884,32.0
0.625057962955907,-0.009195029072886003,31.375504583944767,24.555334077035194,0.7912087912087884,32.0
0.6300576590001583,-0.7445559974153501,31.507380610216995,27.073829879808237,0.5567765567765548,32.0
0.6350559450220317,-1.1893581627191419,31.63925663648932,26.654080579345894,0.146520146520146,32.0
0.6400579520268366,-1.254939443681657,31.77113266276155,25.814581978421614,-0.146520146520146,32.0
0.6450584810227156,-1.092307294894189,31.903008689033776,23.296086175648774,-0.3223443223443212,32.0
0.6500576969701797,-0.9532444832388708,31.99092603988196,21.617088973800215,-0.439560439560438,32.0
0.6550576470326632,-0.9831676942467632,32.07884339073014,13.641852265019553,-0.3223443223443212,32.0
0.6600600130623206,-1.1149272662344134,32.122802066154286,6.086364856701031,-0.2051282051282044,32.0
0.6650569250341505,-1.1452239570515197,32.14478140386631,6.9258634576253115,-0.146520146520146,32.0
0.6700578749878332,-0.9292837954482854,32.14478140386631,-4.827116955314611,-0.3223443223443212,32.0
0.6750556949991733,-0.5302767124565037,32.122802066154286,-6.506114157163171,-0.439560439560438,32.0
0.6800564919831231,-0.1971638032556739,32.07884339073014,-11.123356462246711,-0.4981684981684964,32.0
0.6850572789553553,-0.1856303453771189,32.034884715306106,-9.024609959936011,-0.3809523809523796,32.0
0.6900685590226203,-0.5597679581188798,31.99092603988196,-7.7653620585495915,-0.3809523809523796,32.0
0.6950594909721985,-1.1289693924131938,31.968946702169937,-3.9876183543903307,-0.3809523809523796,32.0
0.7000576349673793,-1.588812488071453,31.94696736445792,-0.6296239506932101,-0.5567765567765548,32.0
0.7050588199635968,-1.7290658486237205,31.94696736445792,-0.6296239506932101,-0.73260073260073,32.0
0.7100581879494712,-1.5722631187619671,31.924988026745897,-3.9876183543903307,-1.025641025641022,32.0
0.7150836630025879,-1.322684595964618,31.903008689033776,-3.1481197534660503,-1.2014652014651972,32.0
0.7200611870503053,-1.1827432601453336,31.881029351321754,-6.086364856701031,-1.2600732600732556,32.0
0.7250586010050029,-1.1706532819882711,31.837070675897714,-7.7653620585495915,-1.1428571428571388,32.0
0.7300588609650731,-1.1170335891890961,31.77113266276155,-13.641852265019654,-1.2014652014651972,32.0
0.7350583330262452,-0.8141947445683426,31.705194649625383,-12.382604363633131,-1.0842490842490804,32.0
0.7400560070527717,-0.21295239386849096,31.63925663648932,-12.382604363633131,-0.9084249084249052,32.0
0.7450558410491794,0.5036690684317833,31.573318623353156,-15.320849466868214,-0.7912087912087884,32.0
0.7500572829740122,1.0311152429627541,31.507380610216995,-12.382604363633131,-0.6739926739926716,32.0
0.7550575420027599,1.158753580077495,31.46342193479295,-11.123356462246711,-0.3809523809523796,32.0
0.7600571500370279,0.9209212012879058,31.419463259368808,-2.3086211525417704,-0.0879120879120876,32.0
0.7650562609778717,0.5635292735746391,31.419463259368808,1.0493732511553502,0.0879120879120876,32.0
0.7700564729748294,0.35565864160570976,31.419463259368808,5.246866255776751,0.0879120879120876,32.0
0.775058472994715,0.3953522325848012,31.44144259708083,1.8888718520796304,0.0879120879120876,32.0
0.7800580649636686,0.5603791570362846,31.485401272504973,0.20987465023107005,0.0293040293040292,32.0
0.7850598229561001,0.639494939484856,31.529359947929013,10.283857861322431,0.0293040293040292,32.0
0.7900551320053637,0.5314734325984608,31.551339285641138,11.543105762708851,0.0879120879120876,32.0
0.7950554819544777,0.34622055308038074,31.595297961065178,11.962855063170991,0.146520146520146,32.0
0.8000571239972487,0.32414518080659727,31.63925663648932,10.283857861322431,0.146520146520146,32.0
0.8050585309974849,0.635646854293929,31.705194649625383,10.283857861322431,0.0879120879120876,32.0
0.8100560980383307,1.2230657188882608,31.749153325049527,14.481350865943833,0.0879120879120876,32.0
0.8150549239944667,1.8186083097467425,31.81509133818559,16.16034806779239,0.2051282051282044,32.0
0.820056947064586,2.124223340682728,31.903008689033776,16.16034806779239,0.3223443223443212,32.0
0.8250572710530832,2.0186928380316065,32.01290537759408,19.518342471489515,0.6739926739926716,32.0
0.8300582390511408,1.63104703690407,32.122802066154286,26.654080579345894,1.025641025641022,32.0
0.8350567510351539,1.22363660200435,32.254678092426516,30.8515735839675,1.025641025641022,32.0
0.840056736022234,0.9822963995285642,32.408533456410865,33.78981868720248,1.0842490842490804,32.0
0.8450564759550616,0.8838058874958274,32.58436815810723,34.20956798766462,0.9670329670329636,32.0
0.8500567480223253,0.7416411338222023,32.782182197515624,35.88856518951318,0.9670329670329636,32.0
0.8550565619952977,0.390568725021236,32.979996236924016,40.50580749459672,0.8498168498168468,32.0
0.8600667490391061,-0.1464759811064751,33.17781027633241,44.70330049921812,0.6153846153846132,32.0
0.865058938972652,-0.6421576339753854,33.3756243157409,39.2465595932103,0.439560439560438,32.0
0.8700579470023513,-0.8360040223072777,33.57343835514929,36.72806379043746,0.146520146520146,32.0
0.8750555659644306,-0.6306922947541597,33.74927305684566,37.1478130908996,-0.2051282051282044,32.0
0.8800567410653457,-0.18190984967779059,33.991045771678095,33.37006938674034,-0.146520146520146,32.0
0.8850565260509029,0.20550084179618566,34.144901135662444,32.9503200862782,-0.0293040293040292,32.0
0.8900567509699613,0.2940185211638278,34.25479782422265,32.11082148535392,0.146520146520146,32.0
0.8950619610259309,0.07123747196393933,34.408653188207,25.814581978421614,0.439560439560438,32.0
0.9000586880138144,-0.26784942855575644,34.54052921447922,21.197339673338075,0.5567765567765548,32.0
0.9050571200205013,-0.5001184228231045,34.65042590303943,22.036838274262355,0.6153846153846132,32.0
0.9100202029803768,-0.5596301295177117,34.716363916175595,16.16034806779239,0.439560439560438,32.0
0.9150566089665517,-0.5846680973794901,34.804281267023775,14.901100166405973,0.2637362637362628,32.0
0.9200642000650987,-0.7866289353109854,34.84823994244792,7.7653620585495915,0.2051282051282044,32.0
0.9250586939742789,-1.2482786783600484,34.89219861787196,5.246866255776751,0.0879120879120876,32.0
0.9300571540370584,-1.8250625623769614,34.91417795558399,2.3086211525417704,0.0293040293040292,32.0
0.9350563760381192,-2.225555519951869,34.870219280159944,-6.506114157163171,-0.2637362637362628,32.0
0.9400571800069883,-2.220449522487736,34.84823994244792,-6.9258634576253115,-0.439560439560438,32.0
0.9450570800108835,-1.8126846340118616,34.804281267023775,-11.962855063170991,-0.73260073260073,32.0
0.9500602589687333,-1.2349516434799026,34.738343253887614,-16.160348067792494,-0.7912087912087884,32.0
0.9550573209999129,-0.7785266492768067,34.62844656532741,-23.296086175648874,-0.7912087912087884,32.0
0.9600574759533629,-0.5828346920768173,34.47459120134316,-30.012074983043117,-0.73260073260073,32.0
0.9650593990227208,-0.559516778269479,34.32073583735881,-32.530570785815954,-0.6739926739926716,32.0
0.970057214028202,-0.49690797988086344,34.144901135662444,-36.30831448997522,-0.6739926739926716,32.0
0.9750559279927984,-0.2606049378733396,33.991045771678095,-33.78981868720238,-0.7912087912087884,32.0
0.9800563070457429,0.0788480713961543,33.81521106998172,-30.431824283505257,-0.8498168498168468,32.0
0.9850569049594924,0.29589094412116024,33.6833350437095,-30.851573583967397,-0.8498168498168468,32.0
0.9900617559906095,0.19922455898760785,33.52947967972515,-31.691072184891677,-0.5567765567765548,32.0
0.9950607829960063,-0.192992291123975,33.3756243157409,-28.333077781194557,-0.3809523809523796,32.0
1.0000573260476813,-0.6390205327027697,33.22176895175655,-28.752827081656697,-0.2051282051282044,32.0
1.0050610760226846,-0.8361478339393135,33.08989292548422,-24.555334077035297,-0.2051282051282044,32.0
1.01006044796668,-0.6329677391429319,32.979996236924016,-23.715835476111014,-0.2637362637362628,32.0
1.0150576459709555,-0.13242905430465995,32.848120210651786,-22.876336875186734,-0.3223443223443212,32.0
1.0200606520520523,0.40146393259851315,32.71624418437946,-23.296086175648874,-0.3223443223443212,32.0
1.0250572169898078,0.7468523670587739,32.58436815810723,-25.814581978421717,-0.439560439560438,32.0
1.0300573200220242,0.8857027853264205,32.47447146954703,-22.456587574724594,-0.2637362637362628,32.0
1.03505905601196,0.9857602077239982,32.342595443274696,-26.234331278883857,-0.0293040293040292,32.0
1.0400597490370274,1.231602786717512,32.21071941700247,-20.357841072413894,-0.0879120879120876,32.0
1.0450574919814244,1.6412690588709722,32.16676074157833,-13.641852265019654,-0.0293040293040292,32.0
1.0500590020092204,2.0252566417576596,32.122802066154286,-7.3456127580874515,0.0293040293040292,32.0
1.0550573350628838,2.121862078833671,32.07884339073014,-5.666615556238891,0.2051282051282044,32.0
1.0600586000364274,1.807378482895905,32.10082272844227,5.246866255776751,0.439560439560438,32.0
1.0650615739868954,1.2078508849034286,32.122802066154286,7.3456127580874515,0.6739926739926716,32.0
1.070059129036963,0.6244182802635426,32.188740079290454,13.222102964557411,0.73260073260073,32.0
1.0750605210196227,0.321128953417443,32.276657430138634,14.481350865943833,0.6739926739926716,32.0
1.0800575009780005,0.34954263196636876,32.36457478098672,14.481350865943833,0.5567765567765548,32.0
1.0850578770041466,0.5355526305070197,32.45249213183491,15.320849466868113,0.5567765567765548,32.0
1.0900575190316886,0.6397871328821575,32.54040948268309,16.58009736825453,0.5567765567765548,32.0
1.0950575210154057,0.5567884147585955,32.628326833531275,14.061601565481693,0.6739926739926716,32.0
1.1000576390651986,0.3922101766875698,32.69426484666744,14.481350865943833,0.6153846153846132,32.0
1.105056683998555,0.3575464879712124,32.782182197515624,15.740598767330253,0.6153846153846132,32.0
1.1100586459506303,0.5708834488583864,32.87009954836381,12.382604363633131,0.5567765567765548,32.0
1.1150569589808583,0.9288370205430316,32.93603756149997,13.641852265019553,0.439560439560438,32.0
1.1200597629649565,1.1605922900984365,33.001975574636035,9.864108560860291,0.4981684981684964,32.0
1.1250583640066907,1.0230349920329689,33.04593425006018,11.123356462246711,0.6153846153846132,32.0
1.130061359028332,0.4878584302760549,33.11187226319635,13.641852265019553,0.7912087912087884,32.0
1.1350587969645858,-0.2291350483759238,33.17781027633241,13.222102964557411,0.73260073260073,32.0
1.140057623037137,-0.8248713603124682,33.22176895175655,9.444359260398151,0.6153846153846132,32.0
1.1450587740400806,-1.120520882633734,33.28770696489271,11.543105762708851,0.3809523809523796,32.0
1.1500617440324277,-1.1705047376904854,33.30968630260473,4.407367654852471,0.0293040293040292,32.0
1.1550569219980389,-1.1842306844451602,33.33166564031676,0.6296239506932101,-0.146520146520146,32.0
1.1600577749777585,-1.3288508755756168,33.30968630260473,-3.1481197534660503,-0.2637362637362628,32.0
1.1650584790622815,-1.5779229001061439,33.26572762718059,-7.7653620585495915,-0.439560439560438,32.0
1.170056339004077,-1.7297239584994688,33.24374828946857,-8.185111359011731,-0.5567765567765548,32.0
1.1750562200322747,-1.581496640443188,33.199789614044526,-11.543105762708851,-0.6153846153846132,32.0
1.1800615399843082,-1.1152543637236323,33.08989292548422,-17.419595969178914,-0.6739926739926716,32.0
1.185058634961024,-0.546602795361014,33.001975574636035,-19.938091771951754,-0.6153846153846132,32.0
1.1900561359943822,-0.1813681318842232,32.89207888607583,-24.975083377497437,-0.4981684981684964,32.0
1.1950565159786493,-0.20186083738378385,32.782182197515624,-23.715835476111014,-0.3223443223443212,32.0
1.2000307730631903,-0.5374769233211596,32.67228550895542,-22.876336875186734,-0.3223443223443212,32.0
1.2050571240251884,-0.9369956468473057,32.54040948268309,-21.617088973800314,-0.439560439560438,32.0
1.210059878998436,-1.1470971593109713,32.408533456410865,-24.555334077035297,-0.5567765567765548,32.0
1.215027009951882,-1.1128756088555025,32.23269875471449,-28.333077781194557,-0.73260073260073,32.0
1.2200570419663563,-0.980701280358959,32.122802066154286,-28.752827081656697,-0.8498168498168468,32.0
1.2250587800517678,-0.9547325083223992,31.94696736445792,-33.78981868720238,-0.9670329670329636,32.0
1.2300598659785464,-1.096819154098061,31.81509133818559,-32.530570785815954,-0.9670329670329636,32.0
1.235056173056364,-1.2569117401921888,31.661235974201343,-33.37006938674024,-0.9084249084249052,32.0
1.2400581520050764,-1.1835913502163005,31.507380610216995,-33.78981868720238,-0.8498168498168468,32.0
1.245055724051781,-0.7302771281450658,31.353525246232643,-36.30831448997522,-0.8498168498168468,32.0
1.2500578210456297,0.009172517391889684,31.177690544536375,-38.40706099228592,-0.73260073260073,32.0
1.2550579389790073,0.7445910609229843,30.979876505127883,-36.30831448997522,-0.3809523809523796,32.0
1.2600592500530183,1.189522088893083,30.760083128007473,-39.66630889367234,-0.2051282051282044,32.0
1.2650559019530192,1.2549759723257825,30.518310413174937,-35.0490665885888,-0.2051282051282044,32.0
1.2700563300168142,1.092389141392551,30.408413724614732,-35.0490665885888,-0.0879120879120876,32.0
1.2750556459650397,0.9532697994698079,30.23257902291836,-25.394832677959577,-0.0293040293040292,32.0
1.280060446006246,0.9832286492720705,30.122682334358156,-22.876336875186734,-0.0293040293040292,32.0
1.2850592259783298,1.1149088532187448,30.03476498350997,-16.580097368254634,-0.146520146520146,32.0
1.2900562550639734,1.1452351142411952,29.946847632661786,-12.382604363633131,-0.146520146520146,32.0
1.2950421479763463,0.930344773115086,29.902888957237742,-5.666615556238891,-0.0293040293040292,32.0
1.3000565790571272,0.5302031949823235,29.88090961952562,-1.8888718520796304,0.0293040293040292,32.0
1.3050581950228661,0.19709433846184382,29.902888957237742,6.086364856701031,0.0879120879120876,32.0
1.310044017038308,0.18512110624873626,29.924868294949764,3.9876183543903307,0.0879120879120876,32.0
1.3150560320354998,0.558465313460462,29.946847632661786,6.086364856701031,-0.0293040293040292,32.0
1.3200553719652817,1.1285037578808608,29.968826970373808,7.3456127580874515,0.0293040293040292,32.0
1.3250568370567635,1.5887618323565615,29.99080630808593,6.9258634576253115,0.146520146520146,32.0
1.3300567970145494,1.7290788520169775,30.03476498350997,7.7653620585495915,0.3223443223443212,32.0
1.3350551689509302,1.5724102152762278,30.078723658934113,12.382604363633131,0.6739926739926716,32.0
1.340057114022784,1.3238345229643358,30.188620347494318,15.320849466868113,0.8498168498168468,32.0
1.3450567059917375,1.1827981885452492,30.254558360630384,18.678843870565235,0.8498168498168468,32.0
1.3500557120423764,1.1706499593376296,30.38643438690271,19.938091771951655,0.8498168498168468,32.0
1.3550584099721164,1.1170472365105528,30.496331075462916,27.493579180270377,0.73260073260073,32.0
1.3600560820195824,0.8144036489402469,30.650186439447264,29.172576382118937,0.8498168498168468,32.0
1.36505636095535,0.2129024031309425,30.804041803431513,33.37006938674034,0.9670329670329636,32.0
1.3700565620092675,-0.5037659956064027,30.979876505127883,33.78981868720248,0.8498168498168468,32.0
1.375054677017033,-1.0309356478717182,31.133731869112232,30.8515735839675,0.5567765567765548,32.0
1.3800566650461406,-1.1587681152306442,31.28758723309658,28.333077781194657,0.2637362637362628,32.0
1.3850563330342993,-0.9209781069632252,31.375504583944767,17.41959596917881,-0.0293040293040292,32.0
1.3900331259937957,-0.565002988165906,31.485401272504973,19.518342471489515,-0.2051282051282044,32.0
1.395055416971445,-0.35567562412462905,31.551339285641138,13.641852265019553,-0.3223443223443212,32.0
1.400057976017706,-0.39533862863905,31.6172772987772,14.061601565481693,-0.2637362637362628,32.0
1.4050569380633533,-0.5603443936575284,31.661235974201343,8.604860659473871,-0.2051282051282044,32.0
1.4100573740433902,-0.6395022036151494,31.68321531191336,4.407367654852471,-0.146520146520146,32.0
1.4150561039568856,-0.531438146716988,31.705194649625383,4.407367654852471,-0.2051282051282044,32.0
1.4200193600263447,-0.34727339123739887,31.705194649625383,-1.4691225516174902,-0.2051282051282044,32.0
1.4250570699805394,-0.3241437509453852,31.68321531191336,-0.6296239506932101,-0.3223443223443212,32.0
1.4300564510049298,-0.6354469252082448,31.68321531191336,-1.4691225516174902,-0.2637362637362628,32.0
1.435055420966819,-1.2229781530326918,31.68321531191336,-2.7283704530039103,-0.3809523809523796,32.0
1.4400319349952042,-1.8163468996243246,31.661235974201343,-2.3086211525417704,-0.439560439560438,32.0
1.4450564889702946,-2.124214328492274,31.661235974201343,-3.9876183543903307,-0.6739926739926716,32.0
1.4500562499742955,-2.018751176762928,31.661235974201343,-3.5678690539281908,-0.9670329670329636,32.0
1.4550556240137666,-1.6312780994904832,31.6172772987772,-5.246866255776751,-1.1428571428571388,32.0
1.4600562469568104,-1.2236708538871146,31.573318623353156,-11.962855063170991,-1.1428571428571388,32.0
1.4650563100585714,-0.9823089852661897,31.507380610216995,-14.901100166406074,-1.0842490842490804,32.0
1.4700595840113238,-0.8837537591873426,31.44144259708083,-14.061601565481794,-0.9670329670329636,32.0
1.4750571650220081,-0.741621850274948,31.331545908520624,-18.259094570103194,-0.7912087912087884,32.0
1.4800418650265783,-0.3919410044639532,31.22164921996042,-24.975083377497437,-0.6153846153846132,32.0
1.4850561439525336,0.14527923773087625,31.11175253140021,-23.296086175648874,-0.439560439560438,32.0
1.4900570909958333,0.6420167587212862,30.979876505127883,-26.654080579345997,-0.2051282051282044,32.0
1.4950569169595838,0.8360062954907979,30.848000478855656,-27.493579180270277,-0.0293040293040292,32.0
1.5000566110247746,0.6306145815465533,30.71612445258333,-24.135584776573154,-0.0293040293040292,32.0
1.5050579439848661,0.18179660090387603,30.60622776402312,-23.715835476111014,0.0293040293040292,32.0
1.5100639070151374,-0.2058865749530752,30.518310413174937,-19.098593171027474,-0.146520146520146,32.0
1.515055925003253,-0.2940327455743166,30.408413724614732,-14.061601565481794,-0.3223443223443212,32.0
1.5200566330458969,-0.07158179042545461,30.38643438690271,-10.703607161784571,-0.4981684981684964,32.0
1.5250589390052482,0.2678652233512306,30.320496373766545,-11.962855063170991,-0.5567765567765548,32.0
1.5300583010539412,0.5001510605282987,30.298517036054527,-6.9258634576253115,-0.4981684981684964,32.0
1.5350560550577939,0.5596775534130255,30.254558360630384,-6.506114157163171,-0.439560439560438,32.0
1.5400610159849748,0.5847408720764692,30.254558360630384,-3.1481197534660503,-0.2637362637362628,32.0
1.5450582259800285,0.7862267242407691,30.254558360630384,-1.8888718520796304,-0.146520146520146,32.0
1.5500568200368434,1.2480681556133326,30.254558360630384,4.827116955314611,-0.0879120879120876,32.0
1.5550624240422621,1.8256313338431536,30.276537698342505,4.827116955314611,0.146520146520146,32.0
1.5600572410039604,2.2255935692470468,30.320496373766545,10.703607161784571,0.439560439560438,32.0
1.5650583079550415,2.2203977051289256,30.36445504919069,11.543105762708851,0.6739926739926716,32.0
1.5700587920146063,1.8124984248827423,30.43039306232675,18.259094570103095,0.8498168498168468,32.0
1.5750567669747397,1.235341802546314,30.54028975088706,23.715835476110914,0.9670329670329636,32.0
1.580057880957611,0.7784897007254551,30.672165777159286,25.394832677959474,1.0842490842490804,32.0
1.5850592990173027,0.5828061775290125,30.804041803431513,27.073829879808237,1.0842490842490804,32.0
1.5900570349767804,0.5595203108644146,30.95789716741586,29.172576382118937,0.9670329670329636,32.0
1.5950574920279905,0.4969000509150216,31.089773193688192,27.493579180270377,0.73260073260073,32.0
1.6000585269648582,0.2604399397145544,31.243628557672437,26.654080579345894,0.6739926739926716,32.0
1.6050561249721795,-0.07883640793512682,31.353525246232643,26.234331278883754,0.5567765567765548,32.0
1.6100577319739386,-0.2959039401861587,31.485401272504973,22.876336875186635,0.3223443223443212,32.0
1.6150556290522218,-0.1995540330800415,31.595297961065178,22.456587574724495,-0.0293040293040292,32.0
1.6200578110292554,0.19271161114653287,31.77113266276155,24.555334077035194,-0.2051282051282044,32.0
1.6250573979923502,0.6390257977081207,31.837070675897714,22.456587574724495,-0.146520146520146,32.0
1.630056060035713,0.8361466156067867,31.968946702169937,22.456587574724495,0.0293040293040292,32.0
1.6350566829787567,0.6332602906014785,32.07884339073014,24.135584776573054,0.2637362637362628,32.0
1.6400582550559193,0.13236022801625671,32.21071941700247,26.234331278883754,0.5567765567765548,32.0
1.6450582089601085,-0.40123799855443876,32.32061610556268,25.814581978421614,0.6153846153846132,32.0
1.6500591119984165,-0.7469380305308051,32.49645080725905,26.654080579345894,0.5567765567765548,32.0
1.6550567400408909,-0.8856931727935264,32.56238882039521,19.098593171027375,0.439560439560438,32.0
1.6600614179624245,-0.985831758380465,32.67228550895542,21.617088973800215,0.3223443223443212,32.0
1.6650580699788406,-1.2314872626933104,32.73822352209158,15.320849466868113,0.0879120879120876,32.0
1.6700627079699188,-1.6417295500427793,32.80416153522764,7.7653620585495915,0.0879120879120876,32.0
1.6750581340165809,-2.0252082393191677,32.82614087293977,-1.0493732511553502,-0.0293040293040292,32.0
1.680057410034351,-2.121860455332245,32.782182197515624,-9.444359260398151,-0.2051282051282044,32.0
1.6850598989985883,-1.8072490860775052,32.760202859803606,-9.864108560860291,-0.4981684981684964,32.0
1.690058354055509,-1.208267098885434,32.67228550895542,-15.320849466868214,-0.73260073260073,32.0
1.6950607439503074,-0.6242653171465649,32.58436815810723,-21.197339673338174,-0.7912087912087884,32.0
1.7000607979716733,-0.32112208356472455,32.43051279412288,-24.555334077035297,-0.8498168498168468,32.0
1.7050617639906704,-0.34966963329766526,32.32061610556268,-29.172576382118837,-0.73260073260073,32.0
1.7100586839951575,-0.5355815892219224,32.14478140386631,-33.37006938674024,-0.73260073260073,32.0
1.7150565430056304,-0.6397851731577912,32.01290537759408,-33.78981868720238,-0.6739926739926716,32.0
1.7200571099529043,-0.5568012728796475,31.881029351321754,-31.691072184891677,-0.9084249084249052,32.0
1.7250589330215007,-0.39217557772911,31.727173987337505,-27.913328480732417,-0.9084249084249052,32.0
1.7300577850546688,-0.357565532871166,31.595297961065178,-28.752827081656697,-0.7912087912087884,32.0
1.735061404062435,-0.5710610245361563,31.46342193479295,-27.493579180270277,-0.6739926739926716,32.0
1.7400499390205368,-0.9283519400039265,31.353525246232643,-25.814581978421717,-0.5567765567765548,32.0
1.7450580910081044,-1.1605675822488093,31.22164921996042,-23.296086175648874,-0.4981684981684964,32.0
1.7500557049643248,-1.0232233068440297,31.067793855976067,-31.691072184891677,-0.3809523809523796,32.0
1.7550572770414874,-0.4884108861586899,30.93591782970384,-30.012074983043117,-0.2637362637362628,32.0
1.7600585699547082,0.22910311747746082,30.71612445258333,-36.30831448997522,-0.3809523809523796,32.0
1.7650597069878131,0.8250616570285504,30.60622776402312,-34.20956798766452,-0.4981684981684964,32.0
1.7700564910192043,1.1204545788428188,30.408413724614732,-29.172576382118837,-0.439560439560438,32.0
1.775056684971787,1.1705113790895616,30.276537698342505,-32.11082148535382,-0.3809523809523796,32.0
1.7800562869524583,1.1842224654195193,30.122682334358156,-27.493579180270277,-0.2637362637362628,32.0
1.785060066031292,1.3289515644693048,30.01278564579795,-21.617088973800314,-0.2051282051282044,32.0
1.7900596050312743,1.5779772715324274,29.924868294949764,-16.160348067792494,-0.146520146520146,32.0
1.7950571699766442,1.7297280976066198,29.88090961952562,-11.962855063170991,-0.0293040293040292,32.0
1.8000558729982004,1.581519207174226,29.83695094410158,-3.9876183543903307,0.0879120879120876,32.0
1.805058381985873,1.1156130744690327,29.8589302818136,5.246866255776751,0.2051282051282044,32.0
1.810059861978516,0.5464764636813213,29.902888957237742,9.024609959936011,0.2637362637362628,32.0
1.8150395440170541,0.18197853811508474,29.968826970373808,13.222102964557411,0.3809523809523796,32.0
1.820058487006463,0.20194428477773993,30.03476498350997,15.740598767330253,0.2051282051282044,32.0
1.8250570880481973,0.5396718107356092,30.144661672070175,18.678843870565235,0.2637362637362628,32.0
1.830057434970513,0.9370163528254222,30.21059968520634,20.357841072413795,0.3223443223443212,32.0
1.835058550001122,1.1470766586804082,30.298517036054527,17.83934526964095,0.439560439560438,32.0
1.8400571170495823,1.1121584824165853,30.38643438690271,22.456587574724495,0.5567765567765548,32.0
1.8450572900474072,0.9806960122129988,30.474351737750897,22.036838274262355,0.6739926739926716,32.0
1.8500554880592972,0.9546890482814321,30.60622776402312,27.493579180270377,0.7912087912087884,32.0
1.8550559380091727,1.0966691360856287,30.71612445258333,26.654080579345894,0.8498168498168468,32.0
1.8600563029758632,1.2569139138485566,30.848000478855656,24.135584776573054,0.9670329670329636,32.0
1.8650559569941834,1.1837042695839575,30.979876505127883,25.394832677959474,1.025641025641022,32.0
1.87005529506132,0.7303314490877484,31.133731869112232,22.456587574724495,0.9084249084249052,32.0
1.8750577360624447,-0.009159036236005388,31.22164921996042,24.555334077035194,0.8498168498168468,32.0
1.8800565300043672,-0.7444145963607276,31.353525246232643,22.036838274262355,0.6739926739926716,32.0
1.885056970990263,-1.1894090684860557,31.46342193479295,24.135584776573054,0.3223443223443212,32.0
1.8900553530547768,-1.2549857459366764,31.573318623353156,22.456587574724495,-0.146520146520146,32.0
1.895056028966792,-1.0924005969433015,31.661235974201343,19.098593171027375,-0.3809523809523796,32.0
1.9000563180306926,-0.953261500437764,31.749153325049527,14.901100166405973,-0.439560439560438,32.0
1.9050588819663972,-0.9831945837574199,31.837070675897714,12.802353664095271,-0.4981684981684964,32.0
1.9100575429620221,-1.1148694719097711,31.903008689033776,8.604860659473871,-0.4981684981684964,32.0
1.915056796045974,-1.145226105496463,31.924988026745897,6.086364856701031,-0.4981684981684964,32.0
1.920054925023578,-0.929482957893726,31.924988026745897,3.1481197534660503,-0.5567765567765548,32.0
1.9250405440106988,-0.5315369712707518,31.924988026745897,-2.7283704530039103,-0.5567765567765548,32.0
1.9300559080438688,-0.19718763044735413,31.924988026745897,-1.0493732511553502,-0.6153846153846132,32.0
1.9350591499824077,-0.1857024211258394,31.903008689033776,-3.5678690539281908,-0.5567765567765548,32.0
1.940057571977377,-0.5586253770974963,31.903008689033776,-0.20987465023107005,-0.4981684981684964,32.0
1.9450561359990388,-1.1285901344475204,31.903008689033776,4.827116955314611,-0.4981684981684964,32.0
1.9500158770242706,-1.586149793590288,31.903008689033776,-0.20987465023107005,-0.5567765567765548,32.0
1.955055776052177,-1.7290853951812954,31.903008689033776,-1.4691225516174902,-0.6739926739926716,32.0
1.9600595539668575,-1.5721965505644617,31.903008689033776,-1.8888718520796304,-0.9670329670329636,32.0
1.965083412011154,-1.3226954507918693,31.881029351321754,-6.506114157163171,-1.1428571428571388,32.0
1.97005782101769,-1.1827845096252219,31.837070675897714,-6.9258634576253115,-1.2600732600732556,32.0
1.9750565179856494,-1.1706508875360422,31.79311200047357,-9.864108560860291,-1.2014652014651972,32.0
1.980062026064843,-1.1169377509034841,31.749153325049527,-11.123356462246711,-1.1428571428571388,32.0
1.9850575770251453,-0.814264912395072,31.68321531191336,-11.962855063170991,-1.0842490842490804,32.0
1.9900468960404396,-0.21423915719551465,31.63925663648932,-12.382604363633131,-1.0842490842490804,32.0
1.9950595090631396,0.5041621600227885,31.573318623353156,-10.283857861322431,-0.8498168498168468,32.0
2.0000580940395594,1.031171115870262,31.529359947929013,-6.506114157163171,-0.73260073260073,32.0
2.0050885380478576,1.1582322324128023,31.485401272504973,-5.666615556238891,-0.439560439560438,32.0
2.0100581439910457,0.9208519662658151,31.485401272504973,-1.0493732511553502,-0.2051282051282044,32.0
2.0150563530623913,0.563523414801824,31.507380610216995,7.7653620585495915,-0.0293040293040292,32.0
2.0200847410596907,0.35520848210176953,31.529359947929013,7.7653620585495915,0.0293040293040292,32.0
2.025089201051742,0.39619591911116614,31.595297961065178,9.024609959936011,0.0293040293040292,32.0
2.0300566679798067,0.5603360612120228,31.63925663648932,11.123356462246711,-0.0293040293040292,32.0
2.035058742039837,0.6394981519000932,31.68321531191336,10.703607161784571,0.0293040293040292,32.0
2.0400574039667845,0.5313909456629348,31.749153325049527,13.222102964557411,0.0293040293040292,32.0
2.04505859001074,0.3461303751824315,31.81509133818559,14.481350865943833,0.146520146520146,32.0
2.0500576499616727,0.3241591056268826,31.903008689033776,11.543105762708851,0.0879120879120876,32.0
2.0550573699874803,0.635535251582899,31.99092603988196,17.83934526964095,0.2051282051282044,32.0
2.060061580967158,1.2237748349037252,32.056864053018124,18.678843870565235,0.3223443223443212,32.0
2.0650608859723434,1.819193727396666,32.16676074157833,17.41959596917881,0.4981684981684964,32.0
2.0700852740556,2.1247735443553513,32.254678092426516,16.58009736825453,0.73260073260073,32.0
2.075088649056852,2.016894100738676,32.36457478098672,21.617088973800215,0.9670329670329636,32.0
2.080057532992214,1.6311094240415571,32.47447146954703,24.555334077035194,1.2014652014651972,32.0
2.085055939038284,1.2236917777338736,32.60634749581926,30.8515735839675,1.2600732600732556,32.0
2.0900606070645154,0.982182076379444,32.782182197515624,36.30831448997532,1.2600732600732556,32.0
2.09505874698516,0.8837677995251283,32.958016899212,35.0490665885889,0.9670329670329636,32.0
2.1000612729694694,0.7414317998835086,33.17781027633241,37.1478130908996,0.73260073260073,32.0
2.1050616239663213,0.39009567309534005,33.353644978028775,32.53057078581606,0.6153846153846132,32.0
2.1100593119626865,-0.14563675232697293,33.507500342013124,37.1478130908996,0.439560439560438,32.0
2.1150625130394474,-0.6424299694774411,33.705314381421516,34.62931728812676,0.146520146520146,32.0
2.120056507992558,-0.8360071930551176,33.90312842082991,40.08605819413458,0.0879120879120876,32.0
2.1250579149927944,-0.6305175995906802,34.16688047337446,38.40706099228602,0.0293040293040292,32.0
2.1300565929850563,-0.18192379095672248,34.29875649964679,35.88856518951318,0.146520146520146,32.0
2.1351475190604106,0.2102073510921832,34.496570539055185,32.53057078581606,0.3809523809523796,32.0
2.140060198958963,0.29395904422383745,34.60646722761539,27.493579180270377,0.4981684981684964,32.0
2.145057986024767,0.07149436757508874,34.738343253887614,21.617088973800215,0.6739926739926716,32.0
2.1500562500441447,-0.26769599206442085,34.84823994244792,22.456587574724495,0.4981684981684964,32.0
2.1550582939526066,-0.5001508643158606,34.936157293296105,20.357841072413795,0.3223443223443212,32.0
2.160056864959188,-0.5596785997304469,35.02407464414429,17.41959596917881,0.2637362637362628,32.0
2.1650602070149034,-0.5847275022924815,35.090012657280354,12.802353664095271,0.0879120879120876,32.0
2.170057530980557,-0.786179958865014,35.155950670416516,9.024609959936011,-0.0879120879120876,32.0
2.1750559239881113,-1.247967497684065,35.17793000812854,3.1481197534660503,-0.146520146520146,32.0
2.180056320037693,-1.8249725334718276,35.17793000812854,3.9876183543903307,-0.146520146520146,32.0
2.1850570200476795,-2.2255838507371397,35.17793000812854,1.0493732511553502,-0.3223443223443212,32.0
2.190056408988312,-2.2204849302777445,35.155950670416516,-3.9876183543903307,-0.6739926739926716,32.0
2.1950567610329017,-1.8127193259547125,35.11199199499237,-9.444359260398151,-0.9084249084249052,32.0
2.2000569900264964,-1.235316879098966,35.04605398185631,-14.481350865943934,-0.9670329670329636,32.0
2.205059953033924,-0.7783530065399461,34.936157293296105,-23.296086175648874,-0.7912087912087884,32.0
2.2100588530302048,-0.5828131509570728,34.84823994244792,-19.938091771951754,-0.6153846153846132,32.0
2.215055493055843,-0.5595226093375693,34.716363916175595,-20.777590372876034,-0.3809523809523796,32.0
2.220058412058279,-0.49687380602990144,34.5185498767672,-31.271322884429537,-0.3809523809523796,32.0
2.225057534989901,-0.2605029199205414,34.430632525919016,-32.11082148535382,-0.439560439560438,32.0
2.230056470958516,0.07885857135174067,34.232818486510624,-34.20956798766452,-0.4981684981684964,32.0
2.2350566539680585,0.29588699813139524,34.078963122526275,-35.88856518951308,-0.6153846153846132,32.0
2.240058704977855,0.1993886856087736,33.94708709625405,-28.752827081656697,-0.6739926739926716,32.0
2.245056677958928,-0.19260460673047186,33.7932317322697,-29.172576382118837,-0.6739926739926716,32.0
2.250058336998336,-0.6390945103982697,33.6833350437095,-25.814581978421717,-0.6739926739926716,32.0
2.2550579459639266,-0.8361471236899296,33.57343835514929,-19.098593171027474,-0.6739926739926716,32.0
2.2600568969501182,-0.6332436691042322,33.46354166658898,-20.777590372876034,-0.6739926739926716,32.0
2.2650579350301996,-0.1323963908111729,33.353644978028775,-22.036838274262454,-0.6739926739926716,32.0
2.270056784967892,0.4011062867639516,33.26572762718059,-19.098593171027474,-0.4981684981684964,32.0
2.2750571239739656,0.7468481614669097,33.15583093862038,-23.296086175648874,-0.2637362637362628,32.0
2.280058005009778,0.8857141375259042,33.04593425006018,-23.715835476111014,-0.0293040293040292,32.0
2.2850571379531175,0.9857021303973053,32.958016899212,-15.740598767330354,0.2637362637362628,32.0
2.2900566069874913,1.2313866215796556,32.89207888607583,-16.160348067792494,0.2637362637362628,32.0
2.295055113034323,1.641059027703492,32.848120210651786,-10.703607161784571,0.2637362637362628,32.0
2.30005798896309,2.0252001497254475,32.82614087293977,-4.407367654852471,0.3223443223443212,32.0
2.3050847130361944,2.1212627177526824,32.80416153522764,-1.8888718520796304,0.4981684981684964,32.0
2.3100569320376962,1.8075446117138756,32.82614087293977,4.407367654852471,0.7912087912087884,32.0
2.315056088962592,1.2085598934117285,32.87009954836381,7.7653620585495915,0.9084249084249052,32.0
2.3200575719820336,0.6245657927632994,32.914058223787855,8.185111359011731,0.9084249084249052,32.0
2.3250577870057896,0.32119682925224724,33.001975574636035,14.481350865943833,0.7912087912087884,32.0
2.330056215985678,0.3495043735004763,33.0679135877722,12.382604363633131,0.6153846153846132,32.0
2.335055425995961,0.53546466146972,33.133851600908365,11.543105762708851,0.4981684981684964,32.0
2.3400580279994756,0.6397881516867386,33.199789614044526,9.444359260398151,0.4981684981684964,32.0
2.3450566050596535,0.5568170651987607,33.22176895175655,8.185111359011731,0.5567765567765548,32.0
2.3500569140305743,0.3922295673695715,33.28770696489271,9.444359260398151,0.5567765567765548,32.0
2.355055114021525,0.3575193547048111,33.30968630260473,5.666615556238891,0.5567765567765548,32.0
2.3600564680527896,0.5707432636613061,33.353644978028775,7.7653620585495915,0.439560439560438,32.0
2.365056960959919,0.9288371572607024,33.39760365345292,6.506114157163171,0.3223443223443212,32.0
2.370056814979762,1.160548696080935,33.44156232887696,8.185111359011731,0.3223443223443212,32.0
2.375057080993429,1.0231258705455608,33.485521004301106,8.185111359011731,0.4981684981684964,32.0
2.3800549709703773,0.48872293347822526,33.52947967972515,10.283857861322431,0.4981684981684964,32.0
2.3850776409963146,-0.23178466342358653,33.57343835514929,9.864108560860291,0.439560439560438,32.0
2.390076484065503,-0.8265916226840315,33.639376368285355,14.481350865943833,0.2051282051282044,32.0
2.3950561749516055,-1.1204453952945703,33.727293719133534,18.678843870565235,-0.0293040293040292,32.0
2.4000556679675356,-1.1705127102085244,33.7932317322697,10.703607161784571,-0.2051282051282044,32.0
2.4050560829928145,-1.1842198261989825,33.859169745405865,13.222102964557411,-0.3809523809523796,32.0
2.410057871020399,-1.3288550960175545,33.92510775854203,13.222102964557411,-0.439560439560438,32.0
2.415056325029582,-1.5778188712631203,33.96906643396607,7.7653620585495915,-0.3809523809523796,32.0
2.4200555559946224,-1.7297200502754377,33.96906643396607,1.0493732511553502,-0.5567765567765548,32.0
2.42505753505975,-1.5814111127770594,33.94708709625405,-3.1481197534660503,-0.6153846153846132,32.0
2.430057490011677,-1.1157143839523436,33.92510775854203,-6.9258634576253115,-0.7912087912087884,32.0
2.4350576050346717,-0.5467088448690995,33.88114908311789,-8.185111359011731,-0.9084249084249052,32.0
2.4400579259963706,-0.1813025483844305,33.81521106998172,-11.123356462246711,-0.9670329670329636,32.0
2.44505559199024,-0.20182173640007298,33.7932317322697,-7.3456127580874515,-0.9084249084249052,32.0
2.4500636080047116,-0.5402158805992893,33.74927305684566,-6.9258634576253115,-0.73260073260073,32.0
2.4550603560637683,-0.9372108309039746,33.74927305684566,-1.4691225516174902,-0.7912087912087884,32.0
2.4600573419593275,-1.147058007666368,33.74927305684566,0.6296239506932101,-0.9084249084249052,32.0
2.4650578589644283,-1.1121407639216137,33.74927305684566,3.1481197534660503,-0.9670329670329636,32.0
2.4700566329993308,-0.9807099656500817,33.74927305684566,3.1481197534660503,-1.0842490842490804,32.0
2.4750919899670407,-0.9551754930700056,33.74927305684566,0.20987465023107005,-1.0842490842490804,32.0
2.480083886999637,-1.0977369399513652,33.74927305684566,-0.20987465023107005,-1.0842490842490804,32.0
2.4850615210598335,-1.2570010808107055,33.74927305684566,-1.4691225516174902,-1.025641025641022,32.0
2.490083297016099,-1.1822922610968067,33.727293719133534,1.0493732511553502,-1.0842490842490804,32.0
2.4950601529562846,-0.7297161871353097,33.74927305684566,-1.8888718520796304,-1.1428571428571388,32.0
2.500085807987489,0.013612102558201673,33.727293719133534,-2.3086211525417704,-1.1428571428571388,32.0
2.505058031063527,0.7446025930333163,33.727293719133534,0.6296239506932101,-0.9670329670329636,32.0
2.51005638204515,1.1893798486914677,33.74927305684566,1.4691225516174902,-0.6739926739926716,32.0
2.5150842430302873,1.254467454882971,33.74927305684566,5.666615556238891,-0.439560439560438,32.0
2.5200826519867405,1.0913880147269603,33.77125239455768,7.7653620585495915,-0.146520146520146,32.0
2.525088152033277,0.9528723120051742,33.81521106998172,9.444359260398151,0.0879120879120876,32.0
2.530056033981964,0.9831325821286216,33.88114908311789,11.543105762708851,0.2051282051282044,32.0
2.535081779002212,1.1154354052846396,33.94708709625405,12.802353664095271,0.3809523809523796,32.0
2.540057695005089,1.1452111286299245,34.03500444710224,19.098593171027375,0.4981684981684964,32.0
2.5450568420346826,0.9293535416987173,34.144901135662444,22.036838274262355,0.5567765567765548,32.0
2.5500615970231593,0.5297859441727153,34.25479782422265,24.975083377497334,0.73260073260073,32.0
2.5550569420447573,0.19714544199518583,34.364694512782854,16.99984666871667,0.7912087912087884,32.0
2.560055596055463,0.18556556543827318,34.496570539055185,21.617088973800215,0.7912087912087884,32.0
2.5650577070191503,0.558639414463859,34.584487889903365,17.83934526964095,0.7912087912087884,32.0
2.5700724700000137,1.130436080383703,34.67240524075155,16.58009736825453,0.8498168498168468,32.0
2.5750586959766224,1.5888798332490481,34.76032259159974,15.740598767330253,0.7912087912087884,32.0
2.5800568469567224,1.7290785316106076,34.8262606047358,19.938091771951655,0.7912087912087884,32.0
2.585056324955076,1.5723538944984212,34.89219861787196,16.99984666871667,0.8498168498168468,32.0
2.59005605999846,1.3238802488042618,35.00209530643217,18.678843870565235,0.9084249084249052,32.0
2.595055232057348,1.1828162817065073,35.11199199499237,24.555334077035194,0.7912087912087884,32.0
2.600064067984931,1.1706595350557227,35.221888683552685,26.654080579345894,0.6739926739926716,32.0
2.6050580609589815,1.1170577963863089,35.35376470982491,22.876336875186635,0.5567765567765548,32.0
2.6100554310251027,0.8144640522837602,35.50762007380926,27.073829879808237,0.439560439560438,32.0
2.6150563179980963,0.21290847111939856,35.661475437793506,30.8515735839675,0.439560439560438,32.0
2.6200553099624813,-0.5035976655452387,35.859289477202,32.9503200862782,0.5567765567765548,32.0
2.625055877957493,-1.031018427498921,36.01314484118625,35.88856518951318,0.439560439560438,32.0
2.630059886025265,-1.1587146708311433,36.21095888059464,36.72806379043746,0.3809523809523796,32.0
2.635054685990326,-0.921092816591294,36.386793582291006,37.1478130908996,0.2051282051282044,32.0
2.6400553450221196,-0.5635875532778244,36.540648946275354,27.913328480732517,0.2051282051282044,32.0
2.645079385023564,-0.3552931172677447,36.672524972547684,21.197339673338075,0.0879120879120876,32.0
2.650056665064767,-0.39530274974709273,36.738462985683746,14.061601565481693,0.146520146520146,32.0
2.655060259043239,-0.5604468274387503,36.78242166110789,9.024609959936011,0.3223443223443212,32.0
2.660065643955022,-0.6394774733334794,36.80440099881991,1.8888718520796304,0.3809523809523796,32.0
2.665088720037602,-0.5302520954535872,36.78242166110789,-5.246866255776751,0.3223443223443212,32.0
2.670058759045787,-0.3461254726377573,36.760442323395765,-4.827116955314611,0.2051282051282044,32.0
2.675058120978065,-0.3241715790371001,36.71648364797173,-6.9258634576253115,0.0293040293040292,32.0
2.680057283025235,-0.6355268929328332,36.672524972547684,-7.7653620585495915,0.0293040293040292,32.0
2.6850606539519504,-1.2236549416393252,36.62856629712354,-9.864108560860291,-0.0293040293040292,32.0
2.6900596680352464,-1.8190741713514675,36.56262828398738,-14.061601565481794,-0.146520146520146,32.0
2.6950576310046017,-2.1242367892042084,36.49669027085132,-17.419595969178914,-0.3809523809523796,32.0
2.700059555005282,-2.0185623013493603,36.40877292000313,-22.876336875186734,-0.6153846153846132,32.0
2.7050592759624124,-1.6309554153047172,36.2768968937308,-24.135584776573154,-0.9670329670329636,32.0
2.7100896909832954,-1.2214024502438052,36.14502086745858,-29.592325682580977,-1.1428571428571388,32.0
2.7150584399932995,-0.9822460646215119,35.99116550347423,-29.592325682580977,-1.2014652014651972,32.0
2.72008817398455,-0.8832734114991349,35.793351464065836,-36.72806379043736,-1.2014652014651972,32.0
2.725061731063761,-0.7414105970870147,35.595537424657444,-38.82681029274806,-1.2014652014651972,32.0
2.7300582240568474,-0.39041342485583275,35.441682060673095,-43.02430329736956,-0.9670329670329636,32.0
2.735058363992721,0.14552977401765713,35.2438680212647,-41.345306095521,-0.6739926739926716,32.0
2.740060021984391,0.6422401740973368,35.02407464414429,-42.60455399690742,-0.4981684981684964,32.0
2.7450894260546193,0.8359258970922845,34.8262606047358,-39.2465595932102,-0.146520146520146,32.0
2.7500808420591056,0.628809559560828,34.65042590303943,-43.4440525978317,0.0879120879120876,32.0
2.7550589409656823,0.18170274318234508,34.45261186363104,-38.82681029274806,0.0879120879120876,32.0
2.7600585309555754,-0.20560568819083735,34.29875649964679,-32.11082148535382,-0.0293040293040292,32.0
2.7650589749682695,-0.2939801757252561,34.12292179795042,-27.913328480732417,-0.2637362637362628,32.0
2.7700587690342218,-0.07144376935498128,33.991045771678095,-27.493579180270277,-0.6153846153846132,32.0
2.7750581359723583,0.26781468771555667,33.859169745405865,-24.135584776573154,-0.7912087912087884,32.0
2.78005949605722,0.5001840733803522,33.74927305684566,-18.678843870565334,-0.8498168498168468,32.0
2.785103906993754,0.5597375357229197,33.639376368285355,-17.839345269641054,-0.6739926739926716,32.0
2.790059447987005,0.5847149623840134,33.57343835514929,-16.160348067792494,-0.3809523809523796,32.0
2.795055908965878,0.7860708373491182,33.507500342013124,-12.802353664095271,-0.2637362637362628,32.0
2.8000634689815342,1.2488151961153782,33.46354166658898,-10.283857861322431,-0.0879120879120876,32.0
2.8050600880524144,1.8253792443956545,33.46354166658898,-2.7283704530039103,-0.0879120879120876,32.0
2.8100583100458607,2.225640578051756,33.46354166658898,6.9258634576253115,0.146520146520146,32.0
2.8150669479509816,2.220000072665485,33.485521004301106,5.246866255776751,0.3809523809523796,32.0
2.82005817303434,1.8125657517365845,33.55145901743717,14.061601565481693,0.6739926739926716,32.0
2.8250609709648415,1.2348721005172465,33.61739703057333,19.098593171027375,0.6739926739926716,32.0
2.8300623110262677,0.7781975095980882,33.727293719133534,22.876336875186635,0.4981684981684964,32.0
2.835059175034985,0.5828081159625355,33.859169745405865,30.431824283505357,0.5567765567765548,32.0
2.8400586469797418,0.5595179031800334,34.013025109390114,36.30831448997532,0.4981684981684964,32.0
2.845056177000515,0.49693755217860025,34.18885981108648,35.0490665885889,0.4981684981684964,32.0
2.8500556480139494,0.2606227106929036,34.364694512782854,34.20956798766462,0.6739926739926716,32.0
2.855055205989629,-0.07877753623989885,34.54052921447922,35.46881588905104,0.7912087912087884,32.0
2.860057897050865,-0.29590653318663335,34.69438457846357,32.9503200862782,0.8498168498168468,32.0
2.8650565480347723,-0.19950464539936738,34.870219280159944,35.0490665885889,0.5567765567765548,32.0
2.8700564940227196,0.1925872365318071,35.00209530643217,29.592325682581077,0.3223443223443212,32.0
2.875058160047047,0.6390815625234441,35.1339713327045,24.975083377497334,0.146520146520146,32.0
2.8800582400290295,0.836147197482325,35.26584735897672,22.876336875186635,0.146520146520146,32.0
2.8850577590055764,0.6331766980187605,35.37574404753693,22.456587574724495,0.2637362637362628,32.0
2.890059008030221,0.13227514172176288,35.48564073609724,23.296086175648774,0.2051282051282044,32.0
2.8950566990533844,-0.40109833958694735,35.595537424657444,23.296086175648774,0.2051282051282044,32.0
2.900056767044589,-0.7468320226426174,35.72741345092967,22.456587574724495,0.2051282051282044,32.0
2.905059095006436,-0.8857322003163677,35.83731013948987,20.357841072413795,0.0879120879120876,32.0
2.91005976498127,-0.9857816807745441,35.947206828050184,21.197339673338075,-0.0293040293040292,32.0
2.9150574590312317,-1.2314452328846435,36.05710351661039,18.259094570103095,-0.146520146520146,32.0
2.920061387005262,-1.6416129312571093,36.167000205170595,20.777590372875935,-0.146520146520146,32.0
2.925058498978615,-2.0252285920359085,36.21095888059464,9.024609959936011,-0.2051282051282044,32.0
2.9300923669943586,-2.1210928274264598,36.25491755601878,5.666615556238891,-0.3223443223443212,32.0
2.9350575499702245,-1.807483070967285,36.23293821830676,-1.0493732511553502,-0.5567765567765548,32.0
2.940057303989306,-1.2084028339629704,36.21095888059464,-5.666615556238891,-0.73260073260073,32.0
2.945061048027128,-0.6242365187748561,36.14502086745858,-12.382604363633131,-0.8498168498168468,32.0
2.9500607840018347,-0.32112243006356117,36.07908285432241,-14.901100166406074,-0.7912087912087884,32.0
2.9550622940296307,-0.34968543223173937,35.99116550347423,-15.740598767330354,-0.73260073260073,32.0
2.960058653028682,-0.5355804780414049,35.90324815262604,-14.901100166406074,-0.73260073260073,32.0
2.9650590249802917,-0.639790141129293,35.859289477202,-13.222102964557411,-0.73260073260073,32.0
2.9700594570022076,-0.5567278483637926,35.793351464065836,-11.543105762708851,-0.73260073260073,32.0
2.9750605350127444,-0.39213275512667517,35.74939278864169,-14.481350865943934,-0.7912087912087884,32.0
2.9800597899593413,-0.3576002450409255,35.68345477550563,-11.543105762708851,-0.7912087912087884,32.0
2.985059565049596,-0.5709426178346206,35.61751676236946,-9.864108560860291,-0.8498168498168468,32.0
2.990060691954568,-0.9290948663274603,35.5515787492333,-9.444359260398151,-0.73260073260073,32.0
2.9950581879820675,-1.160569016499523,35.52959941152128,-5.666615556238891,-0.7912087912087884,32.0
3.000057058990933,-1.0231274287872631,35.46366139838511,-9.024609959936011,-0.7912087912087884,32.0
3.00505985901691,-0.4880614565154362,35.41970272296108,-10.283857861322431,-0.8498168498168468,32.0
3.010060671949759,0.22939877071294365,35.35376470982491,-12.382604363633131,-0.73260073260073,32.0
3.0150572520215064,0.824837475016328,35.28782669668875,-12.802353664095271,-0.6153846153846132,32.0
3.0200858750613406,1.1213038186304156,35.221888683552685,-12.382604363633131,-0.3223443223443212,32.0
3.0250594679964706,1.1705077296782338,35.19990934584056,-6.506114157163171,-0.146520146520146,32.0
3.0300582089694217,1.1842473483474498,35.17793000812854,0.6296239506932101,0.0293040293040292,32.0
3.0350572740426287,1.3288288634974397,35.19990934584056,2.7283704530039103,0.146520146520146,32.0
3.040057845064439,1.5778922830968467,35.2438680212647,8.604860659473871,0.2051282051282044,32.0
3.045057530980557,1.7297298930493732,35.28782669668875,9.864108560860291,0.439560439560438,32.0
3.0500572150340304,1.5814319289901737,35.35376470982491,17.41959596917881,0.4981684981684964,32.0
3.055055888951756,1.115896221695377,35.41970272296108,13.222102964557411,0.6153846153846132,32.0
3.060058044968173,0.5466635446574826,35.48564073609724,16.99984666871667,0.6739926739926716,32.0
3.0650580580113456,0.1812977135932193,35.595537424657444,24.135584776573054,0.4981684981684964,32.0
3.070061341044493,0.2020652083439989,35.70543411321765,22.876336875186635,0.3809523809523796,32.0
3.075056395959109,0.5396140638903156,35.859289477202,21.197339673338075,0.3223443223443212,32.0
3.080056870006956,0.9369787310792488,35.947206828050184,24.555334077035194,0.3809523809523796,32.0
3.0850599680561572,1.1470985324156147,36.07908285432241,27.493579180270377,0.439560439560438,32.0
3.090062894974835,1.1120204343055664,36.23293821830676,28.752827081656797,0.6153846153846132,32.0
3.0950569660635665,0.9807028922573677,36.386793582291006,30.431824283505357,0.7912087912087884,32.0
3.1000561739783734,0.9546980968868185,36.540648946275354,32.9503200862782,1.025641025641022,32.0
3.10506069206167,1.0968507062643735,36.6945043102597,32.11082148535392,0.9084249084249052,32.0
3.110059284954332,1.2569637595904513,36.87033901195608,25.394832677959474,0.8498168498168468,32.0
3.1150634030345827,1.1833209031706058,36.98023570051628,29.172576382118937,0.8498168498168468,32.0
3.1200579999713227,0.7299889022923324,37.13409106450063,30.431824283505357,0.6739926739926716,32.0
3.1250571160344407,-0.009060679165079485,37.3099257661969,34.20956798766462,0.5567765567765548,32.0
3.130064641009085,-0.7454301089373702,37.57367781874145,40.08605819413458,0.2637362637362628,32.0
3.1350572099909186,-1.189420924622646,37.68357450730176,35.0490665885889,0.2051282051282044,32.0
3.1400645710527897,-1.2548212322497347,37.903367884422174,32.9503200862782,0.146520146520146,32.0
3.1450584119884297,-1.0923099215752858,38.05722324840652,36.30831448997532,0.0879120879120876,32.0
3.1500587560003623,-0.9532314237371063,38.189099274678746,24.555334077035194,0.0293040293040292,32.0
3.1550890679936856,-0.9838540226549404,38.342954638663095,22.456587574724495,-0.0293040293040292,32.0
3.16008200799115,-1.115440740335495,38.43087198951128,19.938091771951655,0.0293040293040292,32.0
3.165064989007078,-1.1450892912017607,38.496810002647344,9.864108560860291,0.0293040293040292,32.0
3.1700562910409644,-0.9293907419570488,38.54076867807149,1.4691225516174902,-0.146520146520146,32.0
3.1750573839526623,-0.5301362623626519,38.54076867807149,-2.7283704530039103,-0.146520146520146,32.0
3.180057283025235,-0.1971315327724125,38.51878934035947,-7.3456127580874515,-0.146520146520146,32.0
3.1850883279694244,-0.186833800826859,38.496810002647344,-9.444359260398151,-0.146520146520146,32.0
3.1900561350630596,-0.558476021667316,38.43087198951128,-6.086364856701031,-0.0879120879120876,32.0
3.195056391065009,-1.1286189698874178,38.40889265179916,-7.3456127580874515,-0.146520146520146,32.0
3.200055781053379,-1.588694778134329,38.36493397637512,-10.703607161784571,-0.2637362637362628,32.0
3.2050593580352142,-1.7290623812778259,38.320975300951076,-11.123356462246711,-0.5567765567765548,32.0
3.210093660047278,-1.5705323223954293,38.255037287814915,-11.123356462246711,-0.73260073260073,32.0
3.2150621090549976,-1.3236179028514015,38.16711993696673,-15.320849466868214,-1.025641025641022,32.0
3.2200582219520584,-1.1827795928282347,38.0352439106944,-19.098593171027474,-1.025641025641022,32.0
3.2250572519842535,-1.1706517320232654,37.94732655984622,-27.493579180270277,-0.9084249084249052,32.0
3.230059965979308,-1.1170001417066246,37.77149185814994,-32.11082148535382,-0.9670329670329636,32.0
3.235071551054716,-0.8129667366229298,37.63961583187762,-30.012074983043117,-1.0842490842490804,32.0
3.2400893450248986,-0.2082404477454707,37.48576046789327,-34.20956798766452,-1.1428571428571388,32.0
3.245084043010138,0.5074575128645897,37.3099257661969,-33.37006938674024,-0.9084249084249052,32.0
3.250056955963373,1.0310927126201632,37.15607040221265,-32.11082148535382,-0.5567765567765548,32.0
3.255056058987975,1.1587781534430883,37.0022150382283,-33.78981868720238,-0.3223443223443212,32.0
3.2600564929889515,0.9209669660964407,36.84835967424395,-27.493579180270277,0.0879120879120876,32.0
3.2650635939789936,0.5630628958393759,36.738462985683746,-26.234331278883857,0.3809523809523796,32.0
3.270057374960743,0.3556441454478315,36.60658695941152,-18.678843870565334,0.3809523809523796,32.0
3.275055938051082,0.3952828563918273,36.49669027085132,-20.777590372876034,0.2637362637362628,32.0
3.2800563540076837,0.5603263743910626,36.43075225771515,-16.999846668716774,0.146520146520146,32.0
3.2850562130333856,0.6395056301112615,36.36481424457899,-13.641852265019654,0.0879120879120876,32.0
3.2900570230558515,0.5314047764902057,36.29887623144282,-11.543105762708851,0.0293040293040292,32.0
3.295057879993692,0.3461509700137286,36.25491755601878,-9.024609959936011,0.0293040293040292,32.0
3.3000595909543335,0.3242105270384202,36.25491755601878,-3.1481197534660503,-0.0293040293040292,32.0
3.305056764977053,0.6354771009561359,36.25491755601878,0.20987465023107005,-0.0879120879120876,32.0
3.3100858200341463,1.2269098567981713,36.2768968937308,0.20987465023107005,-0.0293040293040292,32.0
3.315055430983193,1.818658108875002,36.29887623144282,1.8888718520796304,0.146520146520146,32.0
3.32006018597167,2.1242869564506046,36.32085556915494,4.827116955314611,0.3809523809523796,32.0
3.325059692026116,2.018554468127917,36.34283490686696,7.3456127580874515,0.73260073260073,32.0
3.3300569859566167,1.6311577597556866,36.386793582291006,10.703607161784571,0.9670329670329636,32.0
3.335055412026122,1.2237275911867163,36.452731595427174,10.283857861322431,1.0842490842490804,32.0
3.340055880951695,0.9823216650358766,36.518669608563336,15.740598767330253,1.2600732600732556,32.0
3.3450562950456515,0.8838089211642435,36.60658695941152,11.543105762708851,1.2014652014651972,32.0
3.350062433979474,0.7413780590810102,36.71648364797173,15.740598767330253,0.9670329670329636,32.0
3.3550576249836013,0.3904694038206487,36.760442323395765,14.061601565481693,0.9084249084249052,32.0
3.36005560006015,-0.14521785724713415,36.82638033653193,14.901100166405973,0.7912087912087884,32.0
3.3650569149758667,-0.6420033380736707,36.892318349668095,12.802353664095271,0.6739926739926716,32.0
3.370055290986784,-0.8360098472925507,36.93627702509214,8.604860659473871,0.5567765567765548,32.0
3.3750561070628464,-0.6306520587732489,36.95825636280426,5.246866255776751,0.2637362637362628,32.0
3.3800618989625946,-0.1814242874299094,36.98023570051628,4.407367654852471,0.0879120879120876,32.0
3.3850865199929103,0.207063995768145,36.98023570051628,-2.7283704530039103,0.0879120879120876,32.0
3.3900561470072716,0.29402892321077706,36.98023570051628,-4.407367654852471,0.0879120879120876,32.0
3.395055355038494,0.07166436095338818,36.95825636280426,-1.4691225516174902,0.2051282051282044,32.0
3.4000574520323426,-0.26777164422922956,36.93627702509214,-5.246866255776751,0.146520146520146,32.0
3.405055277980864,-0.5000674969037124,36.95825636280426,1.4691225516174902,0.0879120879120876,32.0
3.4100635210052133,-0.5596871575447381,36.93627702509214,-3.9876183543903307,-0.0879120879120876,32.0
3.4150568769546226,-0.5846725185854916,36.93627702509214,-3.1481197534660503,-0.2051282051282044,32.0
3.420056683011353,-0.7861229077851052,36.91429768738012,-3.9876183543903307,-0.2051282051282044,32.0
3.425087225972675,-1.2514862580245039,36.892318349668095,-5.246866255776751,-0.2051282051282044,32.0
3.430056586046703,-1.8250012492716077,36.84835967424395,-8.185111359011731,-0.2051282051282044,32.0
3.4350559329614043,-2.2255360243382,36.760442323395765,-16.580097368254634,-0.3223443223443212,32.0
3.440061041037552,-2.220272059240799,36.71648364797173,-15.740598767330354,-0.439560439560438,32.0
3.44505730306264,-1.812660374551799,36.5846076216995,-24.135584776573154,-0.73260073260073,32.0
3.450057737994939,-1.235233304255884,36.452731595427174,-32.9503200862781,-0.8498168498168468,32.0
3.455056897015311,-0.7785546280632379,36.2768968937308,-38.82681029274806,-1.025641025641022,32.0
3.460057980963029,-0.5828267907726733,36.10106219203443,-39.66630889367234,-1.025641025641022,32.0
3.46506097598467,-0.5595144160050468,35.83731013948987,-39.66630889367234,-0.9670329670329636,32.0
3.470061387983151,-0.4967888696756669,35.70543411321765,-40.50580749459672,-0.9670329670329636,32.0
3.4750573079800233,-0.26051733206125316,35.46366139838511,-42.18480469644528,-0.7912087912087884,32.0
3.4800567539641634,0.07887669986396269,35.28782669668875,-40.92555679505886,-0.5567765567765548,32.0
3.4850573330186307,0.2958976719656231,35.090012657280354,-39.66630889367234,-0.439560439560438,32.0
3.4900569149758667,0.19948492237463814,34.870219280159944,-38.82681029274806,-0.146520146520146,32.0
3.495060316985473,-0.19294827852356425,34.67240524075155,-40.92555679505886,0.0293040293040292,32.0
3.50005972199142,-0.6391958416741012,34.496570539055185,-36.72806379043736,-0.0879120879120876,32.0
3.5050593189662322,-0.8361474556795566,34.232818486510624,-34.20956798766452,-0.3809523809523796,32.0
3.5100576620316133,-0.6331842321648462,34.1009424602383,-37.1478130908995,-0.6739926739926716,32.0
3.5150647789705545,-0.13162300258512344,33.90312842082991,-37.56756239136164,-0.8498168498168468,32.0
3.520058457972482,0.40126102916483464,33.74927305684566,-35.46881588905094,-0.9670329670329636,32.0
3.5250218770233914,0.7452489187367933,33.59541769286131,-31.691072184891677,-0.7912087912087884,32.0
3.5300582690397277,0.8857185130525213,33.419582991164944,-33.78981868720238,-0.3809523809523796,32.0
3.5350562930107117,0.9856765537348676,33.26572762718059,-29.592325682580977,-0.0879120879120876,32.0
3.5400576239917427,1.2314565809829612,33.133851600908365,-28.752827081656697,0.146520146520146,32.0
3.545056562987156,1.6411870408498948,33.02395491234816,-21.197339673338174,0.2637362637362628,32.0
3.5500603939872235,2.025334244659499,32.93603756149997,-16.999846668716774,0.3809523809523796,32.0
3.5550631950609386,2.1217348865518737,32.87009954836381,-10.703607161784571,0.4981684981684964,32.0
3.5600588159868494,1.8073569722849039,32.848120210651786,-1.4691225516174902,0.6739926739926716,32.0
3.5650569630088285,1.2084469104189794,32.87009954836381,4.827116955314611,0.73260073260073,32.0
3.5700583150610328,0.6244953912010821,32.89207888607583,9.024609959936011,0.73260073260073,32.0
3.5750590780517086,0.3211647640369935,32.958016899212,8.185111359011731,0.6153846153846132,32.0
3.580062284017913,0.34968513379425403,33.001975574636035,11.543105762708851,0.4981684981684964,32.0
3.5850601859856397,0.535635481300133,33.04593425006018,11.123356462246711,0.439560439560438,32.0
3.5900623969500884,0.6397968087407614,33.11187226319635,7.3456127580874515,0.4981684981684964,32.0
3.595057816011831,0.5567791868271103,33.133851600908365,6.506114157163171,0.5567765567765548,32.0
3.60005997098051,0.39214783056853997,33.17781027633241,9.024609959936011,0.6153846153846132,32.0
3.6050592029932886,0.35759007805851617,33.199789614044526,7.3456127580874515,0.6153846153846132,32.0
3.6100586210377514,0.5708818451136773,33.199789614044526,1.0493732511553502,0.5567765567765548,32.0
3.6150598080130294,0.9290338167819493,33.22176895175655,2.3086211525417704,0.5567765567765548,32.0
3.6200612320099026,1.1606139634450967,33.199789614044526,1.8888718520796304,0.6153846153846132,32.0
3.6250596720492467,1.022942312188921,33.22176895175655,2.3086211525417704,0.73260073260073,32.0
3.6300576500361785,0.48836041035532296,33.199789614044526,-3.5678690539281908,0.8498168498168468,32.0
3.635059727006592,-0.22926586394157514,33.22176895175655,1.4691225516174902,0.7912087912087884,32.0
3.6400593239814043,-0.8250266868561695,33.22176895175655,3.5678690539281908,0.6153846153846132,32.0
3.645063815987669,-1.1206671195552198,33.22176895175655,-2.3086211525417704,0.3809523809523796,32.0
3.6500601209700108,-1.1705068719843812,33.199789614044526,-1.8888718520796304,0.0879120879120876,32.0
3.65506031899713,-1.1842746906979411,33.17781027633241,-7.3456127580874515,-0.146520146520146,32.0
3.6600579370278865,-1.32885799663809,33.133851600908365,-8.185111359011731,-0.3809523809523796,32.0
3.6650572230573744,-1.5778622436316723,33.0679135877722,-14.901100166406074,-0.439560439560438,32.0
3.670059468015097,-1.7297394985717107,33.001975574636035,-13.222102964557411,-0.439560439560438,32.0
3.6750579100335017,-1.58138672067818,32.93603756149997,-17.419595969178914,-0.6153846153846132,32.0
3.680056640994735,-1.1158108110842746,32.848120210651786,-17.419595969178914,-0.6153846153846132,32.0
3.6850662629585713,-0.545817639734164,32.73822352209158,-24.975083377497437,-0.6739926739926716,32.0
3.690062853973359,-0.18112226432675693,32.60634749581926,-25.394832677959577,-0.73260073260073,32.0
3.6950611720094457,-0.2020580434117209,32.45249213183491,-27.493579180270277,-0.6739926739926716,32.0
3.700061507988721,-0.5400406300812616,32.29863676785066,-29.592325682580977,-0.6153846153846132,32.0
3.7050563719822094,-0.9369455647145499,32.122802066154286,-31.271322884429537,-0.6739926739926716,32.0
3.710060092038475,-1.147100443853028,31.968946702169937,-34.20956798766452,-0.7912087912087884,32.0
3.7150603079935536,-1.1120822600659346,31.81509133818559,-32.530570785815954,-1.025641025641022,32.0
3.720059668063186,-0.9806455284809555,31.63925663648932,-30.851573583967397,-1.0842490842490804,32.0
3.7250592099735513,-0.9547381900569211,31.485401272504973,-29.592325682580977,-0.9084249084249052,32.0
3.730060577043332,-1.0968463131044572,31.331545908520624,-35.46881588905094,-0.73260073260073,32.0
3.735056304023601,-1.256913931377381,31.155711206824254,-33.37006938674024,-0.5567765567765548,32.0
3.7400586190633476,-1.1835673130206341,30.979876505127883,-35.0490665885888,-0.3809523809523796,32.0
3.7450579639989883,-0.7299934583720683,30.804041803431513,-40.92555679505886,-0.439560439560438,32.0
3.750060496968217,0.0095970069924694,30.584248426311103,-41.76505539598314,-0.6739926739926716,32.0
3.755060445982963,0.7449049855739808,30.36445504919069,-45.5427991001424,-0.8498168498168468,32.0
3.7600626200437546,1.1896890562786049,30.144661672070175,-48.90079350383952,-0.73260073260073,32.0
3.765057220007293,1.254952491539081,29.902888957237742,-40.08605819413448,-0.6153846153846132,32.0
3.7700640719849616,1.0920945861038098,29.727054255541375,-37.1478130908995,-0.3223443223443212,32.0
3.7750583570450544,0.9532363424852791,29.551219553845005,-35.0490665885888,-0.0879120879120876,32.0
3.7800901000155136,0.9838766413844515,29.419343527572675,-24.555334077035297,0.0879120879120876,32.0
3.7850590290036052,1.1149042447845365,29.30944683901247,-22.456587574724594,0.146520146520146,32.0
3.7900566030293703,1.1452293200773933,29.243508825876305,-12.802353664095271,0.2637362637362628,32.0
3.7950580379692838,0.9292727899599358,29.199550150452264,-9.444359260398151,0.3223443223443212,32.0
3.800059805973433,0.5299348648530684,29.177570812740242,-7.3456127580874515,0.3223443223443212,32.0
3.8050594240194187,0.1970442337359152,29.177570812740242,-1.0493732511553502,0.3809523809523796,32.0
3.8100571640534326,0.18562592098321412,29.15559147502812,1.0493732511553502,0.2051282051282044,32.0
3.815057822968811,0.5586514673582196,29.177570812740242,-1.4691225516174902,0.2051282051282044,32.0
3.820065136998892,1.1296075177509626,29.177570812740242,3.5678690539281908,0.2051282051282044,32.0
3.8250647040549666,1.5892608923685367,29.177570812740242,1.4691225516174902,0.3809523809523796,32.0
3.830062997993082,1.7290388298148183,29.177570812740242,-0.6296239506932101,0.439560439560438,32.0
3.8350582029670477,1.572262386968492,29.199550150452264,4.407367654852471,0.6739926739926716,32.0
3.8400586020434275,1.3237699788329422,29.199550150452264,1.0493732511553502,0.8498168498168468,32.0
3.8450638899812475,1.182710184947072,29.243508825876305,10.283857861322431,0.7912087912087884,32.0
3.85005964001175,1.1706544738834377,29.30944683901247,10.703607161784571,0.73260073260073,32.0
3.855057575972751,1.1170724681809276,29.375384852148635,16.99984666871667,0.6739926739926716,32.0
3.860057531041093,0.8142691801431985,29.463302202996818,13.641852265019553,0.6739926739926716,32.0
3.8650577530497685,0.21270575578226855,29.595178229269045,16.58009736825453,0.5567765567765548,32.0
3.8700578690040857,-0.503941699849238,29.66111624240521,21.197339673338075,0.3223443223443212,32.0
3.8750597370089963,-1.0312842631472345,29.792992268677438,21.197339673338075,0.0879120879120876,32.0
3.8800582099938765,-1.1587425004826784,29.88090961952562,20.777590372875935,-0.0293040293040292,32.0
3.88505769695621,-0.9208831055913748,29.968826970373808,15.320849466868113,-0.2051282051282044,32.0
3.890059308963828,-0.5633353788077002,30.05674432122199,14.061601565481693,-0.3223443223443212,32.0
3.8950563919497654,-0.3556599442173768,30.100702996646135,8.604860659473871,-0.2637362637362628,32.0
3.9000614549731836,-0.3954338871594773,30.144661672070175,9.444359260398151,-0.0879120879120876,32.0
3.905061673023738,-0.5604904279756474,30.166641009782197,3.1481197534660503,-0.0293040293040292,32.0
3.9100617449730635,-0.6394892034505727,30.166641009782197,-0.6296239506932101,-0.0879120879120876,32.0
3.915057842968963,-0.5313750049057201,30.144661672070175,0.20987465023107005,-0.146520146520146,32.0
3.9200574780115858,-0.3461626314667629,30.122682334358156,-2.7283704530039103,-0.2051282051282044,32.0
3.9250574440229684,-0.32415365296675436,30.122682334358156,-2.7283704530039103,-0.3223443223443212,32.0
3.930062119034119,-0.6359918571064022,30.100702996646135,-1.8888718520796304,-0.3809523809523796,32.0
3.9350566549692303,-1.2231377470722742,30.078723658934113,-3.5678690539281908,-0.439560439560438,32.0
3.9400569070130587,-1.8188030744238128,30.078723658934113,-3.9876183543903307,-0.4981684981684964,32.0
3.9450573769863695,-2.1242317953143313,30.05674432122199,-3.5678690539281908,-0.7912087912087884,32.0
3.95006113499403,-2.018471962973699,30.03476498350997,-3.1481197534660503,-1.025641025641022,32.0
3.9550580710638314,-1.6310618802310481,30.01278564579795,-9.444359260398151,-1.2600732600732556,32.0
3.9600581750273705,-1.2235398526254129,29.968826970373808,-10.703607161784571,-1.318681318681314,32.0
3.9650587929645553,-0.9822356402299467,29.88090961952562,-16.580097368254634,-1.2600732600732556,32.0
3.9700589920394123,-0.8837636890999986,29.792992268677438,-18.259094570103194,-1.0842490842490804,32.0
3.9750615790253505,-0.7414176343634552,29.68309558011723,-20.777590372876034,-0.8498168498168468,32.0
3.980058684013784,-0.39037044329771503,29.595178229269045,-14.901100166406074,-0.8498168498168468,32.0
3.9850887360516936,0.1489566120510983,29.48528154070884,-19.098593171027474,-0.73260073260073,32.0
3.9900620570406318,0.6423952324873007,29.397364189860653,-20.357841072413894,-0.5567765567765548,32.0
3.9950580729637295,0.8360037430936365,29.30944683901247,-19.938091771951754,-0.3809523809523796,32.0
4.000061469967477,0.6302531113879761,29.221529488164286,-18.678843870565334,0.0293040293040292,32.0
4.005062164040282,0.18139933507890968,29.15559147502812,-14.061601565481794,0.2051282051282044,32.0
4.0100617370335385,-0.20577324294295984,29.111632799604077,-9.864108560860291,0.2051282051282044,32.0
4.0150581860216334,-0.29399378595523323,29.045694786467916,-12.382604363633131,0.0879120879120876,32.0
4.020058438996784,-0.07146509679399932,29.001736111043872,-8.604860659473871,-0.0293040293040292,32.0
4.025058945990168,0.2678656629051517,28.935798097907707,-10.283857861322431,-0.146520146520146,32.0
4.030059962999076,0.5001969700144461,28.891839422483667,-7.7653620585495915,-0.0293040293040292,32.0
4.035057435976341,0.5596793367767198,28.8259014093475,-13.222102964557411,0.0293040293040292,32.0
4.040058473008685,0.5846988611263564,28.75996339621134,-9.444359260398151,0.0879120879120876,32.0
4.0450587989762425,0.7862652843145345,28.716004720787296,-7.7653620585495915,0.146520146520146,32.0
4.050059220986441,1.2483378874614237,28.694025383075175,-7.3456127580874515,0.2051282051282044,32.0
4.055056208977476,1.8249605443158683,28.672046045363153,0.6296239506932101,0.0879120879120876,32.0
4.06005734403152,2.225598100511505,28.65006670765113,-1.0493732511553502,0.3223443223443212,32.0
4.065058236010373,2.220401010874535,28.694025383075175,6.506114157163171,0.5567765567765548,32.0
4.070059388061054,1.8124335900237063,28.716004720787296,8.604860659473871,0.9670329670329636,32.0
4.075058609014377,1.2351359840137932,28.75996339621134,14.061601565481693,1.0842490842490804,32.0
4.080057851038873,0.778491674809995,28.8259014093475,11.543105762708851,1.1428571428571388,32.0
4.085058419033885,0.582819938301578,28.91381876019569,15.740598767330253,1.1428571428571388,32.0
4.090060682035983,0.5595148566885545,28.979756773331854,15.740598767330253,0.9670329670329636,32.0
4.095056880032644,0.49691750513935884,29.067674124179934,7.7653620585495915,0.8498168498168468,32.0
4.100058434996754,0.260445778938005,29.1336121373161,13.641852265019553,0.73260073260073,32.0
4.105060996022075,-0.0791483854598034,29.177570812740242,9.864108560860291,0.6739926739926716,32.0
4.110059080994688,-0.2959251197433637,29.199550150452264,7.3456127580874515,0.6153846153846132,32.0
4.115061627002433,-0.19923150018202332,29.243508825876305,4.827116955314611,0.439560439560438,32.0
4.120058262022212,0.19275420268652635,29.26548816358843,4.827116955314611,0.3223443223443212,32.0
4.125057940022089,0.6390654624030672,29.287467501300448,1.8888718520796304,0.2637362637362628,32.0
4.130058174952865,0.836147181278411,29.287467501300448,2.7283704530039103,0.3223443223443212,32.0
4.135059445048682,0.6330456863691554,29.287467501300448,3.1481197534660503,0.439560439560438,32.0
4.1400594130391255,0.1322293753417931,29.287467501300448,-1.4691225516174902,0.5567765567765548,32.0
4.145070899045095,-0.40241102285429925,29.287467501300448,-0.6296239506932101,0.4981684981684964,32.0
4.150057611055672,-0.7468701833792862,29.287467501300448,2.7283704530039103,0.3223443223443212,32.0
4.1550589320249856,-0.8857294996043865,29.287467501300448,1.8888718520796304,0.0879120879120876,32.0
4.160056920954958,-0.9856955613575472,29.287467501300448,0.6296239506932101,-0.0879120879120876,32.0
4.165063861059025,-1.2318857931199183,29.26548816358843,-2.7283704530039103,-0.2051282051282044,32.0
4.170063333003782,-1.641784729466737,29.221529488164286,-4.407367654852471,-0.3809523809523796,32.0
4.1750662149861455,-2.0256585138750487,29.177570812740242,-11.543105762708851,-0.3809523809523796,32.0
4.180061683990061,-2.1217677416922465,29.08965346189206,-18.259094570103194,-0.439560439560438,32.0
4.185061222058721,-1.8071172678578444,29.023715448755894,-19.518342471489614,-0.4981684981684964,32.0
4.1900581900263205,-1.2082883017940986,28.869860084771545,-29.592325682580977,-0.7912087912087884,32.0
4.195058563956991,-0.6244718115252531,28.716004720787296,-38.40706099228592,-0.7912087912087884,32.0
4.200063748052344,-0.32104897334090854,28.540170019090926,-38.40706099228592,-0.8498168498168468,32.0
4.205057629966177,-0.34954647296729036,28.364335317394556,-35.88856518951308,-0.9084249084249052,32.0
4.2100568760652095,-0.5355167085889208,28.122562602562024,-36.72806379043736,-1.025641025641022,32.0
4.215061274007894,-0.6397945987401606,27.946727900865653,-37.98731169182378,-0.9084249084249052,32.0
4.220056312973611,-0.5568262007943954,27.792872536881404,-37.98731169182378,-0.6739926739926716,32.0
4.225056373979896,-0.3922440126440654,27.595058497472913,-40.08605819413448,-0.6153846153846132,32.0
4.230056473053992,-0.3575428407629903,27.39724445806452,-40.92555679505886,-0.439560439560438,32.0
4.235056443954818,-0.5707417127127197,27.221409756368153,-34.20956798766452,-0.2051282051282044,32.0
4.2400563169503585,-0.9287926666568536,26.957657703823596,-36.72806379043736,-0.2051282051282044,32.0
4.245053541031666,-1.160500123319731,26.82578167755137,-42.18480469644528,-0.3809523809523796,32.0
4.250060006976128,-1.0229185767121223,26.60598830043096,-40.50580749459672,-0.6739926739926716,32.0
4.255061033996753,-0.48790242468993306,26.408174261022467,-40.50580749459672,-0.8498168498168468,32.0
4.260056425002404,0.2288013978659439,26.210360221614074,-42.60455399690742,-1.1428571428571388,32.0
4.265060752048157,0.8251570660253599,25.990566844493664,-44.28355119875598,-0.9084249084249052,32.0
4.270056103006937,1.1204433047505309,25.79275280508527,-37.56756239136164,-0.6153846153846132,32.0
4.27505602396559,1.1705122444078382,25.529000752540718,-38.40706099228592,-0.0293040293040292,32.0
4.280057422001846,1.1842371573968695,25.419104063980512,-37.56756239136164,0.2051282051282044,32.0
4.285058684065007,1.3288908257657963,25.22129002457202,-32.11082148535382,0.439560439560438,32.0
4.290056422003545,1.5778235549996704,25.089413998299793,-29.592325682580977,0.3809523809523796,32.0
4.295056471019052,1.7297246166571105,24.979517309739588,-22.036838274262454,0.3223443223443212,32.0
4.300057622953318,1.5814053954583378,24.913579296603423,-18.678843870565334,0.3809523809523796,32.0
4.305055389995687,1.1159528874594589,24.8915999588914,-5.246866255776751,0.3809523809523796,32.0
4.310058668954298,0.5465992952955342,24.86962062117938,3.9876183543903307,0.3223443223443212,32.0
4.3150610940065235,0.18118660492820698,24.8915999588914,3.5678690539281908,0.3223443223443212,32.0
4.320056544034742,0.20186202482946877,24.935558634315445,6.9258634576253115,0.3223443223443212,32.0
4.325058805057779,0.5398150801898614,24.979517309739588,6.506114157163171,0.2637362637362628,32.0
4.330058241961524,0.9370700869907674,25.001496647451606,7.3456127580874515,0.2637362637362628,32.0
4.3350567179732025,1.1470483678727086,25.02347598516363,0.6296239506932101,0.3809523809523796,32.0
4.340091926045716,1.1113247743680112,25.02347598516363,1.4691225516174902,0.6153846153846132,32.0
4.345059750019573,0.9806437890786723,25.04545532287575,3.5678690539281908,0.7912087912087884,32.0
4.350057565025054,0.9547164583609159,25.06743466058777,3.9876183543903307,0.8498168498168468,32.0
4.355066630989313,1.097077565281963,25.111393336011812,7.3456127580874515,0.8498168498168468,32.0
4.360060282051563,1.2569804074309876,25.133372673723937,3.5678690539281908,0.8498168498168468,32.0
4.365060138981789,1.183489065956907,25.177331349147977,10.283857861322431,0.9084249084249052,32.0
4.370062286034226,0.7294459380501535,25.243269362284142,8.604860659473871,0.9084249084249052,32.0
4.375058531994,-0.009285297372073975,25.265248699996164,11.543105762708851,0.7912087912087884,32.0
4.38005975401029,-0.7448183451768823,25.331186713132325,7.7653620585495915,0.6153846153846132,32.0
4.385061018052511,-1.1896097078089325,25.353166050844347,5.666615556238891,0.5567765567765548,32.0
4.390060871955939,-1.254887346903745,25.37514538855637,0.20987465023107005,0.2637362637362628,32.0
4.3950589740416035,-1.0922885362369508,25.353166050844347,-5.246866255776751,0.0879120879120876,32.0
4.400060639018193,-0.9532082241292452,25.309207375420204,-9.864108560860291,-0.146520146520146,32.0
4.405059618060477,-0.9832106148323895,25.287228037708182,-8.604860659473871,-0.2051282051282044,32.0
4.410059752059169,-1.1149211606292417,25.22129002457202,-11.543105762708851,-0.2637362637362628,32.0
4.415058873011731,-1.1451914897622644,25.177331349147977,-10.703607161784571,-0.3809523809523796,32.0
4.420059490017593,-0.929174729500966,25.089413998299793,-13.641852265019654,-0.4981684981684964,32.0
4.425060600042343,-0.5298688392467247,25.001496647451606,-19.098593171027474,-0.6739926739926716,32.0
4.430061136023141,-0.19697447156312373,24.913579296603423,-23.296086175648874,-0.73260073260073,32.0
4.435059261973947,-0.18570673707745924,24.803682608043218,-22.036838274262454,-0.6739926739926716,32.0
4.44005932204891,-0.5588073058744364,24.693785919483012,-24.555334077035297,-0.5567765567765548,32.0
4.445059482008219,-1.1289683791649465,24.561909893210682,-22.876336875186734,-0.5567765567765548,32.0
4.45006150205154,-1.5890578684210805,24.4739925423625,-20.357841072413894,-0.73260073260073,32.0
4.455058846040629,-1.7290656806665792,24.34211651609027,-24.555334077035297,-0.9670329670329636,32.0
4.46006000705529,-1.5721744693473934,24.21024048981794,-26.654080579345997,-1.1428571428571388,32.0
4.465060268063098,-1.3236977269101173,24.056385125833696,-26.654080579345997,-1.2600732600732556,32.0
4.470059970044531,-1.1827581664104339,23.94648843727349,-29.592325682580977,-1.0842490842490804,32.0
4.475058668060228,-1.1706533589599286,23.79263307328914,-30.431824283505257,-0.9670329670329636,32.0
4.4800605030031875,-1.116983881968169,23.63877770930479,-32.530570785815954,-0.7912087912087884,32.0
4.4850602090591565,-0.8140205899502545,23.4409636698964,-37.56756239136164,-0.5567765567765548,32.0
4.490060504060239,-0.21231711903779082,23.24314963048801,-42.18480469644528,-0.3223443223443212,32.0
4.495058718021028,0.5040558291467211,23.023356253367496,-45.5427991001424,-0.4981684981684964,32.0
4.500059421057813,1.0312625079053848,22.73762486311092,-44.28355119875598,-0.6153846153846132,32.0
4.50506122095976,1.1586924739679374,22.605748836838693,-40.08605819413448,-0.5567765567765548,32.0
4.510061934008263,0.9205879241499932,22.38595545971808,-40.08605819413448,-0.4981684981684964,32.0
4.515058640041389,0.5633779264034534,22.232100095733728,-35.46881588905094,-0.3809523809523796,32.0
4.520059598959051,0.3556084400073915,22.078244731749482,-29.172576382118837,-0.2051282051282044,32.0
4.525059959036298,0.3953929184548572,21.924389367765134,-27.073829879808137,-0.2051282051282044,32.0
4.530061576049775,0.5604874379991213,21.792513341492803,-20.777590372876034,-0.146520146520146,32.0
4.535057871020399,0.6395007334688065,21.748554666068763,-12.802353664095271,-0.0879120879120876,32.0
4.540060814004391,0.5312671045070582,21.682616652932598,-11.123356462246711,0.0879120879120876,32.0
4.545060114003718,0.346086181631306,21.638657977508558,-5.666615556238891,0.0879120879120876,32.0
4.55006090097595,0.32424526276124527,21.616678639796536,-3.5678690539281908,0.0879120879120876,32.0
4.555058080004528,0.6356035004576995,21.594699302084415,-1.8888718520796304,-0.0293040293040292,32.0
4.5600595669820905,1.2235143614880326,21.616678639796536,1.0493732511553502,-0.0879120879120876,32.0
4.565061602042988,1.8192640103537365,21.616678639796536,0.6296239506932101,0.0879120879120876,32.0
4.570064774015918,2.124376758991592,21.638657977508558,3.5678690539281908,0.3809523809523796,32.0
4.57505886501167,2.018601743619173,21.660637315220576,6.506114157163171,0.6739926739926716,32.0
4.580061060958542,1.6307976915763749,21.70459599064472,10.703607161784571,0.8498168498168468,32.0
4.585063036065549,1.2232096959286791,21.77053400378078,12.382604363633131,0.8498168498168468,32.0
4.590059899957851,0.9822029522218547,21.85845135462897,17.83934526964095,0.7912087912087884,32.0
4.595058882958256,0.8837655187897437,21.968348043189174,22.876336875186635,0.6153846153846132,32.0
4.6000616640085354,0.7414137008427502,22.078244731749482,22.456587574724495,0.439560439560438,32.0
4.605059277033433,0.390315024896371,22.188141420309687,25.394832677959474,0.3223443223443212,32.0
4.610060643055476,-0.14578696384868414,22.320017446581915,26.654080579345894,0.2637362637362628,32.0
4.615057351998985,-0.6420366581888243,22.45189347285424,29.592325682581077,0.3809523809523796,32.0
4.620059452019632,-0.8360006686392233,22.627728174550715,25.394832677959474,0.2051282051282044,32.0
4.625059472047724,-0.63040177152684,22.715645525398898,28.752827081656797,0.0879120879120876,32.0
4.630063803982921,-0.18124496788534958,22.869500889383247,23.296086175648774,0.146520146520146,32.0
4.6350590490037575,0.20563277113023118,23.001376915655474,21.617088973800215,0.2637362637362628,32.0
4.640059950994328,0.29396332678950843,23.08929426650366,18.678843870565235,0.3223443223443212,32.0
4.645059772999957,0.07137888861525776,23.199190955063866,13.641852265019553,0.6153846153846132,32.0
4.65005930303596,-0.26788813111929183,23.24314963048801,10.703607161784571,0.6153846153846132,32.0
4.655059115961194,-0.5001735741355606,23.28710830591205,8.604860659473871,0.5567765567765548,32.0
4.660060903988779,-0.5596838015369167,23.309087643624174,4.407367654852471,0.439560439560438,32.0
4.665060261031613,-0.5847283948686319,23.309087643624174,-4.407367654852471,0.3223443223443212,32.0
4.6700610449770465,-0.7864164657938982,23.26512896820003,-4.827116955314611,0.2637362637362628,32.0
4.675058671971783,-1.248276206440541,23.24314963048801,-6.506114157163171,0.0879120879120876,32.0
4.680059110978618,-1.825273791212341,23.177211617351844,-11.962855063170991,-0.0293040293040292,32.0
4.685061870026402,-2.2257969796706343,23.11127360421568,-14.481350865943934,-0.2637362637362628,32.0
4.690061565022916,-2.220247955998443,23.045335591079617,-16.999846668716774,-0.6153846153846132,32.0
4.695058176992461,-1.8125653212179134,22.93543890251941,-23.296086175648874,-1.0842490842490804,32.0
4.700060434057377,-1.2349320826285344,22.803562876247085,-31.271322884429537,-1.2600732600732556,32.0
4.705059634987265,-0.7783739848199689,22.671686849974858,-29.592325682580977,-1.2600732600732556,32.0
4.710060443961993,-0.5827882819347096,22.51783148599051,-27.073829879808137,-1.1428571428571388,32.0
4.715051301987842,-0.5595288344140297,22.341996784293933,-34.62931728812666,-1.1428571428571388,32.0
4.720058716950007,-0.49686510721211086,22.1002240694615,-40.50580749459672,-0.8498168498168468,32.0
4.7250567940063775,-0.2605499617293303,21.990327380901295,-39.2465595932102,-0.73260073260073,32.0
4.730056219967082,0.07884249323991087,21.77053400378078,-36.30831448997522,-0.4981684981684964,32.0
4.735056597972289,0.2958861176732177,21.616678639796536,-34.62931728812666,-0.3809523809523796,32.0
4.740057516959496,0.1994525621580717,21.440843938100166,-38.40706099228592,-0.0879120879120876,32.0
4.745056728017516,-0.19260933407707828,21.286988574115817,-31.691072184891677,0.0293040293040292,32.0
4.750056931981817,-0.6389916934778048,21.111153872419447,-33.37006938674024,-0.0879120879120876,32.0
4.755057048052549,-0.8361468893016571,20.9572985084351,-31.691072184891677,-0.3223443223443212,32.0
4.760058308020234,-0.6331340414986656,20.781463806738728,-33.37006938674024,-0.6739926739926716,32.0
4.765056821983308,-0.13252216381187232,20.60562910504246,-30.431824283505257,-0.8498168498168468,32.0
4.770056414999999,0.40107206393265044,20.47375307877013,-31.271322884429537,-1.0842490842490804,32.0
4.775067124050111,0.7472998575165687,20.341877052497903,-28.752827081656697,-0.8498168498168468,32.0
4.780059520038776,0.8857392431859413,20.210001026225576,-24.135584776573154,-0.5567765567765548,32.0
4.785060107009485,0.9857920411835592,20.07812499995335,-25.394832677959577,-0.2051282051282044,32.0
4.790060951025225,1.2316854996800706,19.968228311393144,-19.098593171027474,0.0293040293040292,32.0
4.795059000025503,1.6414021980015094,19.90229029825698,-17.839345269641054,0.2637362637362628,32.0
4.800059612025507,2.0252906530838612,19.858331622832836,-6.086364856701031,0.3223443223443212,32.0
4.805059951031581,2.1218053724910044,19.836352285120814,1.0493732511553502,0.4981684981684964,32.0
4.810059387004003,1.8073000911192239,19.836352285120814,1.4691225516174902,0.73260073260073,32.0
4.815057656029239,1.2083573280095876,19.880310960544957,7.7653620585495915,0.8498168498168468,32.0
4.820060978992842,0.6242430567456383,19.90229029825698,11.123356462246711,0.8498168498168468,32.0
4.8250601650215685,0.321137785611686,19.990207649105162,11.962855063170991,0.6739926739926716,32.0
4.830061490065418,0.3496614690947965,20.056145662241327,11.962855063170991,0.439560439560438,32.0
4.835058663971722,0.5355808707146226,20.12208367537739,15.320849466868113,0.2637362637362628,32.0
4.840060304035433,0.6397926813790594,20.188021688513555,14.901100166405973,0.146520146520146,32.0
4.845068912021816,0.5564318558068964,20.25395970164972,12.802353664095271,0.2051282051282044,32.0
4.850059763062745,0.39215338823563456,20.341877052497903,19.098593171027375,0.146520146520146,32.0
4.855057923006825,0.35756791993946163,20.42979440334609,17.83934526964095,0.0879120879120876,32.0
4.860060509061441,0.5710033962793727,20.539691091906295,18.678843870565235,0.2637362637362628,32.0
4.865061489050277,0.9291499143945253,20.69354645589054,25.394832677959474,0.2637362637362628,32.0
4.8700591219821945,1.1605828229238744,20.781463806738728,27.493579180270377,0.3223443223443212,32.0
4.875057150027715,1.0231209814063482,20.935319170723076,30.8515735839675,0.6153846153846132,32.0
4.880059528979473,0.48810612471187464,21.067195196995403,30.012074983043217,0.7912087912087884,32.0
4.885061496053822,-0.22951467750886076,21.19907122326763,28.333077781194657,0.9670329670329636,32.0
4.890059901052155,-0.8250793752362118,21.330947249539857,21.617088973800215,0.9670329670329636,32.0
4.895058245048858,-1.120505524425884,21.440843938100166,22.456587574724495,0.73260073260073,32.0
4.900058459956199,-1.1705090526839352,21.55074062666037,20.357841072413795,0.2051282051282044,32.0
4.905058139003813,-1.1842464421679768,21.616678639796536,16.16034806779239,0.0293040293040292,32.0
4.910058898967691,-1.3289002703317758,21.682616652932598,6.9258634576253115,-0.146520146520146,32.0
4.915058100013994,-1.577904595302219,21.682616652932598,1.8888718520796304,-0.146520146520146,32.0
4.920060670003295,-1.7297454351274755,21.660637315220576,-4.827116955314611,-0.2637362637362628,32.0
4.92506023903843,-1.5812351758615757,21.616678639796536,-13.222102964557411,-0.4981684981684964,32.0
4.930062092025764,-1.1151916538543762,21.572719964372393,-12.382604363633131,-0.5567765567765548,32.0
4.935063241049647,-0.5461286271604452,21.484802613524206,-15.740598767330354,-0.4981684981684964,32.0
4.940059809014201,-0.18123361351895415,21.396885262676022,-22.036838274262454,-0.439560439560438,32.0
4.945061336969957,-0.20206503563106576,21.286988574115817,-22.036838274262454,-0.2637362637362628,32.0
4.950060485047288,-0.5399552672895579,21.15511254784359,-24.135584776573154,-0.2637362637362628,32.0
4.955058555002324,-0.9370909296335677,21.02323652157126,-28.333077781194557,-0.3223443223443212,32.0
4.960060040000826,-1.1470996416075272,20.891360495299036,-27.073829879808137,-0.5567765567765548,32.0
4.965060155023821,-1.1120859150099514,20.737505131314684,-27.493579180270277,-0.7912087912087884,32.0
4.970060772029683,-0.9806221011150633,20.539691091906295,-28.752827081656697,-1.0842490842490804,32.0
4.97505861800164,-0.9547303670707485,20.45177374105811,-27.913328480732417,-1.1428571428571388,32.0
4.980059499968775,-1.0968051746322138,20.29791837707376,-28.752827081656697,-1.1428571428571388,32.0
4.985059270984493,-1.2569635262770509,20.166042350801533,-28.333077781194557,-0.9670329670329636,32.0
4.990063162986189,-1.1833332762219075,20.012186986817184,-29.592325682580977,-0.7912087912087884,32.0
4.995057377032936,-0.7300677983967238,19.858331622832836,-32.9503200862781,-0.73260073260073,32.0
5.000069263041951,0.010987586747348406,19.616558908000403,-38.40706099228592,-0.439560439560438,32.0
5.005061835050583,0.7450788898465388,19.462703544016055,-40.08605819413448,-0.2051282051282044,32.0
5.010061900014989,1.1896533975270012,19.22093082918352,-38.82681029274806,-0.3223443223443212,32.0
5.015059406985529,1.2549134947190903,19.089054802911292,-37.98731169182378,-0.2051282051282044,32.0
5.020060635986738,1.0922253040382088,18.891240763502903,-35.46881588905094,-0.0879120879120876,32.0
5.025061995955184,0.9531915226977075,18.759364737230573,-30.431824283505257,-0.146520146520146,32.0
5.030060846009292,0.9832373633237452,18.605509373246328,-26.234331278883857,-0.2051282051282044,32.0
5.035059452988207,1.1149141641517484,18.51759202239814,-20.777590372876034,-0.2637362637362628,32.0
5.040060295024887,1.1451677633427821,18.451654009261976,-6.9258634576253115,-0.2637362637362628,32.0
5.0450609440449625,0.9290765184228437,18.429674671549957,-2.7283704530039103,-0.2051282051282044,32.0
5.050060893991031,0.5298443982861313,18.451654009261976,2.3086211525417704,-0.146520146520146,32.0
5.05505909002386,0.1970578483080108,18.49561268468602,8.185111359011731,-0.0293040293040292,32.0
5.060059600044042,0.1857197669288393,18.539571360110163,10.703607161784571,-0.0879120879120876,32.0
5.065066106035374,0.5595127764259696,18.605509373246328,9.024609959936011,-0.146520146520146,32.0
5.070061948965304,1.1292472184919906,18.67144738638239,11.123356462246711,-0.0293040293040292,32.0
5.075057973037474,1.5888339479805025,18.73738539951855,12.382604363633131,0.3223443223443212,32.0
5.080060643027537,1.7290540860471477,18.803323412654716,9.864108560860291,0.6153846153846132,32.0
5.0850651459768414,1.571923972389537,18.891240763502903,16.99984666871667,0.7912087912087884,32.0
5.090061964001507,1.3236241916524085,18.957178776639065,17.83934526964095,0.9084249084249052,32.0
5.095059280982241,1.1827666101205414,19.06707546519927,22.456587574724495,0.9084249084249052,32.0
5.100060257012956,1.1706551809014065,19.22093082918352,27.493579180270377,0.9670329670329636,32.0
5.10506042605266,1.1169862120244518,19.330827517743828,27.493579180270377,0.9670329670329636,32.0
5.110061496030539,0.8139010925993623,19.462703544016055,27.073829879808237,1.0842490842490804,32.0
5.115059250034392,0.2124942806963396,19.616558908000403,28.333077781194657,0.9084249084249052,32.0
5.120061133056879,-0.5043804396500766,19.792393609696774,32.11082148535392,0.73260073260073,32.0
5.125060369959101,-1.0313278407009376,19.990207649105162,31.27132288442964,0.4981684981684964,32.0
5.1300608209567145,-1.1586991279701153,20.07812499995335,26.654080579345894,0.2051282051282044,32.0
5.1350585100008175,-0.9208264702195051,20.210001026225576,21.617088973800215,-0.2051282051282044,32.0
5.140058984048665,-0.5633560450466838,20.29791837707376,18.678843870565235,-0.2637362637362628,32.0
5.145059613045305,-0.35560821402704174,20.385835727921947,14.901100166405973,-0.3223443223443212,32.0
5.150076125981286,-0.3958363092314228,20.45177374105811,12.802353664095271,-0.3809523809523796,32.0
5.155061583966017,-0.5604876820801808,20.517711754194274,11.543105762708851,-0.3223443223443212,32.0
5.160059240064584,-0.6394966730049516,20.561670429618314,12.382604363633131,-0.2637362637362628,32.0
5.165059244958684,-0.5313240921628394,20.62760844275448,10.283857861322431,-0.2637362637362628,32.0
5.170057922019623,-0.34614975090980954,20.6495877804665,6.506114157163171,-0.2637362637362628,32.0
5.175061256974004,-0.3242547063916751,20.671567118178523,1.8888718520796304,-0.2051282051282044,32.0
5.180062007973902,-0.6359811759761196,20.69354645589054,3.9876183543903307,-0.2051282051282044,32.0
5.185062207048759,-1.223855807852915,20.715525793602666,4.407367654852471,-0.2051282051282044,32.0
5.190060770954005,-1.8191824376598507,20.715525793602666,1.0493732511553502,-0.3223443223443212,32.0
5.195069518056698,-2.124469230494552,20.69354645589054,-0.20987465023107005,-0.6153846153846132,32.0
5.2000671379501,-2.018128466699779,20.671567118178523,-7.3456127580874515,-0.7912087912087884,32.0
5.205049660988152,-1.631804974480824,20.6495877804665,-4.827116955314611,-1.025641025641022,32.0
5.210066235042177,-1.2229925206943595,20.60562910504246,-7.3456127580874515,-1.2014652014651972,32.0
5.215061521041207,-0.982155097817916,20.561670429618314,-10.703607161784571,-1.2014652014651972,32.0
5.220057902974077,-0.8837819557306712,20.47375307877013,-13.222102964557411,-1.2600732600732556,32.0
5.225060219061561,-0.741480572557445,20.407815065633965,-16.580097368254634,-1.318681318681314,32.0
5.23005907703191,-0.3903337155999459,20.29791837707376,-17.419595969178914,-1.0842490842490804,32.0
5.235064940992743,0.14627196137538953,20.210001026225576,-17.419595969178914,-0.8498168498168468,32.0
5.240060601034202,0.6422842993894132,20.14406301308941,-15.740598767330354,-0.6739926739926716,32.0
5.245056267012842,0.8360077206110479,20.07812499995335,-12.802353664095271,-0.439560439560438,32.0
5.250055770971812,0.6306770507964337,20.012186986817184,-13.222102964557411,-0.0879120879120876,32.0
5.255090462975204,0.17873660167611657,19.94624897368102,-9.864108560860291,0.0879120879120876,32.0
5.26005654304754,-0.2055017308507629,19.924269635969,-8.185111359011731,0.0293040293040292,32.0
5.265056021977216,-0.29403107600106543,19.90229029825698,-6.506114157163171,-0.0293040293040292,32.0
5.270055535016581,-0.07165273325705837,19.880310960544957,-4.407367654852471,-0.2637362637362628,32.0
5.275057767052203,0.26779147015927424,19.880310960544957,-3.9876183543903307,-0.2051282051282044,32.0
5.280067073064856,0.5003931385451015,19.858331622832836,-5.666615556238891,-0.2051282051282044,32.0
5.2850584799889475,0.559680682947668,19.858331622832836,-3.9876183543903307,-0.0293040293040292,32.0
5.290057623991743,0.5846848458891102,19.858331622832836,0.20987465023107005,0.0879120879120876,32.0
5.295058400020935,0.7862384360211571,19.858331622832836,1.8888718520796304,0.146520146520146,32.0
5.3000860549509525,1.2513545294193658,19.880310960544957,-1.0493732511553502,0.2051282051282044,32.0
5.305091044981964,1.8287167334501744,19.880310960544957,1.4691225516174902,0.3809523809523796,32.0
5.310060734977014,2.2257471367516115,19.90229029825698,6.506114157163171,0.6153846153846132,32.0
5.315058015054092,2.220411162923197,19.924269635969,6.086364856701031,0.7912087912087884,32.0
5.320056332973763,1.8127658804109716,19.990207649105162,9.864108560860291,0.9670329670329636,32.0
5.325058716000058,1.235124030633423,20.034166324529206,14.061601565481693,1.025641025641022,32.0
5.33005586406216,0.778622801249021,20.12208367537739,20.777590372875935,0.9084249084249052,32.0
5.33506098203361,0.5827798751513976,20.231980363937595,20.357841072413795,0.5567765567765548,32.0
5.34005982906092,0.5595161345404399,20.363856390209925,27.493579180270377,0.3809523809523796,32.0
5.345064528984949,0.4966991475947101,20.539691091906295,28.333077781194657,0.3223443223443212,32.0
5.3500599700491875,0.260348310434053,20.6495877804665,33.37006938674034,0.3809523809523796,32.0
5.355062774964608,-0.07926229217215063,20.847401819874893,35.88856518951318,0.4981684981684964,32.0
5.360055934987031,-0.29587568994898994,21.00125718385924,34.62931728812676,0.4981684981684964,32.0
5.365057648974471,-0.19944546495092277,21.15511254784359,29.172576382118937,0.4981684981684964,32.0
5.370058211963624,0.19274947515541954,21.308967911827835,27.073829879808237,0.5567765567765548,32.0
5.375057957950048,0.6390667742838211,21.418864600388044,27.913328480732517,0.5567765567765548,32.0
5.3800603890558705,0.8361476922768142,21.52876128894835,22.876336875186635,0.439560439560438,32.0
5.3850820360239595,0.6312868588530918,21.638657977508558,21.197339673338075,0.4981684981684964,32.0
5.390056194039062,0.13259312015426725,21.748554666068763,24.135584776573054,0.6153846153846132,32.0
5.395066105062142,-0.4019680417304519,21.836472016916947,19.518342471489515,0.4981684981684964,32.0
5.400056296028197,-0.7468107235394511,21.946368705477152,16.58009736825453,0.2637362637362628,32.0
5.405055382056162,-0.8856706636014955,22.03428605632534,13.641852265019553,-0.0293040293040292,32.0
5.410059518995695,-0.9857742300692864,22.1002240694615,13.222102964557411,-0.146520146520146,32.0
5.415061270003207,-1.23170745143985,22.166162082597666,8.604860659473871,-0.2051282051282044,32.0
5.420049653970636,-1.6405770447606076,22.188141420309687,6.506114157163171,-0.3223443223443212,32.0
5.425059824017808,-2.025302471623238,22.188141420309687,-2.3086211525417704,-0.3809523809523796,32.0
5.43005719804205,-2.1218650457570836,22.166162082597666,-6.506114157163171,-0.4981684981684964,32.0
5.435049260035157,-1.8083082940064719,22.122203407173522,-11.543105762708851,-0.8498168498168468,32.0
5.440059914952144,-1.2080653336752465,22.03428605632534,-16.160348067792494,-0.9670329670329636,32.0
5.445058709010482,-0.6244580699246954,21.968348043189174,-15.740598767330354,-0.9084249084249052,32.0
5.450080508016981,-0.3206359491895636,21.85845135462897,-20.777590372876034,-0.7912087912087884,32.0
5.455055961036123,-0.3494967840951108,21.77053400378078,-21.197339673338174,-0.6739926739926716,32.0
5.460055678966455,-0.5354737418737199,21.682616652932598,-19.098593171027474,-0.439560439560438,32.0
5.465056121000089,-0.6397843233847494,21.572719964372393,-17.839345269641054,-0.3809523809523796,32.0
5.470059565966949,-0.5567244390474837,21.462823275812188,-20.777590372876034,-0.3223443223443212,32.0
5.475058624055237,-0.39218383830082615,21.352926587251982,-22.876336875186734,-0.2051282051282044,32.0
5.480056941974908,-0.3575509490038267,21.243029898691674,-24.135584776573154,-0.2637362637362628,32.0
5.485054905060679,-0.5706426770198715,21.111153872419447,-25.814581978421717,-0.3809523809523796,32.0
5.490055814967491,-0.9287579863094502,20.935319170723076,-29.172576382118837,-0.3809523809523796,32.0
5.495068529970013,-1.1607211347806847,20.82542248216287,-30.012074983043117,-0.5567765567765548,32.0
5.500061859027483,-1.022787292206697,20.671567118178523,-28.333077781194557,-0.9084249084249052,32.0
5.50505764700938,-0.4883608199635045,20.561670429618314,-26.654080579345997,-1.025641025641022,32.0
5.510061342967674,0.22949314685536368,20.42979440334609,-29.172576382118837,-1.1428571428571388,32.0
5.515057974960655,0.8249035002641537,20.29791837707376,-24.135584776573154,-1.025641025641022,32.0
5.520063542993739,1.1206592083897626,20.166042350801533,-25.814581978421717,-0.5567765567765548,32.0
5.525057055987418,1.1705108931488497,20.012186986817184,-23.715835476111014,-0.146520146520146,32.0
5.530084294034168,1.1845872344480983,19.94624897368102,-19.938091771951754,0.146520146520146,32.0
5.535056033055298,1.328774337298162,19.858331622832836,-18.678843870565334,0.3223443223443212,32.0
5.540063829044811,1.5781811992164758,19.814372947408792,-9.864108560860291,0.3809523809523796,32.0
5.545060181990266,1.7297430270698437,19.77041427198465,-4.827116955314611,0.439560439560438,32.0
5.550060029956512,1.581248783509628,19.792393609696774,1.8888718520796304,0.4981684981684964,32.0
5.555060007958673,1.1154283890347014,19.814372947408792,5.246866255776751,0.6153846153846132,32.0
5.560059378040023,0.5465262876355342,19.858331622832836,10.703607161784571,0.7912087912087884,32.0
5.565061583998613,0.18116868677647663,19.880310960544957,10.703607161784571,0.73260073260073,32.0
5.5700582639547065,0.20193483882673563,19.924269635969,8.604860659473871,0.5567765567765548,32.0
5.575060304952785,0.5399402389492436,19.968228311393144,7.7653620585495915,0.3223443223443212,32.0
5.58005972194951,0.9371686193312041,20.012186986817184,10.283857861322431,0.2637362637362628,32.0
5.585062348982319,1.1471352107940285,20.034166324529206,3.9876183543903307,0.3223443223443212,32.0
5.590056819957681,1.1121655769723677,20.10010433766537,13.222102964557411,0.4981684981684964,32.0
5.595058865030296,0.9806625733458871,20.12208367537739,8.604860659473871,0.5567765567765548,32.0
5.600056421011686,0.954701356602975,20.166042350801533,10.283857861322431,0.5567765567765548,32.0
5.60505632602144,1.0966839543822424,20.231980363937595,11.962855063170991,0.4981684981684964,32.0
5.610056126955897,1.2569109688552942,20.29791837707376,14.061601565481693,0.3809523809523796,32.0
5.615060786018148,1.183455744523875,20.385835727921947,16.58009736825453,0.3809523809523796,32.0
5.620056055020541,0.7302352176777389,20.495732416482152,23.296086175648774,0.439560439560438,32.0
5.625090779969469,-0.014400793180803298,20.62760844275448,28.752827081656797,0.5567765567765548,32.0
5.6300555219640955,-0.7442883310680736,20.781463806738728,32.53057078581606,0.4981684981684964,32.0
5.635088486014865,-1.1909645209831294,21.00125718385924,30.012074983043217,0.5567765567765548,32.0
5.640064954990521,-1.254814362627199,21.111153872419447,28.333077781194657,0.3809523809523796,32.0
5.64506336406339,-1.092121516719714,21.243029898691674,22.456587574724495,0.3223443223443212,32.0
5.6500607640482485,-0.9532066846535557,21.330947249539857,15.320849466868113,0.146520146520146,32.0
5.65505724796094,-0.9831590063331054,21.374905924964,6.9258634576253115,0.0879120879120876,32.0
5.660055898013525,-1.1148309696674235,21.396885262676022,2.3086211525417704,0.0879120879120876,32.0
5.665063946973532,-1.1451067317392312,21.374905924964,-2.7283704530039103,0.0879120879120876,32.0
5.670056581031531,-0.9293711635914848,21.308967911827835,-12.382604363633131,-0.146520146520146,32.0
5.675082204048522,-0.5280731389286105,21.265009236403795,-12.382604363633131,-0.146520146520146,32.0
5.68005640397314,-0.1971673941390954,21.177091885555612,-17.419595969178914,-0.2637362637362628,32.0
5.685058000963181,-0.1856581518150557,21.089174534707425,-20.357841072413894,-0.2637362637362628,32.0
5.690056720050052,-0.5585368241797345,21.00125718385924,-22.876336875186734,-0.3223443223443212,32.0
5.695066062966362,-1.1297121579046416,20.891360495299036,-18.259094570103194,-0.3223443223443212,32.0
5.700064303004183,-1.5892354713040375,20.80344314445085,-18.259094570103194,-0.6153846153846132,32.0
5.7050592340528965,-1.7290631805451309,20.69354645589054,-16.160348067792494,-0.9084249084249052,32.0
5.710066047962755,-1.571879995169077,20.60562910504246,-20.357841072413894,-1.0842490842490804,32.0
5.715060770045966,-1.3236759596290866,20.495732416482152,-24.135584776573154,-1.3772893772893724,32.0
5.720056305057369,-1.182803108917044,20.363856390209925,-19.938091771951754,-1.4945054945054892,32.0
5.725082229007967,-1.1706799786252187,20.275939039361738,-24.135584776573154,-1.318681318681314,32.0
5.730057350010611,-1.1170793031353643,20.12208367537739,-32.530570785815954,-0.9670329670329636,32.0
5.7350569140398875,-0.8143264409763356,19.990207649105162,-30.431824283505257,-0.8498168498168468,32.0
5.740056429058313,-0.21289278313009016,19.836352285120814,-34.62931728812666,-0.6739926739926716,32.0
5.745055960025638,0.5036850641251308,19.660517583424443,-33.37006938674024,-0.439560439560438,32.0
5.750058006029576,1.0311650535516832,19.484682881728073,-34.20956798766452,-0.0293040293040292,32.0
5.755057850037701,1.1587484717283285,19.308848180031703,-35.0490665885888,-0.0879120879120876,32.0
5.76005973899737,0.920740854207876,19.154992816047457,-29.592325682580977,0.0293040293040292,32.0
5.7650571160484105,0.563474872846974,19.023116789775127,-25.394832677959577,0.0293040293040292,32.0
5.770055940025486,0.3556672109378185,18.84728208807876,-22.876336875186734,-0.0879120879120876,32.0
5.775056477985345,0.39529763040223936,18.781344074942695,-21.197339673338174,-0.2637362637362628,32.0
5.780055882059969,0.5603118129161229,18.69342672409451,-14.901100166406074,-0.3223443223443212,32.0
5.785055845044553,0.6395067138270978,18.627488710958346,-10.703607161784571,-0.3809523809523796,32.0
5.7900593699887395,0.5313195514006699,18.583530035534203,-4.407367654852471,-0.3809523809523796,32.0
5.795049438951537,0.34639607365047026,18.583530035534203,-1.8888718520796304,-0.3223443223443212,32.0
5.8000564080430195,0.3241262323428266,18.605509373246328,6.9258634576253115,-0.2637362637362628,32.0
5.805057710967958,0.6355680268592608,18.627488710958346,4.827116955314611,-0.2051282051282044,32.0
5.81005637801718,1.223101928692275,18.67144738638239,6.506114157163171,-0.146520146520146,32.0
5.815013254992664,1.8145046057282017,18.69342672409451,5.246866255776751,0.146520146520146,32.0
5.820058012963273,2.1242442962392616,18.73738539951855,9.864108560860291,0.439560439560438,32.0
5.8250597099540755,2.0185534432040777,18.803323412654716,11.543105762708851,0.7912087912087884,32.0
5.830057617044076,1.6311019972595322,18.86926142579088,15.320849466868113,0.9670329670329636,32.0
5.835057036951184,1.223617174986745,18.957178776639065,23.296086175648774,1.0842490842490804,32.0
5.8400625239592046,0.9821254999845465,19.133013478335336,20.777590372875935,1.025641025641022,32.0
5.845058670034632,0.8837690902345634,19.22093082918352,22.876336875186635,1.025641025641022,32.0
5.850057687028311,0.741597708625592,19.374786193167868,28.333077781194657,1.0842490842490804,32.0
5.855060340021737,0.39021568019007175,19.528641557152216,32.11082148535392,1.025641025641022,32.0
5.860056292032823,-0.1452959491257069,19.682496921136465,32.11082148535392,0.73260073260073,32.0
5.865056926035322,-0.6420041813137767,19.836352285120814,26.654080579345894,0.5567765567765548,32.0
5.870056104031391,-0.836008076855278,20.034166324529206,25.394832677959474,0.2051282051282044,32.0
5.87505815399345,-0.6304998221432401,20.12208367537739,24.555334077035194,-0.0293040293040292,32.0
5.880058623966761,-0.18173258578820542,20.231980363937595,16.58009736825453,-0.2051282051282044,32.0
5.885056918952614,0.20552139262612207,20.29791837707376,15.320849466868113,-0.146520146520146,32.0
5.890060245059431,0.2939582479390594,20.385835727921947,15.740598767330253,-0.0879120879120876,32.0
5.895057867979631,0.07150199542029254,20.47375307877013,19.518342471489515,-0.0293040293040292,32.0
5.900056113023311,-0.2676873676367208,20.583649767330336,19.098593171027375,0.0879120879120876,32.0
5.905057874973863,-0.5001392870966627,20.69354645589054,20.777590372875935,0.146520146520146,32.0
5.910074340063147,-0.5597009121999791,20.759484469026706,17.83934526964095,0.0879120879120876,32.0
5.915062544052489,-0.5847661397877937,20.86938115758691,17.41959596917881,0.0293040293040292,32.0
5.920061449985951,-0.7864437335686494,20.935319170723076,12.382604363633131,0.0293040293040292,32.0
5.925061631016433,-1.2486086692706724,21.00125718385924,11.123356462246711,0.0879120879120876,32.0
5.930063343024813,-1.8257304953668827,21.00125718385924,5.246866255776751,0.0879120879120876,32.0
5.935062675969675,-2.2258323573289003,21.00125718385924,-2.3086211525417704,-0.0879120879120876,32.0
5.940062985057011,-2.220182611257802,20.9572985084351,-4.407367654852471,-0.5567765567765548,32.0
5.9450601149583235,-1.81235451852782,20.891360495299036,-12.382604363633131,-0.7912087912087884,32.0
5.950063409050927,-1.2345997425252129,20.781463806738728,-23.296086175648874,-1.1428571428571388,32.0
5.955061165965162,-0.7782730123850077,20.715525793602666,-22.456587574724594,-1.2014652014651972,32.0
5.960064728045836,-0.5827214067280858,20.583649767330336,-19.938091771951754,-1.1428571428571388,32.0
5.965060807997361,-0.5595146678689455,20.47375307877013,-22.876336875186734,-1.1428571428571388,32.0
5.9700605580583215,-0.49681256357615433,20.363856390209925,-24.135584776573154,-1.0842490842490804,32.0
5.97506385401357,-0.2601016477313485,20.275939039361738,-16.999846668716774,-0.9670329670329636,32.0
5.980058624991216,0.07899654225603954,20.14406301308941,-22.456587574724594,-0.73260073260073,32.0
5.985060040024109,0.2959401617200465,20.034166324529206,-24.135584776573154,-0.5567765567765548,32.0
5.9900601899717,0.19930881635630462,19.924269635969,-23.296086175648874,-0.3809523809523796,32.0
5.995050668949261,-0.19203718210646212,19.814372947408792,-21.617088973800314,-0.146520146520146,32.0
6.000058143981732,-0.6390803869763221,19.72645559656061,-19.098593171027474,-0.0293040293040292,32.0
6.005062166019343,-0.8361480423026959,19.638538245712425,-16.580097368254634,-0.0293040293040292,32.0
6.010059620020911,-0.6330320883569681,19.550620894864238,-14.901100166406074,-0.2051282051282044,32.0
6.015060279052705,-0.13213151438218262,19.484682881728073,-16.580097368254634,-0.2637362637362628,32.0
6.020058720023371,0.4012852651246792,19.39676553087989,-14.901100166406074,-0.2637362637362628,32.0
6.025058986968361,0.7469323795662023,19.308848180031703,-17.839345269641054,-0.2637362637362628,32.0
6.030062571982853,0.8857898059610058,19.22093082918352,-16.160348067792494,-0.2051282051282044,32.0
6.035060590016656,0.98580667328619,19.133013478335336,-16.160348067792494,-0.0879120879120876,32.0
6.040061503998004,1.2317235552134038,19.06707546519927,-13.641852265019654,0.0879120879120876,32.0
6.045058085001074,1.6413214143916706,19.023116789775127,-8.604860659473871,0.146520146520146,32.0
6.0500591630116105,2.025265618844833,19.00113745206311,-5.246866255776751,0.2051282051282044,32.0
6.055059327045456,2.1218189094325317,18.979158114351087,3.1481197534660503,0.3809523809523796,32.0
6.060060632997192,1.8071759594326897,19.023116789775127,4.827116955314611,0.6739926739926716,32.0
6.065058107953519,1.2082989107799973,19.06707546519927,9.024609959936011,0.8498168498168468,32.0
6.07005823997315,0.6245025049538871,19.111034140623314,10.703607161784571,0.9084249084249052,32.0
6.075060531962663,0.32112868195255895,19.17697215375948,15.320849466868113,0.8498168498168468,32.0
6.080061907065101,0.3496738977532456,19.264889504607662,16.58009736825453,0.6739926739926716,32.0
6.085059775970876,0.5356207706370978,19.35280685545585,18.678843870565235,0.6739926739926716,32.0
6.090059395995922,0.6397908793757273,19.440724206304033,16.16034806779239,0.5567765567765548,32.0
6.095062552951276,0.5566309646093759,19.506662219440198,12.802353664095271,0.6739926739926716,32.0
6.100058190990239,0.3921954176874332,19.57260023257626,13.222102964557411,0.6153846153846132,32.0
6.1050590389641,0.35758723753072913,19.638538245712425,9.864108560860291,0.5567765567765548,32.0
6.110067612025887,0.5714608908208637,19.704476258848587,10.703607161784571,0.5567765567765548,32.0
6.115058818017133,0.9289654377902898,19.74843493427263,8.604860659473871,0.4981684981684964,32.0
6.120059082983062,1.160582246708881,19.792393609696774,6.9258634576253115,0.5567765567765548,32.0
6.125060496968217,1.0228838487371155,19.814372947408792,5.666615556238891,0.6739926739926716,32.0
6.1300588849699125,0.4881932843869551,19.858331622832836,6.9258634576253115,0.7912087912087884,32.0
6.135059733991511,-0.22926684639178413,19.880310960544957,9.444359260398151,0.7912087912087884,32.0
6.140069197979756,-0.8259276224905892,19.924269635969,5.246866255776751,0.6739926739926716,32.0
6.14505771396216,-1.1204901024529843,19.94624897368102,4.827116955314611,0.3809523809523796,32.0
6.150060674059205,-1.1705061450626533,19.94624897368102,0.20987465023107005,0.0293040293040292,32.0
6.155067848972976,-1.184372483013204,19.94624897368102,-7.3456127580874515,-0.146520146520146,32.0
6.1600611549802125,-1.328999431296242,19.924269635969,-4.827116955314611,-0.3223443223443212,32.0
6.165059018065222,-1.5779489283979153,19.880310960544957,-6.506114157163171,-0.3809523809523796,32.0
6.170059225987643,-1.7297383009915657,19.814372947408792,-10.283857861322431,-0.4981684981684964,32.0
6.175059620058164,-1.5812754591440694,19.72645559656061,-18.259094570103194,-0.5567765567765548,32.0
6.180060487007722,-1.115373974193705,19.638538245712425,-16.580097368254634,-0.6153846153846132,32.0
6.185059329029173,-0.5465313336668337,19.506662219440198,-19.098593171027474,-0.4981684981684964,32.0
6.190059295971878,-0.1812523895855859,19.374786193167868,-27.913328480732417,-0.5567765567765548,32.0
6.19505979702808,-0.20199977592731982,19.24291016689564,-28.333077781194557,-0.5567765567765548,32.0
6.20006049296353,-0.5399559278776921,19.133013478335336,-27.493579180270277,-0.4981684981684964,32.0
6.205059224041179,-0.9371354723703328,18.979158114351087,-32.530570785815954,-0.5567765567765548,32.0
6.210027053952217,-1.1465853447564827,18.649468048670368,-29.592325682580977,-0.7912087912087884,32.0
6.21506048203446,-1.1120781015476615,18.583530035534203,-31.271322884429537,-0.9670329670329636,32.0
6.2200604770332575,-0.9806283606922308,18.473633346973998,-30.851573583967397,-1.0842490842490804,32.0
6.225070683052763,-0.9548903287032444,18.31977798298975,-31.691072184891677,-1.025641025641022,32.0
6.2300734570017084,-1.0973383575813107,18.1659226190054,-25.814581978421717,-0.8498168498168468,32.0
6.235063089057803,-1.257027222100654,18.056025930445195,-31.271322884429537,-0.8498168498168468,32.0
6.240062498021871,-1.183367546286421,17.902170566460846,-34.62931728812666,-0.6739926739926716,32.0
6.245059140026569,-0.7298445003337668,17.748315202476498,-36.30831448997522,-0.4981684981684964,32.0
6.250057423021644,0.009109377557254937,17.550501163068105,-40.92555679505886,-0.3809523809523796,32.0
6.255058940965682,0.7447165380619278,17.28674911052355,-42.18480469644528,-0.4981684981684964,32.0
6.260056258994155,1.1893737429622426,17.132893746539303,-42.18480469644528,-0.4981684981684964,32.0
6.265056247008033,1.2549698268562872,16.91310036941879,-39.66630889367234,-0.4981684981684964,32.0
6.2700602520490065,1.0922399114256098,16.759245005434543,-36.72806379043736,-0.3809523809523796,32.0
6.275060010026209,0.9532159706037432,16.605389641450195,-32.11082148535382,-0.3223443223443212,32.0
6.280059203971177,0.98320159625491,16.451534277465843,-26.654080579345997,-0.146520146520146,32.0
6.285056416993029,1.1148431183315162,16.341637588905638,-19.098593171027474,-0.0293040293040292,32.0
6.290057608042844,1.1452125778163662,16.275699575769472,-11.962855063170991,-0.0879120879120876,32.0
6.295058834017254,0.929219032944058,16.275699575769472,-2.3086211525417704,-0.0293040293040292,32.0
6.30005679000169,0.5301856533219506,16.275699575769472,3.1481197534660503,-0.0293040293040292,32.0
6.305056098033674,0.19717987755174857,16.31965825119362,6.506114157163171,0.0879120879120876,32.0
6.310061272000894,0.1857842346630538,16.36361692661766,5.666615556238891,-0.0293040293040292,32.0
6.3150633099721745,0.5592219658790962,16.407575602041803,10.283857861322431,-0.0879120879120876,32.0
6.320061217062175,1.1291644947622703,16.451534277465843,8.185111359011731,-0.0293040293040292,32.0
6.325061865965836,1.5890809495685467,16.517472290602008,9.864108560860291,0.146520146520146,32.0
6.330059780972078,1.7290596533105838,16.56143096602605,9.444359260398151,0.3223443223443212,32.0
6.335062041995116,1.572075287574523,16.605389641450195,12.802353664095271,0.439560439560438,32.0
6.340059985988773,1.3237099589355914,16.69330699229838,16.99984666871667,0.73260073260073,32.0
6.345061696018092,1.1827370287317296,16.803203680858584,21.197339673338075,0.7912087912087884,32.0
6.350061606965028,1.1706567257888758,16.91310036941879,25.814581978421614,0.8498168498168468,32.0
6.355056999949738,1.1170898907921842,17.04497639569112,29.592325682581077,0.7912087912087884,32.0
6.3600581280188635,0.8142137729400174,17.22081109738749,34.62931728812676,0.8498168498168468,32.0
6.365056051989086,0.2129460463955761,17.374666461371735,37.1478130908996,0.9670329670329636,32.0
6.370059043983929,-0.5040996452667943,17.572480500780127,35.88856518951318,1.025641025641022,32.0
6.375064925989136,-1.0316413160129259,17.748315202476498,36.30831448997532,0.73260073260073,32.0
6.380093335057609,-1.1581502277983535,17.902170566460846,31.69107218489178,0.3223443223443212,32.0
6.385057255974971,-0.9209138222862123,18.078005268157217,19.518342471489515,-0.0879120879120876,32.0
6.39009075704962,-0.5613384462267943,18.14394328129338,22.456587574724495,-0.2637362637362628,32.0
6.395056211040355,-0.35566285288889204,18.253839969853587,17.83934526964095,-0.3809523809523796,32.0
6.400055870064534,-0.3952809962130059,18.31977798298975,12.382604363633131,-0.3809523809523796,32.0
6.4050556239672005,-0.5603038493591513,18.385715996125814,12.802353664095271,-0.3223443223443212,32.0
6.410055782995187,-0.6395068964499827,18.429674671549957,12.802353664095271,-0.2637362637362628,32.0
6.415058895014226,-0.5313368009261209,18.473633346973998,9.444359260398151,-0.2637362637362628,32.0
6.420057101058774,-0.3461735678190097,18.51759202239814,9.444359260398151,-0.3809523809523796,32.0
6.4250579020008445,-0.32416577971231336,18.539571360110163,4.407367654852471,-0.3223443223443212,32.0
6.430055784061551,-0.6353828293937834,18.583530035534203,8.604860659473871,-0.2637362637362628,32.0
6.435014119022526,-1.2176369695656626,18.605509373246328,2.7283704530039103,-0.3223443223443212,32.0
6.440057632979006,-1.8188743640231615,18.627488710958346,1.0493732511553502,-0.3223443223443212,32.0
6.445059641031548,-2.1242762659619507,18.605509373246328,-2.7283704530039103,-0.439560439560438,32.0
6.450056859059259,-2.018716378531671,18.583530035534203,-1.4691225516174902,-0.8498168498168468,32.0
6.455058063962497,-1.6310625077033527,18.56155069782218,-5.666615556238891,-1.0842490842490804,32.0
6.460057326010428,-1.2235975350166455,18.51759202239814,-11.123356462246711,-1.318681318681314,32.0
6.465056978981011,-0.9822892214600661,18.473633346973998,-8.604860659473871,-1.2600732600732556,32.0
6.470055744983256,-0.8838181447891943,18.385715996125814,-13.641852265019654,-1.1428571428571388,32.0
6.475056485040113,-0.7416532942434308,18.34175732070177,-15.740598767330354,-0.9670329670329636,32.0
6.48005486803595,-0.39072698250475424,18.253839969853587,-15.740598767330354,-0.8498168498168468,32.0
6.485055807046592,0.14524121656438307,18.209881294429444,-11.543105762708851,-0.7912087912087884,32.0
6.490055829053745,0.6419205331926883,18.14394328129338,-14.481350865943934,-0.6739926739926716,32.0
6.49505572905764,0.836008894765147,18.078005268157217,-9.864108560860291,-0.5567765567765548,32.0
6.500057343044318,0.6305601401191068,18.034046592733073,-5.246866255776751,-0.0879120879120876,32.0
6.505059486953542,0.18165134395959157,18.01206725502105,-1.8888718520796304,-0.0293040293040292,32.0
6.51005602395162,-0.20547457648187598,17.99008791730903,-0.6296239506932101,-0.0293040293040292,32.0
6.515063807950355,-0.29389662191698107,17.99008791730903,0.20987465023107005,-0.0879120879120876,32.0
6.520056813955307,-0.07157010145434721,17.99008791730903,1.8888718520796304,-0.2051282051282044,32.0
6.52505994704552,0.26792865584594805,17.99008791730903,2.3086211525417704,-0.2637362637362628,32.0
6.530055596958846,0.5000763173899527,17.99008791730903,0.6296239506932101,-0.2051282051282044,32.0
6.5350563150132075,0.5596778893701119,17.99008791730903,1.8888718520796304,-0.146520146520146,32.0
6.540059127961285,0.584709676536714,18.01206725502105,1.0493732511553502,0.0293040293040292,32.0
6.545065572950989,0.7867214230614856,18.01206725502105,1.4691225516174902,0.146520146520146,32.0
6.550060882000253,1.2485245094601292,18.034046592733073,3.5678690539281908,0.2637362637362628,32.0
6.555056196055375,1.824959149345292,18.034046592733073,1.4691225516174902,0.3809523809523796,32.0
6.5600569900125265,2.2255825296107807,18.078005268157217,5.246866255776751,0.4981684981684964,32.0
6.565055018989369,2.220548738266206,18.09998460586924,8.604860659473871,0.6739926739926716,32.0
6.570056222029962,1.8127779461242781,18.187901956717422,14.061601565481693,0.73260073260073,32.0
6.575057927984744,1.2352120760756566,18.275819307565605,21.197339673338075,0.6739926739926716,32.0
6.580059099011123,0.7784093402620549,18.407695333837935,26.234331278883754,0.6153846153846132,32.0
6.585058139055036,0.5828243176746706,18.56155069782218,32.9503200862782,0.439560439560438,32.0
6.590055268025026,0.5595229444104954,18.715406061806533,35.46881588905104,0.4981684981684964,32.0
6.5950602339580655,0.496821815016248,18.91322010121492,34.20956798766462,0.5567765567765548,32.0
6.600057280971669,0.2605190467203228,19.154992816047457,36.30831448997532,0.73260073260073,32.0
6.605055678985082,-0.07880783771883161,19.264889504607662,36.30831448997532,0.8498168498168468,32.0
6.610055583063513,-0.2958701523633756,19.484682881728073,36.72806379043746,0.7912087912087884,32.0
6.615057138958946,-0.199472882482061,19.638538245712425,37.1478130908996,0.6153846153846132,32.0
6.620059301960282,0.19285241575675452,19.792393609696774,32.11082148535392,0.3223443223443212,32.0
6.625061476952396,0.6393242121402344,19.94624897368102,26.654080579345894,0.2637362637362628,32.0
6.630056877038442,0.8361468431119082,20.056145662241327,26.654080579345894,0.2051282051282044,32.0
6.63505525002256,0.633371589222334,20.166042350801533,23.715835476110914,0.2637362637362628,32.0
6.640057184966281,0.1324811473147851,20.275939039361738,25.814581978421614,0.2637362637362628,32.0
6.645058142952621,-0.40123189358003053,20.407815065633965,25.394832677959474,0.2051282051282044,32.0
6.650064351037145,-0.7471746924770271,20.561670429618314,27.493579180270377,0.146520146520146,32.0
6.655063990969211,-0.8858133097784556,20.715525793602666,27.073829879808237,0.0879120879120876,32.0
6.660060905967839,-0.9858162454501767,20.82542248216287,25.814581978421614,0.0293040293040292,32.0
6.6650623340392485,-1.2317806827886246,20.9572985084351,24.975083377497334,0.0879120879120876,32.0
6.670057451003231,-1.6412654410473284,21.04521585928328,13.222102964557411,0.0293040293040292,32.0
6.6750578340142965,-2.0251915079945886,21.089174534707425,5.666615556238891,-0.0293040293040292,32.0
6.680056481040083,-2.1218805657408644,21.13313321013147,1.8888718520796304,-0.2051282051282044,32.0
6.685059598996304,-1.8072789727703815,21.111153872419447,-6.086364856701031,-0.439560439560438,32.0
6.690069162053987,-1.2068700691553194,21.04521585928328,-13.222102964557411,-0.6153846153846132,32.0
6.695056842057966,-0.6246349544470647,20.9572985084351,-18.259094570103194,-0.73260073260073,32.0
6.700060487957671,-0.32112977359828754,20.86938115758691,-23.296086175648874,-0.7912087912087884,32.0
6.705056985956617,-0.34952729678084443,20.737505131314684,-19.098593171027474,-0.7912087912087884,32.0
6.71005634998437,-0.5354978269657641,20.62760844275448,-21.617088973800314,-0.7912087912087884,32.0
6.715058939997107,-0.6397899718693015,20.539691091906295,-19.518342471489614,-0.7912087912087884,32.0
6.720059273997322,-0.5567335741690388,20.42979440334609,-17.839345269641054,-1.025641025641022,32.0
6.725055307964794,-0.3922725311589989,20.385835727921947,-9.864108560860291,-1.0842490842490804,32.0
6.730055929045193,-0.35753343711745883,20.29791837707376,-10.703607161784571,-0.9670329670329636,32.0
6.735057053039782,-0.5707809146447121,20.25395970164972,-10.703607161784571,-0.7912087912087884,32.0
6.740054982015863,-0.9287004375540844,20.188021688513555,-14.901100166406074,-0.6739926739926716,32.0
6.745065441005863,-1.1606758742382153,20.12208367537739,-15.740598767330354,-0.6153846153846132,32.0
6.750060182064772,-1.022906167843933,20.056145662241327,-12.802353664095271,-0.6739926739926716,32.0
6.75505791103933,-0.4883250892645931,19.990207649105162,-13.641852265019654,-0.73260073260073,32.0
6.760055840015411,0.2287191064452212,19.90229029825698,-13.641852265019654,-0.6153846153846132,32.0
6.765058871009387,0.8249853260756635,19.814372947408792,-20.357841072413894,-0.3809523809523796,32.0
6.77003242704086,1.1197524092820665,19.682496921136465,-18.678843870565334,0.0293040293040292,32.0
6.775057864957489,1.1705098329786088,19.638538245712425,-14.061601565481794,0.2051282051282044,32.0
6.780058693955652,1.1842536305875622,19.57260023257626,-12.802353664095271,0.2637362637362628,32.0
6.785081755951978,1.3299060652770294,19.550620894864238,-4.407367654852471,0.2637362637362628,32.0
6.790057525970042,1.5778768728079673,19.550620894864238,1.4691225516174902,0.3809523809523796,32.0
6.79505735298153,1.729729007983057,19.550620894864238,3.5678690539281908,0.439560439560438,32.0
6.800056111998856,1.5815036657529185,19.57260023257626,7.7653620585495915,0.6153846153846132,32.0
6.805058117955923,1.1156430630821796,19.616558908000403,7.7653620585495915,0.73260073260073,32.0
6.8100604199571535,0.5464190194167647,19.660517583424443,13.222102964557411,0.73260073260073,32.0
6.815057266037911,0.1813267223559168,19.72645559656061,12.382604363633131,0.6739926739926716,32.0
6.820057407952845,0.2018985944471951,19.792393609696774,10.703607161784571,0.5567765567765548,32.0
6.825056025059894,0.5395831170926291,19.858331622832836,10.703607161784571,0.4981684981684964,32.0
6.830058492021635,0.9370867363661943,19.880310960544957,8.185111359011731,0.4981684981684964,32.0
6.835059590055607,1.1470927037719967,19.924269635969,5.246866255776751,0.5567765567765548,32.0
6.840058448957279,1.1121266720494616,19.924269635969,4.407367654852471,0.6739926739926716,32.0
6.8450574110029265,0.9806934437578511,19.968228311393144,5.666615556238891,0.7912087912087884,32.0
6.85005666106008,0.954704524589695,19.990207649105162,7.7653620585495915,0.73260073260073,32.0
6.855061272974126,1.0968728946142712,20.056145662241327,7.7653620585495915,0.6739926739926716,32.0
6.860056183999404,1.2569119232843078,20.07812499995335,10.283857861322431,0.5567765567765548,32.0
6.865060613956302,1.1834646061174081,20.14406301308941,14.061601565481693,0.6153846153846132,32.0
6.870062859961763,0.7293732151982667,20.210001026225576,10.283857861322431,0.5567765567765548,32.0
6.875063234008849,-0.010031190682945963,20.275939039361738,15.740598767330253,0.5567765567765548,32.0
6.88006087904796,-0.7449592056908451,20.363856390209925,16.58009736825453,0.3223443223443212,32.0
6.885065451031551,-1.1898291775444105,20.517711754194274,23.715835476110914,0.2051282051282044,32.0
6.890061927028,-1.25486850262916,20.60562910504246,24.555334077035194,-0.0293040293040292,32.0
6.895065488060936,-1.0920407180579432,20.737505131314684,19.518342471489515,-0.2051282051282044,32.0
6.900027691037394,-0.9536180270941307,20.82542248216287,16.58009736825453,-0.3223443223443212,32.0
6.90505924297031,-0.9832024455954779,20.891360495299036,12.802353664095271,-0.3223443223443212,32.0
6.910064414027147,-1.115030173414641,20.913339833011054,3.5678690539281908,-0.146520146520146,32.0
6.915068021975458,-1.1450384626283465,20.935319170723076,-4.827116955314611,-0.146520146520146,32.0
6.9200599970063195,-0.9291404872938998,20.913339833011054,-5.246866255776751,-0.2637362637362628,32.0
6.925056871026754,-0.5301789154965111,20.86938115758691,-8.185111359011731,-0.5567765567765548,32.0
6.930060632061213,-0.196995003295854,20.82542248216287,-11.123356462246711,-0.5567765567765548,32.0
6.9350619439501315,-0.18581015669278633,20.781463806738728,-9.024609959936011,-0.5567765567765548,32.0
6.940056832041591,-0.5585484647073521,20.759484469026706,-5.246866255776751,-0.5567765567765548,32.0
6.945060202036984,-1.1290497667780848,20.737505131314684,-3.1481197534660503,-0.5567765567765548,32.0
6.950056612025946,-1.5887475446014936,20.737505131314684,2.3086211525417704,-0.73260073260073,32.0
6.955056149046868,-1.7290830062435671,20.715525793602666,-1.0493732511553502,-0.9084249084249052,32.0
6.960056419018656,-1.5723493114859102,20.715525793602666,-1.0493732511553502,-1.0842490842490804,32.0
6.965056615998037,-1.3238561276598537,20.69354645589054,-6.506114157163171,-1.1428571428571388,32.0
6.970058014034294,-1.182782142477792,20.6495877804665,-6.506114157163171,-1.2014652014651972,32.0
6.975054912036285,-1.1706490370083182,20.6495877804665,-5.666615556238891,-1.1428571428571388,32.0
6.980065152049065,-1.116842993144969,20.583649767330336,-8.185111359011731,-1.1428571428571388,32.0
6.985069163958542,-0.8131886731326766,20.517711754194274,-12.382604363633131,-1.1428571428571388,32.0
6.990062340977602,-0.21205759542919206,20.45177374105811,-16.160348067792494,-1.2600732600732556,32.0
6.995047701057047,0.5025744278379031,20.385835727921947,-17.419595969178914,-1.1428571428571388,32.0
7.000056872027926,1.0310869293537543,20.341877052497903,-15.320849466868214,-0.9670329670329636,32.0
7.005057345959358,1.1587568304350493,20.29791837707376,-9.024609959936011,-0.439560439560438,32.0
7.010058148065582,0.9208516824393667,20.25395970164972,-3.9876183543903307,-0.2051282051282044,32.0
7.0150615780148655,0.5631910752753561,20.25395970164972,0.6296239506932101,-0.0879120879120876,32.0
7.020057625952177,0.35564011322107325,20.275939039361738,3.5678690539281908,-0.0879120879120876,32.0
7.025058061000891,0.39534095482336107,20.31989771478578,6.086364856701031,-0.0879120879120876,32.0
7.030058128992096,0.5603811320813664,20.363856390209925,5.666615556238891,-0.0879120879120876,32.0
7.03505851898808,0.6394988135904441,20.407815065633965,10.703607161784571,-0.0879120879120876,32.0
7.040060620987788,0.531274115334484,20.47375307877013,15.740598767330253,0.0293040293040292,32.0
7.045059900963679,0.3460923585305861,20.561670429618314,17.83934526964095,0.0879120879120876,32.0
7.05005818803329,0.3241733550428659,20.69354645589054,20.777590372875935,0.3223443223443212,32.0
7.055058120051399,0.6356073500555776,20.759484469026706,20.777590372875935,0.2637362637362628,32.0
7.060058224014938,1.2233406733470407,20.891360495299036,23.296086175648774,0.3223443223443212,32.0
7.06505782995373,1.8188937057562122,20.97927784614722,17.41959596917881,0.5567765567765548,32.0
7.070073587005027,2.1245482316630215,21.067195196995403,18.678843870565235,0.7912087912087884,32.0
7.075066035962664,2.018191555478435,21.177091885555612,18.259094570103095,1.1428571428571388,32.0
7.080056878970936,1.6311672129240213,21.286988574115817,22.036838274262355,1.3772893772893724,32.0
7.085056088049896,1.2236816519279257,21.418864600388044,27.913328480732517,1.4358974358974308,32.0
7.090065189055167,0.9820468793204866,21.55074062666037,27.913328480732517,1.1428571428571388,32.0
7.0950573780573905,0.8837907592573278,21.77053400378078,35.0490665885889,0.8498168498168468,32.0
7.100059352000244,0.7415206908031993,21.946368705477152,34.20956798766462,0.5567765567765548,32.0
7.105064922012389,0.3897873514587934,22.078244731749482,39.66630889367244,0.439560439560438,32.0
7.110058784950525,-0.14557727921841201,22.27605877115787,37.1478130908996,0.3223443223443212,32.0
7.115059279021807,-0.6421835519213484,22.45189347285424,39.2465595932103,0.3809523809523796,32.0
7.120059913955629,-0.8359996316102493,22.627728174550715,39.66630889367244,0.3223443223443212,32.0
7.1250616470351815,-0.6302399342510534,22.825542213959103,44.28355119875598,0.2637362637362628,32.0
7.1300566650461406,-0.18191700663197255,23.001376915655474,33.37006938674034,0.2637362637362628,32.0
7.135058216983452,0.20558927243156142,23.177211617351844,29.592325682581077,0.3223443223443212,32.0
7.140059411991388,0.2939726330406806,23.353046319048214,24.135584776573054,0.3809523809523796,32.0
7.145057871006429,0.07150179983542397,23.41898433218438,19.938091771951655,0.439560439560438,32.0
7.150060329004191,-0.26795268989117205,23.528881020744585,16.16034806779239,0.4981684981684964,32.0
7.155057772062719,-0.5001364432499023,23.59481903388075,16.16034806779239,0.4981684981684964,32.0
7.160064356983639,-0.5596882272048352,23.660757047016812,11.543105762708851,0.3223443223443212,32.0
7.1650594640523195,-0.5847152277542733,23.682736384728933,7.7653620585495915,0.0879120879120876,32.0
7.170064297039062,-0.786635467496891,23.726695060152977,4.827116955314611,-0.0293040293040292,32.0
7.175057778018527,-1.248175775375703,23.726695060152977,2.7283704530039103,-0.0879120879120876,32.0
7.18005694297608,-1.8250397791587274,23.726695060152977,-3.1481197534660503,-0.2051282051282044,32.0
7.185059751034714,-2.225703911511934,23.726695060152977,-8.185111359011731,-0.439560439560438,32.0
7.190058359061368,-2.2203953568194126,23.704715722440955,-3.5678690539281908,-0.73260073260073,32.0
7.195057102013379,-1.8126822410012595,23.63877770930479,-11.543105762708851,-0.8498168498168468,32.0
7.200056888977997,-1.2353281700638021,23.550860358456607,-18.678843870565334,-0.8498168498168468,32.0
7.205057749059051,-0.778498403672257,23.4409636698964,-24.555334077035297,-0.6153846153846132,32.0
7.210057299002074,-0.5828374610732863,23.309087643624174,-27.493579180270277,-0.3223443223443212,32.0
7.215061943978071,-0.5595129636595986,23.133252941927804,-32.9503200862781,-0.3809523809523796,32.0
7.220057863974944,-0.4968894415029396,22.91345956480729,-34.20956798766452,-0.6153846153846132,32.0
7.2250567600131035,-0.26055211975187104,22.73762486311092,-33.37006938674024,-0.6739926739926716,32.0
7.230055883992463,0.07882097074564055,22.627728174550715,-31.271322884429537,-0.7912087912087884,32.0
7.235065086046234,0.2960191047026123,22.45189347285424,-34.20956798766452,-0.8498168498168468,32.0
7.240062160999514,0.19920276302013443,22.298038108869893,-36.72806379043736,-0.6739926739926716,32.0
7.245079713058658,-0.19478058690887856,22.144182744885544,-29.592325682580977,-0.4981684981684964,32.0
7.250065088970587,-0.6395883188991228,21.990327380901295,-31.691072184891677,-0.3809523809523796,32.0
7.255059733055532,-0.8361475495362393,21.88043069234099,-26.654080579345997,-0.439560439560438,32.0
7.26006064703688,-0.6329522658232037,21.682616652932598,-24.555334077035297,-0.3809523809523796,32.0
7.265057306969538,-0.1324673611074729,21.638657977508558,-23.296086175648874,-0.4981684981684964,32.0
7.270056265988387,0.40105827971580044,21.52876128894835,-21.197339673338174,-0.3809523809523796,32.0
7.275057116989046,0.7468478456496378,21.396885262676022,-25.394832677959577,-0.146520146520146,32.0
7.280081095988862,0.8860963816476587,21.243029898691674,-24.975083377497437,0.0293040293040292,32.0
7.285056252963841,0.9856753416183155,21.15511254784359,-25.814581978421717,0.0879120879120876,32.0
7.290069214999676,1.2322544596222438,21.04521585928328,-18.678843870565334,0.0879120879120876,32.0
7.295059256954119,1.6414248810194891,20.9572985084351,-18.678843870565334,0.0879120879120876,32.0
7.300059924949892,2.025308098382461,20.86938115758691,-10.703607161784571,0.146520146520146,32.0
7.305059787002392,2.1218089316446074,20.847401819874893,-5.666615556238891,0.2637362637362628,32.0
7.310060361982323,1.8072029607947973,20.847401819874893,-0.6296239506932101,0.4981684981684964,32.0
7.31502730504144,1.2122809324042345,20.891360495299036,9.864108560860291,0.6739926739926716,32.0
7.3200629389612,0.6240574579846904,20.9572985084351,13.222102964557411,0.7912087912087884,32.0
7.3250596929574385,0.32114950012379534,21.00125718385924,12.802353664095271,0.7912087912087884,32.0
7.33006035501603,0.34962764475153746,21.067195196995403,13.641852265019553,0.73260073260073,32.0
7.335059963050298,0.5356274828214921,21.13313321013147,10.283857861322431,0.6739926739926716,32.0
7.340063498006202,0.6397989655219832,21.19907122326763,6.506114157163171,0.73260073260073,32.0
7.34506348404102,0.5566018204944065,21.243029898691674,6.9258634576253115,0.7912087912087884,32.0
7.350061042001471,0.3921192058494409,21.286988574115817,7.7653620585495915,0.8498168498168468,32.0
7.355062416056171,0.3576457776414362,21.308967911827835,4.827116955314611,0.7912087912087884,32.0
7.3600640799850225,0.5712333552944153,21.330947249539857,1.4691225516174902,0.73260073260073,32.0
7.36506358999759,0.9292949917683984,21.330947249539857,-0.20987465023107005,0.6153846153846132,32.0
7.370061262976378,1.1606144199430843,21.330947249539857,-2.3086211525417704,0.6739926739926716,32.0
7.3750627799890935,1.0227219874882039,21.330947249539857,1.0493732511553502,0.7912087912087884,32.0
7.380058906041086,0.4881904326833495,21.308967911827835,-0.20987465023107005,0.9084249084249052,32.0
7.385057587991469,-0.22896499270891302,21.330947249539857,5.246866255776751,0.8498168498168468,32.0
7.390059142024256,-0.8250100727046324,21.308967911827835,-3.9876183543903307,0.7912087912087884,32.0
7.395060008042492,-1.1205566981291357,21.308967911827835,-0.6296239506932101,0.439560439560438,32.0
7.400056301965378,-1.1705118805490395,21.286988574115817,-4.407367654852471,0.146520146520146,32.0
7.405063405050896,-1.1843147285401423,21.265009236403795,-7.7653620585495915,-0.0879120879120876,32.0
7.410068538971245,-1.3293241599397227,21.221050560979652,-10.703607161784571,-0.146520146520146,32.0
7.415061249048449,-1.5780566499262039,21.13313321013147,-15.320849466868214,-0.3809523809523796,32.0
7.420038281008601,-1.7296318465991576,21.04521585928328,-21.617088973800314,-0.6739926739926716,32.0
7.425062197027728,-1.5811077155663817,20.9572985084351,-22.036838274262454,-0.7912087912087884,32.0
7.430059949983843,-1.1154349742848637,20.82542248216287,-28.333077781194557,-0.9670329670329636,32.0
7.435059792012908,-0.5464836668755045,20.69354645589054,-26.654080579345997,-1.2014652014651972,32.0
7.440078316023573,-0.18055918570512955,20.539691091906295,-28.333077781194557,-1.2014652014651972,32.0
7.445058592013083,-0.2019487319017342,20.363856390209925,-29.172576382118837,-1.1428571428571388,32.0
7.45006016001571,-0.5399281444444617,20.25395970164972,-27.913328480732417,-0.7912087912087884,32.0
7.4550889460369945,-0.9391105670345645,20.10010433766537,-26.654080579345997,-0.5567765567765548,32.0
7.460061577963643,-1.1471233397429381,19.990207649105162,-28.333077781194557,-0.5567765567765548,32.0
7.465060780989006,-1.1120709580670314,19.836352285120814,-28.333077781194557,-0.5567765567765548,32.0
7.470058992970735,-0.9806598575266456,19.682496921136465,-30.012074983043117,-0.439560439560438,32.0
7.475060367025435,-0.9547534882583296,19.528641557152216,-31.691072184891677,-0.439560439560438,32.0
7.480062216985971,-1.096908952592823,19.35280685545585,-31.691072184891677,-0.3809523809523796,32.0
7.485066352062859,-1.257081545388558,19.17697215375948,-38.82681029274806,-0.6739926739926716,32.0
7.490061623975635,-1.183412580906792,19.00113745206311,-39.2465595932102,-0.7912087912087884,32.0
7.495057775056921,-0.7300173885909356,18.781344074942695,-42.18480469644528,-0.9670329670329636,32.0
7.500057143974118,0.009065111328790613,18.56155069782218,-49.32054280430166,-1.1428571428571388,32.0
7.505058633047156,0.7446779792534329,18.34175732070177,-43.02430329736956,-1.0842490842490804,32.0
7.510058582993224,1.1894890175440413,18.09998460586924,-39.2465595932102,-0.6153846153846132,32.0
7.515063876984641,1.254833647348164,17.924149904172868,-41.345306095521,-0.146520146520146,32.0
7.520058342022821,1.0923125836987884,17.748315202476498,-39.2465595932102,0.2637362637362628,32.0
7.5250572570366785,0.9532499108023497,17.550501163068105,-37.56756239136164,0.439560439560438,32.0
7.530057364958338,0.9831615533266761,17.396645799083757,-32.9503200862781,0.439560439560438,32.0
7.535057667992078,1.1148723979347168,17.26476977281153,-25.394832677959577,0.2051282051282044,32.0
7.540070686955005,1.1449937203153895,17.154873084251324,-22.036838274262454,0.0879120879120876,32.0
7.545060397009365,0.9291134694826648,17.06695573340314,-16.160348067792494,0.0879120879120876,32.0
7.550060466048308,0.5298799805281705,17.022997057978994,-4.407367654852471,0.0293040293040292,32.0
7.555074473028071,0.19643236740912165,17.022997057978994,-3.1481197534660503,-0.0879120879120876,32.0
7.5600617489544675,0.18580263351595355,17.04497639569112,3.5678690539281908,-0.0879120879120876,32.0
7.565076378989033,0.5605817943788396,17.04497639569112,4.407367654852471,-0.146520146520146,32.0
7.570073470007628,1.1305490521686077,17.08893507111516,9.444359260398151,-0.0293040293040292,32.0
7.575076256063767,1.5899921859079411,17.132893746539303,9.024609959936011,0.146520146520146,32.0
7.580068413983099,1.729003479094769,17.154873084251324,3.1481197534660503,0.439560439560438,32.0
7.585070785949938,1.5716489415492378,17.198831759675365,12.382604363633131,0.6739926739926716,32.0
7.590064635965973,1.3235083653079915,17.26476977281153,15.740598767330253,0.8498168498168468,32.0
7.595059155952185,1.1827681425273353,17.330707785947695,12.382604363633131,0.8498168498168468,32.0
7.600057782023214,1.1706523413427292,17.418625136795878,16.99984666871667,0.9084249084249052,32.0
7.605057004955597,1.1170897393981833,17.506542487644065,16.58009736825453,1.025641025641022,32.0
7.610056589008309,0.8143566035880405,17.61643917620427,18.259094570103095,1.025641025641022,32.0
7.615056982962415,0.21281453958437016,17.704356527052454,18.678843870565235,0.9670329670329636,32.0
7.620059116045013,-0.5041093316454007,17.814253215612663,19.098593171027375,0.8498168498168468,32.0
7.625057411962189,-1.0311241294789903,17.880191228748824,14.901100166405973,0.5567765567765548,32.0
7.630056970985606,-1.1587630457701426,17.96810857959701,13.641852265019553,0.2637362637362628,32.0
7.635061488021165,-0.9206189987062009,18.01206725502105,8.185111359011731,0.0293040293040292,32.0
7.640065929037519,-0.5629144614231851,18.034046592733073,3.5678690539281908,-0.0879120879120876,32.0
7.645058603025973,-0.35562442277276496,18.01206725502105,-3.9876183543903307,-0.0879120879120876,32.0
7.650058837025426,-0.3953621981771712,17.99008791730903,-8.185111359011731,-0.0293040293040292,32.0
7.655059357988648,-0.5604190391121437,17.946129241884886,-9.024609959936011,-0.0293040293040292,32.0
7.660059513989836,-0.6394958587016705,17.924149904172868,-9.864108560860291,-0.146520146520146,32.0
7.665057966019958,-0.5313705366354772,17.902170566460846,-6.506114157163171,-0.2051282051282044,32.0
7.67005908198189,-0.34611610702062656,17.858211891036806,-7.7653620585495915,-0.2051282051282044,32.0
7.675058995024301,-0.32419473378117086,17.79227387790064,-12.382604363633131,-0.146520146520146,32.0
7.68005867197644,-0.635660407058416,17.726335864764476,-12.382604363633131,-0.0293040293040292,32.0
7.68505778699182,-1.2232841525972389,17.66039785162831,-15.740598767330354,-0.0879120879120876,32.0
7.690057749045081,-1.8188857610712525,17.59445983849225,-12.802353664095271,-0.0879120879120876,32.0
7.695058790035546,-2.124259561037024,17.48456314993194,-22.036838274262454,-0.3223443223443212,32.0
7.700058197951876,-2.018639869590915,17.396645799083757,-22.876336875186734,-0.73260073260073,32.0
7.705062177963555,-1.6306989912840835,17.242790435099508,-28.333077781194557,-1.0842490842490804,32.0
7.710057658026926,-1.2235749771068194,17.08893507111516,-37.1478130908995,-1.2014652014651972,32.0
7.71505784697365,-0.9822635801990696,16.91310036941879,-35.46881588905094,-1.318681318681314,32.0
7.720037071034312,-0.8841309502538319,16.7152863300104,-41.76505539598314,-1.318681318681314,32.0
7.725057375966571,-0.7416120948479771,16.53945162831403,-45.5427991001424,-1.2014652014651972,32.0
7.730056612053886,-0.39056404796175953,16.341637588905638,-41.345306095521,-0.8498168498168468,32.0
7.735055424040183,0.1451979925832012,16.121844211785227,-48.90079350383952,-0.73260073260073,32.0
7.740057070041075,0.6420151610457691,15.902050834664713,-46.80204700152882,-0.439560439560438,32.0
7.745055963983759,0.8360083826118665,15.682257457544301,-47.6415456024531,0.0293040293040292,32.0
7.7500590870622545,0.6304304126051931,15.462464080423787,-39.66630889367234,0.0293040293040292,32.0
7.7550559169612825,0.18198743715498372,15.264650041015397,-42.18480469644528,-0.0293040293040292,32.0
7.760055575054139,-0.2054510914750073,15.066836001607006,-33.78981868720238,-0.3223443223443212,32.0
7.765056533971801,-0.2940222590766867,14.891001299910636,-31.691072184891677,-0.6153846153846132,32.0
7.7700564010301605,-0.07159678126440726,14.75912527363841,-27.073829879808137,-0.7912087912087884,32.0
7.7750581309664994,0.2678143726821914,14.627249247366082,-27.073829879808137,-0.7912087912087884,32.0
7.780059691052884,0.5001894592390406,14.451414545669712,-21.617088973800314,-0.4981684981684964,32.0
7.7850600039819255,0.5596826447713288,14.38547653253365,-22.876336875186734,-0.439560439560438,32.0
7.79005797195714,0.5846905893081029,14.253600506261321,-18.259094570103194,-0.0293040293040292,32.0
7.795057254959829,0.7861613873938819,14.187662493125156,-19.098593171027474,-0.0293040293040292,32.0
7.800064909970388,1.2489771280200077,14.121724479989094,-12.382604363633131,0.0879120879120876,32.0
7.805057646008208,1.8251156675044433,14.077765804564951,-7.7653620585495915,0.146520146520146,32.0
7.81006718496792,2.226030079304139,14.055786466852929,0.20987465023107005,0.2051282051282044,32.0
7.81506257399451,2.2202015303562534,14.077765804564951,8.185111359011731,0.439560439560438,32.0
7.820060829049908,1.8122768364340562,14.121724479989094,9.864108560860291,0.6739926739926716,32.0
7.825058514019474,1.2351465977308038,14.187662493125156,11.962855063170991,0.8498168498168468,32.0
7.830088434973732,0.7764789806491325,14.253600506261321,14.901100166405973,0.8498168498168468,32.0
7.835059019969776,0.5828105405285638,14.341517857109507,17.83934526964095,0.6153846153846132,32.0
7.840060889022425,0.5595145463943979,14.451414545669712,13.641852265019553,0.439560439560438,32.0
7.84506225399673,0.49676413978609246,14.561311234230018,25.394832677959474,0.2051282051282044,32.0
7.8500594650395215,0.2603803773618021,14.671207922790225,22.456587574724495,0.2051282051282044,32.0
7.855057695996948,-0.07893704082643209,14.80308394906245,24.555334077035194,0.3223443223443212,32.0
7.860057302052155,-0.29589718534455434,14.891001299910636,25.814581978421614,0.2637362637362628,32.0
7.865058782976121,-0.1993844912268075,15.022877326182964,24.135584776573054,0.2051282051282044,32.0
7.870059209992178,0.19284373006780328,15.154753352455192,22.036838274262355,0.2051282051282044,32.0
7.875056921038777,0.6389908926015727,15.30860871643954,22.456587574724495,0.3809523809523796,32.0
7.880058208014816,0.8361471895197778,15.440484742711767,27.073829879808237,0.5567765567765548,32.0
7.885057114996016,0.6332267305037169,15.506422755847932,19.518342471489515,0.8498168498168468,32.0
7.890056779026054,0.13252701790308333,15.572360768984096,12.802353664095271,0.9084249084249052,32.0
7.895055877044797,-0.40102229989010335,15.660278119832281,15.320849466868113,0.9670329670329636,32.0
7.900055028963834,-0.7467534176973086,15.726216132968343,10.703607161784571,0.6739926739926716,32.0
7.905061268014833,-0.8857682044352901,15.770174808392486,5.666615556238891,0.4981684981684964,32.0
7.910057345987298,-0.9857084283618853,15.770174808392486,-1.8888718520796304,0.3223443223443212,32.0
7.915056430967525,-1.231374513993157,15.748195470680365,-5.246866255776751,0.2051282051282044,32.0
7.920056866016239,-1.641213794419414,15.704236795256323,-8.185111359011731,0.0293040293040292,32.0
7.925059590023011,-2.0252894264170886,15.660278119832281,-13.641852265019654,-0.2051282051282044,32.0
7.930061619030312,-2.1217691532196197,15.594340106696116,-15.320849466868214,-0.3809523809523796,32.0
7.935061058029532,-1.8071336114449439,15.48444341813591,-19.518342471489614,-0.6739926739926716,32.0
7.940062285983004,-1.2077588520904927,15.352567391863582,-25.394832677959577,-0.7912087912087884,32.0
7.945060861995444,-0.6242541372485747,15.11079467703115,-41.345306095521,-1.2014652014651972,32.0
7.950061487965286,-0.3211049728361438,14.93495997533478,-36.30831448997522,-1.1428571428571388,32.0
7.955058634048328,-0.3495763761776541,14.825063286774473,-40.08605819413448,-1.2014652014651972,32.0
7.960057168966159,-0.5355272206748481,14.627249247366082,-35.0490665885888,-1.025641025641022,32.0
7.965056907967664,-0.6397859068748076,14.451414545669712,-38.82681029274806,-0.8498168498168468,32.0
7.970056124031544,-0.5568321101821405,14.275579843973341,-37.1478130908995,-0.5567765567765548,32.0
7.975057673058473,-0.3922092676263827,14.077765804564951,-38.40706099228592,-0.439560439560438,32.0
7.980058889021166,-0.3575846411904485,13.90193110286858,-34.62931728812666,-0.2051282051282044,32.0
7.985063906060532,-0.5712221530738204,13.70411706346019,-35.0490665885888,-0.146520146520146,32.0
7.990061218035407,-0.9291311982590928,13.52828236176382,-31.691072184891677,-0.2637362637362628,32.0
7.995057436055504,-1.1605578916286616,13.33046832235543,-40.50580749459672,-0.5567765567765548,32.0
8.00005825504195,-1.0230427113075449,13.132654282947039,-39.2465595932102,-0.8498168498168468,32.0
8.005057796952315,-0.4883405285208037,12.890881568114503,-40.08605819413448,-1.2014652014651972,32.0
8.010058411047794,0.22908076568505573,12.671088190994093,-44.70330049921812,-1.1428571428571388,32.0
8.015060193953104,0.8251061163751101,12.473274151585702,-42.60455399690742,-0.73260073260073,32.0
8.020059993024915,1.120556262356505,12.27546011217731,-43.86380189829384,-0.3809523809523796,32.0
8.025058418978006,1.1705091064383093,12.077646072768818,-37.1478130908995,0.146520146520146,32.0
8.030058283009566,1.1842483073312182,11.879832033360428,-37.56756239136164,0.3809523809523796,32.0
8.035060381982476,1.3289654521154821,11.7479560070882,-30.431824283505257,0.3223443223443212,32.0
8.040057695005089,1.5778850362060455,11.594100643103852,-30.012074983043117,0.3223443223443212,32.0
8.045062102028169,1.7297524838660034,11.484203954543645,-22.036838274262454,0.2051282051282044,32.0
8.05006349098403,1.5810234536665626,11.418265941407482,-13.641852265019654,0.2051282051282044,32.0
8.05505672399886,1.1158013840301442,11.37430726598344,-9.024609959936011,0.3223443223443212,32.0
8.060058063012548,0.5466616866531143,11.352327928271317,-6.506114157163171,0.3223443223443212,32.0
8.065057510975748,0.18131774956464122,11.37430726598344,4.407367654852471,0.3809523809523796,32.0
8.070058002951555,0.20192378652933465,11.39628660369546,6.9258634576253115,0.2637362637362628,32.0
8.07505695906002,0.5396610480764422,11.418265941407482,7.3456127580874515,0.2637362637362628,32.0
8.080056709004566,0.9369680092161321,11.440245279119502,3.1481197534660503,0.2637362637362628,32.0
8.085059455013834,1.1470906211063097,11.462224616831625,1.0493732511553502,0.3809523809523796,32.0
8.09005730797071,1.1121539230301294,11.484203954543645,4.827116955314611,0.4981684981684964,32.0
8.095057380967773,0.9806940815390547,11.528162629967687,10.283857861322431,0.6153846153846132,32.0
8.100057231960818,0.9547120606697348,11.57212130539183,10.703607161784571,0.6153846153846132,32.0
8.105058784014545,1.0967778297342716,11.638059318527995,9.864108560860291,0.6739926739926716,32.0
8.110058229998685,1.2569461351964843,11.703997331664057,12.802353664095271,0.8498168498168468,32.0
8.115059142000973,1.1835403958191166,11.76993534480022,11.543105762708851,1.025641025641022,32.0
8.120056877029128,0.730131121236576,11.813894020224364,11.123356462246711,1.025641025641022,32.0
8.125062028993852,-0.009840036259956603,11.901811371072448,15.740598767330253,0.9084249084249052,32.0
8.130065937060863,-0.7455923015923392,11.967749384208613,19.098593171027375,0.6739926739926716,32.0
8.135056801023893,-1.189400636383718,12.033687397344776,11.962855063170991,0.5567765567765548,32.0
8.140063556027599,-1.2548393869020615,12.055666735056796,4.827116955314611,0.3223443223443212,32.0
8.145064066979103,-1.0920947765333595,12.055666735056796,-3.1481197534660503,0.146520146520146,32.0
8.150058469967917,-0.9532349501291832,12.033687397344776,-8.185111359011731,-0.0293040293040292,32.0
8.15505609405227,-0.9831338894964203,11.989728721920633,-12.382604363633131,-0.0879120879120876,32.0
8.160062900045887,-1.1149947815445835,11.923790708784571,-8.185111359011731,-0.146520146520146,32.0
8.165060439961962,-1.1451653438471696,11.857852695648406,-15.740598767330354,-0.3223443223443212,32.0
8.170056394999847,-0.9293837233754184,11.682017993952035,-17.419595969178914,-0.5567765567765548,32.0
8.175058374996297,-0.5300538525735361,11.660038656240015,-20.357841072413894,-0.6153846153846132,32.0
8.180058829952031,-0.19706845059555703,11.55014196767981,-21.197339673338174,-0.73260073260073,32.0
8.185063502052799,-0.18587029251398368,11.440245279119502,-23.296086175648874,-0.73260073260073,32.0
8.19006078899838,-0.5589598223282082,11.330348590559296,-22.876336875186734,-0.6153846153846132,32.0
8.195056297001429,-1.1286083359502084,11.242431239711111,-24.135584776573154,-0.5567765567765548,32.0
8.20006086700596,-1.5890175865246958,11.110555213438884,-21.617088973800314,-0.73260073260073,32.0
8.205059533007443,-1.7290612529693143,10.978679187166556,-26.654080579345997,-1.025641025641022,32.0
8.210058290045708,-1.5722581436847394,10.84680316089433,-27.073829879808137,-1.2014652014651972,32.0
8.215058614034206,-1.323769458767705,10.714927134622103,-30.851573583967397,-1.2600732600732556,32.0
8.220060272957198,-1.1827544554279845,10.583051108349775,-31.271322884429537,-1.1428571428571388,32.0
8.225060160038993,-1.1706550698177343,10.429195744365426,-32.11082148535382,-1.025641025641022,32.0
8.230076689040288,-1.1164923788042884,10.275340380381177,-32.9503200862781,-0.8498168498168468,32.0
8.235060721053742,-0.8139730529776171,10.099505678684809,-37.1478130908995,-0.4981684981684964,32.0
8.240063895005733,-0.21183802571342444,9.901691639276416,-42.18480469644528,-0.2637362637362628,32.0
8.245061391033232,0.504415112108542,9.61596024901984,-48.90079350383952,-0.5567765567765548,32.0
8.250061152037233,1.031381676120889,9.484084222747512,-45.96254840060454,-0.5567765567765548,32.0
8.255060074967332,1.158711530830276,9.220332170202958,-45.5427991001424,-0.5567765567765548,32.0
8.26006140303798,0.9206249198773202,9.066476806218711,-39.66630889367234,-0.4981684981684964,32.0
8.26505842700135,0.5633914776880836,8.868662766810218,-32.530570785815954,-0.3223443223443212,32.0
8.27006153902039,0.35557733638505,8.71480740282597,-28.333077781194557,-0.2051282051282044,32.0
8.275059211999178,0.3953724640831951,8.582931376553642,-24.135584776573154,-0.0879120879120876,32.0
8.280061490950175,0.5604848141122672,8.473034687993437,-19.938091771951754,-0.2051282051282044,32.0
8.285057730972767,0.6395011479617566,8.407096674857272,-12.802353664095271,-0.0879120879120876,32.0
8.29005904996302,0.5313311737798951,8.319179324009086,-9.444359260398151,0.146520146520146,32.0
8.295069947955199,0.3458013910433054,8.297199986297066,-9.024609959936011,0.146520146520146,32.0
8.30006083403714,0.3242434872630528,8.275220648585046,-3.1481197534660503,0.0293040293040292,32.0
8.305061054998077,0.635889530264937,8.253241310873024,-1.4691225516174902,0.0293040293040292,32.0
8.310057961964048,1.2233067819659413,8.253241310873024,2.7283704530039103,-0.0293040293040292,32.0
8.315059783053584,1.8190854626455315,8.275220648585046,-0.20987465023107005,0.2051282051282044,32.0
8.32006903598085,2.124459851643435,8.297199986297066,6.9258634576253115,0.3809523809523796,32.0
8.325058785965666,2.018606261787123,8.297199986297066,2.3086211525417704,0.73260073260073,32.0
8.330059934058227,1.630897265602248,8.34115866172121,10.703607161784571,0.8498168498168468,32.0
8.33506104699336,1.2233447704030402,8.407096674857272,12.382604363633131,1.025641025641022,32.0
8.340059309965,0.9822203729444512,8.473034687993437,15.320849466868113,0.8498168498168468,32.0
8.34505884104874,0.8837662217597965,8.560952038841622,22.036838274262355,0.6153846153846132,32.0
8.350059614982456,0.7415085235434812,8.670848727401827,18.259094570103095,0.439560439560438,32.0
8.355059009045362,0.3903400690594454,8.780745415962032,24.135584776573054,0.3223443223443212,32.0
8.360058889025822,-0.1455890241047743,8.89064210452234,26.654080579345894,0.2637362637362628,32.0
8.365060230949894,-0.6422560983730183,9.000538793082546,23.715835476110914,0.3223443223443212,32.0
8.37005914002657,-0.8360013670095735,9.176373494778916,24.555334077035194,0.2051282051282044,32.0
8.375058547011577,-0.6304705872265436,9.242311507914978,24.555334077035194,0.146520146520146,32.0
8.380059413961135,-0.18165821540800794,9.396166871899327,22.876336875186635,-0.0293040293040292,32.0
8.385058811982162,0.20562038035107508,9.506063560459534,22.876336875186635,0.0293040293040292,32.0
8.390059208963066,0.29397613746772205,9.59398091130772,19.938091771951655,0.2637362637362628,32.0
8.39506056997925,0.07132738083674342,9.703877599867925,19.938091771951655,0.3809523809523796,32.0
8.400057998951524,-0.2678060645479341,9.769815613004088,13.641852265019553,0.4981684981684964,32.0
8.405059079057537,-0.5001725547010647,9.835753626140253,12.382604363633131,0.4981684981684964,32.0
8.410059110959992,-0.5596814956582867,9.879712301564295,7.7653620585495915,0.439560439560438,32.0
8.415058573009446,-0.5847005122570322,9.879712301564295,1.0493732511553502,0.3809523809523796,32.0
8.420039491960779,-0.7849680487988933,9.857732963852273,-6.506114157163171,0.3223443223443212,32.0
8.425058619002812,-1.248270255533552,9.813774288428233,-7.7653620585495915,0.2051282051282044,32.0
8.430061668041162,-1.8255497539840335,9.79179495071611,-5.246866255776751,0.0293040293040292,32.0
8.435057410039008,-2.2256010034974674,9.725856937580048,-11.543105762708851,-0.439560439560438,32.0
8.440062684006989,-2.2201964673268657,9.659918924443883,-14.901100166406074,-0.7912087912087884,32.0
8.445057931006886,-1.8125920764793555,9.572001573595697,-20.357841072413894,-1.0842490842490804,32.0
8.450059046037495,-1.2350871563396533,9.462104885035492,-22.036838274262454,-1.2600732600732556,32.0
8.455056678969413,-0.778569017724923,9.330228858763164,-25.814581978421717,-1.318681318681314,32.0
8.460058739059605,-0.5828149332291543,9.132414819354773,-28.752827081656697,-1.318681318681314,32.0
8.465058707050048,-0.559517813365339,9.044497468506588,-30.851573583967397,-1.2600732600732556,32.0
8.47006074001547,-0.4968073692545482,8.846683429098197,-33.37006938674024,-1.025641025641022,32.0
8.475057046976872,-0.2605339020278031,8.692828065113847,-34.20956798766452,-0.8498168498168468,32.0
8.48005756502971,0.07892865211841212,8.5389727011296,-33.37006938674024,-0.5567765567765548,32.0
8.485060881008394,0.29595334212900687,8.385117337145251,-30.431824283505257,-0.439560439560438,32.0
8.490058128954843,0.1994196590476401,8.231261973160901,-29.172576382118837,-0.146520146520146,32.0
8.495061859022826,-0.19309391900626768,8.077406609176654,-30.851573583967397,0.146520146520146,32.0
8.500059089041315,-0.6391495351848687,7.945530582904326,-24.975083377497437,0.0293040293040292,32.0
8.505060850991867,-0.8361477884153734,7.791675218920078,-26.234331278883857,-0.146520146520146,32.0
8.51006416499149,-0.6326787406378069,7.65979919264775,-27.073829879808137,-0.439560439560438,32.0
8.515056518022902,-0.13255651073699992,7.48396449095138,-35.46881588905094,-0.73260073260073,32.0
8.520059128990397,0.4013230875900109,7.330109126967133,-31.691072184891677,-0.9084249084249052,32.0
8.525059710023925,0.7469650574590905,7.198233100694805,-25.814581978421717,-0.9084249084249052,32.0
8.530058669042774,0.8857251417224946,7.066357074422577,-21.617088973800314,-0.73260073260073,32.0
8.535056191962212,0.985673495274673,6.978439723574392,-16.580097368254634,-0.6153846153846132,32.0
8.54006357199978,1.231865894805401,6.890522372726208,-13.641852265019654,-0.3223443223443212,32.0
8.545061051030643,1.6415832701790918,6.846563697302064,-11.123356462246711,-0.146520146520146,32.0
8.550062324968167,2.0254418585197658,6.824584359590044,-2.3086211525417704,-0.0293040293040292,32.0
8.555058241006918,2.1218424541453667,6.846563697302064,6.9258634576253115,0.2637362637362628,32.0
8.560058781062253,1.8073604511280121,6.868543035014187,9.024609959936011,0.439560439560438,32.0
8.565060556982644,1.207982343816497,6.934481048150249,15.740598767330253,0.6153846153846132,32.0
8.570057761040516,0.6245478801588852,7.022398398998434,19.938091771951655,0.4981684981684964,32.0
8.575056680012494,0.32122434194651467,7.13229508755864,23.715835476110914,0.439560439560438,32.0
8.580065008020028,0.34976635722179816,7.264171113830969,29.172576382118937,0.3223443223443212,32.0
8.585058039054275,0.5355584458417241,7.418026477815317,32.9503200862782,0.3223443223443212,32.0
8.590060082962736,0.6397922432898648,7.615840517223709,32.53057078581606,0.4981684981684964,32.0
8.595066981040873,0.5564923323385342,7.791675218920078,29.172576382118937,0.73260073260073,32.0
8.600057617994025,0.39221074018422314,7.923551245192305,28.333077781194657,0.8498168498168468,32.0
8.605058597982861,0.35757960239971504,8.055427271464533,27.493579180270377,0.9670329670329636,32.0
8.610059599974193,0.5709448662877634,8.187303297736861,27.073829879808237,0.73260073260073,32.0
8.615056043025106,0.9287737422218312,8.319179324009086,25.814581978421614,0.5567765567765548,32.0
8.620057857013308,1.1605641208491444,8.451055350281415,24.555334077035194,0.439560439560438,32.0
8.625059057027102,1.0229858924507,8.582931376553642,28.752827081656797,0.439560439560438,32.0
8.630059282062575,0.4881395425969325,8.71480740282597,29.592325682581077,0.3809523809523796,32.0
8.635057548992336,-0.22895950691256647,8.846683429098197,26.234331278883754,0.2637362637362628,32.0
8.640057152952068,-0.8248284265872946,9.000538793082546,29.592325682581077,0.0879120879120876,32.0
8.6450607359875,-1.1205778184687147,9.132414819354773,29.172576382118937,0.146520146520146,32.0
8.650063288048841,-1.170502704210828,9.286270183339122,27.073829879808237,0.0293040293040292,32.0
8.655059218988754,-1.1842604331549245,9.440125547323472,30.012074983043217,-0.146520146520146,32.0
8.660057672997937,-1.3288463942825064,9.550022235883677,22.876336875186635,-0.0293040293040292,32.0
8.665061926003546,-1.5780893324274141,9.637939586731862,21.617088973800215,-0.0879120879120876,32.0
8.67006284603849,-1.72975613576354,9.703877599867925,10.283857861322431,-0.146520146520146,32.0
8.675056747044437,-1.581462367077773,9.747836275292068,0.6296239506932101,-0.0879120879120876,32.0
8.680056924000382,-1.1157786690660179,9.725856937580048,-5.246866255776751,-0.3809523809523796,32.0
8.685058271046728,-0.5466402658635185,9.681898262155904,-9.444359260398151,-0.439560439560438,32.0
8.690058249980211,-0.1812906836167688,9.61596024901984,-9.024609959936011,-0.6153846153846132,32.0
8.695059080026112,-0.20196940162580235,9.572001573595697,-15.740598767330354,-0.5567765567765548,32.0
8.700057753012516,-0.539727295384929,9.484084222747512,-11.962855063170991,-0.4981684981684964,32.0
8.70505819504615,-0.937066963237923,9.418146209611349,-13.641852265019654,-0.6153846153846132,32.0
8.710061202989891,-1.1471175641584515,9.352208196475287,-12.802353664095271,-0.7912087912087884,32.0
8.715074033010751,-1.1117539392825453,9.286270183339122,-11.123356462246711,-0.9670329670329636,32.0
8.720057334983721,-0.9806950579953826,9.242311507914978,-6.9258634576253115,-1.025641025641022,32.0
8.725056692026556,-0.954704933294606,9.198352832490936,-11.123356462246711,-0.9670329670329636,32.0
8.730056473985314,-1.0966896052082167,9.132414819354773,-13.641852265019654,-1.0842490842490804,32.0
8.735055173980072,-1.256895019369089,9.066476806218711,-13.641852265019654,-1.0842490842490804,32.0
8.740098061040044,-1.1815247462958232,8.978559455370526,-16.999846668716774,-1.2014652014651972,32.0
8.745058065047488,-0.7299806600240776,8.91262144223436,-17.839345269641054,-1.2014652014651972,32.0
8.750059806974605,0.009487551356020973,8.824704091386176,-16.580097368254634,-1.0842490842490804,32.0
8.75505526503548,0.7442561466488163,8.692828065113847,-14.481350865943934,-0.73260073260073,32.0
8.760056431987323,1.189382326727798,8.626890051977785,-21.617088973800314,-0.5567765567765548,32.0
8.765056421980262,1.2549667101488258,8.5389727011296,-11.962855063170991,-0.2051282051282044,32.0
8.770065914024599,1.0920245147787544,8.473034687993437,-10.283857861322431,0.146520146520146,32.0
8.775057499995455,0.9532469131815827,8.451055350281415,-7.7653620585495915,0.146520146520146,32.0
8.780060902005062,0.9832385832479932,8.473034687993437,4.827116955314611,0.146520146520146,32.0
8.785060242051259,1.11493262269638,8.495014025705457,1.4691225516174902,0.2051282051282044,32.0
8.790059086983092,1.1451879210045657,8.5389727011296,10.283857861322431,0.2637362637362628,32.0
8.795055864029564,0.9294195698897623,8.582931376553642,9.864108560860291,0.3223443223443212,32.0
8.800058812950738,0.5300174354882687,8.648869389689805,12.802353664095271,0.3809523809523796,32.0
8.805094428011216,0.1956257837120854,8.71480740282597,15.740598767330253,0.2637362637362628,32.0
8.810063387965783,0.18586588792036404,8.758766078250012,12.382604363633131,0.0879120879120876,32.0
8.81505780306179,0.5586493980280317,8.846683429098197,12.382604363633131,0.0879120879120876,32.0
8.82006059505511,1.129094190079613,8.89064210452234,10.703607161784571,0.0879120879120876,32.0
8.825064182048663,1.5892278039680965,8.956580117658403,13.222102964557411,0.0879120879120876,32.0
8.830075460951775,1.7289569318028848,9.044497468506588,16.99984666871667,0.3223443223443212,32.0
8.835068393032998,1.5717656451551592,9.154394157066793,21.617088973800215,0.6739926739926716,32.0
8.840059526031837,1.3237299056088454,9.264290845627102,24.135584776573054,0.8498168498168468,32.0
8.845060609048232,1.1827503386087488,9.418146209611349,35.0490665885889,0.8498168498168468,32.0
8.850057582021691,1.1706521114759303,9.59398091130772,35.46881588905104,0.9084249084249052,32.0
8.855056063039228,1.1171182214613902,9.79179495071611,36.72806379043746,1.1428571428571388,32.0
8.860065483022481,0.8135307592470007,9.989608990124601,41.345306095521,1.2014652014651972,32.0
8.86506192095112,0.21211693917037258,10.187423029532994,36.30831448997532,0.9670329670329636,32.0
8.870062137953937,-0.504515496538166,10.385237068941384,42.18480469644528,0.73260073260073,32.0
8.875058804056607,-1.0312200185987468,10.583051108349775,41.76505539598314,0.2637362637362628,32.0
8.880060925963335,-1.1586973814362482,10.780865147758165,40.50580749459672,-0.2637362637362628,32.0
8.885060859960504,-0.9206627577660488,10.956699849454536,38.40706099228602,-0.3809523809523796,32.0
8.89006198104471,-0.563165447592582,11.132534551150906,33.78981868720248,-0.2637362637362628,32.0
8.895058277063072,-0.35562965614620623,11.286389915135254,27.493579180270377,-0.0879120879120876,32.0
8.900060913991183,-0.39541907009367355,11.418265941407482,24.555334077035194,0.2051282051282044,32.0
8.90506048395764,-0.5604537632614174,11.528162629967687,18.678843870565235,0.3809523809523796,32.0
8.910061447997577,-0.6394900917392107,11.638059318527995,22.036838274262355,0.3223443223443212,32.0
8.915058473008685,-0.5313521261141898,11.703997331664057,14.481350865943833,0.2637362637362628,32.0
8.920060349046253,-0.346079367147544,11.76993534480022,8.604860659473871,0.3223443223443212,32.0
8.92506061005406,-0.3242375467538354,11.791914682512243,3.5678690539281908,0.2637362637362628,32.0
8.930059727979824,-0.6357619315733903,11.791914682512243,-0.20987465023107005,0.2051282051282044,32.0
8.935058586997911,-1.2233876184536634,11.76993534480022,-6.506114157163171,0.2051282051282044,32.0
8.940059732063673,-1.819080457010914,11.7479560070882,-6.086364856701031,0.0293040293040292,32.0
8.945060009951703,-2.1242835039021055,11.703997331664057,-12.382604363633131,-0.2637362637362628,32.0
8.950063438969664,-2.018340176858939,11.638059318527995,-14.481350865943934,-0.5567765567765548,32.0
8.955059233005159,-1.6309592110233724,11.55014196767981,-14.061601565481794,-0.9084249084249052,32.0
8.96006315795239,-1.223201419760237,11.462224616831625,-21.197339673338174,-1.1428571428571388,32.0
8.965059667010792,-0.9822098301881326,11.330348590559296,-30.431824283505257,-1.0842490842490804,32.0
8.970060389954597,-0.8837402390240322,11.17649322657505,-33.78981868720238,-1.0842490842490804,32.0
8.975061067962088,-0.7414412879897494,11.000658524878679,-35.0490665885888,-1.1428571428571388,32.0
8.980061598005705,-0.39009809970230386,10.824823823182308,-39.2465595932102,-1.1428571428571388,32.0
8.985061415005475,0.14587407591594873,10.648989121485938,-34.62931728812666,-1.025641025641022,32.0
8.99006050801836,0.6422772115974095,10.47315441978957,-35.46881588905094,-0.6739926739926716,32.0
8.995058669010177,0.8360024182208338,10.31929905580522,-31.271322884429537,-0.3809523809523796,32.0
9.000059762969613,0.6303801273187158,10.165443691820972,-30.851573583967397,0.0293040293040292,32.0
9.005060221999884,0.18158214807304737,9.96762965241248,-30.431824283505257,0.3809523809523796,32.0
9.01006485405378,-0.2059360172029325,9.835753626140253,-30.431824283505257,0.3223443223443212,32.0
9.015059276018292,-0.29397498010248124,9.725856937580048,-30.851573583967397,0.146520146520146,32.0
9.020060235983692,-0.07134896692238062,9.59398091130772,-23.715835476111014,-0.2637362637362628,32.0
9.025060140993446,0.26794085975062804,9.506063560459534,-20.357841072413894,-0.439560439560438,32.0
9.030061327968724,0.5002346599942065,9.396166871899327,-19.938091771951754,-0.5567765567765548,32.0
9.035058537963778,0.5596807576486302,9.308249521051144,-18.678843870565334,-0.5567765567765548,32.0
9.040061766048893,0.5847532727307956,9.242311507914978,-12.382604363633131,-0.5567765567765548,32.0
9.045061863027513,0.7864715440583446,9.176373494778916,-9.864108560860291,-0.439560439560438,32.0
9.050061227986589,1.2485633842892294,9.176373494778916,-3.9876183543903307,-0.439560439560438,32.0
9.055058220983483,1.8251777301598142,9.154394157066793,1.4691225516174902,-0.2637362637362628,32.0
9.06006151996553,2.225781609951798,9.176373494778916,4.407367654852471,0.0293040293040292,32.0
9.06506041600369,2.2203008046096615,9.220332170202958,10.283857861322431,0.439560439560438,32.0
9.070060700061731,1.8122908686114938,9.286270183339122,17.41959596917881,0.6739926739926716,32.0
9.075058507034555,1.2351473781531348,9.418146209611349,22.876336875186635,0.9084249084249052,32.0
9.080060782958753,0.7782982702845374,9.550022235883677,30.8515735839675,0.9670329670329636,32.0
9.085046843974851,0.5830014740095234,9.703877599867925,32.53057078581606,0.8498168498168468,32.0
9.090059553040192,0.5595165477587306,9.857732963852273,30.012074983043217,1.025641025641022,32.0
9.09505705803167,0.4969124288715197,10.011588327836623,30.431824283505357,0.9084249084249052,32.0
9.100059162010439,0.26039961842074916,10.143464354108849,26.654080579345894,0.8498168498168468,32.0
9.105056282016449,-0.07884646805294292,10.275340380381177,26.234331278883754,0.6153846153846132,32.0
9.110056780977175,-0.2958889950241453,10.451175082077548,24.975083377497334,0.3223443223443212,32.0
9.115057604038157,-0.1994478807798542,10.51711309521361,22.876336875186635,0.146520146520146,32.0
9.120056928950362,0.1926283094871959,10.648989121485938,20.777590372875935,-0.2051282051282044,32.0
9.125057519064285,0.6390346577881657,10.758885810046145,22.036838274262355,-0.2051282051282044,32.0
9.130067558959126,0.8361487770009937,10.89076183631837,22.876336875186635,-0.0293040293040292,32.0
9.13505829195492,0.6331352897710617,11.000658524878679,23.715835476110914,0.2051282051282044,32.0
9.140057064010762,0.1324948151123082,11.110555213438884,21.197339673338075,0.439560439560438,32.0
9.145059681963176,-0.40137422592593713,11.242431239711111,29.172576382118937,0.5567765567765548,32.0
9.150057482998818,-0.7468643938859124,11.37430726598344,25.814581978421614,0.4981684981684964,32.0
9.15505583200138,-0.885678121971188,11.484203954543645,22.036838274262355,0.439560439560438,32.0
9.160061461036094,-0.9858330635473351,11.616079980815872,25.814581978421614,0.3223443223443212,32.0
9.165068177040666,-1.2321829704533473,11.703997331664057,19.938091771951655,0.2637362637362628,32.0
9.170060788048431,-1.641560053079131,11.76993534480022,11.962855063170991,0.2051282051282044,32.0
9.175056727952324,-2.025129812863315,11.791914682512243,3.5678690539281908,0.0293040293040292,32.0
9.180063343024813,-2.121731667248287,11.76993534480022,-4.407367654852471,-0.2637362637362628,32.0
9.18505951599218,-1.8072872415788093,11.7479560070882,-12.382604363633131,-0.3809523809523796,32.0
9.190056359977461,-1.2085248607983103,11.682017993952035,-18.678843870565334,-0.6153846153846132,32.0
9.195058319950476,-0.6244949279823047,11.57212130539183,-21.197339673338174,-0.8498168498168468,32.0
9.20005730795674,-0.32120873319172943,11.462224616831625,-24.975083377497437,-0.9084249084249052,32.0
9.205063384957612,-0.3497179554280984,11.352327928271317,-25.814581978421717,-0.7912087912087884,32.0
9.210058253956959,-0.5355661576914569,11.19847256428707,-25.814581978421717,-0.73260073260073,32.0
9.215071973972954,-0.6398152321487519,11.06659653801474,-27.493579180270277,-0.73260073260073,32.0
9.220060592051595,-0.5566923325207225,10.912741174030494,-30.431824283505257,-0.9084249084249052,32.0
9.225059796008281,-0.39215250758145737,10.780865147758165,-29.172576382118837,-0.9670329670329636,32.0
9.230059997993521,-0.3576038493403847,10.648989121485938,-30.012074983043117,-0.8498168498168468,32.0
9.235061576007865,-0.5710720965266458,10.51711309521361,-21.197339673338174,-0.6153846153846132,32.0
9.240024641039781,-0.926601751683525,10.407216406653404,-20.777590372876034,-0.5567765567765548,32.0
9.24505757598672,-1.1605599625991971,10.31929905580522,-20.777590372876034,-0.5567765567765548,32.0
9.250060013961047,-1.0229180816873407,10.187423029532994,-27.913328480732417,-0.4981684981684964,32.0
9.255057350033894,-0.48840100848680235,10.033567665548643,-26.654080579345997,-0.2637362637362628,32.0
9.260058557032607,0.2291012998641685,9.945650314700458,-27.073829879808137,-0.146520146520146,32.0
9.265056282980368,0.8247489629772976,9.747836275292068,-34.62931728812666,-0.2051282051282044,32.0
9.27005722199101,1.1204758137206745,9.61596024901984,-31.271322884429537,-0.2051282051282044,32.0
9.27506204904057,1.1705043362343976,9.462104885035492,-28.752827081656697,-0.2051282051282044,32.0
9.280057306052186,1.18423565620231,9.308249521051144,-26.654080579345997,-0.2637362637362628,32.0
9.285056272055954,1.3287848378710136,9.220332170202958,-15.740598767330354,-0.3223443223443212,32.0
9.29005795205012,1.577897449756173,9.154394157066793,-10.703607161784571,-0.2637362637362628,32.0
9.29506010597106,1.7297426516874372,9.110435481642751,-4.827116955314611,-0.0293040293040292,32.0
9.300056886044331,1.581453326821521,9.110435481642751,-1.8888718520796304,0.0293040293040292,32.0
9.305057013989426,1.1157684485958348,9.132414819354773,5.246866255776751,0.2051282051282044,32.0
9.310057107009925,0.5467601287803092,9.176373494778916,12.802353664095271,0.4981684981684964,32.0
9.31505674996879,0.1813456306963332,9.286270183339122,16.99984666871667,0.439560439560438,32.0
9.320055659045465,0.2018245736323473,9.352208196475287,22.036838274262355,0.3809523809523796,32.0
9.325056463014334,0.5396196588258754,9.484084222747512,25.394832677959474,0.3809523809523796,32.0
9.330055878031999,0.9369126676874122,9.572001573595697,21.197339673338075,0.4981684981684964,32.0
9.335056471056305,1.1470445521833,9.681898262155904,20.777590372875935,0.5567765567765548,32.0
9.34005595894996,1.1121861358144938,9.79179495071611,19.938091771951655,0.6739926739926716,32.0
9.345055866986513,0.9807262357089043,9.879712301564295,22.036838274262355,1.0842490842490804,32.0
9.35005785303656,0.9547202618605538,9.96762965241248,16.58009736825453,1.0842490842490804,32.0
9.355055544991046,1.0966541267857786,10.055547003260665,19.098593171027375,0.9084249084249052,32.0
9.360059782047756,1.256972060423678,10.121485016396829,15.740598767330253,0.8498168498168468,32.0
9.365059943986125,1.183499106627978,10.209402367245014,14.901100166405973,0.9084249084249052,32.0
9.37005859403871,0.7299136583527145,10.275340380381177,14.901100166405973,0.9084249084249052,32.0
9.37505859695375,-0.009295602137774412,10.363257731229362,16.99984666871667,0.7912087912087884,32.0
9.380057621980086,-0.7445513610869078,10.451175082077548,17.83934526964095,0.4981684981684964,32.0
9.385059188003652,-1.18951901292433,10.561071770637755,20.357841072413795,0.146520146520146,32.0
9.390056628966704,-1.2549630228100987,10.648989121485938,19.518342471489515,-0.2637362637362628,32.0
9.395060790004209,-1.0922194443083952,10.736906472334123,17.83934526964095,-0.439560439560438,32.0
9.400063387001865,-0.9531744158973743,10.84680316089433,12.382604363633131,-0.5567765567765548,32.0
9.405057403026149,-0.9831623820634543,10.86878249860635,10.283857861322431,-0.4981684981684964,32.0
9.410059403046034,-1.1149129957653747,10.912741174030494,2.7283704530039103,-0.439560439560438,32.0
9.415061656967737,-1.145145019046056,10.912741174030494,0.6296239506932101,-0.439560439560438,32.0
9.420064736972563,-0.9288202483761684,10.89076183631837,-5.246866255776751,-0.5567765567765548,32.0
9.425060943001881,-0.5298403232015415,10.86878249860635,-5.666615556238891,-0.6153846153846132,32.0
9.430058515048586,-0.19708128941983627,10.84680316089433,-1.8888718520796304,-0.73260073260073,32.0
9.435046292026527,-0.18520825874439442,10.824823823182308,-1.8888718520796304,-0.73260073260073,32.0
9.44006278004963,-0.5591668574757611,10.824823823182308,3.5678690539281908,-0.5567765567765548,32.0
9.445058758952655,-1.1288866469301397,10.824823823182308,3.1481197534660503,-0.6153846153846132,32.0
9.450059166061692,-1.5889096659260205,10.824823823182308,1.4691225516174902,-0.6153846153846132,32.0
9.45505944895558,-1.7290617950257736,10.824823823182308,-5.246866255776751,-0.73260073260073,32.0
9.460057331016287,-1.5723048750137372,10.824823823182308,-0.20987465023107005,-1.025641025641022,32.0
9.465057687018998,-1.3238096674743405,10.802844485470187,-2.7283704530039103,-1.1428571428571388,32.0
9.470057155005634,-1.1827926792512775,10.780865147758165,-4.827116955314611,-1.2014652014651972,32.0
9.475057607982308,-1.1706521413165119,10.736906472334123,-6.9258634576253115,-1.2014652014651972,32.0
9.480062328046188,-1.1169286014677748,10.69294779690998,-4.407367654852471,-1.0842490842490804,32.0
9.485060245031491,-0.8140172501499384,10.648989121485938,-14.061601565481794,-1.1428571428571388,32.0
9.490056982031092,-0.2128146711427765,10.627009783773918,-7.7653620585495915,-1.025641025641022,32.0
9.495057601016015,0.5039056743051447,10.583051108349775,-9.444359260398151,-0.8498168498168468,32.0
9.500057675060816,1.031142254534323,10.539092432925733,-6.086364856701031,-0.6739926739926716,32.0
9.505060901050456,1.1586977958177447,10.49513375750159,-6.086364856701031,-0.3809523809523796,32.0
9.510060867993161,0.9206621981163572,10.47315441978957,-3.9876183543903307,-0.146520146520146,32.0
9.515059984987602,0.5632923825394703,10.51711309521361,5.246866255776751,0.0293040293040292,32.0
9.520056355977431,0.3556605225545931,10.539092432925733,9.024609959936011,0.0293040293040292,32.0
9.525058252969757,0.39534620959283473,10.583051108349775,8.185111359011731,0.0293040293040292,32.0
9.530058081028983,0.5603796525945308,10.627009783773918,9.024609959936011,-0.0293040293040292,32.0
9.535059568006545,0.6394956980516665,10.648989121485938,10.703607161784571,0.0293040293040292,32.0
9.540059659047984,0.531309053316696,10.736906472334123,10.283857861322431,0.0293040293040292,32.0
9.545057595008984,0.3461592372730814,10.780865147758165,10.703607161784571,0.0879120879120876,32.0
9.550058454973623,0.32418042578154993,10.86878249860635,13.641852265019553,0.0293040293040292,32.0
9.555057069053873,0.6355063267827579,10.934720511742515,15.740598767330253,0.0879120879120876,32.0
9.56006157095544,1.2237735400604788,11.022637862590699,16.58009736825453,0.2051282051282044,32.0
9.565060800989158,1.819185385805159,11.088575875726864,17.41959596917881,0.3809523809523796,32.0
9.570057420060039,2.1242326422031486,11.17649322657505,17.41959596917881,0.6739926739926716,32.0
9.575059022987261,2.018592713717233,11.308369252847276,24.975083377497334,0.9670329670329636,32.0
9.580068601062521,1.6301314243913676,11.440245279119502,27.073829879808237,1.2014652014651972,32.0
9.585057380027138,1.2235938649502505,11.57212130539183,32.53057078581606,1.2014652014651972,32.0
9.590057878056541,0.9822626620717463,11.7479560070882,34.20956798766462,1.318681318681314,32.0
9.595058421022259,0.8837732669038,11.945770046496591,36.72806379043746,1.025641025641022,32.0
9.600056838011369,0.7416369725424398,12.165563423617003,36.72806379043746,0.8498168498168468,32.0
9.605058699962683,0.39036895289132295,12.341398125313374,37.98731169182388,0.5567765567765548,32.0
9.610056082950905,-0.145272353467933,12.539212164721764,41.76505539598314,0.3809523809523796,32.0
9.615059901028872,-0.6422309563935577,12.737026204130256,38.40706099228602,0.0293040293040292,32.0
9.62005810404662,-0.8360036741521407,12.912860905826626,40.92555679505886,0.0293040293040292,32.0
9.625060218037106,-0.6303462691479989,13.132654282947039,40.50580749459672,0.0879120879120876,32.0
9.630069482023828,-0.1807105526133303,13.33046832235543,38.826810292748156,0.2051282051282044,32.0
9.635056672967039,0.20550852651558307,13.52828236176382,28.333077781194657,0.439560439560438,32.0
9.640070324996486,0.2937834654730537,13.660158388036148,29.592325682581077,0.5567765567765548,32.0
9.645058618974872,0.07145346644558362,13.792034414308375,29.172576382118937,0.6153846153846132,32.0
9.650072957971133,-0.26874694287404227,13.90193110286858,24.135584776573054,0.439560439560438,32.0
9.655058669974096,-0.5001612533919991,14.011827791428889,19.518342471489515,0.3809523809523796,32.0
9.660061173024587,-0.5596841470646142,14.121724479989094,14.481350865943833,0.0879120879120876,32.0
9.665056040044874,-0.5846587132325082,14.20964183083728,16.99984666871667,-0.0293040293040292,32.0
9.670059469062835,-0.7863103828323831,14.253600506261321,8.604860659473871,-0.0879120879120876,32.0
9.675056730979122,-1.2480581510997304,14.275579843973341,5.666615556238891,-0.0293040293040292,32.0
9.680057005956769,-1.8250465777150606,14.275579843973341,-2.7283704530039103,-0.0879120879120876,32.0
9.685055869049393,-2.2255332118984614,14.275579843973341,-2.7283704530039103,-0.2637362637362628,32.0
9.690057320985943,-2.2204430471662455,14.2316211685493,-7.3456127580874515,-0.6153846153846132,32.0
9.69505754695274,-1.812633848282653,14.143703817701114,-14.481350865943934,-0.7912087912087884,32.0
9.70005633099936,-1.2353905185136909,14.077765804564951,-15.320849466868214,-0.9084249084249052,32.0
9.705059214029461,-0.7784017528518957,13.967869116004746,-19.518342471489614,-0.7912087912087884,32.0
9.710059178061783,-0.5828080686379894,13.87995176515656,-23.296086175648874,-0.4981684981684964,32.0
9.715058412984945,-0.559518252975234,13.748075738884333,-26.654080579345997,-0.3223443223443212,32.0
9.720057572005317,-0.49689776973260935,13.616199712612005,-26.654080579345997,-0.3809523809523796,32.0
9.725015592994168,-0.2631615477599265,13.484323686339778,-32.530570785815954,-0.4981684981684964,32.0
9.730062991962768,0.07927618559956702,13.308488984643407,-34.62931728812666,-0.4981684981684964,32.0
9.735055536963046,0.29586942684133816,13.110674945235017,-30.851573583967397,-0.6739926739926716,32.0
9.740055455011316,0.19956338512875577,12.956819581250668,-32.9503200862781,-0.6739926739926716,32.0
9.745059309061617,-0.19285308642471874,12.824943554978441,-29.172576382118837,-0.7912087912087884,32.0
9.750056601013057,-0.638967470672648,12.693067528706113,-24.555334077035297,-0.73260073260073,32.0
9.755064753000624,-0.8361484562378779,12.583170840145907,-20.777590372876034,-0.73260073260073,32.0
9.76005773304496,-0.6331787149745537,12.473274151585702,-21.617088973800314,-0.8498168498168468,32.0
9.765056450036354,-0.1325641930680424,12.385356800737517,-19.518342471489614,-0.6739926739926716,32.0
9.770060332026333,0.40143433983904214,12.27546011217731,-20.357841072413894,-0.4981684981684964,32.0
9.775057059014216,0.7468452243492144,12.143584085904982,-21.197339673338174,-0.2051282051282044,32.0
9.780060224002227,0.8857509073587169,12.077646072768818,-19.098593171027474,0.146520146520146,32.0
9.785058383014984,0.9857398271954027,11.967749384208613,-23.715835476111014,0.3809523809523796,32.0
9.790061481995508,1.2317220409608243,11.901811371072448,-14.481350865943934,0.3223443223443212,32.0
9.795074854046106,1.6428017787187583,11.835873357936386,-10.703607161784571,0.2637362637362628,32.0
9.800059417961165,2.025279833552725,11.791914682512243,-12.382604363633131,0.439560439560438,32.0
9.80505595705472,2.1218919021037306,11.76993534480022,-3.5678690539281908,0.4981684981684964,32.0
9.810057376977056,1.8075003000570573,11.791914682512243,5.246866255776751,0.7912087912087884,32.0
9.815058929030783,1.2081927760024551,11.835873357936386,9.444359260398151,1.025641025641022,32.0
9.820032945019193,0.6269027760534928,11.879832033360428,12.802353664095271,0.9670329670329636,32.0
9.825061141047627,0.32111357499515025,11.945770046496591,13.222102964557411,0.7912087912087884,32.0
9.830064504989423,0.34975135436736565,12.011708059632756,11.962855063170991,0.6153846153846132,32.0
9.835059126955457,0.5355974837190823,12.055666735056796,7.3456127580874515,0.6153846153846132,32.0
9.840058217057958,0.63978852957967,12.077646072768818,7.3456127580874515,0.6739926739926716,32.0
9.845059231040068,0.5567349181856914,12.099625410480941,2.3086211525417704,0.73260073260073,32.0
9.850059963064268,0.3921480421662773,12.121604748192961,1.0493732511553502,0.73260073260073,32.0
9.855056531028822,0.35754384309376935,12.099625410480941,-1.0493732511553502,0.7912087912087884,32.0
9.860058950027451,0.5709030238582369,12.099625410480941,-2.7283704530039103,0.6739926739926716,32.0
9.865058792056516,0.9289636446230862,12.099625410480941,-3.5678690539281908,0.5567765567765548,32.0
9.87005893397145,1.1605800448335413,12.077646072768818,-4.407367654852471,0.6153846153846132,32.0
9.875059060985222,1.022985611999899,12.099625410480941,-0.6296239506932101,0.6739926739926716,32.0
9.8800581820542,0.48828841275567336,12.099625410480941,1.0493732511553502,0.73260073260073,32.0
9.885057465056889,-0.22894770014116247,12.099625410480941,1.4691225516174902,0.73260073260073,32.0
9.890061671030708,-0.8252409530940218,12.099625410480941,0.20987465023107005,0.6739926739926716,32.0
9.89505593397189,-1.1204383927750614,12.099625410480941,-0.6296239506932101,0.439560439560438,32.0
9.90005817997735,-1.1705094199112265,12.077646072768818,-2.7283704530039103,0.146520146520146,32.0
9.905057313037105,-1.1842357466334679,12.033687397344776,-8.604860659473871,-0.0879120879120876,32.0
9.910063273040578,-1.3290925511061389,12.011708059632756,-9.444359260398151,-0.146520146520146,32.0
9.915078953956254,-1.5789108322780065,11.945770046496591,-9.024609959936011,-0.2637362637362628,32.0
9.92006220901385,-1.7297530094270859,11.879832033360428,-14.061601565481794,-0.439560439560438,32.0
9.925059461966157,-1.5812857469510682,11.791914682512243,-18.678843870565334,-0.5567765567765548,32.0
9.930057902005501,-1.1156675905737488,11.682017993952035,-23.296086175648874,-0.73260073260073,32.0
9.935056432965212,-0.5468295416801685,11.55014196767981,-31.691072184891677,-0.9084249084249052,32.0
9.94005820399616,-0.18129236751616087,11.39628660369546,-34.62931728812666,-0.9084249084249052,32.0
9.945056119002402,-0.20184403689587013,11.17649322657505,-34.20956798766452,-0.8498168498168468,32.0
9.950061638024636,-0.5400514815400578,11.06659653801474,-35.0490665885888,-0.73260073260073,32.0
9.955058824038133,-0.9371088417272114,10.86878249860635,-35.0490665885888,-0.8498168498168468,32.0
9.960060699959286,-1.147109813826632,10.714927134622103,-29.592325682580977,-0.9084249084249052,32.0
9.965057629044168,-1.112146255142506,10.561071770637755,-33.78981868720238,-0.8498168498168468,32.0
9.970056905061938,-0.9807041877292617,10.407216406653404,-30.012074983043117,-0.7912087912087884,32.0
9.975057811010629,-0.9547197068243707,10.253361042669056,-31.271322884429537,-0.6739926739926716,32.0
9.980056190979667,-1.0966787970801801,10.077526340972787,-35.0490665885888,-0.3809523809523796,32.0
9.98505635606125,-1.2569148019619665,9.879712301564295,-41.345306095521,-0.2637362637362628,32.0
9.990060043055564,-1.1834940054441818,9.681898262155904,-43.4440525978317,-0.4981684981684964,32.0
9.995056012063287,-0.7302406574161102,9.462104885035492,-43.4440525978317,-0.7912087912087884,32.0
