t_s,cmd,pos_deg,vel_deg_s,tau_est_nm,temp_c
0.0008149220375344157,30.0,443.51006602250635,3.1481197534660503,-0.0879120879120876,35.0
0.007485128007829189,30.0,443.51006602250635,0.20987465023107005,-0.0879120879120876,35.0
0.00938728207256645,30.0,443.51006602250635,3.1481197534660503,0.2637362637362628,35.0
0.013431092025712132,30.0,443.51006602250635,4.407367654852471,0.3223443223443212,35.0
0.01744356704875827,30.0,443.5320453602185,3.9876183543903307,0.3809523809523796,35.0
0.024165301001630723,30.0,443.5979833733547,3.9876183543903307,0.6153846153846132,35.0
0.02642267697956413,30.0,443.5979833733547,8.185111359011731,0.6739926739926716,35.0
0.030393922002986073,30.0,443.6419420487787,10.703607161784571,0.6153846153846132,35.0
0.03447217296343297,30.0,443.6859007242027,10.703607161784571,0.6153846153846132,35.0
0.0395686209667474,30.0,443.7518387373389,13.641852265019553,0.5567765567765548,35.0
0.04458813299424946,30.0,443.83975608818696,13.641852265019553,0.4981684981684964,35.0
0.04941354400943965,30.0,443.90569410132315,16.58009736825453,0.6153846153846132,35.0
0.05446850904263556,30.0,443.9936114521714,15.320849466868113,0.6153846153846132,35.0
0.05643387301824987,30.0,444.01559078988333,15.320849466868113,0.6153846153846132,35.0
0.06045471096877009,30.0,444.0815288030195,14.061601565481693,0.6739926739926716,35.0
0.06443001003935933,30.0,444.1474668161557,15.740598767330253,0.7912087912087884,35.0
0.07152460399083793,30.0,444.235384167004,11.123356462246711,0.7912087912087884,35.0
0.07344429998192936,30.0,444.235384167004,7.3456127580874515,0.7912087912087884,35.0
0.07748862903099507,30.0,444.30132218013995,10.703607161784571,0.73260073260073,35.0
0.08151705702766776,30.0,444.32330151785203,6.086364856701031,0.8498168498168468,35.0
0.08641670900397003,30.0,444.34528085556417,6.9258634576253115,0.9084249084249052,35.0
0.09143269201740623,30.0,444.3672601932761,1.8888718520796304,0.9084249084249052,35.0
0.09540582506451756,30.0,444.3892395309882,1.0493732511553502,0.9670329670329636,35.0
0.09937621396966279,30.0,444.41121886870013,3.9876183543903307,0.9670329670329636,35.0
0.10656628501601517,30.0,444.4551775441244,3.5678690539281908,0.9084249084249052,35.0
0.10844146204181015,30.0,444.4551775441244,6.086364856701031,0.9084249084249052,35.0
0.11253183404915035,30.0,444.4771568818363,1.8888718520796304,0.8498168498168468,35.0
0.11736891698092222,30.0,444.4991362195484,5.666615556238891,0.9084249084249052,35.0
0.12158191401977092,30.0,444.54309489497246,4.827116955314611,0.9084249084249052,35.0
0.12640155805274844,30.0,444.5870535703965,5.666615556238891,0.8498168498168468,35.0
0.13035459397360682,30.0,444.6310122458207,10.283857861322431,0.8498168498168468,35.0
0.13745673501398414,30.0,444.6529915835327,7.7653620585495915,0.73260073260073,35.0
0.13958133396226913,30.0,444.6969502589569,8.185111359011731,0.7912087912087884,35.0
0.14358951605390757,30.0,444.74090893438097,12.382604363633131,0.6739926739926716,35.0
0.14841086301021278,30.0,444.784867609805,11.543105762708851,0.5567765567765548,35.0
0.15259310905821621,30.0,444.85080562294115,12.802353664095271,0.3809523809523796,35.0
0.15742114302702248,30.0,444.91674363607734,16.58009736825453,0.2051282051282044,35.0
0.16140025504864752,30.0,444.9826816492135,18.259094570103095,0.0293040293040292,35.0
0.16852140403352678,30.0,445.1145576754856,17.83934526964095,0.0879120879120876,35.0
0.17041463998612016,30.0,445.18049568862176,21.197339673338075,0.0879120879120876,35.0
0.1745437050703913,30.0,445.24643370175795,21.617088973800215,0.0879120879120876,35.0
0.17941109207458794,30.0,445.3783097280303,26.654080579345894,0.2051282051282044,35.0
0.18341797299217433,30.0,445.4662270788784,21.617088973800215,0.3223443223443212,35.0
0.18743190506938845,30.0,445.55414442972665,25.394832677959474,0.439560439560438,35.0
0.19137455604504794,30.0,445.64206178057475,24.135584776573054,0.439560439560438,35.0
0.19847638602368534,30.0,445.79591714455916,22.036838274262355,0.6153846153846132,35.0
0.20054315403103828,30.0,445.8618551576951,21.617088973800215,0.6739926739926716,35.0
0.2045789030380547,30.0,445.9277931708313,15.740598767330253,0.6739926739926716,35.0
0.20941977098118514,30.0,446.0157105216796,19.518342471489515,0.7912087912087884,35.0
0.2134750880068168,30.0,446.08164853481577,18.678843870565235,0.6739926739926716,35.0
0.2205917719984427,30.0,446.19154522337595,15.320849466868113,0.6739926739926716,35.0
0.22253595804795623,30.0,446.2355038988,16.58009736825453,0.5567765567765548,35.0
0.22654202801641077,30.0,446.27946257422406,15.320849466868113,0.5567765567765548,35.0
0.23137580300681293,30.0,446.3454005873602,10.703607161784571,0.5567765567765548,35.0
0.2354008259717375,30.0,446.4113386004964,12.382604363633131,0.5567765567765548,35.0
0.2394147029845044,30.0,446.45529727592043,11.962855063170991,0.6739926739926716,35.0
0.24637595703825355,30.0,446.5432146267687,6.506114157163171,0.73260073260073,35.0
0.2485106399981305,30.0,446.5432146267687,7.3456127580874515,0.6739926739926716,35.0
0.25251401506830007,30.0,446.58717330219275,11.123356462246711,0.6739926739926716,35.0
0.25754277303349227,30.0,446.6531113153289,8.604860659473871,0.6153846153846132,35.0
0.26261069800239056,30.0,446.69706999075294,9.864108560860291,0.5567765567765548,35.0
0.26740817504469305,30.0,446.7630080038891,11.543105762708851,0.4981684981684964,35.0
0.2713842160301283,30.0,446.8069666793132,11.123356462246711,0.3809523809523796,35.0
0.27563796704635024,30.0,446.8729046924493,10.703607161784571,0.3223443223443212,35.0
0.2804699130356312,30.0,446.9388427055855,16.58009736825453,0.3223443223443212,35.0
0.2844485050300136,30.0,447.00478071872163,13.222102964557411,0.2637362637362628,35.0
0.28845779807306826,30.0,447.0707187318578,17.41959596917881,0.2051282051282044,35.0
0.2924397250171751,30.0,447.15863608270587,22.876336875186635,0.2051282051282044,35.0
0.2995723830536008,30.0,447.33447078440224,22.456587574724495,0.3223443223443212,35.0
0.3014856920344755,30.0,447.3784294598263,25.814581978421614,0.2637362637362628,35.0
0.30546599300578237,30.0,447.48832614838653,25.394832677959474,0.3223443223443212,35.0
0.3105303900083527,30.0,447.62020217465886,23.296086175648774,0.439560439560438,35.0
0.3155765610281378,30.0,447.7520782009312,20.357841072413795,0.5567765567765548,35.0
0.3204432940110564,30.0,447.8399955517792,17.41959596917881,0.73260073260073,35.0
0.32445146807003766,30.0,447.92791290262755,19.938091771951655,0.7912087912087884,35.0
0.32851293100975454,30.0,447.9718715780516,13.641852265019553,0.9084249084249052,35.0
0.3335868150461465,30.0,448.05978892889965,13.641852265019553,0.9084249084249052,35.0
0.33842458203434944,30.0,448.1037476043239,11.962855063170991,0.7912087912087884,35.0
0.34342281403951347,30.0,448.191664955172,11.962855063170991,0.6739926739926716,35.0
0.34740046004299074,30.0,448.2136442928841,12.802353664095271,0.6153846153846132,35.0
0.3514184789964929,30.0,448.2795823060203,13.641852265019553,0.6153846153846132,35.0
0.3554854040266946,30.0,448.3235409814443,7.7653620585495915,0.6739926739926716,35.0
0.3624216379830614,30.0,448.43343767000454,11.962855063170991,0.6739926739926716,35.0
0.364516664063558,30.0,448.43343767000454,9.444359260398151,0.6153846153846132,35.0
0.368490403983742,30.0,448.4773963454286,16.99984666871667,0.5567765567765548,35.0
0.3734739189967513,30.0,448.5433343585647,13.222102964557411,0.3809523809523796,35.0
0.3784927160013467,30.0,448.631251709413,19.098593171027375,0.2637362637362628,35.0
0.3834029210265726,30.0,448.69718972254896,17.41959596917881,0.2637362637362628,35.0
0.38766428804956377,30.0,448.7851070733973,13.641852265019553,0.2051282051282044,35.0
0.39224540698342025,30.0,448.8510450865334,14.901100166405973,0.2051282051282044,35.0
0.39737793896347284,30.0,448.9169830996696,13.222102964557411,0.2051282051282044,35.0
0.3994690220570192,30.0,448.96094177509366,16.16034806779239,0.2051282051282044,35.0
0.40140675799921155,30.0,449.00490045051765,16.58009736825453,0.2051282051282044,35.0
0.4075229170266539,30.0,449.1147971390779,18.678843870565235,0.3223443223443212,35.0
0.4093905220506713,30.0,449.13677647679003,19.518342471489515,0.3809523809523796,35.0
0.4134457940235734,30.0,449.2466731653502,20.357841072413795,0.3809523809523796,35.0
0.41848599701188505,30.0,449.3565698539104,23.715835476110914,0.439560439560438,35.0
0.42337126506026834,30.0,449.46646654247064,23.296086175648774,0.439560439560438,35.0
0.4275561469839886,30.0,449.5763632310308,22.876336875186635,0.5567765567765548,35.0
0.4325420040404424,30.0,449.70823925730315,22.456587574724495,0.4981684981684964,35.0
0.4373859000625089,30.0,449.79615660815125,22.876336875186635,0.6153846153846132,35.0
0.4414368469733745,30.0,449.8840739589995,17.41959596917881,0.7912087912087884,35.0
0.44543728802818805,30.0,449.9280326344236,10.703607161784571,0.9084249084249052,35.0
0.4504424990154803,30.0,450.01594998527185,16.99984666871667,0.73260073260073,35.0
0.4554875120520592,30.0,450.0818879984078,12.802353664095271,0.7912087912087884,35.0
0.4604993959655985,30.0,450.1258466738321,12.382604363633131,0.7912087912087884,35.0
0.4684737080242485,30.0,450.1698053492561,9.444359260398151,0.9084249084249052,35.0
0.4735103310085833,30.0,450.1917846869682,3.5678690539281908,0.9670329670329636,35.0
0.47543868399225175,30.0,450.21376402468013,5.666615556238891,0.9084249084249052,35.0
0.47944646200630814,30.0,450.23574336239227,8.185111359011731,0.9670329670329636,35.0
0.48448345507495105,30.0,450.2797020378163,8.604860659473871,0.9084249084249052,35.0
0.48959050606936216,30.0,450.3236607132404,8.604860659473871,0.7912087912087884,35.0
0.4945963539648801,30.0,450.34564005095245,6.086364856701031,0.73260073260073,35.0
0.4993940390413627,30.0,450.41157806408864,16.99984666871667,0.5567765567765548,35.0
0.5033986959606409,30.0,450.4555367395127,12.802353664095271,0.3809523809523796,35.0
0.507424796000123,30.0,450.5214747526488,16.58009736825453,0.2637362637362628,35.0
0.5114255420630798,30.0,450.587412765785,21.197339673338075,0.2051282051282044,35.0
0.5164834730094299,30.0,450.6753301166331,17.83934526964095,0.0879120879120876,35.0
0.5214533969992772,30.0,450.7852268051933,21.197339673338075,0.0293040293040292,35.0
0.5264935239683837,30.0,450.8951234937535,17.83934526964095,-0.0293040293040292,35.0
0.5316116659669206,30.0,451.00502018231373,21.617088973800215,0.2051282051282044,35.0
0.5364524039905518,30.0,451.092937533162,20.357841072413795,0.3809523809523796,35.0
0.5404174859868363,30.0,451.2028342217222,24.975083377497334,0.3809523809523796,35.0
0.5440035340143368,30.0,451.2687722348584,25.394832677959474,0.439560439560438,35.0
0.548546209000051,30.0,451.3566895857065,22.036838274262355,0.5567765567765548,35.0
0.5535745810484514,30.0,451.46658627426683,25.814581978421614,0.6153846153846132,35.0
0.5583638329990208,30.0,451.5764829628271,20.777590372875935,0.6153846153846132,35.0
0.5624065310694277,30.0,451.68637965138726,24.135584776573054,0.6153846153846132,35.0
0.566444601980038,30.0,451.75231766452345,16.99984666871667,0.73260073260073,35.0
0.5715331740211695,30.0,451.86221435308363,20.357841072413795,0.73260073260073,35.0
0.5765613350085914,30.0,451.9281523662198,19.518342471489515,0.5567765567765548,35.0
0.5813779879827052,30.0,452.01606971706786,17.41959596917881,0.6153846153846132,35.0
0.585373684996739,30.0,452.03804905478,12.382604363633131,0.6739926739926716,35.0
0.5893384160008281,30.0,452.10398706791597,11.123356462246711,0.7912087912087884,35.0
0.5965694279875606,30.0,452.1479457433402,9.024609959936011,0.8498168498168468,35.0
0.5985062080435455,30.0,452.16992508105216,7.3456127580874515,0.8498168498168468,35.0
0.6025248289806768,30.0,452.19190441876424,8.604860659473871,0.8498168498168468,35.0
0.6074776280438527,30.0,452.2358630941883,9.024609959936011,0.7912087912087884,35.0
0.612538748071529,30.0,452.27982176961234,7.7653620585495915,0.73260073260073,35.0
0.6176333889598027,30.0,452.34575978274853,8.185111359011731,0.6739926739926716,35.0
0.6224243830656633,30.0,452.3677391204606,11.543105762708851,0.6739926739926716,35.0
0.6265651460271329,30.0,452.4336771335968,10.703607161784571,0.6153846153846132,35.0
0.6314702410018072,30.0,452.47763580902085,16.58009736825453,0.439560439560438,35.0
0.6354553899727762,30.0,452.52159448444485,11.543105762708851,0.2637362637362628,35.0
0.6405182350426912,30.0,452.58753249758104,14.901100166405973,0.146520146520146,35.0
0.6456300360150635,30.0,452.6974291861412,17.83934526964095,0.0879120879120876,35.0
0.6504355169599876,30.0,452.80732587470146,20.777590372875935,0.0293040293040292,35.0
0.6525307690026239,30.0,452.8512845501257,22.456587574724495,0.0879120879120876,35.0
0.6565375940408558,30.0,452.9392019009738,24.555334077035194,0.146520146520146,35.0
0.6614079179707915,30.0,453.04909858953397,24.555334077035194,0.2051282051282044,35.0
0.666493913042359,30.0,453.20295395351826,26.234331278883754,0.3809523809523796,35.0
0.671512744971551,30.0,453.3128506420786,21.617088973800215,0.5567765567765548,35.0
0.6765210180310532,30.0,453.42274733063886,17.83934526964095,0.6739926739926716,35.0
0.6815855930326506,30.0,453.53264401919904,17.83934526964095,0.6739926739926716,35.0
0.6865829080343246,30.0,453.62056137004714,17.41959596917881,0.9084249084249052,35.0
0.6913854719605297,30.0,453.7084787208954,16.99984666871667,0.9084249084249052,35.0
0.6935814040480182,30.0,453.7304580586073,14.061601565481693,0.7912087912087884,35.0
0.7004650239832699,30.0,453.84035474716757,16.99984666871667,0.6739926739926716,35.0
0.7025402269791812,30.0,453.8843134225918,14.061601565481693,0.5567765567765548,35.0
0.7063984989654273,30.0,453.92827209801584,11.123356462246711,0.73260073260073,35.0
0.7114524750504643,30.0,453.9722307734399,6.9258634576253115,0.73260073260073,35.0
0.7164716849802062,30.0,454.038168786576,10.283857861322431,0.73260073260073,35.0
0.7214833949692547,30.0,454.0821274620001,12.802353664095271,0.6153846153846132,35.0
0.7264955299906433,30.0,454.14806547513626,11.543105762708851,0.5567765567765548,35.0
0.7316266209818423,30.0,454.23598282598454,11.123356462246711,0.4981684981684964,35.0
0.7364218400325626,30.0,454.2799415014086,12.802353664095271,0.4981684981684964,35.0
0.7385870330035686,30.0,454.32390017683264,9.864108560860291,0.4981684981684964,35.0
0.742631786968559,30.0,454.36785885225663,11.123356462246711,0.439560439560438,35.0
0.7473651269683614,30.0,454.4337968653928,14.061601565481693,0.3223443223443212,35.0
0.7516297140391544,30.0,454.4777555408169,14.481350865943833,0.2051282051282044,35.0
0.7564732399769127,30.0,454.56567289166514,18.259094570103095,0.146520146520146,35.0
0.76149769697804,30.0,454.63161090480133,16.99984666871667,0.2637362637362628,35.0
0.7665115699637681,30.0,454.7195282556494,17.41959596917881,0.146520146520146,35.0
0.771521233022213,30.0,454.8294249442096,22.876336875186635,0.2051282051282044,35.0
0.7766001060372218,30.0,454.9393216327698,27.913328480732517,0.2051282051282044,35.0
0.781440639984794,30.0,455.0711976590421,25.814581978421614,0.3809523809523796,35.0
0.7864389730384573,30.0,455.20307368531445,25.394832677959474,0.3809523809523796,35.0
0.7914437999716029,30.0,455.3349497115868,26.654080579345894,0.4981684981684964,35.0
0.7933901289943606,30.0,455.3789083870108,24.975083377497334,0.5567765567765548,35.0
0.7973880959907547,30.0,455.4668257378589,19.098593171027375,0.6739926739926716,35.0
0.804477351019159,30.0,455.59870176413125,13.222102964557411,0.9084249084249052,35.0
0.8063664879882708,30.0,455.6206811018434,14.901100166405973,0.9084249084249052,35.0
0.8103793789632618,30.0,455.6866191149795,12.382604363633131,0.9670329670329636,35.0
0.8144081759965047,30.0,455.7305777904036,10.283857861322431,0.8498168498168468,35.0
0.8213917950633913,30.0,455.79651580353976,5.246866255776751,0.9670329670329636,35.0
0.8234775230521336,30.0,455.8184951412517,7.3456127580874515,0.9084249084249052,35.0
0.8274025300052017,30.0,455.8184951412517,7.7653620585495915,0.9084249084249052,35.0
0.8324674309697002,30.0,455.8844331543878,9.444359260398151,0.9084249084249052,35.0
0.8374776410637423,30.0,455.90641249209995,7.7653620585495915,0.7912087912087884,35.0
0.842592332046479,30.0,455.950371167524,9.444359260398151,0.73260073260073,35.0
0.847421212005429,30.0,456.01630918066013,8.185111359011731,0.6153846153846132,35.0
0.8495540010044351,30.0,456.0382885183721,14.061601565481693,0.6153846153846132,35.0
0.8536031020339578,30.0,456.0822471937963,11.962855063170991,0.5567765567765548,35.0
0.8584576230496168,30.0,456.1701645446444,14.901100166405973,0.4981684981684964,35.0
0.8635211020009592,30.0,456.2141232200684,14.901100166405973,0.3223443223443212,35.0
0.8685884570004418,30.0,456.30204057091674,16.58009736825453,0.2051282051282044,35.0
0.8734400529647246,30.0,456.3899579217648,19.938091771951655,0.0879120879120876,35.0
0.8785074090119451,30.0,456.4778752726131,21.197339673338075,0.0879120879120876,35.0
0.8836344020674005,30.0,456.56579262346116,19.938091771951655,0.146520146520146,35.0
0.8856204020557925,30.0,456.60975129888544,16.16034806779239,0.146520146520146,35.0
0.892557860002853,30.0,456.74162732515754,22.036838274262355,0.2637362637362628,35.0
0.8944541619857773,30.0,456.7855860005818,21.617088973800215,0.3223443223443212,35.0
0.8984266170300543,30.0,456.87350335142986,23.715835476110914,0.439560439560438,35.0
0.9024406200041994,30.0,456.93944136456605,20.357841072413795,0.439560439560438,35.0
0.9074619810562581,30.0,457.04933805312623,23.296086175648774,0.439560439560438,35.0
0.9125864310190082,30.0,457.2031934171105,25.814581978421614,0.439560439560438,35.0
0.9173252549953759,30.0,457.2911107679588,17.83934526964095,0.6153846153846132,35.0
0.9215362590039149,30.0,457.401007456519,19.098593171027375,0.5567765567765548,35.0
0.9263926880666986,30.0,457.5109041450792,19.938091771951655,0.6739926739926716,35.0
0.9305562600493431,30.0,457.57684215821536,17.41959596917881,0.73260073260073,35.0
0.9353726940462366,30.0,457.64278017135155,14.481350865943833,0.7912087912087884,35.0
0.9393555070273578,30.0,457.7087181844877,9.444359260398151,0.7912087912087884,35.0
0.943375410977751,30.0,457.7306975221996,9.864108560860291,0.8498168498168468,35.0
0.9473511839751154,30.0,457.75267685991173,8.185111359011731,0.9084249084249052,35.0
0.9544052530545741,30.0,457.7966355353358,7.3456127580874515,0.8498168498168468,35.0
0.9565069960663095,30.0,457.84059421075983,9.864108560860291,0.8498168498168468,35.0
0.9604783459799364,30.0,457.84059421075983,6.506114157163171,0.9084249084249052,35.0
0.9652878340566531,30.0,457.88455288618405,6.086364856701031,0.8498168498168468,35.0
0.9705268180696294,30.0,457.9285115616081,9.864108560860291,0.9084249084249052,35.0
0.975362807046622,30.0,457.95049089932,9.024609959936011,0.8498168498168468,35.0
0.9794001419795677,30.0,457.97247023703216,8.185111359011731,0.7912087912087884,35.0
0.9835847329813987,30.0,458.0164289124562,7.3456127580874515,0.7912087912087884,35.0
0.9883102050516754,30.0,458.0603875878804,9.444359260398151,0.6739926739926716,35.0
0.9934606980532408,30.0,458.1263256010164,12.382604363633131,0.4981684981684964,35.0
0.9984695600578561,30.0,458.1922636141526,9.864108560860291,0.2637362637362628,35.0
1.0024998630397022,30.0,458.28018096500085,19.938091771951655,0.0293040293040292,35.0
1.0074196880450472,30.0,458.3680983158489,16.99984666871667,-0.0293040293040292,35.0
1.0125790369929746,30.0,458.4560156666972,16.16034806779239,0.0293040293040292,35.0
1.017452789004892,30.0,458.5659123552574,24.135584776573054,0.0293040293040292,35.0
1.0215008170343935,30.0,458.6538297061055,22.456587574724495,0.146520146520146,35.0
1.0265208759810776,30.0,458.78570573237783,23.296086175648774,0.3223443223443212,35.0
1.0314949180465192,30.0,458.895602420938,22.036838274262355,0.439560439560438,35.0
1.0365791639778763,30.0,459.02747844721034,23.715835476110914,0.5567765567765548,35.0
1.041593719040975,30.0,459.1373751357706,21.617088973800215,0.6153846153846132,35.0
1.0463483299827203,30.0,459.24727182433077,20.777590372875935,0.6739926739926716,35.0
1.0514491950161755,30.0,459.33518917517887,18.678843870565235,0.7912087912087884,35.0
1.0536108859814703,30.0,459.3791478506031,21.617088973800215,0.7912087912087884,35.0
1.0604164469987154,30.0,459.48904453916333,16.16034806779239,0.73260073260073,35.0
1.0624340570066124,30.0,459.5330032145873,18.259094570103095,0.6739926739926716,35.0
1.066511905984953,30.0,459.5989412277235,16.58009736825453,0.5567765567765548,35.0
1.071523040998727,30.0,459.6648792408597,10.283857861322431,0.5567765567765548,35.0
1.0764104629633948,30.0,459.7088379162837,8.604860659473871,0.6739926739926716,35.0
1.0804148020688444,30.0,459.75279659170775,14.061601565481693,0.6153846153846132,35.0
1.0844038800569251,30.0,459.7967552671318,12.802353664095271,0.6739926739926716,35.0
1.0915044459979981,30.0,459.8846726179801,7.7653620585495915,0.6739926739926716,35.0
1.0931111220270395,30.0,459.9066519556922,11.543105762708851,0.6739926739926716,35.0
1.097418816993013,30.0,459.9286312934041,10.703607161784571,0.6739926739926716,35.0
1.1023602930363268,30.0,459.9725899688282,7.3456127580874515,0.6153846153846132,35.0
1.1073481930652633,30.0,460.03852798196436,7.7653620585495915,0.4981684981684964,35.0
1.1115779730025679,30.0,460.0824866573886,13.641852265019553,0.439560439560438,35.0
1.1163339350605384,30.0,460.1704040082367,15.740598767330253,0.3809523809523796,35.0
1.1206018889788538,30.0,460.2143626836607,10.283857861322431,0.2637362637362628,35.0
1.1250605420209467,30.0,460.28030069679687,13.641852265019553,0.2637362637362628,35.0
1.1294418490724638,30.0,460.34623870993306,14.901100166405973,0.2051282051282044,35.0
1.134528815979138,30.0,460.4341560607811,20.357841072413795,0.146520146520146,35.0
1.1396056480007246,30.0,460.5440527493415,25.814581978421614,0.146520146520146,35.0
1.144407378975302,30.0,460.67592877561367,25.814581978421614,0.2051282051282044,35.0
1.1479746489785612,30.0,460.78582546417385,25.814581978421614,0.2637362637362628,35.0
1.1554909640690312,30.0,460.98363950358237,22.456587574724495,0.439560439560438,35.0
1.1570575520163402,30.0,461.0275981790064,23.296086175648774,0.5567765567765548,35.0
1.1614607339724898,30.0,461.1155155298547,25.394832677959474,0.73260073260073,35.0
1.1663395389914513,30.0,461.20343288070274,20.777590372875935,0.73260073260073,35.0
1.1713584490353242,30.0,461.313329569263,16.99984666871667,0.9670329670329636,35.0
1.1753456679871306,30.0,461.3353089069751,10.703607161784571,0.9670329670329636,35.0
1.1796036880696192,30.0,461.42322625782316,14.061601565481693,0.9084249084249052,35.0
1.184385686996393,30.0,461.46718493324744,10.283857861322431,0.7912087912087884,35.0
1.1883822770323604,30.0,461.5111436086715,8.185111359011731,0.73260073260073,35.0
1.1954009829787537,30.0,461.59906095951953,8.185111359011731,0.73260073260073,35.0
1.1984354390297085,30.0,461.6210402972317,9.024609959936011,0.73260073260073,35.0
1.2023836260195822,30.0,461.6649989726557,8.604860659473871,0.6739926739926716,35.0
1.2094953999621794,30.0,461.752916323504,14.061601565481693,0.6739926739926716,35.0
1.2114005220355466,30.0,461.752916323504,11.123356462246711,0.6153846153846132,35.0
1.2154416950652376,30.0,461.79687499892805,11.543105762708851,0.5567765567765548,35.0
1.2204882609657943,30.0,461.8628130120642,16.58009736825453,0.3809523809523796,35.0
1.2253709429642186,30.0,461.9507303629123,15.740598767330253,0.2637362637362628,35.0
1.230472007067874,30.0,462.0166683760485,12.382604363633131,0.2637362637362628,35.0
1.2344298750394955,30.0,462.0826063891846,19.098593171027375,0.146520146520146,35.0
1.2395160479936749,30.0,462.1705237400327,13.641852265019553,0.146520146520146,35.0
1.244390637963079,30.0,462.23646175316884,17.41959596917881,0.0879120879120876,35.0
1.2485136140603572,30.0,462.32437910401717,16.16034806779239,0.2051282051282044,35.0
1.2532587670721114,30.0,462.3903171171533,16.99984666871667,0.3223443223443212,35.0
1.2583357699913904,30.0,462.52219314342545,19.518342471489515,0.3223443223443212,35.0
1.2624401840148494,30.0,462.5881311565616,22.456587574724495,0.3809523809523796,35.0
1.2674710330320522,30.0,462.7200071828339,24.975083377497334,0.3223443223443212,35.0
1.272495819022879,30.0,462.85188320910623,27.913328480732517,0.439560439560438,35.0
1.2775314110331237,30.0,462.9837592353784,25.814581978421614,0.5567765567765548,35.0
1.2824045900488272,30.0,463.09365592393857,23.296086175648774,0.5567765567765548,35.0
1.2874447259819135,30.0,463.203552612499,19.518342471489515,0.7912087912087884,35.0
1.2903127509634942,30.0,463.24751128792303,18.259094570103095,0.7912087912087884,35.0
1.2965339600341395,30.0,463.3574079764833,17.41959596917881,0.7912087912087884,35.0
1.3013940670061857,30.0,463.40136665190727,10.703607161784571,0.7912087912087884,35.0
1.3034690760541707,30.0,463.4453253273313,11.123356462246711,0.73260073260073,35.0
1.310398668050766,30.0,463.4892840027556,7.7653620585495915,0.8498168498168468,35.0
1.312496947008185,30.0,463.4892840027556,7.3456127580874515,0.8498168498168468,35.0
1.3164895999943838,30.0,463.5332426781796,6.506114157163171,1.025641025641022,35.0
1.3214016059646383,30.0,463.55522201589173,6.9258634576253115,0.9084249084249052,35.0
1.325368429068476,30.0,463.57720135360364,5.666615556238891,0.8498168498168468,35.0
1.3303653199691325,30.0,463.6211600290277,3.9876183543903307,0.9084249084249052,35.0
1.3343883160268888,30.0,463.64313936673983,8.604860659473871,0.8498168498168468,35.0
1.3394024879671633,30.0,463.66511870445197,8.185111359011731,0.73260073260073,35.0
1.343573983060196,30.0,463.7310567175879,12.382604363633131,0.6153846153846132,35.0
1.3483868039911613,30.0,463.79699473072407,14.061601565481693,0.4981684981684964,35.0
1.3524937760084867,30.0,463.86293274386026,14.901100166405973,0.3223443223443212,35.0
1.3573791440576315,30.0,463.9288707569964,13.641852265019553,0.2051282051282044,35.0
1.3624417090322822,30.0,464.01678810784466,15.740598767330253,0.0879120879120876,35.0
1.3674406450008973,30.0,464.10470545869276,18.259094570103095,0.0293040293040292,35.0
1.3724893289618194,30.0,464.21460214725295,19.518342471489515,0.0879120879120876,35.0
1.3775231250328943,30.0,464.3244988358132,16.16034806779239,0.2637362637362628,35.0
1.3825002979720011,30.0,464.4343955243734,21.197339673338075,0.3223443223443212,35.0
1.3873371679801494,30.0,464.5442922129336,23.296086175648774,0.439560439560438,35.0
1.3975485960254446,30.0,464.7640855900542,17.83934526964095,0.5567765567765548,35.0
1.3994502300629392,30.0,464.7860649277661,22.036838274262355,0.6153846153846132,35.0
1.4034357550553977,30.0,464.8959616163263,22.456587574724495,0.6153846153846132,35.0
1.4084901759633794,30.0,465.00585830488654,22.456587574724495,0.6153846153846132,35.0
1.413310686009936,30.0,465.0937756557348,19.938091771951655,0.7912087912087884,35.0
1.418330398038961,30.0,465.1816930065829,16.16034806779239,0.73260073260073,35.0
1.4255303760292009,30.0,465.31356903285524,13.641852265019553,0.4981684981684964,35.0
1.4295694880420342,30.0,465.3575277082793,14.901100166405973,0.6153846153846132,35.0
1.4344233670271933,30.0,465.4014863837035,9.864108560860291,0.73260073260073,35.0
1.4364867149852216,30.0,465.44544505912756,9.864108560860291,0.7912087912087884,35.0
1.4404835950117558,30.0,465.4674243968395,8.604860659473871,0.9084249084249052,35.0
1.4453168070176616,30.0,465.4674243968395,5.246866255776751,0.8498168498168468,35.0
1.4503762270323932,30.0,465.53336240997567,7.7653620585495915,0.8498168498168468,35.0
1.454525480978191,30.0,465.55534174768775,7.7653620585495915,0.7912087912087884,35.0
1.4595434970688075,30.0,465.5993004231118,9.444359260398151,0.73260073260073,35.0
1.4644052310613915,30.0,465.665238436248,9.864108560860291,0.6739926739926716,35.0
1.4685573959723115,30.0,465.70919711167204,9.444359260398151,0.6153846153846132,35.0
1.4734298450639471,30.0,465.75315578709626,14.061601565481693,0.6153846153846132,35.0
1.4770633870502934,30.0,465.7971144625203,13.222102964557411,0.5567765567765548,35.0
1.484255098970607,30.0,465.9070111510805,9.444359260398151,0.2637362637362628,35.0
1.48659772798419,30.0,465.9289904887924,15.320849466868113,0.2637362637362628,35.0
1.4905961829936132,30.0,465.9949285019286,17.83934526964095,0.146520146520146,35.0
1.4953810019651428,30.0,466.08284585277687,18.259094570103095,0.0879120879120876,35.0
1.4993921699933708,30.0,466.170763203625,21.617088973800215,0.0879120879120876,35.0
1.5034226019633934,30.0,466.28065989218516,24.135584776573054,0.2051282051282044,35.0
1.5103672230616212,30.0,466.45649459388153,27.493579180270377,0.3223443223443212,35.0
1.513483120012097,30.0,466.5224326070177,23.296086175648774,0.3809523809523796,35.0
1.5204593139933422,30.0,466.6762879710021,22.036838274262355,0.5567765567765548,35.0
1.5225792970741168,30.0,466.7422259841381,24.135584776573054,0.5567765567765548,35.0
1.5265613910742104,30.0,466.8081639972743,18.259094570103095,0.6153846153846132,35.0
1.5315081849694252,30.0,466.91806068583446,18.259094570103095,0.7912087912087884,35.0
1.5365385810146108,30.0,467.0059780366828,17.41959596917881,0.9084249084249052,35.0
1.5413100520381704,30.0,467.09389538753084,15.320849466868113,0.73260073260073,35.0
1.5463806820334867,30.0,467.159833400667,14.901100166405973,0.73260073260073,35.0
1.5515305540757254,30.0,467.22577141380316,11.123356462246711,0.6153846153846132,35.0
1.5565515799680725,30.0,467.29170942693935,6.086364856701031,0.6739926739926716,35.0
1.5616231390740722,30.0,467.35764744007554,12.382604363633131,0.6739926739926716,35.0
1.5664111550431699,30.0,467.40160611549953,9.864108560860291,0.6739926739926716,35.0
1.568472194019705,30.0,467.4455647909236,4.407367654852471,0.6153846153846132,35.0
1.5753738950006664,30.0,467.53348214177186,16.58009736825453,0.4981684981684964,35.0
1.5785967740230262,30.0,467.5774408171959,14.901100166405973,0.4981684981684964,35.0
1.5845802910625935,30.0,467.62139949261996,10.703607161784571,0.439560439560438,35.0
1.5893783520441502,30.0,467.70931684346823,12.382604363633131,0.439560439560438,35.0
1.5936083470005542,30.0,467.7532755188923,14.481350865943833,0.3223443223443212,35.0
1.598418788984418,30.0,467.81921353202847,10.703607161784571,0.2637362637362628,35.0
1.6024326140759513,30.0,467.9071308828765,16.16034806779239,0.146520146520146,35.0
1.6065340440254658,30.0,467.92911022058865,19.098593171027375,0.2637362637362628,35.0
1.611550832982175,30.0,468.01702757143676,14.481350865943833,0.2051282051282044,35.0
1.616523783071898,30.0,468.12692425999694,19.518342471489515,0.2637362637362628,35.0
1.6215722640044987,30.0,468.23682094855735,20.357841072413795,0.2637362637362628,35.0
1.6265601380728185,30.0,468.3686969748295,24.135584776573054,0.3223443223443212,35.0
1.631589055992663,30.0,468.4785936633897,26.654080579345894,0.3809523809523796,35.0
1.6364836860448122,30.0,468.610469689662,25.394832677959474,0.4981684981684964,35.0
1.6404737919801846,30.0,468.6983870405103,27.073829879808237,0.5567765567765548,35.0
1.6475450560683385,30.0,468.8522424044946,19.098593171027375,0.7912087912087884,35.0
1.6490441709756851,30.0,468.89620107991857,19.518342471489515,0.8498168498168468,35.0
1.6534556910628453,30.0,468.96213909305476,16.16034806779239,0.9670329670329636,35.0
1.6584511779947206,30.0,469.02807710619095,12.802353664095271,0.9084249084249052,35.0
1.6634535939665511,30.0,469.0940151193271,11.962855063170991,0.8498168498168468,35.0
1.6685224460670725,30.0,469.13797379475113,9.024609959936011,0.8498168498168468,35.0
1.673396429978311,30.0,469.1599531324633,1.8888718520796304,0.9084249084249052,35.0
1.676241799024865,30.0,469.1819324701752,5.246866255776751,0.9670329670329636,35.0
1.6834931609919295,30.0,469.2478704833113,9.444359260398151,0.8498168498168468,35.0
1.6885735449614003,30.0,469.26984982102346,5.246866255776751,0.7912087912087884,35.0
1.6904544529970735,30.0,469.29182915873537,8.604860659473871,0.7912087912087884,35.0
1.694472508970648,30.0,469.35776717187156,13.222102964557411,0.6739926739926716,35.0
1.699496746994555,30.0,469.4017258472956,9.444359260398151,0.5567765567765548,35.0
1.704539955011569,30.0,469.46766386043174,11.962855063170991,0.439560439560438,35.0
1.709429117036052,30.0,469.53360187356793,14.481350865943833,0.3809523809523796,35.0
1.7144256649771705,30.0,469.6215192244162,18.678843870565235,0.2637362637362628,35.0
1.7194487140513957,30.0,469.7094365752643,17.41959596917881,0.0879120879120876,35.0
1.7244769000681117,30.0,469.8193332638245,20.777590372875935,0.0293040293040292,35.0
1.7294227940728888,30.0,469.8852712769607,19.938091771951655,0.146520146520146,35.0
1.734319576062262,30.0,469.97318862780895,17.83934526964095,0.146520146520146,35.0
1.7384204940171912,30.0,470.061105978657,18.259094570103095,0.2637362637362628,35.0
1.742586188018322,30.0,470.1490233295053,20.777590372875935,0.3223443223443212,35.0
1.7473459750181064,30.0,470.2589200180655,23.296086175648774,0.439560439560438,35.0
1.7515742690302432,30.0,470.3468373689136,22.456587574724495,0.4981684981684964,35.0
1.7564044010359794,30.0,470.47871339518593,22.876336875186635,0.4981684981684964,35.0
1.7605436419835314,30.0,470.56663074603404,24.555334077035194,0.4981684981684964,35.0
1.765317816985771,30.0,470.6765274345942,22.036838274262355,0.6739926739926716,35.0
1.77045597799588,30.0,470.7864241231544,22.036838274262355,0.6739926739926716,35.0
1.7753716360311955,30.0,470.87434147400273,14.481350865943833,0.6739926739926716,35.0
1.779388410039246,30.0,470.94027948713887,16.99984666871667,0.73260073260073,35.0
1.7864243619842455,30.0,471.05017617569905,9.024609959936011,0.7912087912087884,35.0
1.7885703520150855,30.0,471.05017617569905,11.543105762708851,0.8498168498168468,35.0
1.7925946019822732,30.0,471.0941348511231,8.604860659473871,0.9084249084249052,35.0
1.797045337036252,30.0,471.13809352654715,10.283857861322431,0.9084249084249052,35.0
1.801468332996592,30.0,471.1600728642593,7.3456127580874515,0.7912087912087884,35.0
1.809426116058603,30.0,471.20403153968334,9.444359260398151,0.8498168498168468,35.0
1.811526263016276,30.0,471.24799021510756,7.7653620585495915,0.8498168498168468,35.0
1.8154650540091097,30.0,471.2699695528195,6.9258634576253115,0.8498168498168468,35.0
1.8204810350434855,30.0,471.3139282282435,11.123356462246711,0.7912087912087884,35.0
1.8255012129666284,30.0,471.3578869036678,8.185111359011731,0.73260073260073,35.0
1.8303558779880404,30.0,471.4018455790918,11.123356462246711,0.73260073260073,35.0
1.8354758609784767,30.0,471.467783592228,8.604860659473871,0.6153846153846132,35.0
1.8394391960464418,30.0,471.51174226765204,16.16034806779239,0.439560439560438,35.0
1.8444798339623958,30.0,471.5996596185001,15.320849466868113,0.146520146520146,35.0
1.849553182022646,30.0,471.6655976316363,18.259094570103095,0.146520146520146,35.0
1.8544333970639855,30.0,471.75351498248455,18.678843870565235,0.0879120879120876,35.0
1.8584342100657523,30.0,471.8634116710448,21.617088973800215,0.0293040293040292,35.0
1.8624020350398496,30.0,471.9293496841809,23.296086175648774,0.146520146520146,35.0
1.8668442390626296,30.0,472.03924637274116,22.876336875186635,0.2637362637362628,35.0
1.8715780030470341,30.0,472.1711223990135,21.617088973800215,0.3809523809523796,35.0
1.8774480239953846,30.0,472.3029984252856,23.296086175648774,0.4981684981684964,35.0
1.879582273075357,30.0,472.34695710070986,21.197339673338075,0.5567765567765548,35.0
1.8835198549786583,30.0,472.4348744515579,21.617088973800215,0.6739926739926716,35.0
1.888582532061264,30.0,472.522791802406,22.456587574724495,0.73260073260073,35.0
1.8934350030031055,30.0,472.6326884909664,19.098593171027375,0.6739926739926716,35.0
1.8974322440335527,30.0,472.69862650410255,17.41959596917881,0.73260073260073,35.0
1.9024904699763283,30.0,472.7865438549509,19.098593171027375,0.73260073260073,35.0
1.9075318470131606,30.0,472.8744612057989,16.99984666871667,0.6153846153846132,35.0
1.9125242710579187,30.0,472.9403992189351,13.641852265019553,0.6153846153846132,35.0
1.9173984020017087,30.0,473.00633723207125,11.962855063170991,0.6153846153846132,35.0
1.919483765028417,30.0,473.0502959074953,9.024609959936011,0.6153846153846132,35.0
1.9235170480096713,30.0,473.07227524520744,11.123356462246711,0.6739926739926716,35.0
1.9281927819829434,30.0,473.1382132583436,11.543105762708851,0.6739926739926716,35.0
1.9333991879830137,30.0,473.20415127147953,8.604860659473871,0.73260073260073,35.0
1.9373913280433044,30.0,473.2481099469038,13.222102964557411,0.73260073260073,35.0
1.944505908060819,30.0,473.29206862232786,7.3456127580874515,0.6739926739926716,35.0
1.9464423430617899,30.0,473.31404796003994,12.802353664095271,0.5567765567765548,35.0
1.9504325980087742,30.0,473.358006635464,9.444359260398151,0.5567765567765548,35.0
1.9554816710297018,30.0,473.4459239863121,14.901100166405973,0.439560439560438,35.0
1.960527446004562,30.0,473.4898826617363,12.382604363633131,0.3223443223443212,35.0
1.9655868579866365,30.0,473.5778000125844,14.061601565481693,0.2637362637362628,35.0
1.9704019790515304,30.0,473.62175868800847,15.320849466868113,0.2051282051282044,35.0
1.9744024949613959,30.0,473.73165537656865,22.456587574724495,0.146520146520146,35.0
1.9794256540481001,30.0,473.819572727417,24.975083377497334,0.2051282051282044,35.0
1.9815707850502804,30.0,473.863531402841,23.715835476110914,0.2051282051282044,35.0
1.9884882760234177,30.0,474.03936610453735,25.814581978421614,0.2637362637362628,35.0
1.9904543419834226,30.0,474.0833247799614,24.135584776573054,0.3223443223443212,35.0
1.9941282660001889,30.0,474.19322146852164,29.592325682581077,0.3223443223443212,35.0
1.9994612800655887,30.0,474.3031181570818,21.617088973800215,0.4981684981684964,35.0
2.0044583950657398,30.0,474.43499418335415,19.518342471489515,0.6739926739926716,35.0
2.0094986599870026,30.0,474.54489087191433,19.098593171027375,0.7912087912087884,35.0
2.014520689030178,30.0,474.63280822276266,15.740598767330253,0.9084249084249052,35.0
2.019596657017246,30.0,474.67676689818666,14.901100166405973,0.9670329670329636,35.0
2.0245781330158934,30.0,474.764684249035,16.58009736825453,0.8498168498168468,35.0
2.026505067013204,30.0,474.7866635867469,12.382604363633131,0.7912087912087884,35.0
2.030487825977616,30.0,474.83062226217095,10.703607161784571,0.7912087912087884,35.0
2.0354938850505278,30.0,474.8965602753071,12.382604363633131,0.6739926739926716,35.0
2.0405145230470225,30.0,474.94051895073113,13.222102964557411,0.6739926739926716,35.0
2.0455214160028845,30.0,474.9844776261554,12.382604363633131,0.6739926739926716,35.0
2.050585304037668,30.0,475.05041563929154,13.222102964557411,0.73260073260073,35.0
2.055593737983145,30.0,475.1163536524275,8.604860659473871,0.6153846153846132,35.0
2.060395932989195,30.0,475.1822916655637,11.962855063170991,0.439560439560438,35.0
2.064577552024275,30.0,475.24822967869983,16.58009736825453,0.3223443223443212,35.0
2.0695946969790384,30.0,475.314167691836,17.41959596917881,0.2051282051282044,35.0
2.074422106030397,30.0,475.40208504268406,14.901100166405973,0.2051282051282044,35.0
2.079489803989418,30.0,475.46802305582025,11.543105762708851,0.146520146520146,35.0
2.0814326310064644,30.0,475.4900023935324,13.641852265019553,0.0879120879120876,35.0
2.0854617069708183,30.0,475.5559404066685,16.58009736825453,0.0879120879120876,35.0
2.0904617520282045,30.0,475.6438577575166,19.518342471489515,0.2051282051282044,35.0
2.0945112720364705,30.0,475.7317751083649,16.58009736825453,0.2051282051282044,35.0
2.101461297017522,30.0,475.8636511346372,22.456587574724495,0.2637362637362628,35.0
2.1035311879822984,30.0,475.9076098100613,22.876336875186635,0.3223443223443212,35.0
2.107515358016826,30.0,476.0394858363334,29.592325682581077,0.3223443223443212,35.0
2.1126073440536857,30.0,476.17136186260575,24.975083377497334,0.3809523809523796,35.0
2.117394290980883,30.0,476.28125855116593,27.493579180270377,0.4981684981684964,35.0
2.1213924860348925,30.0,476.3911552397261,24.135584776573054,0.5567765567765548,35.0
2.1256004930473864,30.0,476.47907259057445,20.357841072413795,0.73260073260073,35.0
2.130386241013184,30.0,476.58896927913463,21.197339673338075,0.7912087912087884,35.0
2.1344356420449913,30.0,476.6329279545587,14.481350865943833,0.8498168498168468,35.0
2.1394654900068417,30.0,476.6988659676948,12.382604363633131,0.7912087912087884,35.0
2.1445021079853177,30.0,476.764803980831,10.283857861322431,0.7912087912087884,35.0
2.1495293240295723,30.0,476.78678331854314,7.7653620585495915,0.9084249084249052,35.0
2.15454011305701,30.0,476.83074199396714,3.5678690539281908,0.9084249084249052,35.0
2.1595430329907686,30.0,476.8527213316791,7.3456127580874515,0.9670329670329636,35.0
2.16146233107429,30.0,476.8527213316791,6.9258634576253115,0.9670329670329636,35.0
2.165459766983986,30.0,476.8966800071033,3.9876183543903307,0.9084249084249052,35.0
2.1723944690311328,30.0,476.9406386825274,9.024609959936011,0.9084249084249052,35.0
2.1745022190734744,30.0,476.9626180202395,5.666615556238891,0.7912087912087884,35.0
2.178488192963414,30.0,476.98459735795143,10.703607161784571,0.7912087912087884,35.0
2.1834696569712833,30.0,477.05053537108756,11.962855063170991,0.5567765567765548,35.0
2.188504980993457,30.0,477.13845272193566,12.382604363633131,0.3809523809523796,35.0
2.1935029120650142,30.0,477.2043907350718,19.098593171027375,0.2637362637362628,35.0
2.19857683905866,30.0,477.2923080859201,16.58009736825453,0.146520146520146,35.0
2.2034321220126003,30.0,477.35824609905626,16.99984666871667,0.0293040293040292,35.0
2.2073912390042096,30.0,477.44616344990436,19.518342471489515,0.0293040293040292,35.0
2.2113897940143943,30.0,477.53408080075263,21.617088973800215,-0.0293040293040292,35.0
2.2153991140658036,30.0,477.62199815160074,22.876336875186635,0.0879120879120876,35.0
2.2193630420370027,30.0,477.709915502449,24.555334077035194,0.146520146520146,35.0
2.2235711680259556,30.0,477.81981219100925,23.296086175648774,0.2637362637362628,35.0
2.2284945860737935,30.0,477.9077295418573,23.296086175648774,0.439560439560438,35.0
2.233565788017586,30.0,478.0396055681296,21.197339673338075,0.5567765567765548,35.0
2.2384108690312132,30.0,478.1275229189777,21.617088973800215,0.6153846153846132,35.0
2.243460903991945,30.0,478.25939894525004,23.715835476110914,0.6153846153846132,35.0
2.2474380320636556,30.0,478.3473162960983,23.296086175648774,0.6739926739926716,35.0
2.2523879340151325,30.0,478.4352336469464,16.99984666871667,0.73260073260073,35.0
2.2566211679950356,30.0,478.5231509977947,19.518342471489515,0.7912087912087884,35.0
2.2615101339761168,30.0,478.58908901093065,16.16034806779239,0.6739926739926716,35.0
2.2654471860732883,30.0,478.65502702406684,11.962855063170991,0.6739926739926716,35.0
2.270514158066362,30.0,478.720965037203,11.123356462246711,0.7912087912087884,35.0
2.2753704950446263,30.0,478.764923712627,4.407367654852471,0.9084249084249052,35.0
2.27956047502812,30.0,478.78690305033916,5.666615556238891,0.8498168498168468,35.0
2.284621178987436,30.0,478.8088823880513,4.827116955314611,0.9670329670329636,35.0
2.289509879075922,30.0,478.8528410634753,5.246866255776751,0.8498168498168468,35.0
2.2944169599795714,30.0,478.87482040118726,9.024609959936011,0.8498168498168468,35.0
2.2995055720675737,30.0,478.9407584143234,12.382604363633131,0.73260073260073,35.0
2.3046244740253314,30.0,478.9847170897477,7.7653620585495915,0.6739926739926716,35.0
2.3065585270524025,30.0,478.9847170897477,11.123356462246711,0.6739926739926716,35.0
2.313431437010877,30.0,479.0506551028836,9.024609959936011,0.5567765567765548,35.0
2.3155804809648544,30.0,479.09461377830786,8.185111359011731,0.5567765567765548,35.0
2.319425962981768,30.0,479.11659311601977,13.641852265019553,0.439560439560438,35.0
2.3234549859771505,30.0,479.18253112915596,13.222102964557411,0.2637362637362628,35.0
2.3274432229809463,30.0,479.2484691422921,17.41959596917881,0.146520146520146,35.0
2.334496085997671,30.0,479.3803451685644,22.876336875186635,-0.0293040293040292,35.0
2.336466355016455,30.0,479.42430384398847,19.938091771951655,0.0293040293040292,35.0
2.3405002229847014,30.0,479.51222119483657,22.876336875186635,0.0879120879120876,35.0
2.345494201988913,30.0,479.6440972211089,22.876336875186635,0.0879120879120876,35.0
2.3505979320034385,30.0,479.7759732473812,27.073829879808237,0.2051282051282044,35.0
2.3554651429876685,30.0,479.8858699359414,24.555334077035194,0.439560439560438,35.0
2.359473178978078,30.0,479.99576662450164,27.073829879808237,0.5567765567765548,35.0
2.364546425989829,30.0,480.1056633130618,18.678843870565235,0.6739926739926716,35.0
2.369513605022803,30.0,480.215560001622,20.777590372875935,0.73260073260073,35.0
2.374523011036217,30.0,480.2814980147582,17.83934526964095,0.9670329670329636,35.0
2.379689118009992,30.0,480.36941536560647,17.41959596917881,0.9670329670329636,35.0
2.381413892027922,30.0,480.4133740410305,14.061601565481693,0.8498168498168468,35.0
2.3854348689783365,30.0,480.4573327164546,14.481350865943833,0.73260073260073,35.0
2.392748092999682,30.0,480.56722940501476,16.58009736825453,0.6153846153846132,35.0
2.404523667995818,30.0,480.677126093575,9.864108560860291,0.6739926739926716,35.0
2.409611104056239,30.0,480.7210847689992,14.481350865943833,0.73260073260073,35.0
2.41169106005691,30.0,480.7210847689992,10.703607161784571,0.6739926739926716,35.0
2.4145209479611367,30.0,480.8309814575594,11.962855063170991,0.5567765567765548,35.0
2.4196143579902127,30.0,480.87494013298345,10.283857861322431,0.4981684981684964,35.0
2.4215879590483382,30.0,480.89691947069537,15.320849466868113,0.5567765567765548,35.0
2.425379544030875,30.0,480.96285748383156,13.641852265019553,0.439560439560438,35.0
2.4304103130707517,30.0,481.0068161592558,10.703607161784571,0.3809523809523796,35.0
2.435562202008441,30.0,481.0947335101039,12.802353664095271,0.3223443223443212,35.0
2.4406481300247833,30.0,481.13869218552793,14.481350865943833,0.2637362637362628,35.0
2.4454991429811344,30.0,481.2266095363762,14.061601565481693,0.2051282051282044,35.0
2.4504655320197344,30.0,481.2925475495124,14.481350865943833,0.2051282051282044,35.0
2.4524190020747483,30.0,481.33650622493644,16.16034806779239,0.146520146520146,35.0
2.4564978079870343,30.0,481.4024442380726,19.938091771951655,0.146520146520146,35.0
2.4633750750217587,30.0,481.5562996020568,22.036838274262355,0.2637362637362628,35.0
2.465526620973833,30.0,481.60025827748086,23.715835476110914,0.3223443223443212,35.0
2.469504693057388,30.0,481.7101549660411,24.975083377497334,0.2637362637362628,35.0
2.4745643279748037,30.0,481.8200516546015,23.715835476110914,0.3809523809523796,35.0
2.479403523961082,30.0,481.97390701858575,27.913328480732517,0.4981684981684964,35.0
2.483408789965324,30.0,482.0618243694338,26.234331278883754,0.6739926739926716,35.0
2.488483863067813,30.0,482.17172105799403,18.259094570103095,0.8498168498168468,35.0
2.493620524997823,30.0,482.2596384088423,14.901100166405973,0.8498168498168468,35.0
2.498345050960779,30.0,482.3255764219785,16.58009736825453,0.8498168498168468,35.0
2.502581345033832,30.0,482.3695350974025,10.703607161784571,0.8498168498168468,35.0
0.0001887320540845394,-30.0,487.6445761482934,1.4691225516174902,-0.0293040293040292,35.0
0.00023098208475857973,-30.0,487.6225968105813,-4.827116955314611,-0.0879120879120876,35.0
0.00025652500335127115,-30.0,487.6225968105813,-3.5678690539281908,0.0293040293040292,35.0
0.00027904799208045006,-30.0,487.6445761482934,-1.8888718520796304,-0.0879120879120876,35.0
0.00030073709785938263,-30.0,487.6006174728694,-3.5678690539281908,-0.0879120879120876,35.0
0.0003221880178898573,-30.0,487.6225968105813,1.4691225516174902,-0.0879120879120876,35.0
0.0003428080817684531,-30.0,487.6445761482934,1.0493732511553502,-0.0879120879120876,35.0
0.0003624620148912072,-30.0,487.6445761482934,1.0493732511553502,-0.0879120879120876,35.0
0.00038252107333391905,-30.0,487.6225968105813,-0.20987465023107005,-0.0293040293040292,35.0
0.0004030220443382859,-30.0,487.6225968105813,3.5678690539281908,-0.0293040293040292,35.0
0.0009553810814395547,-30.0,487.6225968105813,1.0493732511553502,-0.0293040293040292,35.0
0.0026980750262737274,-30.0,487.6225968105813,-1.0493732511553502,-0.439560439560438,35.0
0.007571766036562622,-30.0,487.6006174728694,-6.9258634576253115,-0.4981684981684964,35.0
0.013928353087976575,-30.0,487.57863813515723,-6.506114157163171,-0.6153846153846132,35.0
0.01662431110162288,-30.0,487.55665879744515,-10.283857861322431,-0.6739926739926716,35.0
0.02167480008210987,-30.0,487.5127001220211,-7.3456127580874515,-0.6739926739926716,35.0
0.026671499013900757,-30.0,487.46874144659705,-6.506114157163171,-0.7912087912087884,35.0
0.030920755001716316,-30.0,487.40280343346086,-9.024609959936011,-0.9084249084249052,35.0
0.03516993101220578,-30.0,487.3808240957488,-8.604860659473871,-0.9670329670329636,35.0
0.03960828098934144,-30.0,487.3368654203247,-9.864108560860291,-0.9670329670329636,35.0
0.04600647103507072,-30.0,487.2929067449007,-7.3456127580874515,-1.025641025641022,35.0
0.05024216801393777,-30.0,487.2489480694766,-9.024609959936011,-1.025641025641022,35.0
0.05487250303849578,-30.0,487.2049893940524,-10.703607161784571,-1.0842490842490804,35.0
0.05971047899220139,-30.0,487.1830100563405,-5.246866255776751,-1.0842490842490804,35.0
0.06489549507386982,-30.0,487.13905138091644,-7.3456127580874515,-1.1428571428571388,35.0
0.06990951008629054,-30.0,487.09509270549216,-3.5678690539281908,-1.2600732600732556,35.0
0.07512998301535845,-30.0,487.07311336778025,-8.185111359011731,-1.318681318681314,35.0
0.07954370509833097,-30.0,487.0511340300681,-4.407367654852471,-1.3772893772893724,35.0
0.08386676700320095,-30.0,487.0511340300681,-6.9258634576253115,-1.318681318681314,35.0
0.08873189706355333,-30.0,487.02915469235603,-5.246866255776751,-1.3772893772893724,35.0
0.09388339600991458,-30.0,487.0071753546441,-3.1481197534660503,-1.318681318681314,35.0
0.0983922469895333,-30.0,486.985196016932,-3.9876183543903307,-1.2600732600732556,35.0
0.1048332731006667,-30.0,486.96321667922007,-5.246866255776751,-1.1428571428571388,35.0
0.10912040108814836,-30.0,486.94123734150793,-8.185111359011731,-1.2014652014651972,35.0
0.11161336209625006,-30.0,486.9192580037958,-3.5678690539281908,-1.0842490842490804,35.0
0.11881861300207675,-30.0,486.8752993283718,-10.283857861322431,-0.9084249084249052,35.0
0.12102470302488655,-30.0,486.8533199906598,-6.506114157163171,-0.7912087912087884,35.0
0.12574222008697689,-30.0,486.7873819775237,-10.703607161784571,-0.8498168498168468,35.0
0.13206135400105268,-30.0,486.7214439643875,-6.9258634576253115,-0.7912087912087884,35.0
0.13667718309443444,-30.0,486.67748528896345,-9.024609959936011,-0.73260073260073,35.0
0.1388241220265627,-30.0,486.65550595125137,-11.543105762708851,-0.73260073260073,35.0
0.14306814002338797,-30.0,486.5895679381152,-11.123356462246711,-0.73260073260073,35.0
0.14723135309759527,-30.0,486.5675886004031,-14.481350865943934,-0.5567765567765548,35.0
0.15383293200284243,-30.0,486.45769191184286,-17.419595969178914,-0.3809523809523796,35.0
0.15597428905311972,-30.0,486.4137332364188,-15.320849466868214,-0.439560439560438,35.0
0.160167186986655,-30.0,486.36977456099476,-15.320849466868214,-0.2637362637362628,35.0
0.16479028901085258,-30.0,486.2818572101465,-15.320849466868214,-0.146520146520146,35.0
0.1698344040196389,-30.0,486.19393985929844,-14.481350865943934,-0.2051282051282044,35.0
0.17475391610059887,-30.0,486.1060225084501,-16.160348067792494,-0.2051282051282044,35.0
0.17969214799813926,-30.0,486.01810515760206,-21.617088973800314,-0.2637362637362628,35.0
0.18180417409166694,-30.0,485.9521671444659,-19.938091771951754,-0.2637362637362628,35.0
0.18607210600748658,-30.0,485.9082084690418,-16.999846668716774,-0.3809523809523796,35.0
0.1885744039900601,-30.0,485.82029111819355,-24.555334077035297,-0.3223443223443212,35.0
0.19369604799430817,-30.0,485.71039442963337,-25.814581978421717,-0.3809523809523796,35.0
0.1979659650241956,-30.0,485.6004977410731,-25.394832677959577,-0.4981684981684964,35.0
0.20454978907946497,-30.0,485.42466303937675,-25.814581978421717,-0.6739926739926716,35.0
0.20880772604141384,-30.0,485.3587250262406,-24.555334077035297,-0.6739926739926716,35.0
0.2136581160593778,-30.0,485.22684899996847,-25.394832677959577,-0.8498168498168468,35.0
0.2179032100830227,-30.0,485.1389316491202,-17.419595969178914,-1.025641025641022,35.0
0.22211067902389914,-30.0,485.0510142982721,-16.160348067792494,-1.025641025641022,35.0
0.22628313908353448,-30.0,485.0070556228479,-18.678843870565334,-1.025641025641022,35.0
0.2304868270875886,-30.0,484.9411176097119,-14.481350865943934,-0.9670329670329636,35.0
0.23469582304824144,-30.0,484.89715893428763,-16.160348067792494,-0.9084249084249052,35.0
0.24103908706456423,-30.0,484.8312209211515,-10.703607161784571,-0.9084249084249052,35.0
0.24370424007065594,-30.0,484.78726224572745,-9.024609959936011,-0.9084249084249052,35.0
0.24998993601184338,-30.0,484.7213242325913,-9.444359260398151,-0.8498168498168468,35.0
0.252093309070915,-30.0,484.7213242325913,-9.444359260398151,-0.7912087912087884,35.0
0.2562541280640289,-30.0,484.65538621945535,-9.444359260398151,-0.6739926739926716,35.0
0.2607643650844693,-30.0,484.58944820631916,-18.678843870565334,-0.4981684981684964,35.0
0.26580861303955317,-30.0,484.5015308554709,-16.580097368254634,-0.3223443223443212,35.0
0.27214508305769414,-30.0,484.4136135046228,-16.580097368254634,-0.2051282051282044,35.0
0.2763711999868974,-30.0,484.3256961537745,-22.036838274262454,0.0293040293040292,35.0
0.28074953402392566,-30.0,484.2157994652143,-19.938091771951754,0.0293040293040292,35.0
0.28576049802359194,-30.0,484.1059027766541,-21.617088973800314,-0.0879120879120876,35.0
0.2908624210394919,-30.0,483.97402675038177,-18.678843870565334,-0.2637362637362628,35.0
0.29569522698875517,-30.0,483.8641300618216,-21.617088973800314,-0.3809523809523796,35.0
0.2978533450514078,-30.0,483.82017138639753,-22.456587574724594,-0.439560439560438,35.0
0.30213109706528485,-30.0,483.7322540355492,-21.197339673338174,-0.5567765567765548,35.0
0.30865690007340163,-30.0,483.57839867156497,-21.617088973800314,-0.6739926739926716,35.0
0.3107844319893047,-30.0,483.5344399961409,-22.876336875186734,-0.73260073260073,35.0
0.3150248359888792,-30.0,483.44652264529265,-26.654080579345997,-0.7912087912087884,35.0
0.31970671203453094,-30.0,483.33662595673246,-17.839345269641054,-0.9084249084249052,35.0
0.324760768096894,-30.0,483.24870860588436,-19.098593171027474,-1.0842490842490804,35.0
0.3297832279931754,-30.0,483.1388119173242,-19.098593171027474,-0.8498168498168468,35.0
0.3347000239882618,-30.0,483.05089456647585,-15.320849466868214,-0.8498168498168468,35.0
0.33964580099564046,-30.0,482.9849565533397,-13.222102964557411,-0.8498168498168468,35.0
0.34468847000971437,-30.0,482.8970392024916,-11.962855063170991,-0.8498168498168468,35.0
0.3497566970763728,-30.0,482.85308052706756,-14.061601565481794,-0.7912087912087884,35.0
0.354765092022717,-30.0,482.7871425139314,-10.703607161784571,-0.73260073260073,35.0
0.3569007010664791,-30.0,482.7871425139314,-14.061601565481794,-0.6739926739926716,35.0
0.3611069640610367,-30.0,482.72120450079524,-11.543105762708851,-0.6739926739926716,35.0
0.36561612400691956,-30.0,482.6772458253712,-10.703607161784571,-0.6739926739926716,35.0
0.37280770705547184,-30.0,482.5893284745229,-14.061601565481794,-0.5567765567765548,35.0
0.37493700406048447,-30.0,482.567349136811,-15.320849466868214,-0.4981684981684964,35.0
0.3791325209895149,-30.0,482.50141112367487,-13.641852265019654,-0.3223443223443212,35.0
0.38370062899775803,-30.0,482.41349377282654,-15.740598767330354,-0.0879120879120876,35.0
0.3887325699906796,-30.0,482.3255764219785,-19.938091771951754,-0.0293040293040292,35.0
0.3935947760473937,-30.0,482.21567973341826,-23.296086175648874,-0.0293040293040292,35.0
0.39779356704093516,-30.0,482.1057830448581,-30.012074983043117,-0.0879120879120876,35.0
0.40202471800148487,-30.0,482.0178656940098,-24.975083377497437,-0.146520146520146,35.0
0.40665133006405085,-30.0,481.8640103300255,-26.234331278883857,-0.3223443223443212,35.0
0.41385012201499194,-30.0,481.7101549660411,-22.876336875186734,-0.6153846153846132,35.0
0.41597760503645986,-30.0,481.66619629061705,-24.135584776573154,-0.6739926739926716,35.0
0.42015433707274497,-30.0,481.5562996020568,-21.617088973800314,-0.7912087912087884,35.0
0.42461565404664725,-30.0,481.4903615889207,-18.259094570103194,-0.9084249084249052,35.0
0.4288479160750285,-30.0,481.4024442380726,-16.160348067792494,-1.0842490842490804,35.0
0.43370792001951486,-30.0,481.33650622493644,-16.999846668716774,-1.0842490842490804,35.0
0.43794639606494457,-30.0,481.2485888740881,-14.481350865943934,-0.9670329670329636,35.0
0.4426076610106975,-30.0,481.18265086095215,-20.357841072413894,-0.9084249084249052,35.0
0.4476691560121253,-30.0,481.0947335101039,-16.999846668716774,-0.7912087912087884,35.0
0.4527203420875594,-30.0,481.0068161592558,-14.061601565481794,-0.6739926739926716,35.0
0.45779523509554565,-30.0,480.94087814611964,-16.999846668716774,-0.6153846153846132,35.0
0.462703803088516,-30.0,480.87494013298345,-14.481350865943934,-0.5567765567765548,35.0
0.46765454299747944,-30.0,480.7870227821352,-11.543105762708851,-0.5567765567765548,35.0
0.4726813390152529,-30.0,480.7210847689992,-14.901100166406074,-0.439560439560438,35.0
0.4777716750977561,-30.0,480.63316741815095,-13.641852265019654,-0.3809523809523796,35.0
0.4799120600800961,-30.0,480.5892087427269,-14.481350865943934,-0.3223443223443212,35.0
0.4841305110603571,-30.0,480.56722940501476,-17.839345269641054,-0.146520146520146,35.0
0.48876727605238557,-30.0,480.4573327164546,-15.320849466868214,-0.146520146520146,35.0
0.4951159900519997,-30.0,480.36941536560647,-23.296086175648874,-0.3223443223443212,35.0
0.49931979400571436,-30.0,480.2814980147582,-21.617088973800314,-0.2637362637362628,35.0
0.503600970027037,-30.0,480.171601326198,-29.592325682580977,-0.2637362637362628,35.0
0.5086147980764508,-30.0,480.0617046376378,-27.073829879808137,-0.3809523809523796,35.0
0.5128401040565223,-30.0,479.9518079490776,-22.456587574724594,-0.3809523809523796,35.0
0.5176523530390114,-30.0,479.81993192280527,-29.172576382118837,-0.5567765567765548,35.0
0.5218890090472996,-30.0,479.710035234245,-29.592325682580977,-0.6739926739926716,35.0
0.5261020950274542,-30.0,479.622117883397,-23.296086175648874,-0.73260073260073,35.0
0.5307366290362552,-30.0,479.51222119483657,-19.098593171027474,-0.9084249084249052,35.0
0.535781220998615,-30.0,479.42430384398847,-17.419595969178914,-1.0842490842490804,35.0
0.5408181670354679,-30.0,479.3363864931402,-13.222102964557411,-1.0842490842490804,35.0
0.5456261640647426,-30.0,479.27044848000423,-14.901100166406074,-1.0842490842490804,35.0
0.5498685440979898,-30.0,479.20451046686804,-13.222102964557411,-1.025641025641022,35.0
0.5541035750648007,-30.0,479.18253112915596,-9.864108560860291,-0.9670329670329636,35.0
0.5605542979901657,-30.0,479.11659311601977,-7.7653620585495915,-0.8498168498168468,35.0
0.564843647996895,-30.0,479.09461377830786,-12.382604363633131,-0.7912087912087884,35.0
0.5677632360020652,-30.0,479.02867576517167,-14.901100166406074,-0.73260073260073,35.0
0.5725596230477095,-30.0,478.96273775203554,-14.481350865943934,-0.6739926739926716,35.0
0.5768041480332613,-30.0,478.89679973889935,-13.222102964557411,-0.4981684981684964,35.0
0.583696045097895,-30.0,478.78690305033916,-15.320849466868214,-0.3809523809523796,35.0
0.5858381260186434,-30.0,478.764923712627,-17.839345269641054,-0.2637362637362628,35.0
0.5900953890522942,-30.0,478.6770063617789,-16.160348067792494,0.0293040293040292,35.0
0.5946549871005118,-30.0,478.58908901093065,-17.839345269641054,0.0879120879120876,35.0
0.5988951280014589,-30.0,478.5231509977947,-16.160348067792494,-0.0293040293040292,35.0
0.6058231720235199,-30.0,478.3692956338102,-21.617088973800314,-0.146520146520146,35.0
0.6079615380149335,-30.0,478.32533695838623,-24.975083377497437,-0.2637362637362628,35.0
0.6121707890415564,-30.0,478.2374196075379,-20.357841072413894,-0.2637362637362628,35.0
0.6167961970204487,-30.0,478.1055435812658,-23.296086175648874,-0.4981684981684964,35.0
0.6215613799868152,-30.0,477.99564689270557,-20.357841072413894,-0.5567765567765548,35.0
0.6258230250095949,-30.0,477.9077295418573,-22.456587574724594,-0.6153846153846132,35.0
0.632799954037182,-30.0,477.7318948401609,-25.394832677959577,-0.7912087912087884,35.0
0.6349378130398691,-30.0,477.68793616473687,-21.617088973800314,-0.8498168498168468,35.0
0.6391611320432276,-30.0,477.6000188138886,-25.814581978421717,-0.8498168498168468,35.0
0.6437097440939397,-30.0,477.4901221253284,-20.777590372876034,-0.9084249084249052,35.0
0.648773850989528,-30.0,477.4022047744803,-17.839345269641054,-0.9670329670329636,35.0
0.6551802700851113,-30.0,477.31428742363204,-15.320849466868214,-0.9670329670329636,35.0
0.6594086460536346,-30.0,477.270328748208,-11.543105762708851,-0.9084249084249052,35.0
0.6635962760774419,-30.0,477.2043907350718,-15.740598767330354,-0.8498168498168468,35.0
0.6678361099911854,-30.0,477.1604320596478,-12.802353664095271,-0.8498168498168468,35.0
0.6726315210107714,-30.0,477.0944940465116,-11.123356462246711,-0.8498168498168468,35.0
0.6768778100376949,-30.0,477.0944940465116,-5.666615556238891,-0.8498168498168468,35.0
0.6818666660692543,-30.0,477.0285560333755,-10.283857861322431,-0.7912087912087884,35.0
0.6868194530252367,-30.0,476.9626180202395,-12.382604363633131,-0.73260073260073,35.0
0.6916757890721783,-30.0,476.91865934481524,-11.123356462246711,-0.6153846153846132,35.0
0.6967304300051183,-30.0,476.8527213316791,-16.160348067792494,-0.3223443223443212,35.0
0.7018209500238299,-30.0,476.74282464311887,-18.678843870565334,-0.0879120879120876,35.0
0.7067090740893036,-30.0,476.67688662998273,-16.160348067792494,-0.0879120879120876,35.0
0.7088476259959862,-30.0,476.6329279545587,-19.098593171027474,-0.0293040293040292,35.0
0.7130994390463457,-30.0,476.52303126599844,-23.296086175648874,-0.0879120879120876,35.0
0.7175660940119997,-30.0,476.41313457743826,-27.913328480732417,-0.146520146520146,35.0
0.7247051870217547,-30.0,476.2372998757419,-27.073829879808137,-0.439560439560438,35.0
0.7268456839956343,-30.0,476.19334120031783,-26.234331278883857,-0.439560439560438,35.0
0.7310752690536901,-30.0,476.08344451175765,-23.715835476111014,-0.4981684981684964,35.0
0.7352316990727559,-30.0,475.9955271609094,-24.555334077035297,-0.6153846153846132,35.0
0.7394212430808693,-30.0,475.9076098100613,-20.357841072413894,-0.73260073260073,35.0
0.7457489200169221,-30.0,475.77573378378895,-18.259094570103194,-0.8498168498168468,35.0
0.7478722020750865,-30.0,475.7537544460768,-20.777590372876034,-0.8498168498168468,35.0
0.7520919570233673,-30.0,475.66583709522877,-20.777590372876034,-0.9084249084249052,35.0
0.7588039810070768,-30.0,475.5339610689564,-17.419595969178914,-0.9084249084249052,35.0
0.760948801995255,-30.0,475.5119817312445,-14.901100166406074,-0.9084249084249052,35.0
0.7651769720250741,-30.0,475.44604371810834,-19.518342471489614,-0.8498168498168468,35.0
0.7696340910624713,-30.0,475.35812636726,-14.901100166406074,-0.6739926739926716,35.0
0.7738722180947661,-30.0,475.2921883541239,-18.259094570103194,-0.73260073260073,35.0
0.7781030760379508,-30.0,475.2262503409879,-16.160348067792494,-0.6739926739926716,35.0
0.7846669510472566,-30.0,475.13833299013965,-12.802353664095271,-0.6739926739926716,35.0
0.7876485480228439,-30.0,475.0943743147156,-10.703607161784571,-0.6153846153846132,35.0
0.7940000729868189,-30.0,475.0064569638673,-11.543105762708851,-0.5567765567765548,35.0
0.7961110310861841,-30.0,474.9844776261554,-7.7653620585495915,-0.4981684981684964,35.0
0.800295119988732,-30.0,474.94051895073113,-15.320849466868214,-0.3223443223443212,35.0
0.8047413710737601,-30.0,474.85260159988303,-19.518342471489614,-0.2051282051282044,35.0
0.8098806970519945,-30.0,474.764684249035,-15.740598767330354,-0.2637362637362628,35.0
0.8148086500586942,-30.0,474.67676689818666,-19.518342471489614,-0.2051282051282044,35.0
0.8196234910283238,-30.0,474.5888495473386,-21.197339673338174,-0.146520146520146,35.0
0.8245942440116778,-30.0,474.4789528587782,-23.715835476111014,-0.146520146520146,35.0
0.8295948030427098,-30.0,474.34707683250605,-26.654080579345997,-0.2637362637362628,35.0
0.8338187870103866,-30.0,474.23718014394586,-26.654080579345997,-0.3809523809523796,35.0
0.8380394710693508,-30.0,474.1272834553857,-27.493579180270277,-0.4981684981684964,35.0
0.8422486881026998,-30.0,474.01738676682527,-25.394832677959577,-0.7912087912087884,35.0
0.8467074640793726,-30.0,473.907490078265,-22.876336875186734,-0.7912087912087884,35.0
0.8515680460259318,-30.0,473.819572727417,-18.259094570103194,-0.9084249084249052,35.0
0.8565971470670775,-30.0,473.73165537656865,-14.061601565481794,-1.0842490842490804,35.0
0.8608330320566893,-30.0,473.6657173634327,-13.641852265019654,-1.2014652014651972,35.0
0.8656397910090163,-30.0,473.59977935029656,-17.839345269641054,-1.0842490842490804,35.0
0.8698829130735248,-30.0,473.5558206748723,-11.123356462246711,-0.9670329670329636,35.0
0.8741107130190358,-30.0,473.4898826617363,-12.802353664095271,-0.8498168498168468,35.0
0.8783112820237875,-30.0,473.4459239863121,-13.222102964557411,-0.7912087912087884,35.0
0.8846682620933279,-30.0,473.358006635464,-17.419595969178914,-0.6739926739926716,35.0
0.8867949830600992,-30.0,473.31404796003994,-14.901100166406074,-0.6739926739926716,35.0
0.8910324160242453,-30.0,473.2700892846157,-13.641852265019654,-0.6153846153846132,35.0
0.8951921690022573,-30.0,473.1821719337676,-17.419595969178914,-0.4981684981684964,35.0
0.9017777210101485,-30.0,473.07227524520744,-16.999846668716774,-0.3223443223443212,35.0
0.9039269990753382,-30.0,473.0502959074953,-18.259094570103194,-0.2637362637362628,35.0
0.9081459559965879,-30.0,472.98435789435916,-16.580097368254634,-0.146520146520146,35.0
0.9125553769990802,-30.0,472.89644054351106,-17.839345269641054,-0.0879120879120876,35.0
0.9196922780247405,-30.0,472.7865438549509,-18.259094570103194,-0.0879120879120876,35.0
0.9218194880522788,-30.0,472.7425851795266,-19.938091771951754,-0.2051282051282044,35.0
0.9260625940514728,-30.0,472.67664716639064,-18.259094570103194,-0.2637362637362628,35.0
0.9302216130308807,-30.0,472.58872981554214,-21.617088973800314,-0.3223443223443212,35.0
0.9344089650548995,-30.0,472.5008124646941,-25.394832677959577,-0.3809523809523796,35.0
0.9385648060124367,-30.0,472.39091577613385,-21.617088973800314,-0.439560439560438,35.0
0.944903644034639,-30.0,472.23706041214945,-24.555334077035297,-0.5567765567765548,35.0
0.9511593400966376,-30.0,472.0612257104531,-29.592325682580977,-0.6739926739926716,35.0
0.9532501550856978,-30.0,472.017267035029,-25.814581978421717,-0.73260073260073,35.0
0.9574861940927804,-30.0,471.9293496841809,-24.135584776573154,-0.73260073260073,35.0
0.9617074721027166,-30.0,471.81945299562074,-18.259094570103194,-1.025641025641022,35.0
0.9659443279961124,-30.0,471.75351498248455,-12.382604363633131,-1.025641025641022,35.0
0.9703346060123295,-30.0,471.6655976316363,-16.580097368254634,-0.9670329670329636,35.0
0.9748058361001313,-30.0,471.5996596185001,-11.962855063170991,-1.025641025641022,35.0
0.9796668760245666,-30.0,471.5557009430761,-13.222102964557411,-0.9084249084249052,35.0
0.9847200410440564,-30.0,471.4897629299399,-6.086364856701031,-0.9084249084249052,35.0
0.9896824850002304,-30.0,471.467783592228,-9.024609959936011,-0.9670329670329636,35.0
0.9939354540547356,-30.0,471.4238249168037,-10.703607161784571,-0.9084249084249052,35.0
0.9987148750806227,-30.0,471.3578869036678,-10.283857861322431,-0.73260073260073,35.0
1.0036468550097197,-30.0,471.3139282282435,-11.543105762708851,-0.6153846153846132,35.0
1.0100471490295604,-30.0,471.2260108773954,-14.901100166406074,-0.439560439560438,35.0
1.01423816208262,-30.0,471.13809352654715,-16.580097368254634,-0.3223443223443212,35.0
1.0186471360502765,-30.0,471.05017617569905,-13.222102964557411,-0.0293040293040292,35.0
1.020751876058057,-30.0,471.00621750027506,-17.839345269641054,0.0293040293040292,35.0
1.0276651920285076,-30.0,470.87434147400273,-21.617088973800314,-0.0293040293040292,35.0
1.02979730500374,-30.0,470.8303827985787,-24.135584776573154,-0.0879120879120876,35.0
1.0339921769918874,-30.0,470.74246544773035,-22.876336875186734,-0.146520146520146,35.0
1.038732081069611,-30.0,470.61058942145826,-19.938091771951754,-0.2637362637362628,35.0
1.043627462000586,-30.0,470.50069273289785,-24.135584776573154,-0.3809523809523796,35.0
1.0486688510281965,-30.0,470.39079604433766,-23.715835476111014,-0.5567765567765548,35.0
1.0508035840466619,-30.0,470.3688167066257,-21.617088973800314,-0.6739926739926716,35.0
1.0550029260339215,-30.0,470.2589200180655,-18.678843870565334,-0.73260073260073,35.0
1.059721805038862,-30.0,470.1490233295053,-17.839345269641054,-0.73260073260073,35.0
1.064550464041531,-30.0,470.061105978657,-18.259094570103194,-0.7912087912087884,35.0
1.0687908050604165,-30.0,469.9512092900968,-20.777590372876034,-0.9670329670329636,35.0
1.0738846770254895,-30.0,469.86329193924854,-21.197339673338174,-0.9670329670329636,35.0
1.0786702240584418,-30.0,469.77537458840044,-17.419595969178914,-0.9084249084249052,35.0
1.0829123660223559,-30.0,469.7094365752643,-14.901100166406074,-0.8498168498168468,35.0
1.0877367550274357,-30.0,469.6434985621281,-14.481350865943934,-0.8498168498168468,35.0
1.0927631380036473,-30.0,469.59953988670406,-10.283857861322431,-0.8498168498168468,35.0
1.0978445360669866,-30.0,469.53360187356793,-10.283857861322431,-0.8498168498168468,35.0
1.1026900639990345,-30.0,469.46766386043174,-10.703607161784571,-0.8498168498168468,35.0
1.1078363890992478,-30.0,469.4017258472956,-11.123356462246711,-0.73260073260073,35.0
1.112652896088548,-30.0,469.35776717187156,-10.283857861322431,-0.73260073260073,35.0
1.1169162450823933,-30.0,469.3138084964475,-10.703607161784571,-0.6739926739926716,35.0
1.1210961940232664,-30.0,469.2478704833113,-11.962855063170991,-0.6153846153846132,35.0
1.1259158480679616,-30.0,469.20391180788727,-14.061601565481794,-0.3809523809523796,35.0
1.13077350507956,-30.0,469.13797379475113,-17.419595969178914,-0.2051282051282044,35.0
1.135064983041957,-30.0,469.05005644390303,-16.999846668716774,-0.0879120879120876,35.0
1.1392782690236345,-30.0,468.9841184307669,-19.938091771951754,-0.0879120879120876,35.0
1.1435751609969884,-30.0,468.8522424044946,-27.073829879808137,-0.0293040293040292,35.0
1.1477890009991825,-30.0,468.76432505364625,-22.876336875186734,-0.146520146520146,35.0
1.154758112039417,-30.0,468.5884903519499,-29.592325682580977,-0.3223443223443212,35.0
1.1568836210062727,-30.0,468.5225523388139,-26.654080579345997,-0.439560439560438,35.0
1.1610481441020966,-30.0,468.43463498796564,-25.394832677959577,-0.4981684981684964,35.0
1.1658186489949003,-30.0,468.3027589616933,-24.975083377497437,-0.7912087912087884,35.0
1.1708046660060063,-30.0,468.2148416108452,-19.098593171027474,-0.8498168498168468,35.0
1.175664053997025,-30.0,468.12692425999694,-16.580097368254634,-1.025641025641022,35.0
1.1807207179954275,-30.0,468.01702757143676,-17.419595969178914,-1.0842490842490804,35.0
1.1857818240532652,-30.0,467.92911022058865,-19.098593171027474,-0.9084249084249052,35.0
1.1905737210763618,-30.0,467.8631722074525,-15.320849466868214,-0.8498168498168468,35.0
1.1947450609877706,-30.0,467.79723419431633,-16.160348067792494,-0.8498168498168468,35.0
1.199857411091216,-30.0,467.70931684346823,-19.098593171027474,-0.7912087912087884,35.0
1.2047359989956021,-30.0,467.6433788303321,-18.259094570103194,-0.6153846153846132,35.0
1.2098043530713767,-30.0,467.5554614794838,-16.999846668716774,-0.5567765567765548,35.0
1.214604743057862,-30.0,467.4675441286357,-15.320849466868214,-0.5567765567765548,35.0
1.218763904995285,-30.0,467.4455647909236,-13.222102964557411,-0.5567765567765548,35.0
1.2229893429903314,-30.0,467.37962677778745,-11.543105762708851,-0.4981684981684964,35.0
1.2277317330008373,-30.0,467.29170942693935,-17.419595969178914,-0.3223443223443212,35.0
1.2327203430468217,-30.0,467.2037920760911,-18.259094570103194,-0.2051282051282044,35.0
1.237797957030125,-30.0,467.1378540629551,-16.160348067792494,-0.2051282051282044,35.0
1.2425288050435483,-30.0,467.0499367121068,-14.901100166406074,-0.3223443223443212,35.0
1.2467398950830102,-30.0,466.98399869897065,-21.617088973800314,-0.2637362637362628,35.0
1.2515767810400575,-30.0,466.87410201041047,-20.777590372876034,-0.2637362637362628,35.0
1.2557468210579827,-30.0,466.78618465956237,-24.135584776573154,-0.2637362637362628,35.0
1.2606932780472562,-30.0,466.6323292955779,-28.333077781194557,-0.3809523809523796,35.0
1.2649057121016085,-30.0,466.5444119447298,-28.333077781194557,-0.439560439560438,35.0
1.2695934000657871,-30.0,466.4125359184575,-24.135584776573154,-0.5567765567765548,35.0
1.2737708661006764,-30.0,466.32461856760943,-27.493579180270277,-0.6739926739926716,35.0
1.2785322030540556,-30.0,466.2147218790492,-22.036838274262454,-0.9084249084249052,35.0
1.2848235809942707,-30.0,466.1268045282009,-19.518342471489614,-0.9670329670329636,35.0
1.2890650830231607,-30.0,466.01690783964074,-16.999846668716774,-1.0842490842490804,35.0
1.2932548200478777,-30.0,465.9729491642167,-12.802353664095271,-1.0842490842490804,35.0
1.2974887960590422,-30.0,465.9070111510805,-14.061601565481794,-0.9670329670329636,35.0
1.3017858800012618,-30.0,465.86305247565645,-12.382604363633131,-0.9084249084249052,35.0
1.3065970400348306,-30.0,465.7971144625203,-10.283857861322431,-0.7912087912087884,35.0
1.311577794025652,-30.0,465.7311764493841,-10.703607161784571,-0.73260073260073,35.0
1.3157453410094604,-30.0,465.665238436248,-14.061601565481794,-0.6153846153846132,35.0
1.3205306220334023,-30.0,465.5993004231118,-15.320849466868214,-0.4981684981684964,35.0
1.3268187530338764,-30.0,465.53336240997567,-12.382604363633131,-0.439560439560438,35.0
1.3297698640963063,-30.0,465.44544505912756,-16.160348067792494,-0.2637362637362628,35.0
1.3345161440083757,-30.0,465.3575277082793,-16.999846668716774,-0.0293040293040292,35.0
1.3387060150271282,-30.0,465.2696103574312,-20.777590372876034,0.0293040293040292,35.0
1.343719728058204,-30.0,465.159713668871,-19.938091771951754,-0.0879120879120876,35.0
1.3487490930128843,-30.0,465.0937756557348,-19.518342471489614,-0.146520146520146,35.0
1.3551865440094844,-30.0,464.98387896717463,-21.197339673338174,-0.2637362637362628,35.0
1.3594183680834249,-30.0,464.8520029409023,-22.456587574724594,-0.3809523809523796,35.0
1.3635980250546709,-30.0,464.7860649277661,-22.456587574724594,-0.4981684981684964,35.0
1.367761081084609,-30.0,464.67616823920594,-21.197339673338174,-0.5567765567765548,35.0
1.372591353021562,-30.0,464.5442922129336,-22.036838274262454,-0.5567765567765548,35.0
1.3767598120030016,-30.0,464.4343955243734,-20.357841072413894,-0.6739926739926716,35.0
1.380961181013845,-30.0,464.36845751123724,-22.036838274262454,-0.7912087912087884,35.0
1.3851562320487574,-30.0,464.28054016038914,-25.814581978421717,-0.7912087912087884,35.0
1.3916714920196682,-30.0,464.1266847964049,-19.098593171027474,-0.9670329670329636,35.0
1.3938094089971855,-30.0,464.10470545869276,-18.678843870565334,-0.9670329670329636,35.0
1.3980060250032693,-30.0,464.03876744555663,-15.740598767330354,-0.9670329670329636,35.0
1.402543447096832,-30.0,463.97282943242044,-14.481350865943934,-0.9084249084249052,35.0
1.4067677709972486,-30.0,463.90689141928425,-10.703607161784571,-0.9084249084249052,35.0
1.4117550760274753,-30.0,463.8409534061483,-11.123356462246711,-0.8498168498168468,35.0
1.4162460940424353,-30.0,463.79699473072407,-9.024609959936011,-0.8498168498168468,35.0
1.4206566429929808,-30.0,463.77501539301215,-9.024609959936011,-0.8498168498168468,35.0
1.4269840579945594,-30.0,463.70907737987596,-10.283857861322431,-0.7912087912087884,35.0
1.4311838840367272,-30.0,463.66511870445197,-10.703607161784571,-0.73260073260073,35.0
1.4353910880163312,-30.0,463.6211600290277,-14.061601565481794,-0.6153846153846132,35.0
1.4396023789886385,-30.0,463.55522201589173,-12.382604363633131,-0.4981684981684964,35.0
1.4458554530283436,-30.0,463.4453253273313,-14.901100166406074,-0.146520146520146,35.0
1.4479945700149983,-30.0,463.40136665190727,-22.876336875186734,0.0293040293040292,35.0
1.452190567040816,-30.0,463.3134493010592,-21.617088973800314,0.0293040293040292,35.0
1.4566652660723776,-30.0,463.203552612499,-22.036838274262454,0.0293040293040292,35.0
1.461715512094088,-30.0,463.09365592393857,-27.913328480732417,-0.0293040293040292,35.0
1.4667561000678688,-30.0,462.9837592353784,-26.234331278883857,-0.2051282051282044,35.0
1.4716105500701815,-30.0,462.85188320910623,-26.654080579345997,-0.439560439560438,35.0
1.476590222097002,-30.0,462.74198652054605,-24.975083377497437,-0.5567765567765548,35.0
1.4829201300162822,-30.0,462.63208983198564,-22.036838274262454,-0.7912087912087884,35.0
1.4871244340902194,-30.0,462.52219314342545,-18.678843870565334,-0.8498168498168468,35.0
1.4917079830775037,-30.0,462.43427579257735,-17.419595969178914,-0.8498168498168468,35.0
1.4967356770066544,-30.0,462.32437910401717,-16.999846668716774,-1.025641025641022,35.0
1.5017838070634753,-30.0,462.23646175316884,-16.160348067792494,-0.9670329670329636,35.0
1.5038855990860611,-30.0,462.2144824154569,-15.740598767330354,-0.9670329670329636,35.0
1.5080850090598688,-30.0,462.12656506460866,-18.678843870565334,-0.8498168498168468,35.0
1.5124165990855545,-30.0,462.06062705147247,-14.481350865943934,-0.73260073260073,35.0
1.5186971630901098,-30.0,461.9727097006244,-12.382604363633131,-0.73260073260073,35.0
1.5258235080400482,-30.0,461.8628130120642,-16.160348067792494,-0.6153846153846132,35.0
1.527961207088083,-30.0,461.8408336743521,-7.7653620585495915,-0.6739926739926716,35.0
1.5321597619913518,-30.0,461.7748956612159,-11.123356462246711,-0.6739926739926716,35.0
1.5367633500136435,-30.0,461.7089576480798,-14.481350865943934,-0.5567765567765548,35.0
1.5415970800677314,-30.0,461.6649989726557,-13.641852265019654,-0.4981684981684964,35.0
1.5457601690432057,-30.0,461.59906095951953,-15.740598767330354,-0.3223443223443212,35.0
1.5521473430562764,-30.0,461.5111436086715,-15.320849466868214,-0.2051282051282044,35.0
1.55630832107272,-30.0,461.4452055955353,-14.481350865943934,-0.2051282051282044,35.0
1.5605894200270995,-30.0,461.3572882446872,-17.839345269641054,-0.2051282051282044,35.0
1.5647550181020051,-30.0,461.2693708938389,-19.938091771951754,-0.2051282051282044,35.0
1.5689661640208215,-30.0,461.1814535429908,-22.036838274262454,-0.146520146520146,35.0
1.575716226012446,-30.0,460.98363950358237,-27.913328480732417,-0.3223443223443212,35.0
1.5778145990334451,-30.0,460.9396808281583,-26.654080579345997,-0.3223443223443212,35.0
1.5820527800824493,-30.0,460.85176347731004,-26.234331278883857,-0.439560439560438,35.0
1.5886037590680644,-30.0,460.65394943790176,-25.814581978421717,-0.7912087912087884,35.0
1.5907482790062204,-30.0,460.6319701001896,-25.394832677959577,-0.8498168498168468,35.0
1.597642378997989,-30.0,460.4781147362054,-19.518342471489614,-0.9670329670329636,35.0
1.599776494083926,-30.0,460.4341560607811,-15.740598767330354,-0.9670329670329636,35.0
1.6039957600878552,-30.0,460.39019738535706,-14.901100166406074,-1.1428571428571388,35.0
1.6081678220070899,-30.0,460.3242593722209,-15.320849466868214,-1.1428571428571388,35.0
1.6126257959986106,-30.0,460.2363420213728,-14.901100166406074,-1.025641025641022,35.0
1.6196767670335248,-30.0,460.1704040082367,-14.481350865943934,-0.7912087912087884,35.0
1.6217745010508224,-30.0,460.12644533281264,-12.802353664095271,-0.7912087912087884,35.0
1.6260004370706156,-30.0,460.0824866573886,-12.802353664095271,-0.6739926739926716,35.0
1.6306347870267928,-30.0,460.0165486442524,-14.481350865943934,-0.6739926739926716,35.0
1.634796217083931,-30.0,459.9286312934041,-15.320849466868214,-0.6153846153846132,35.0
1.6390472560888156,-30.0,459.8846726179801,-14.061601565481794,-0.5567765567765548,35.0
1.645712097059004,-30.0,459.75279659170775,-16.160348067792494,-0.2637362637362628,35.0
1.6486304710851982,-30.0,459.7088379162837,-19.938091771951754,-0.2637362637362628,35.0
1.655705958022736,-30.0,459.5989412277235,-16.160348067792494,-0.0879120879120876,35.0
1.6577982470626011,-30.0,459.55498255229946,-17.419595969178914,-0.0879120879120876,35.0
1.6620241540949792,-30.0,459.48904453916333,-16.999846668716774,-0.0879120879120876,35.0
1.6661846810020506,-30.0,459.401127188315,-20.777590372876034,-0.146520146520146,35.0
1.6706382220145315,-30.0,459.31320983746696,-22.456587574724594,-0.3223443223443212,35.0
1.6769541390240192,-30.0,459.2033131489067,-20.357841072413894,-0.3809523809523796,35.0
1.6797978330869228,-30.0,459.11539579805844,-19.938091771951754,-0.4981684981684964,35.0
1.6845817600842565,-30.0,459.00549910949826,-23.715835476111014,-0.439560439560438,35.0
1.6896345810964704,-30.0,458.85164374551397,-25.394832677959577,-0.5567765567765548,35.0
1.6946549520362169,-30.0,458.7417470569538,-24.975083377497437,-0.6739926739926716,35.0
1.6994307250715792,-30.0,458.6318503683936,-22.456587574724594,-0.73260073260073,35.0
1.7057308600051329,-30.0,458.52195367983336,-18.678843870565334,-0.9084249084249052,35.0
1.7099308460019529,-30.0,458.4340363289851,-12.802353664095271,-0.9670329670329636,35.0
1.712766700075008,-30.0,458.39007765356104,-15.740598767330354,-0.9670329670329636,35.0
1.7190825570141897,-30.0,458.28018096500085,-11.543105762708851,-0.9670329670329636,35.0
1.7211745750391856,-30.0,458.2582016272887,-13.222102964557411,-0.8498168498168468,35.0
1.725340789067559,-30.0,458.21424295186466,-13.222102964557411,-0.9084249084249052,35.0
1.7296068459982052,-30.0,458.1702842764406,-11.123356462246711,-0.9670329670329636,35.0
1.733779160073027,-30.0,458.1263256010164,-7.7653620585495915,-0.9084249084249052,35.0
1.7386780220549554,-30.0,458.0603875878804,-10.703607161784571,-0.9084249084249052,35.0
1.7450044460128993,-30.0,458.0164289124562,-12.382604363633131,-0.7912087912087884,35.0
1.7492323400219902,-30.0,457.95049089932,-14.901100166406074,-0.5567765567765548,35.0
1.7537022220203653,-30.0,457.8625735484719,-16.580097368254634,-0.3809523809523796,35.0
1.7587135860230774,-30.0,457.7966355353358,-19.098593171027474,-0.2637362637362628,35.0
1.7637388210278004,-30.0,457.7087181844877,-17.419595969178914,-0.0293040293040292,35.0
1.76853145705536,-30.0,457.59882149592727,-20.357841072413894,-0.0293040293040292,35.0
1.7748361080884933,-30.0,457.4669454696552,-25.814581978421717,-0.0293040293040292,35.0
1.7777707889908925,-30.0,457.401007456519,-22.876336875186734,-0.2051282051282044,35.0
1.7825717750238255,-30.0,457.2911107679588,-21.197339673338174,-0.3223443223443212,35.0
1.787605848046951,-30.0,457.1592347416865,-22.456587574724594,-0.439560439560438,35.0
1.7917824951000512,-30.0,457.04933805312623,-21.617088973800314,-0.5567765567765548,35.0
1.7960223350673914,-30.0,456.9834000399901,-17.839345269641054,-0.6739926739926716,35.0
1.800231489003636,-30.0,456.895482689142,-18.259094570103194,-0.7912087912087884,35.0
1.804738650098443,-30.0,456.7855860005818,-19.938091771951754,-0.73260073260073,35.0
1.809660861035809,-30.0,456.6756893120214,-20.357841072413894,-0.8498168498168468,35.0
1.8167210799874738,-30.0,456.54381328574925,-19.518342471489614,-0.9670329670329636,35.0
1.8188372470904142,-30.0,456.5218339480371,-19.518342471489614,-0.8498168498168468,35.0
1.8230837170267478,-30.0,456.43391659718907,-20.777590372876034,-0.9084249084249052,35.0
1.8272693810286,-30.0,456.3679785840529,-15.740598767330354,-0.73260073260073,35.0
1.8336770980386063,-30.0,456.23610255778055,-16.999846668716774,-0.7912087912087884,35.0
1.8379605170339346,-30.0,456.23610255778055,-9.864108560860291,-0.7912087912087884,35.0
1.8426650220062584,-30.0,456.1701645446444,-14.061601565481794,-0.73260073260073,35.0
1.8476919990498573,-30.0,456.0822471937963,-9.444359260398151,-0.6739926739926716,35.0
1.8497878200141713,-30.0,456.0602678560842,-12.382604363633131,-0.6739926739926716,35.0
1.8540172200882807,-30.0,456.01630918066013,-12.382604363633131,-0.6153846153846132,35.0
1.8606008010683581,-30.0,455.92839182981186,-14.061601565481794,-0.5567765567765548,35.0
1.8627535770647228,-30.0,455.90641249209995,-12.382604363633131,-0.5567765567765548,35.0
1.8669527840102091,-30.0,455.84047447896376,-12.802353664095271,-0.3809523809523796,35.0
1.871697141090408,-30.0,455.7745364658276,-15.740598767330354,-0.2051282051282044,35.0
1.8767420470248908,-30.0,455.6866191149795,-20.357841072413894,-0.0879120879120876,35.0
1.8817757440265268,-30.0,455.5767224264191,-21.617088973800314,-0.0879120879120876,35.0
1.8865765150403604,-30.0,455.4668257378589,-27.493579180270277,-0.146520146520146,35.0
1.8928882729960606,-30.0,455.3129703738747,-27.073829879808137,-0.2051282051282044,35.0
1.8971148600103334,-30.0,455.18109434760237,-27.493579180270277,-0.3809523809523796,35.0
1.8996763559989631,-30.0,455.1151563344662,-24.135584776573154,-0.6153846153846132,35.0
1.905996498069726,-30.0,454.96130097048194,-22.876336875186734,-0.73260073260073,35.0
1.9101873360341415,-30.0,454.89536295734575,-20.357841072413894,-0.9084249084249052,35.0
1.9143904320662841,-30.0,454.8074456064977,-19.098593171027474,-1.025641025641022,35.0
1.918610097025521,-30.0,454.7415075933615,-15.320849466868214,-1.1428571428571388,35.0
1.923588230041787,-30.0,454.65359024251325,-15.740598767330354,-1.0842490842490804,35.0
1.9298904370516539,-30.0,454.5876522293773,-16.160348067792494,-0.9670329670329636,35.0
1.934109885012731,-30.0,454.4777555408169,-18.678843870565334,-0.9084249084249052,35.0
1.9386014920892194,-30.0,454.4337968653928,-18.259094570103194,-0.7912087912087884,35.0
1.9428060000063851,-30.0,454.36785885225663,-13.641852265019654,-0.73260073260073,35.0
1.947603285079822,-30.0,454.3019208391205,-11.543105762708851,-0.6739926739926716,35.0
1.9517716229893267,-30.0,454.23598282598454,-11.962855063170991,-0.6153846153846132,35.0
1.9566063330275938,-30.0,454.17004481284835,-18.259094570103194,-0.4981684981684964,35.0
1.9607789980946109,-30.0,454.1041067997122,-13.641852265019654,-0.4981684981684964,35.0
1.9656083270674571,-30.0,454.038168786576,-16.999846668716774,-0.439560439560438,35.0
1.9698251370573416,-30.0,453.9722307734399,-17.419595969178914,-0.3223443223443212,35.0
1.9740452410187572,-30.0,453.92827209801584,-14.061601565481794,-0.2051282051282044,35.0
1.9786206320859492,-30.0,453.81837540945565,-16.580097368254634,-0.146520146520146,35.0
1.9835995060857385,-30.0,453.7304580586073,-19.518342471489614,-0.2051282051282044,35.0
1.987838025088422,-30.0,453.6864993831833,-16.580097368254634,-0.3223443223443212,35.0
1.992100322037004,-30.0,453.59858203233523,-20.357841072413894,-0.3223443223443212,35.0
1.996586831053719,-30.0,453.488685343775,-20.777590372876034,-0.2637362637362628,35.0
2.0037366040050983,-30.0,453.3128506420786,-30.012074983043117,-0.3809523809523796,35.0
2.005903835990466,-30.0,453.2469126289425,-30.851573583967397,-0.4981684981684964,35.0
2.010134320007637,-30.0,453.1589952780942,-27.493579180270277,-0.439560439560438,35.0
2.014325945987366,-30.0,453.04909858953397,-26.654080579345997,-0.6739926739926716,35.0
2.0185690310318023,-30.0,452.9392019009738,-23.715835476111014,-0.7912087912087884,35.0
2.022813128074631,-30.0,452.8512845501257,-16.999846668716774,-0.9084249084249052,35.0
2.027072934084572,-30.0,452.78534653698955,-17.839345269641054,-1.0842490842490804,35.0
2.031604179064743,-30.0,452.6974291861412,-18.259094570103194,-1.025641025641022,35.0
2.0358371490146965,-30.0,452.6314911730051,-12.802353664095271,-1.025641025641022,35.0
2.0406033990439028,-30.0,452.58753249758104,-11.543105762708851,-1.0842490842490804,35.0
2.047744470066391,-30.0,452.49961514673294,-12.382604363633131,-0.9670329670329636,35.0
2.049870645045303,-30.0,452.47763580902085,-11.123356462246711,-0.8498168498168468,35.0
2.054103196016513,-30.0,452.4336771335968,-13.641852265019654,-0.8498168498168468,35.0
2.058271724032238,-30.0,452.3677391204606,-15.740598767330354,-0.73260073260073,35.0
2.0629454280715436,-30.0,452.32378044503656,-12.802353664095271,-0.6153846153846132,35.0
2.0677420180290937,-30.0,452.2358630941883,-16.580097368254634,-0.4981684981684964,35.0
2.0725829370785505,-30.0,452.16992508105216,-19.098593171027474,-0.3809523809523796,35.0
2.076787047088146,-30.0,452.08200773020405,-19.938091771951754,-0.2637362637362628,35.0
2.0816385890357196,-30.0,452.01606971706786,-18.259094570103194,-0.0293040293040292,35.0
2.0858932860428467,-30.0,451.9061730285077,-23.296086175648874,0.0293040293040292,35.0
2.0927963469875976,-30.0,451.77429700223536,-20.357841072413894,-0.2051282051282044,35.0
2.0956952770939097,-30.0,451.7303383268113,-16.580097368254634,-0.2051282051282044,35.0
2.099959827028215,-30.0,451.64242097596303,-22.036838274262454,-0.2637362637362628,35.0
2.10471727210097,-30.0,451.5105449496909,-22.036838274262454,-0.3809523809523796,35.0
2.10982179408893,-30.0,451.4226275988426,-19.518342471489614,-0.5567765567765548,35.0
2.114576996071264,-30.0,451.3127309102824,-24.555334077035297,-0.5567765567765548,35.0
2.118795612012036,-30.0,451.2028342217222,-22.456587574724594,-0.6153846153846132,35.0
2.12371285201516,-30.0,451.092937533162,-21.197339673338174,-0.73260073260073,35.0
2.1287336730165407,-30.0,450.9830408446018,-22.876336875186734,-0.73260073260073,35.0
2.1351232019951567,-30.0,450.8731441560416,-18.259094570103194,-0.8498168498168468,35.0
2.1393097180407494,-30.0,450.7852268051933,-17.839345269641054,-0.9084249084249052,35.0
2.143517735064961,-30.0,450.6973094543452,-17.419595969178914,-0.9670329670329636,35.0
2.1477917750598863,-30.0,450.65335077892115,-14.901100166406074,-0.9670329670329636,35.0
2.1507483050227165,-30.0,450.587412765785,-14.901100166406074,-0.8498168498168468,35.0
2.1556051790248603,-30.0,450.54345409036074,-11.123356462246711,-0.8498168498168468,35.0
2.1625909680733457,-30.0,450.4555367395127,-13.641852265019654,-0.7912087912087884,35.0
2.1647402920061722,-30.0,450.43355740180056,-14.481350865943934,-0.7912087912087884,35.0
2.1668746020877734,-30.0,450.43355740180056,-12.802353664095271,-0.7912087912087884,35.0
2.1689998420188203,-30.0,450.41157806408864,-7.3456127580874515,-0.8498168498168468,35.0
2.175237272051163,-30.0,450.34564005095245,-14.061601565481794,-0.7912087912087884,35.0
2.177333192084916,-30.0,450.3236607132404,-10.283857861322431,-0.73260073260073,35.0
2.181555496994406,-30.0,450.2797020378163,-14.061601565481794,-0.6153846153846132,35.0
2.185758132021874,-30.0,450.1917846869682,-14.481350865943934,-0.3809523809523796,35.0
2.190876246080734,-30.0,450.10386733611995,-17.839345269641054,-0.0879120879120876,35.0
2.195754568092525,-30.0,450.01594998527185,-22.456587574724594,0.0293040293040292,35.0
2.200770926079713,-30.0,449.8840739589995,-22.456587574724594,-0.0293040293040292,35.0
2.2056146600516513,-30.0,449.77417727043934,-25.394832677959577,-0.0879120879120876,35.0
2.2098245770903304,-30.0,449.6642805818791,-24.555334077035297,-0.146520146520146,35.0
2.2146172520006076,-30.0,449.5543838933189,-25.394832677959577,-0.439560439560438,35.0
2.2188246980076656,-30.0,449.46646654247064,-27.073829879808137,-0.4981684981684964,35.0
2.223586817039177,-30.0,449.3565698539104,-22.456587574724594,-0.6153846153846132,35.0
2.2277767080813646,-30.0,449.26865250306236,-15.740598767330354,-0.7912087912087884,35.0
2.232576801092364,-30.0,449.15875581450194,-25.814581978421717,-0.9084249084249052,35.0
2.236768749076873,-30.0,449.092817801366,-17.419595969178914,-0.8498168498168468,35.0
2.241803287062794,-30.0,449.00490045051765,-18.259094570103194,-1.025641025641022,35.0
2.246568964095786,-30.0,448.89500376195747,-16.160348067792494,-0.9670329670329636,35.0
2.250767719000578,-30.0,448.8510450865334,-14.901100166406074,-0.9670329670329636,35.0
2.2556005970109254,-30.0,448.76312773568515,-13.222102964557411,-0.7912087912087884,35.0
2.259806368034333,-30.0,448.69718972254896,-17.419595969178914,-0.6153846153846132,35.0
2.2639664030866697,-30.0,448.631251709413,-14.061601565481794,-0.5567765567765548,35.0
2.2686424790881574,-30.0,448.5433343585647,-12.802353664095271,-0.6739926739926716,35.0
2.2728362580528483,-30.0,448.49937568314067,-11.543105762708851,-0.6153846153846132,35.0
2.2794795820955187,-30.0,448.4114583322924,-15.740598767330354,-0.6153846153846132,35.0
2.2816989030689,-30.0,448.3894789945805,-8.185111359011731,-0.5567765567765548,35.0
2.2858645040541887,-30.0,448.3235409814443,-14.901100166406074,-0.4981684981684964,35.0
2.2927432080032304,-30.0,448.2136442928841,-15.740598767330354,-0.3223443223443212,35.0
2.2948848319938406,-30.0,448.191664955172,-14.061601565481794,-0.2637362637362628,35.0
2.2991605160059407,-30.0,448.12572694203584,-22.036838274262454,-0.2637362637362628,35.0
2.3036477899877355,-30.0,448.03780959118774,-19.098593171027474,-0.146520146520146,35.0
2.3078412290196866,-30.0,447.9718715780516,-21.617088973800314,-0.0879120879120876,35.0
2.3125341100385413,-30.0,447.86197488949136,-22.876336875186734,-0.146520146520146,35.0
2.3189187590032816,-30.0,447.7081195255069,-28.752827081656697,-0.2637362637362628,35.0
2.3217773369979113,-30.0,447.5982228369467,-27.493579180270277,-0.3223443223443212,35.0
2.3265882540727034,-30.0,447.46634681067457,-27.913328480732417,-0.4981684981684964,35.0
2.331645776052028,-30.0,447.33447078440224,-25.394832677959577,-0.73260073260073,35.0
2.3337781929876655,-30.0,447.31249144669016,-23.296086175648874,-0.7912087912087884,35.0
2.3379388350294903,-30.0,447.22457409584206,-16.999846668716774,-0.8498168498168468,35.0
2.3425768540473655,-30.0,447.1146774072819,-16.999846668716774,-1.025641025641022,35.0
2.3509858030593023,-30.0,447.00478071872163,-14.481350865943934,-1.1428571428571388,35.0
2.3531246470520273,-30.0,446.9608220432974,-14.481350865943934,-1.0842490842490804,35.0
2.3594225980341434,-30.0,446.8729046924493,-14.481350865943934,-0.9084249084249052,35.0
2.3615688080899417,-30.0,446.85092535473717,-13.222102964557411,-0.8498168498168468,35.0
2.365819263039157,-30.0,446.78498734160104,-12.802353664095271,-0.73260073260073,35.0
2.3686388980131596,-30.0,446.741028666177,-14.901100166406074,-0.73260073260073,35.0
2.3728231890127063,-30.0,446.67509065304085,-11.543105762708851,-0.6739926739926716,35.0
2.379632042022422,-30.0,446.5651939644806,-16.999846668716774,-0.5567765567765548,35.0
2.383872707025148,-30.0,446.52123528905656,-17.419595969178914,-0.439560439560438,35.0
2.3885430020745844,-30.0,446.4333179382085,-17.839345269641054,-0.2637362637362628,35.0
2.3906757230870426,-30.0,446.38935926278424,-19.938091771951754,-0.3223443223443212,35.0
2.394849620992318,-30.0,446.3234212496481,-19.098593171027474,-0.0879120879120876,35.0
2.399773539043963,-30.0,446.2355038988,-16.999846668716774,-0.0879120879120876,35.0
2.40462402603589,-30.0,446.14758654795173,-16.999846668716774,-0.146520146520146,35.0
2.408830997068435,-30.0,446.08164853481577,-19.518342471489614,-0.2051282051282044,35.0
2.4157247990369797,-30.0,445.9277931708313,-20.777590372876034,-0.3223443223443212,35.0
2.4178201929898933,-30.0,445.8618551576951,-19.938091771951754,-0.3223443223443212,35.0
2.421993019990623,-30.0,445.7739378068471,-27.913328480732417,-0.439560439560438,35.0
2.426209921017289,-30.0,445.68602045599874,-25.394832677959577,-0.439560439560438,35.0
2.430601046071388,-30.0,445.55414442972665,-26.234331278883857,-0.5567765567765548,35.0
2.4348032920388505,-30.0,445.4662270788784,-19.098593171027474,-0.73260073260073,35.0
2.439288326073438,-30.0,445.3343510526062,-24.135584776573154,-0.8498168498168468,35.0
2.4455988440895453,-30.0,445.24643370175795,-19.098593171027474,-0.8498168498168468,35.0
2.4485990250250325,-30.0,445.15851635090985,-18.259094570103194,-1.025641025641022,35.0
2.452796466066502,-30.0,445.0925783377737,-15.320849466868214,-1.0842490842490804,35.0
2.4597002600785345,-30.0,444.9826816492135,-15.320849466868214,-0.9670329670329636,35.0
2.4618034150917083,-30.0,444.9607023115014,-16.999846668716774,-0.9670329670329636,35.0
2.46596462209709,-30.0,444.91674363607734,-10.703607161784571,-0.9670329670329636,35.0
2.4701541380491108,-30.0,444.85080562294115,-14.901100166406074,-0.9670329670329636,35.0
2.474600871093571,-30.0,444.82882628522907,-9.864108560860291,-0.9084249084249052,35.0
2.4796528010629117,-30.0,444.784867609805,-10.703607161784571,-0.9084249084249052,35.0
2.4838172839954495,-30.0,444.7628882720929,-6.9258634576253115,-0.8498168498168468,35.0
2.4879751660628244,-30.0,444.71892959666883,-8.604860659473871,-0.8498168498168468,35.0
2.492191182100214,-30.0,444.6529915835327,-9.864108560860291,-0.6739926739926716,35.0
2.496419199043885,-30.0,444.60903290810865,-16.160348067792494,-0.5567765567765548,35.0
2.5027369119925424,-30.0,444.4991362195484,-18.259094570103194,-0.3223443223443212,35.0
0.000204983982257545,60.0,439.68566126061046,-1.8888718520796304,-0.0879120879120876,35.0
0.0002474470529705286,60.0,439.68566126061046,0.6296239506932101,-0.0879120879120876,35.0
0.0002751320134848356,60.0,439.68566126061046,-0.20987465023107005,-0.0879120879120876,35.0
0.0002985909814015031,60.0,439.68566126061046,-3.1481197534660503,-0.0879120879120876,35.0
0.0003205750836059451,60.0,439.7076405983226,-3.1481197534660503,-0.0879120879120876,35.0
0.00035153806675225496,60.0,439.7076405983226,-0.6296239506932101,-0.0293040293040292,35.0
0.00038205005694180727,60.0,439.7076405983226,-1.0493732511553502,-0.0879120879120876,35.0
0.00040419900324195623,60.0,439.7076405983226,0.20987465023107005,-0.0879120879120876,35.0
0.0004270169883966446,60.0,439.7076405983226,-2.3086211525417704,-0.0293040293040292,35.0
0.00044788001105189323,60.0,439.7076405983226,1.8888718520796304,-0.0879120879120876,35.0
0.0009002770530059934,60.0,439.7076405983226,0.20987465023107005,-0.0293040293040292,35.0
0.0036317920312285423,60.0,439.7076405983226,-1.8888718520796304,0.73260073260073,35.0
0.005776146077550948,60.0,439.7296199360345,7.3456127580874515,0.7912087912087884,35.0
0.01053012500051409,60.0,439.7735786114588,11.962855063170991,0.9084249084249052,35.0
0.015614967094734311,60.0,439.8395166245949,15.740598767330253,1.025641025641022,35.0
0.020654952037148178,60.0,439.927433975443,18.678843870565235,1.0842490842490804,35.0
0.022846765001304448,60.0,439.9494133131551,18.259094570103095,1.1428571428571388,35.0
0.02706997306086123,60.0,440.0373306640032,19.938091771951655,1.1428571428571388,35.0
0.03161271405406296,60.0,440.16920669027553,22.876336875186635,1.318681318681314,35.0
0.036542573012411594,60.0,440.32306205425976,24.555334077035194,1.4358974358974308,35.0
0.04351904906798154,60.0,440.49889675595614,32.9503200862782,1.2014652014651972,35.0
0.045718902023509145,60.0,440.58681410680447,32.9503200862782,1.1428571428571388,35.0
0.04993521107826382,60.0,440.71869013307656,33.37006938674034,0.9084249084249052,35.0
0.05457137105986476,60.0,440.8505661593489,32.9503200862782,0.5567765567765548,35.0
0.0594691390870139,60.0,441.0483801987574,33.37006938674034,0.4981684981684964,35.0
0.06582235207315534,60.0,441.2242149004538,36.30831448997532,0.2637362637362628,35.0
0.07002410606946796,60.0,441.40004960215015,34.20956798766462,0.2051282051282044,35.0
0.0741814459906891,60.0,441.5539049661344,40.92555679505886,0.3223443223443212,35.0
0.07837225205730647,60.0,441.72973966783076,44.28355119875598,0.5567765567765548,35.0
0.08263566601090133,60.0,441.92755370723904,47.6415456024531,0.6739926739926716,35.0
0.08550938998814672,60.0,442.12536774664756,48.90079350383952,1.025641025641022,35.0
0.0939637339906767,60.0,442.45505781232816,42.18480469644528,0.9670329670329636,35.0
0.09462720900774002,60.0,442.54297516317644,42.18480469644528,0.7912087912087884,35.0
0.09885302698239684,60.0,442.69683052716067,42.60455399690742,0.6153846153846132,35.0
0.10350516706239432,60.0,442.9166239042811,42.60455399690742,0.3223443223443212,35.0
0.10772910306695849,60.0,443.09245860597747,42.18480469644528,0.0293040293040292,35.0
0.11457479500677437,60.0,443.40016933394617,45.12304979968026,0.146520146520146,35.0
0.11672618507873267,60.0,443.51006602250635,46.38229770106668,0.3809523809523796,35.0
0.12094756006263196,60.0,443.6859007242027,49.7402921047638,0.6153846153846132,35.0
0.125109882093966,60.0,443.88371476361124,45.5427991001424,0.73260073260073,35.0
0.13349945400841534,60.0,444.27934284242804,46.80204700152882,0.9084249084249052,35.0
0.13439668505452573,60.0,444.3672601932761,52.25878790753664,0.8498168498168468,35.0
0.13858914806041867,60.0,444.54309489497246,45.5427991001424,0.6739926739926716,35.0
0.14357744005974382,60.0,444.7628882720929,42.18480469644528,0.439560439560438,35.0
0.14861413498874754,60.0,444.9826816492135,43.86380189829384,0.0293040293040292,35.0
0.15372660907451063,60.0,445.2244543640458,44.28355119875598,0.0879120879120876,35.0
0.1586478550452739,60.0,445.4662270788784,49.7402921047638,0.439560439560438,35.0
0.16171668900642544,60.0,445.5981031051507,47.22179630199096,0.6153846153846132,35.0
0.16801433102227747,60.0,445.88383449540726,46.38229770106668,0.8498168498168468,35.0
0.17217792000155896,60.0,446.08164853481577,47.22179630199096,1.025641025641022,35.0
0.17660606501158327,60.0,446.3234212496481,47.22179630199096,0.6739926739926716,35.0
0.18171921209432185,60.0,446.5432146267687,48.06129490291524,0.439560439560438,35.0
0.18615209800191224,60.0,446.78498734160104,41.345306095521,0.2637362637362628,35.0
0.1924350610934198,60.0,447.00478071872163,43.02430329736956,0.0293040293040292,35.0
0.19456129206810147,60.0,447.1366567449938,45.12304979968026,0.0879120879120876,35.0
0.2009032469941303,60.0,447.42238813525034,48.90079350383952,0.439560439560438,35.0
0.2030375220347196,60.0,447.53228482381076,48.06129490291524,0.4981684981684964,35.0
0.20722558698616922,60.0,447.73009886321904,49.7402921047638,0.7912087912087884,35.0
0.2116169340442866,60.0,447.9718715780516,48.48104420337738,1.0842490842490804,35.0
0.21663726901169866,60.0,448.2136442928841,45.5427991001424,0.7912087912087884,35.0
0.22304585005622357,60.0,448.43343767000454,43.4440525978317,0.4981684981684964,35.0
0.2272109700134024,60.0,448.65323104712496,43.86380189829384,0.146520146520146,35.0
0.2315393320750445,60.0,448.89500376195747,45.12304979968026,0.0293040293040292,35.0
0.23662449407856911,60.0,449.1147971390779,46.38229770106668,0.2051282051282044,35.0
0.24168755498249084,60.0,449.3565698539104,45.5427991001424,0.4981684981684964,35.0
0.24653570808004588,60.0,449.59834256874296,48.90079350383952,0.6739926739926716,35.0
0.2514188160421327,60.0,449.8620946212874,51.41928930661236,1.025641025641022,35.0
0.25562118203379214,60.0,450.01594998527185,45.12304979968026,0.9084249084249052,35.0
0.2605892220744863,60.0,450.2797020378163,43.86380189829384,0.6153846153846132,35.0
0.2655962670687586,60.0,450.49949541493675,44.70330049921812,0.3223443223443212,35.0
0.2706208740128204,60.0,450.7192887920571,45.12304979968026,-0.0293040293040292,35.0
0.2756583110895008,60.0,450.9610615068897,48.90079350383952,0.0293040293040292,35.0
0.280544487060979,60.0,451.2028342217222,44.28355119875598,0.439560439560438,35.0
0.28266718704253435,60.0,451.3127309102824,45.5427991001424,0.6153846153846132,35.0
0.2898385589942336,60.0,451.6644003136752,48.90079350383952,0.9084249084249052,35.0
0.29196503409184515,60.0,451.7303383268113,51.41928930661236,0.9670329670329636,35.0
0.2961212299996987,60.0,451.9281523662198,50.57979070568808,0.9084249084249052,35.0
0.3002781730610877,60.0,452.1259664056281,43.4440525978317,0.6739926739926716,35.0
0.30450231302529573,60.0,452.3018011073245,45.12304979968026,0.4981684981684964,35.0
0.31082415801938623,60.0,452.58753249758104,45.5427991001424,0.0879120879120876,35.0
0.31295090704225004,60.0,452.6974291861412,41.76505539598314,-0.0293040293040292,35.0
0.3171169690322131,60.0,452.89524322554973,43.4440525978317,0.0879120879120876,35.0
0.321599776041694,60.0,453.11503660267016,47.6415456024531,0.3809523809523796,35.0
0.32664838898926973,60.0,453.35680931750267,46.38229770106668,0.73260073260073,35.0
0.3314743610098958,60.0,453.59858203233523,45.96254840060454,1.025641025641022,35.0
0.3356991510372609,60.0,453.81837540945565,46.80204700152882,1.025641025641022,35.0
0.34050976298749447,60.0,454.01618944886394,43.02430329736956,0.73260073260073,35.0
0.34473728004377335,60.0,454.1920241505603,46.80204700152882,0.3809523809523796,35.0
0.3489693730371073,60.0,454.38983818996877,44.70330049921812,0.2637362637362628,35.0
0.35373804008122534,60.0,454.63161090480133,44.28355119875598,0.0293040293040292,35.0
0.358516987063922,60.0,454.8294249442096,47.22179630199096,0.2051282051282044,35.0
0.36564315808936954,60.0,455.18109434760237,54.77728371030948,0.5567765567765548,35.0
0.3677739549893886,60.0,455.26901169845064,51.41928930661236,0.6153846153846132,35.0
0.37200061103794724,60.0,455.48880507557107,46.80204700152882,0.9670329670329636,35.0
0.37615967204328626,60.0,455.66463977726744,47.22179630199096,1.0842490842490804,35.0
0.380698872031644,60.0,455.90641249209995,45.12304979968026,0.7912087912087884,35.0
0.3855655430816114,60.0,456.12620586922037,44.70330049921812,0.439560439560438,35.0
0.3926284220069647,60.0,456.43391659718907,40.08605819413458,-0.0293040293040292,35.0
0.3947527150157839,60.0,456.5218339480371,48.06129490291524,-0.0879120879120876,35.0
0.39898063801229,60.0,456.6976686497335,44.70330049921812,0.146520146520146,35.0
0.40315718308556825,60.0,456.895482689142,46.38229770106668,0.439560439560438,35.0
0.40759923902805895,60.0,457.1592347416865,50.99954000615022,0.6739926739926716,35.0
0.41403117100708187,60.0,457.401007456519,48.06129490291524,0.9670329670329636,35.0
0.4181951970094815,60.0,457.6208008336394,45.96254840060454,0.9670329670329636,35.0
0.4226210020715371,60.0,457.8625735484719,46.38229770106668,0.6153846153846132,35.0
0.4274498070590198,60.0,458.0603875878804,43.02430329736956,0.3809523809523796,35.0
0.43167132406961173,60.0,458.2362222895766,40.08605819413458,0.146520146520146,35.0
0.4365142580354586,60.0,458.47799500440914,45.12304979968026,-0.0293040293040292,35.0
0.4407392630819231,60.0,458.6758090438176,48.06129490291524,0.146520146520146,35.0
0.4449721430428326,60.0,458.85164374551397,44.70330049921812,0.4981684981684964,35.0
0.44981585803907365,60.0,459.11539579805844,45.96254840060454,0.7912087912087884,35.0
0.4545726029900834,60.0,459.33518917517887,45.5427991001424,1.025641025641022,35.0
0.45956705906428397,60.0,459.5769618900114,45.12304979968026,0.9084249084249052,35.0
0.4645958599867299,60.0,459.81873460484394,45.12304979968026,0.6153846153846132,35.0
0.4696898930706084,60.0,460.03852798196436,45.12304979968026,0.3809523809523796,35.0
0.47477132198400795,60.0,460.2363420213728,43.02430329736956,0.0293040293040292,35.0
0.4789959250483662,60.0,460.4341560607811,44.70330049921812,-0.0293040293040292,35.0
0.48368911107536405,60.0,460.67592877561367,51.8390386070745,0.3223443223443212,35.0
0.488481592037715,60.0,460.9177014904462,48.06129490291524,0.5567765567765548,35.0
0.4927020660834387,60.0,461.1155155298547,45.96254840060454,0.8498168498168468,35.0
0.49778364307712764,60.0,461.3572882446872,47.6415456024531,1.0842490842490804,35.0
0.5025432320544496,60.0,461.59906095951953,45.5427991001424,0.73260073260073,35.0
0.5073893159860745,60.0,461.8188543366402,45.12304979968026,0.439560439560438,35.0
0.5137589060468599,60.0,462.03864771376055,45.12304979968026,0.146520146520146,35.0
0.514492089045234,60.0,462.12656506460866,45.12304979968026,0.0293040293040292,35.0
0.5187126389937475,60.0,462.32437910401717,44.28355119875598,-0.0879120879120876,35.0
0.5235330640571192,60.0,462.54417248113754,46.80204700152882,0.3223443223443212,35.0
0.5277526890859008,60.0,462.74198652054605,51.41928930661236,0.4981684981684964,35.0
0.5319757910910994,60.0,462.93980055995434,48.90079350383952,0.6739926739926716,35.0
0.5361302050296217,60.0,463.13761459936285,49.32054280430166,0.9084249084249052,35.0
0.5425767540000379,60.0,463.46730466504346,44.70330049921812,0.9084249084249052,35.0
0.545568916015327,60.0,463.6211600290277,44.70330049921812,0.6739926739926716,35.0
0.5518903870834038,60.0,463.88491208157234,47.6415456024531,0.2637362637362628,35.0
0.5540394299896434,60.0,463.97282943242044,48.90079350383952,0.0879120879120876,35.0
0.5582053840626031,60.0,464.17064347182895,48.90079350383952,-0.146520146520146,35.0
0.5625644790707156,60.0,464.3904368489493,44.28355119875598,0.146520146520146,35.0
0.5675470510032028,60.0,464.6322095637819,47.22179630199096,0.5567765567765548,35.0
0.5739006890216842,60.0,464.8959616163263,46.80204700152882,0.7912087912087884,35.0
0.5780878990190104,60.0,465.13773433115887,49.32054280430166,1.0842490842490804,35.0
0.5825579450465739,60.0,465.3575277082793,46.80204700152882,0.73260073260073,35.0
0.5875966270687059,60.0,465.5993004231118,44.70330049921812,0.5567765567765548,35.0
0.5926089719869196,60.0,465.7971144625203,43.02430329736956,0.2637362637362628,35.0
0.5977277170168236,60.0,466.01690783964074,44.70330049921812,-0.0293040293040292,35.0
0.5998562939930707,60.0,466.1268045282009,44.70330049921812,-0.0879120879120876,35.0
0.6040451760636643,60.0,466.32461856760943,51.41928930661236,0.2051282051282044,35.0
0.608565898030065,60.0,466.56639128244177,51.41928930661236,0.5567765567765548,35.0
0.6155058339936659,60.0,466.89608134812255,47.6415456024531,0.9670329670329636,35.0
0.6176331699825823,60.0,467.0059780366828,44.28355119875598,1.0842490842490804,35.0
0.6218700900208205,60.0,467.18181273837916,46.80204700152882,0.9084249084249052,35.0
0.6264459859812632,60.0,467.40160611549953,43.4440525978317,0.5567765567765548,35.0
0.6314837250392884,60.0,467.6433788303321,43.86380189829384,0.3223443223443212,35.0
0.6357116550207138,60.0,467.8411928697404,43.02430329736956,0.0879120879120876,35.0
0.6406340090325102,60.0,468.060986246861,41.76505539598314,0.146520146520146,35.0
0.6457283510826528,60.0,468.3027589616933,49.32054280430166,0.3223443223443212,35.0
0.6505234770011157,60.0,468.5225523388139,45.5427991001424,0.6153846153846132,35.0
0.6547415950335562,60.0,468.72036637822225,52.67853720799878,0.7912087912087884,35.0
0.6595464850543067,60.0,468.9841184307669,51.41928930661236,1.0842490842490804,35.0
0.6637739730067551,60.0,469.1599531324633,41.76505539598314,0.9084249084249052,35.0
0.6679967240197584,60.0,469.35776717187156,40.92555679505886,0.6153846153846132,35.0
0.6762910319957882,60.0,469.7094365752643,45.12304979968026,-0.0293040293040292,35.0
0.6784260240383446,60.0,469.77537458840044,45.12304979968026,-0.146520146520146,35.0
0.6826399130513892,60.0,469.99516796552086,48.06129490291524,-0.0293040293040292,35.0
0.6868618340231478,60.0,470.2149613426413,48.90079350383952,0.3809523809523796,35.0
0.6910561060067266,60.0,470.39079604433766,46.38229770106668,0.6153846153846132,35.0
0.6955653610639274,60.0,470.6765274345942,48.48104420337738,0.8498168498168468,35.0
0.6997260430362076,60.0,470.8523621362906,51.41928930661236,1.025641025641022,35.0
0.7038891219999641,60.0,471.05017617569905,45.5427991001424,0.8498168498168468,35.0
0.7080867030890658,60.0,471.2260108773954,39.66630889367244,0.6153846153846132,35.0
0.7126233050366864,60.0,471.44580425451585,41.76505539598314,0.3809523809523796,35.0
0.7176729060010985,60.0,471.6655976316363,42.60455399690742,-0.0879120879120876,35.0
0.7226595240645111,60.0,471.9073703464688,44.28355119875598,0.0293040293040292,35.0
0.727662255987525,60.0,472.1711223990135,50.16004140522594,0.439560439560438,35.0
0.7325380560941994,60.0,472.39091577613385,50.16004140522594,0.7912087912087884,35.0
0.7388703350443393,60.0,472.6326884909664,48.06129490291524,1.025641025641022,35.0
0.743069232092239,60.0,472.852481868087,46.38229770106668,0.9670329670329636,35.0
0.7472274990286678,60.0,473.0502959074953,47.22179630199096,0.5567765567765548,35.0
0.751457057078369,60.0,473.2481099469038,44.28355119875598,0.3809523809523796,35.0
0.7577291959896684,60.0,473.5558206748723,43.02430329736956,0.0879120879120876,35.0
0.7598215920152143,60.0,473.6437380257206,45.96254840060454,0.0293040293040292,35.0
0.7640370030421764,60.0,473.8415520651289,43.86380189829384,0.0879120879120876,35.0
0.7684774760855362,60.0,474.0613454422495,46.38229770106668,0.3809523809523796,35.0
0.7726792960893363,60.0,474.2811388193699,48.06129490291524,0.6739926739926716,35.0
0.7776772560318932,60.0,474.5229115342024,48.06129490291524,1.025641025641022,35.0
0.7824954850366339,60.0,474.74270491132285,43.02430329736956,1.025641025641022,35.0
0.7875008169794455,60.0,474.9844776261554,44.28355119875598,0.6739926739926716,35.0
0.7916988560464233,60.0,475.1822916655637,45.5427991001424,0.3223443223443212,35.0
0.7958583619911224,60.0,475.35812636726,45.12304979968026,0.0879120879120876,35.0
0.8004531170008704,60.0,475.5998990820926,46.80204700152882,-0.0879120879120876,35.0
0.8076127580134198,60.0,475.9076098100613,45.12304979968026,0.3223443223443212,35.0
0.8097129730740562,60.0,475.9955271609094,48.90079350383952,0.3809523809523796,35.0
0.8138702140422538,60.0,476.21532053802974,53.9377851093852,0.6739926739926716,35.0
0.8185486280126497,60.0,476.47907259057445,51.8390386070745,0.9670329670329636,35.0
0.8227393149863929,60.0,476.6549072922708,47.6415456024531,0.9670329670329636,35.0
0.827438589069061,60.0,476.8966800071033,40.08605819413458,0.6739926739926716,35.0
0.8338002200471237,60.0,477.0944940465116,43.86380189829384,0.3809523809523796,35.0
0.8365823790663853,60.0,477.2923080859201,50.57979070568808,0.0879120879120876,35.0
0.8415992420632392,60.0,477.53408080075263,47.6415456024531,-0.0879120879120876,35.0
0.8466066890396178,60.0,477.75387417787306,48.06129490291524,0.2637362637362628,35.0
0.8514732640469447,60.0,477.99564689270557,49.7402921047638,0.6153846153846132,35.0
0.8556901110569015,60.0,478.215440269826,45.5427991001424,0.7912087912087884,35.0
0.8599046870367602,60.0,478.4132543092343,51.41928930661236,0.9670329670329636,35.0
0.8626401140354574,60.0,478.56710967321874,49.32054280430166,0.9084249084249052,35.0
0.8695224670227617,60.0,478.87482040118726,42.18480469644528,0.5567765567765548,35.0
0.8737254940206185,60.0,479.0506551028836,43.02430329736956,0.3809523809523796,35.0
0.8778932720888406,60.0,479.22648980457996,42.18480469644528,0.0879120879120876,35.0
0.882560437079519,60.0,479.4462831817006,46.38229770106668,-0.0879120879120876,35.0
0.8867216460639611,60.0,479.66607655882103,45.12304979968026,0.146520146520146,35.0
0.8913980370853096,60.0,479.90784927365354,48.48104420337738,0.4981684981684964,35.0
0.8977730050683022,60.0,480.1496219884859,47.6415456024531,0.8498168498168468,35.0
0.9005801780149341,60.0,480.3474360278944,48.06129490291524,1.0842490842490804,35.0
0.9056121910689399,60.0,480.5892087427269,44.70330049921812,0.8498168498168468,35.0
0.9106958860065788,60.0,480.8309814575594,47.6415456024531,0.439560439560438,35.0
0.9155206620926037,60.0,481.0507748346798,43.86380189829384,0.2637362637362628,35.0
0.9205426700646058,60.0,481.27056821180025,41.345306095521,-0.0293040293040292,35.0
0.922668538056314,60.0,481.3584855626485,45.12304979968026,-0.0293040293040292,35.0
0.9268828129861504,60.0,481.5562996020568,45.12304979968026,0.2051282051282044,35.0
0.9315187640022486,60.0,481.7980723168894,55.19703301077162,0.4981684981684964,35.0
0.9357627520803362,60.0,481.99588635629766,47.6415456024531,0.6739926739926716,35.0
0.9427161370404065,60.0,482.3475557596904,45.12304979968026,1.025641025641022,35.0
0.9448354800697416,60.0,482.4354731105387,45.5427991001424,0.9084249084249052,35.0
0.949026340036653,60.0,482.61130781223505,42.18480469644528,0.6739926739926716,35.0
0.9535784410545602,60.0,482.85308052706756,46.38229770106668,0.2637362637362628,35.0
0.959928005002439,60.0,483.0948532418999,46.80204700152882,-0.0879120879120876,35.0
0.9641013720538467,60.0,483.31464661902055,46.80204700152882,0.0879120879120876,35.0
0.9682717390824109,60.0,483.4904813207169,46.38229770106668,0.2637362637362628,35.0
0.9726063309935853,60.0,483.75423337326134,46.80204700152882,0.6739926739926716,35.0
0.9776693430030718,60.0,483.9960060880939,45.12304979968026,0.8498168498168468,35.0
0.9825244930107147,60.0,484.2377788029264,50.99954000615022,0.9670329670329636,35.0
0.9846451270859689,60.0,484.34767549148665,52.25878790753664,0.9084249084249052,35.0
0.9915375810815021,60.0,484.67736555716726,43.86380189829384,0.5567765567765548,35.0
0.9958539310609922,60.0,484.78726224572745,40.92555679505886,0.3809523809523796,35.0
0.9985168600687757,60.0,484.9411176097119,42.60455399690742,0.0293040293040292,35.0
1.0035017459886149,60.0,485.18289032454425,43.86380189829384,-0.0879120879120876,35.0
1.0077343949815258,60.0,485.3807043639527,48.06129490291524,0.2051282051282044,35.0
1.0126068560639396,60.0,485.6444564164972,50.57979070568808,0.5567765567765548,35.0
1.0172911540139467,60.0,485.8642497936178,48.90079350383952,0.9084249084249052,35.0
1.0236957150045782,60.0,486.12800184616225,50.16004140522594,1.0842490842490804,35.0
1.0279347070027143,60.0,486.3477952232827,47.6415456024531,0.6739926739926716,35.0
1.0321165000787005,60.0,486.54560926269113,46.38229770106668,0.4981684981684964,35.0
1.0363252630922943,60.0,486.7214439643875,43.86380189829384,0.2637362637362628,35.0
1.040576355997473,60.0,486.8752993283718,44.70330049921812,0.0879120879120876,35.0
1.0435530450195074,60.0,487.0511340300681,44.28355119875598,-0.0293040293040292,35.0
1.0506521189818159,60.0,487.40280343346086,48.90079350383952,0.3809523809523796,35.0
1.0528277039993554,60.0,487.5127001220211,50.57979070568808,0.4981684981684964,35.0
1.0570290550822392,60.0,487.71051416142956,50.57979070568808,0.73260073260073,35.0
1.0636619509896263,60.0,488.0621835648223,43.02430329736956,1.0842490842490804,35.0
1.0658180370228365,60.0,488.1501009156704,45.96254840060454,0.9670329670329636,35.0
1.0700071019819006,60.0,488.3259356173668,41.345306095521,0.6153846153846132,35.0
1.074221748043783,60.0,488.50177031906316,47.22179630199096,0.3809523809523796,35.0
1.0786104960134253,60.0,488.74354303389566,50.57979070568808,0.0293040293040292,35.0
1.0832333420403302,60.0,488.9633364110161,42.60455399690742,-0.0293040293040292,35.0
1.0895679540699348,60.0,489.1831297881365,45.96254840060454,0.3223443223443212,35.0
1.0927283479832113,60.0,489.40292316525694,52.67853720799878,0.4981684981684964,35.0
1.0974942879984155,60.0,489.64469588008944,51.41928930661236,0.73260073260073,35.0
1.1026435809908435,60.0,489.9084479326341,45.5427991001424,1.0842490842490804,35.0
1.1076885090442374,60.0,490.1282413097545,49.32054280430166,0.8498168498168468,35.0
1.112553425016813,60.0,490.34803468687494,46.38229770106668,0.6153846153846132,35.0
1.1168976380722597,60.0,490.5238693885713,41.345306095521,0.2637362637362628,35.0
1.1215518250828609,60.0,490.7436627656917,47.6415456024531,-0.0293040293040292,35.0
1.1257994479965419,60.0,490.9414768051002,48.06129490291524,-0.0293040293040292,35.0
1.1305752369808033,60.0,491.18324951993276,47.6415456024531,0.439560439560438,35.0
1.1356190720107406,60.0,491.42502223476504,46.38229770106668,0.73260073260073,35.0
1.1377632600488141,60.0,491.51293958561337,48.90079350383952,0.73260073260073,35.0
1.1419269089819863,60.0,491.73273296273373,46.38229770106668,0.9084249084249052,35.0
1.148643956054002,60.0,492.0624230284144,47.22179630199096,0.6739926739926716,35.0
1.1507944019977003,60.0,492.1503403792627,49.32054280430166,0.6153846153846132,35.0
1.154976100078784,60.0,492.32617508095905,45.5427991001424,0.439560439560438,35.0
1.1595936020603403,60.0,492.54596845807947,41.76505539598314,0.146520146520146,35.0
1.1646544330287725,60.0,492.787741172912,50.16004140522594,-0.146520146520146,35.0
1.1697033080272377,60.0,493.02951388774454,47.6415456024531,0.2051282051282044,35.0
1.174498828011565,60.0,493.27128660257705,47.6415456024531,0.5567765567765548,35.0
1.1787318059941754,60.0,493.4471213042734,48.48104420337738,0.7912087912087884,35.0
1.1829204350942746,60.0,493.6449353436817,43.4440525978317,1.0842490842490804,35.0
1.1875812170328572,60.0,493.8867080585142,45.96254840060454,0.8498168498168468,35.0
1.1918374160304666,60.0,494.08452209792256,45.5427991001424,0.5567765567765548,35.0
1.195998250041157,60.0,494.2603567996189,45.96254840060454,0.3223443223443212,35.0
1.2006827940931544,60.0,494.4801501767395,46.80204700152882,0.0879120879120876,35.0
1.2057562450645491,60.0,494.72192289157186,44.28355119875598,-0.0293040293040292,35.0
1.2105798460543156,60.0,494.94171626869246,45.12304979968026,0.2637362637362628,35.0
1.2157143440563232,60.0,495.20546832123694,48.90079350383952,0.6153846153846132,35.0
1.2205720940837637,60.0,495.44724103606944,48.48104420337738,0.9084249084249052,35.0
1.2256867419928312,60.0,495.689013750902,47.22179630199096,1.025641025641022,35.0
1.2304974850267172,60.0,495.9088071280224,46.80204700152882,0.7912087912087884,35.0
1.232716172002256,60.0,495.9967244788705,45.12304979968026,0.5567765567765548,35.0
1.239588969037868,60.0,496.3264145445513,40.08605819413458,0.0879120879120876,35.0
1.2417199370684102,60.0,496.41433189539936,48.48104420337738,-0.0293040293040292,35.0
1.2459649990778416,60.0,496.61214593480787,47.22179630199096,-0.0879120879120876,35.0
1.250720400013961,60.0,496.8319393119283,47.6415456024531,0.3809523809523796,35.0
1.255503315012902,60.0,497.0517326890487,44.70330049921812,0.6153846153846132,35.0
1.259726785006933,60.0,497.2715260661691,49.7402921047638,0.7912087912087884,35.0
1.263916717027314,60.0,497.4693401055776,49.32054280430166,1.025641025641022,35.0
1.2686862390255556,60.0,497.71111282041016,49.32054280430166,0.8498168498168468,35.0
1.2735745520330966,60.0,497.93090619753053,42.60455399690742,0.5567765567765548,35.0
1.2778195980936289,60.0,498.1067408992269,43.86380189829384,0.3223443223443212,35.0
1.2826229970669374,60.0,498.34851361405947,42.60455399690742,-0.146520146520146,35.0
1.2876279040938243,60.0,498.56830699117984,49.32054280430166,-0.0293040293040292,35.0
1.292648992035538,60.0,498.78810036830026,47.22179630199096,0.3809523809523796,35.0
1.2977210420649499,60.0,499.0738317585569,50.16004140522594,0.73260073260073,35.0
1.3025503830285743,60.0,499.29362513567725,50.57979070568808,1.0842490842490804,35.0
1.3076761229895055,60.0,499.5353978505098,45.5427991001424,1.025641025641022,35.0
1.3126890470739454,60.0,499.7771705653423,44.70330049921812,0.5567765567765548,35.0
1.3177044279873371,60.0,500.0189432801749,46.38229770106668,0.3809523809523796,35.0
1.3225086270831525,60.0,500.21675731958317,39.2465595932103,0.146520146520146,35.0
1.3246709119994193,60.0,500.30467467043144,44.28355119875598,0.0879120879120876,35.0
1.3288732980145141,60.0,500.4805093721278,47.6415456024531,0.0879120879120876,35.0
1.3336249170824885,60.0,500.70030274924824,48.48104420337738,0.439560439560438,35.0
1.3405592540511861,60.0,501.051972152641,50.16004140522594,0.7912087912087884,35.0
1.3427291720872745,60.0,501.13988950348926,48.06129490291524,0.9670329670329636,35.0
1.3469691490754485,60.0,501.33770354289754,47.6415456024531,1.2014652014651972,35.0
1.3515616450458765,60.0,501.55749692001797,44.28355119875598,0.8498168498168468,35.0
1.3565695580327883,60.0,501.7992696348505,44.70330049921812,0.4981684981684964,35.0
1.3608004320412874,60.0,501.97510433654685,44.28355119875598,0.146520146520146,35.0
1.3656546550337225,60.0,502.1948977136673,40.92555679505886,-0.0293040293040292,35.0
1.370562709053047,60.0,502.4146910907877,42.18480469644528,0.2051282051282044,35.0
1.3756354560609907,60.0,502.6564638056202,49.7402921047638,0.4981684981684964,35.0
1.3807467720471323,60.0,502.92021585816485,50.57979070568808,0.73260073260073,35.0
1.3828648860799149,60.0,503.00813320901295,48.90079350383952,0.8498168498168468,35.0
1.38707149901893,60.0,503.1839679107093,46.80204700152882,1.0842490842490804,35.0
1.3916143660899252,60.0,503.42574062554183,47.22179630199096,0.9670329670329636,35.0
1.3958463789895177,60.0,503.6015753272382,45.5427991001424,0.7912087912087884,35.0
1.4006908850278705,60.0,503.82136870435863,43.4440525978317,0.3809523809523796,35.0
1.4058028240688145,60.0,504.04116208147906,44.70330049921812,0.0293040293040292,35.0
1.410592220025137,60.0,504.26095545859965,44.70330049921812,-0.0879120879120876,35.0
1.4156760710757226,60.0,504.502728173432,47.22179630199096,0.3809523809523796,35.0
1.4206268480047584,60.0,504.7225215505526,44.70330049921812,0.73260073260073,35.0
1.4255911100190133,60.0,504.98627360309706,51.8390386070745,0.9084249084249052,35.0
1.4298325810814276,60.0,505.1840876425056,46.80204700152882,1.0842490842490804,35.0
1.4346194360405207,60.0,505.403881019626,45.5427991001424,0.6739926739926716,35.0
1.4396159229800105,60.0,505.6456537344585,47.6415456024531,0.439560439560438,35.0
1.4417623730842024,60.0,505.71159174759447,43.4440525978317,0.3223443223443212,35.0
1.4459585810545832,60.0,505.88742644929084,40.08605819413458,0.146520146520146,35.0
1.45270912500564,60.0,506.2171165149717,44.28355119875598,0.0879120879120876,35.0
1.4548673840472475,60.0,506.3050338658197,50.16004140522594,0.2051282051282044,35.0
1.4590659519890323,60.0,506.52482724294015,50.57979070568808,0.439560439560438,35.0
1.4634715979918838,60.0,506.7665999577727,50.99954000615022,0.7912087912087884,35.0
1.4676988470600918,60.0,506.94243465946903,46.80204700152882,1.0842490842490804,35.0
1.4719381710747257,60.0,507.14024869887754,45.96254840060454,0.9670329670329636,35.0
1.4784994639921933,60.0,507.46993876455815,47.22179630199096,0.5567765567765548,35.0
1.4806273920694366,60.0,507.5578561154065,45.12304979968026,0.3809523809523796,35.0
1.4848491289885715,60.0,507.7336908171028,45.12304979968026,0.146520146520146,35.0
1.4895726660033688,60.0,507.9534841942232,45.5427991001424,-0.0293040293040292,35.0
1.4938325859839097,60.0,508.1512982336315,47.22179630199096,0.146520146520146,35.0
1.4985913840355352,60.0,508.39307094846407,48.90079350383952,0.439560439560438,35.0
1.5036659369943663,60.0,508.6348436632966,50.99954000615022,0.6739926739926716,35.0
1.5086974940495566,60.0,508.87661637812914,52.25878790753664,1.025641025641022,35.0
1.5138003469910473,60.0,509.11838909296165,45.96254840060454,0.9084249084249052,35.0
1.5186858309898525,60.0,509.3381824700821,44.70330049921812,0.5567765567765548,35.0
1.5235007170122117,60.0,509.5579758472025,44.70330049921812,0.2051282051282044,35.0
1.5256822800729424,60.0,509.6678725357627,43.86380189829384,0.0879120879120876,35.0
1.5326130200410262,60.0,509.9975626014433,44.70330049921812,-0.0293040293040292,35.0
1.534762874012813,60.0,510.0854799522916,46.80204700152882,0.146520146520146,35.0
1.538948853034526,60.0,510.26131465398794,46.80204700152882,0.4981684981684964,35.0
1.5437084800796583,60.0,510.5250667065324,48.90079350383952,0.73260073260073,35.0
1.5486057410016656,60.0,510.766839421365,49.7402921047638,1.025641025641022,35.0
1.553762161056511,60.0,511.0305914739096,49.32054280430166,0.8498168498168468,35.0
1.558547811000608,60.0,511.2284055133179,43.02430329736956,0.6153846153846132,35.0
1.5606853510253131,60.0,511.3383022018781,43.86380189829384,0.5567765567765548,35.0
1.564875980024226,60.0,511.51413690357447,42.18480469644528,0.2637362637362628,35.0
1.5698394950013608,60.0,511.7339302806949,43.86380189829384,-0.0293040293040292,35.0
1.5746353990398347,60.0,511.9757029955274,41.345306095521,0.0879120879120876,35.0
1.5795293340925127,60.0,512.21747571036,45.96254840060454,0.439560439560438,35.0
1.5837530239950866,60.0,512.4152897497685,49.32054280430166,0.6739926739926716,35.0
1.5886309359921142,60.0,512.6570624646008,46.80204700152882,1.025641025641022,35.0
1.5938005420612171,60.0,512.8988351794333,51.41928930661236,0.9084249084249052,35.0
1.598631019005552,60.0,513.1406078942658,46.38229770106668,0.5567765567765548,35.0
1.6036014400888234,60.0,513.3604012713863,44.28355119875598,0.2637362637362628,35.0
1.6085746589815244,60.0,513.5801946485067,43.86380189829384,0.0293040293040292,35.0
1.6128060990013182,60.0,513.756029350203,45.5427991001424,0.0293040293040292,35.0
1.6176319180522114,60.0,513.9978020650356,47.22179630199096,0.2637362637362628,35.0
1.6225575529970229,60.0,514.2615541175802,50.57979070568808,0.5567765567765548,35.0
1.627714777016081,60.0,514.5253061701247,50.16004140522594,0.9084249084249052,35.0
1.629853354068473,60.0,514.613223520973,48.06129490291524,1.025641025641022,35.0
1.6340774099808186,60.0,514.7890582226694,44.28355119875598,0.9670329670329636,35.0
1.6407256700331345,60.0,515.1407276260619,43.86380189829384,0.4981684981684964,35.0
1.6428662310354412,60.0,515.2286449769101,46.80204700152882,0.2637362637362628,35.0
1.6470318799838424,60.0,515.4044796786065,48.48104420337738,0.0879120879120876,35.0
1.6516439910046756,60.0,515.6242730557269,45.5427991001424,-0.0293040293040292,35.0
1.6567056470084935,60.0,515.8660457705595,44.70330049921812,0.3223443223443212,35.0
1.6615233580814674,60.0,516.107818485392,53.9377851093852,0.5567765567765548,35.0
1.6657484690658748,60.0,516.3056325248003,50.57979070568808,0.73260073260073,35.0
1.6699217209825292,60.0,516.5254259019209,51.41928930661236,1.0842490842490804,35.0
1.6745442079845816,60.0,516.7671986167533,47.6415456024531,0.9084249084249052,35.0
1.6796802739845589,60.0,516.9869919938739,41.76505539598314,0.6153846153846132,35.0
1.6847192590357736,60.0,517.2287647087062,46.80204700152882,0.146520146520146,35.0
1.6895040880190209,60.0,517.4265787481147,43.4440525978317,-0.146520146520146,35.0
1.6936660869978368,60.0,517.6243927875232,49.32054280430166,-0.0293040293040292,35.0
1.6978790319990367,60.0,517.8222068269316,49.32054280430166,0.2637362637362628,35.0
1.7025617650942877,60.0,518.0639795417642,46.38229770106668,0.6739926739926716,35.0
1.708880632999353,60.0,518.3057522565967,50.57979070568808,0.9084249084249052,35.0
1.7130689080804586,60.0,518.5695043091412,50.99954000615022,0.9670329670329636,35.0
1.7175542049808428,60.0,518.8112770239737,44.28355119875598,0.6739926739926716,35.0
1.7225727069890127,60.0,519.0310704010941,43.86380189829384,0.3809523809523796,35.0
1.728887323057279,60.0,519.2508637782146,43.02430329736956,0.0879120879120876,35.0
1.7330878439825028,60.0,519.492636493047,46.80204700152882,-0.146520146520146,35.0
1.7376870500156656,60.0,519.7344092078796,50.57979070568808,0.2637362637362628,35.0
1.7425525879953057,60.0,519.9542025850001,48.06129490291524,0.6153846153846132,35.0
1.7446466439869255,60.0,520.0640992735603,51.41928930661236,0.7912087912087884,35.0
1.7488347690086812,60.0,520.2619133129688,45.96254840060454,1.0842490842490804,35.0
1.7555083690676838,60.0,520.5916033786493,46.38229770106668,0.8498168498168468,35.0
1.7576869879849255,60.0,520.6795207294974,43.86380189829384,0.6153846153846132,35.0
1.761913356021978,60.0,520.8773347689059,45.5427991001424,0.3223443223443212,35.0
1.7661000200314447,60.0,521.0531694706023,43.86380189829384,0.2051282051282044,35.0
1.7704720620531589,60.0,521.2729628477227,43.86380189829384,-0.0293040293040292,35.0
1.775505247991532,60.0,521.4927562248431,49.32054280430166,0.0879120879120876,35.0
1.7796650379896164,60.0,521.6905702642516,46.80204700152882,0.3809523809523796,35.0
1.7838552830507979,60.0,521.910363641372,53.9377851093852,0.6153846153846132,35.0
1.7880506680812687,60.0,522.1081776807805,50.57979070568808,0.9084249084249052,35.0
1.7946102319983765,60.0,522.4598470841732,47.6415456024531,0.9084249084249052,35.0
1.7967043410753831,60.0,522.5257850973094,43.86380189829384,0.8498168498168468,35.0
1.800924421986565,60.0,522.7235991367177,46.80204700152882,0.4981684981684964,35.0
1.805690644076094,60.0,522.9653718515502,44.28355119875598,0.2051282051282044,35.0
1.810549321002327,60.0,523.1851652286706,49.7402921047638,-0.2051282051282044,35.0
1.8168461020104587,60.0,523.4269379435032,49.32054280430166,0.146520146520146,35.0
1.8210484600858763,60.0,523.6467313206236,50.16004140522594,0.5567765567765548,35.0
1.8252106260042638,60.0,523.844545360032,51.41928930661236,0.73260073260073,35.0
1.8294280590489507,60.0,524.0423593994403,50.57979070568808,0.9670329670329636,35.0
1.8336241720244288,60.0,524.3061114519851,48.90079350383952,0.9670329670329636,35.0
1.8385387060698122,60.0,524.5259048291055,47.6415456024531,0.6739926739926716,35.0
1.842706370051019,60.0,524.6797601930897,40.50580749459672,0.439560439560438,35.0
1.8475310490466654,60.0,524.9215329079223,43.86380189829384,0.0879120879120876,35.0
1.8517653560265899,60.0,525.0973676096186,47.22179630199096,-0.146520146520146,35.0
1.8565607049968094,60.0,525.317160986739,46.38229770106668,0.0879120879120876,35.0
1.8608075589872897,60.0,525.5369543638594,48.90079350383952,0.4981684981684964,35.0
1.8655961559852585,60.0,525.75674774098,47.22179630199096,0.8498168498168468,35.0
1.871942967060022,60.0,526.0644584689485,49.7402921047638,1.0842490842490804,35.0
1.8740444050636142,60.0,526.1963344952209,46.38229770106668,1.0842490842490804,35.0
1.8806712200166658,60.0,526.5040452231896,47.22179630199096,0.5567765567765548,35.0
1.882849996094592,60.0,526.5919625740377,42.60455399690742,0.3809523809523796,35.0
1.8870844159973785,60.0,526.767797275734,43.86380189829384,0.0879120879120876,35.0
1.8915106980130076,60.0,526.9875906528545,43.02430329736956,-0.0879120879120876,35.0
1.8945053380448371,60.0,527.1414460168389,48.90079350383952,-0.0293040293040292,35.0
1.9015913200564682,60.0,527.4711360825195,52.67853720799878,0.439560439560438,35.0
1.9037506590830162,60.0,527.5810327710797,53.51803580892306,0.5567765567765548,35.0
1.9080376090714708,60.0,527.7788468104882,49.7402921047638,0.8498168498168468,35.0
1.9122347980737686,60.0,527.9546815121846,45.96254840060454,1.1428571428571388,35.0
1.918561896076426,60.0,528.3063509155774,46.38229770106668,0.6739926739926716,35.0
1.9207044839859009,60.0,528.3722889287133,43.4440525978317,0.5567765567765548,35.0
1.924927079002373,60.0,528.5701029681218,43.86380189829384,0.2637362637362628,35.0
1.9297455140622333,60.0,528.7898963452421,44.70330049921812,-0.0879120879120876,35.0
1.934619834064506,60.0,529.0096897223626,41.76505539598314,-0.0293040293040292,35.0
1.9394956619944423,60.0,529.2514624371951,46.80204700152882,0.3809523809523796,35.0
1.943705369019881,60.0,529.4492764766036,54.77728371030948,0.5567765567765548,35.0
1.9479377020616084,60.0,529.6690698537241,51.41928930661236,0.8498168498168468,35.0
1.952691922080703,60.0,529.9108425685565,52.67853720799878,1.0842490842490804,35.0
1.9578062900109217,60.0,530.1526152833891,49.32054280430166,0.7912087912087884,35.0
1.962557489052415,60.0,530.3724086605094,41.76505539598314,0.5567765567765548,35.0
1.9667867009993643,60.0,530.5482433622059,39.66630889367244,0.2637362637362628,35.0
1.9715809950139374,60.0,530.7680367393262,45.5427991001424,-0.146520146520146,35.0
1.9758366500027478,60.0,530.9658507787348,48.06129490291524,-0.0293040293040292,35.0
1.9805200300179422,60.0,531.1856441558551,50.16004140522594,0.3809523809523796,35.0
1.9847387470072135,60.0,531.4054375329756,50.16004140522594,0.6739926739926716,35.0
1.9897104190895334,60.0,531.6472102478082,48.90079350383952,0.9084249084249052,35.0
1.994505160022527,60.0,531.8889829626406,50.16004140522594,1.025641025641022,35.0
1.9995193670038134,60.0,532.1087763397611,46.38229770106668,0.6153846153846132,35.0
2.0037468690425158,60.0,532.3065903791694,44.28355119875598,0.439560439560438,35.0
2.007977548055351,60.0,532.4824250808657,41.345306095521,0.3223443223443212,35.0
2.01251086499542,60.0,532.7022184579863,43.4440525978317,-0.0293040293040292,35.0
2.0167345399968326,60.0,532.8780531596827,46.80204700152882,0.0879120879120876,35.0
2.021549281082116,60.0,533.1418052122272,47.22179630199096,0.3809523809523796,35.0
2.0258565470576286,60.0,533.3396192516357,50.16004140522594,0.73260073260073,35.0
2.03012473101262,60.0,533.537433291044,48.06129490291524,0.9084249084249052,35.0
2.036552103003487,60.0,533.8671233567246,45.96254840060454,0.8498168498168468,35.0
2.0386856220429763,60.0,533.9550407075728,46.80204700152882,0.7912087912087884,35.0
2.042904456029646,60.0,534.1528547469813,45.12304979968026,0.439560439560438,35.0
2.0474620290333405,60.0,534.3726481241017,43.4440525978317,0.2637362637362628,35.0
2.051687687053345,60.0,534.5265034880861,43.86380189829384,0.0293040293040292,35.0
2.055920800077729,60.0,534.7243175274945,43.4440525978317,0.0293040293040292,35.0
2.0624566780170426,60.0,535.0540075931751,47.6415456024531,0.3809523809523796,35.0
2.064640616066754,60.0,535.1639042817353,52.25878790753664,0.5567765567765548,35.0
2.068875914090313,60.0,535.3836976588557,51.41928930661236,0.73260073260073,35.0
2.073806505999528,60.0,535.6034910359762,51.41928930661236,1.1428571428571388,35.0
2.078627316048369,60.0,535.8452637508087,45.5427991001424,0.9670329670329636,35.0
2.0836651880526915,60.0,536.0650571279291,45.96254840060454,0.4981684981684964,35.0
2.0886417970759794,60.0,536.2848505050497,45.5427991001424,0.146520146520146,35.0
2.093756369082257,60.0,536.5046438821702,50.16004140522594,-0.146520146520146,35.0
2.098570298985578,60.0,536.7464165970026,45.96254840060454,0.2051282051282044,35.0
2.1036636220524088,60.0,536.9881893118352,45.12304979968026,0.5567765567765548,35.0
2.105808405089192,60.0,537.0761066626833,48.90079350383952,0.6153846153846132,35.0
2.110053527983837,60.0,537.2959000398037,49.32054280430166,0.7912087912087884,35.0
2.1146047490183264,60.0,537.5156934169241,48.48104420337738,1.0842490842490804,35.0
2.119645553990267,60.0,537.7574661317566,46.38229770106668,0.7912087912087884,35.0
2.124582307995297,60.0,537.9772595088771,45.5427991001424,0.6153846153846132,35.0
2.12973961699754,60.0,538.1970528859977,41.345306095521,0.2051282051282044,35.0
2.1345240080263466,60.0,538.416846263118,46.80204700152882,-0.0879120879120876,35.0
2.1395879520568997,60.0,538.6586189779506,49.32054280430166,0.0879120879120876,35.0
2.141710893018171,60.0,538.7465363287987,49.32054280430166,0.2637362637362628,35.0
2.145931838080287,60.0,538.9663297059191,46.38229770106668,0.5567765567765548,35.0
2.152625688002445,60.0,539.2960197716,47.22179630199096,0.9670329670329636,35.0
2.1547743300907314,60.0,539.383937122448,47.22179630199096,1.025641025641022,35.0
2.1590028000064194,60.0,539.5817511618565,51.8390386070745,0.9084249084249052,35.0
2.163652179064229,60.0,539.8235238766888,46.80204700152882,0.5567765567765548,35.0
2.1686629990581423,60.0,540.0652965915214,42.60455399690742,0.2637362637362628,35.0
2.1737095899879932,60.0,540.2631106309299,42.60455399690742,0.0293040293040292,35.0
2.178539148066193,60.0,540.4829040080502,45.12304979968026,0.146520146520146,35.0
2.1806636420078576,60.0,540.5708213588986,44.70330049921812,0.146520146520146,35.0
2.1848827720386907,60.0,540.7906147360189,51.8390386070745,0.439560439560438,35.0
2.189795982092619,60.0,541.0323874508515,48.06129490291524,0.7912087912087884,35.0
2.1946313120424747,60.0,541.2741601656838,47.6415456024531,1.0842490842490804,35.0
2.1994596670847386,60.0,541.5159328805164,45.96254840060454,0.9670329670329636,35.0
2.2036606840556487,60.0,541.6917675822127,45.5427991001424,0.6739926739926716,35.0
2.2105667470023036,60.0,541.9994783101814,45.5427991001424,0.2051282051282044,35.0
2.2127485460368916,60.0,542.1093749987416,46.38229770106668,0.0293040293040292,35.0
2.217003438039683,60.0,542.285209700438,46.38229770106668,0.0293040293040292,35.0
2.221203798078932,60.0,542.5050030775584,45.5427991001424,0.2637362637362628,35.0
2.2257799840299413,60.0,542.7028171169669,46.80204700152882,0.4981684981684964,35.0
2.230697908089496,60.0,542.9445898317995,49.7402921047638,0.73260073260073,35.0
2.235563765047118,60.0,543.1863625466318,50.16004140522594,1.025641025641022,35.0
2.2398688989924267,60.0,543.3841765860402,48.06129490291524,0.9084249084249052,35.0
2.24408115609549,60.0,543.5600112877366,45.96254840060454,0.73260073260073,35.0
2.248504945077002,60.0,543.779804664857,45.96254840060454,0.3809523809523796,35.0
2.255518199992366,60.0,544.0875153928257,45.5427991001424,-0.0879120879120876,35.0
2.2577407769858837,60.0,544.197412081386,43.86380189829384,-0.146520146520146,35.0
2.2619704550597817,60.0,544.3732467830823,48.48104420337738,0.2051282051282044,35.0
2.266128131072037,60.0,544.5710608224906,48.06129490291524,0.4981684981684964,35.0
2.270284483092837,60.0,544.7688748618991,45.5427991001424,0.7912087912087884,35.0
2.2767015510471538,60.0,545.1205442652919,48.48104420337738,1.025641025641022,35.0
2.278836801997386,60.0,545.186482278428,48.06129490291524,1.025641025641022,35.0
2.283046361990273,60.0,545.3842963178363,47.22179630199096,0.73260073260073,35.0
2.2875341289909557,60.0,545.6040896949569,46.38229770106668,0.5567765567765548,35.0
2.291754979058169,60.0,545.8019037343652,41.345306095521,0.3223443223443212,35.0
2.2986335010500625,60.0,546.0876351246218,44.28355119875598,-0.0879120879120876,35.0
2.300783112994395,60.0,546.197531813182,48.06129490291524,0.0293040293040292,35.0
2.3050257799914107,60.0,546.3953458525905,49.7402921047638,0.2637362637362628,35.0
2.309697256074287,60.0,546.637118567423,49.32054280430166,0.6739926739926716,35.0
2.3146152880508453,60.0,546.8788912822555,49.32054280430166,0.9670329670329636,35.0
2.319519418058917,60.0,547.1206639970878,45.96254840060454,1.025641025641022,35.0
2.3217192840529606,60.0,547.2085813479362,48.48104420337738,0.8498168498168468,35.0
2.3286647780332714,60.0,547.5382714136168,48.90079350383952,0.4981684981684964,35.0
2.33079922106117,60.0,547.626188764465,46.38229770106668,0.3223443223443212,35.0
2.3350335500435904,60.0,547.8020234661615,41.76505539598314,0.146520146520146,35.0
2.339508541044779,60.0,548.0218168432818,47.6415456024531,0.0879120879120876,35.0
2.34373745508492,60.0,548.1976515449783,45.5427991001424,0.2051282051282044,35.0
2.348005958017893,60.0,548.3954655843866,51.41928930661236,0.439560439560438,35.0
2.3525908780284226,60.0,548.637238299219,48.90079350383952,0.6739926739926716,35.0
2.357777000986971,60.0,548.9009903517637,49.32054280430166,1.025641025641022,35.0
2.3626537669915706,60.0,549.1207837288841,48.48104420337738,0.9670329670329636,35.0
2.3676458580885082,60.0,549.3405771060045,45.96254840060454,0.5567765567765548,35.0
2.372539333999157,60.0,549.560370483125,47.22179630199096,0.2051282051282044,35.0
2.376768128015101,60.0,549.7362051848213,46.38229770106668,-0.0293040293040292,35.0
2.3810011580353603,60.0,549.9340192242298,44.70330049921812,-0.0879120879120876,35.0
2.3855830070097,60.0,550.1538126013502,48.06129490291524,0.3223443223443212,35.0
2.3898206769954413,60.0,550.3516266407585,48.48104420337738,0.5567765567765548,35.0
2.3940472420072183,60.0,550.5714200178791,52.67853720799878,0.6739926739926716,35.0
2.3986749030882493,60.0,550.8131927327114,50.16004140522594,0.9084249084249052,35.0
2.403756764018908,60.0,551.054965447544,45.96254840060454,0.8498168498168468,35.0
2.408115361002274,60.0,551.2527794869525,45.96254840060454,0.6153846153846132,35.0
2.4125793339917436,60.0,551.4725728640728,45.5427991001424,0.3223443223443212,35.0
2.4168022030498832,60.0,551.6264282280571,43.4440525978317,-0.0293040293040292,35.0
2.4217124660499394,60.0,551.8901802806018,47.22179630199096,-0.146520146520146,35.0
2.4266880590002984,60.0,552.1099736577222,46.80204700152882,0.3223443223443212,35.0
2.431466849055141,60.0,552.3517463725548,47.6415456024531,0.6739926739926716,35.0
2.4356911410577595,60.0,552.5715397496751,50.16004140522594,0.9084249084249052,35.0
2.4407347720116377,60.0,552.8133124645077,49.32054280430166,1.025641025641022,35.0
2.4457929130876437,60.0,553.0550851793403,44.28355119875598,0.5567765567765548,35.0
2.450567899039015,60.0,553.2748785564606,44.28355119875598,0.3223443223443212,35.0
2.4555736699840054,60.0,553.494671933581,43.02430329736956,0.0879120879120876,35.0
2.460619818069972,60.0,553.7364446484136,42.18480469644528,-0.146520146520146,35.0
2.4657142020296305,60.0,553.9782173632461,46.80204700152882,0.2051282051282044,35.0
2.4678244889946654,60.0,554.0881140518063,49.32054280430166,0.3223443223443212,35.0
2.4720447820145637,60.0,554.2639487535026,52.25878790753664,0.6153846153846132,35.0
2.476703786989674,60.0,554.5277008060472,50.57979070568808,1.025641025641022,35.0
2.481596298981458,60.0,554.7694735208796,49.7402921047638,0.9670329670329636,35.0
2.4858840469969437,60.0,554.945308222576,46.38229770106668,0.6153846153846132,35.0
2.4926602710038424,60.0,555.2749982882567,45.5427991001424,0.2051282051282044,35.0
2.4948536170413718,60.0,555.3409363013928,44.28355119875598,0.0879120879120876,35.0
2.499071242986247,60.0,555.5387503408014,42.18480469644528,-0.146520146520146,35.0
2.5037746590096503,60.0,555.7805230556338,44.28355119875598,0.146520146520146,35.0
0.00018562900368124247,-60.0,585.1229389012143,-5.246866255776751,0.0879120879120876,35.0
0.0002278320025652647,-60.0,585.1009595635022,-4.407367654852471,0.146520146520146,35.0
0.0002553890226408839,-60.0,585.0789802257902,-6.506114157163171,0.0879120879120876,35.0
0.00028017698787152767,-60.0,585.0789802257902,-4.827116955314611,0.146520146520146,35.0
0.00030240300111472607,-60.0,585.0570008880782,-5.246866255776751,0.0293040293040292,35.0
0.00032367894891649485,-60.0,585.0130422126541,-3.5678690539281908,0.0879120879120876,35.0
0.00034452101681381464,-60.0,585.0130422126541,-7.3456127580874515,0.0879120879120876,35.0
0.00036490894854068756,-60.0,584.9910628749419,-5.666615556238891,0.0293040293040292,35.0
0.000386027037166059,-60.0,584.9690835372301,-4.827116955314611,-0.0293040293040292,35.0
0.00040646200068295,-60.0,584.947104199518,-4.827116955314611,-0.0293040293040292,35.0
0.0010301329893991351,-60.0,584.8811661863817,0.20987465023107005,-0.0293040293040292,35.0
0.003675707965157926,-60.0,584.8811661863817,-0.20987465023107005,-0.7912087912087884,35.0
0.00793862494174391,-60.0,584.8591868486699,-1.8888718520796304,-1.025641025641022,35.0
0.012625118950381875,-60.0,584.7932488355336,-9.444359260398151,-1.1428571428571388,35.0
0.01780851697549224,-60.0,584.7273108223975,-19.938091771951754,-1.0842490842490804,35.0
0.022665458964183927,-60.0,584.6174141338373,-19.938091771951754,-1.0842490842490804,35.0
0.027858742978423834,-60.0,584.4855381075649,-29.592325682580977,-1.2014652014651972,35.0
0.03280450904276222,-60.0,584.3316827435807,-28.333077781194557,-1.318681318681314,35.0
0.03776101302355528,-60.0,584.1778273795962,-30.431824283505257,-1.4358974358974308,35.0
0.03991355397738516,-60.0,584.0899100287482,-32.11082148535382,-1.3772893772893724,35.0
0.04416273802053183,-60.0,583.980013340188,-34.62931728812666,-1.2014652014651972,35.0
0.04885454394388944,-60.0,583.8041786384916,-35.46881588905094,-0.9084249084249052,35.0
0.053330963011831045,-60.0,583.6503232745074,-31.271322884429537,-0.8498168498168468,35.0
0.05979774997103959,-60.0,583.4525092350989,-37.98731169182378,-0.439560439560438,35.0
0.06408944900613278,-60.0,583.2546951956904,-40.50580749459672,-0.146520146520146,35.0
0.06863902800250798,-60.0,583.0568811562821,-47.22179630199096,-0.2637362637362628,35.0
0.07383341202512383,-60.0,582.8151084414495,-47.6415456024531,-0.6153846153846132,35.0
0.07804956194013357,-60.0,582.6392737397532,-48.06129490291524,-0.9084249084249052,35.0
0.08221635199151933,-60.0,582.4414597003447,-44.28355119875598,-1.1428571428571388,35.0
0.08640737703535706,-60.0,582.2876043363605,-46.38229770106668,-1.2600732600732556,35.0
0.0907401000149548,-60.0,582.0458316215279,-47.22179630199096,-0.9084249084249052,35.0
0.09566227602772415,-60.0,581.8260382444075,-45.96254840060454,-0.6153846153846132,35.0
0.09988711902406067,-60.0,581.606244867287,-47.22179630199096,-0.3223443223443212,35.0
0.10461557994130999,-60.0,581.4084308278786,-43.4440525978317,-0.0293040293040292,35.0
0.10973330098204315,-60.0,581.1666581130463,-48.06129490291524,-0.2051282051282044,35.0
0.11456507397815585,-60.0,580.9468647359257,-50.57979070568808,-0.439560439560438,35.0
0.1187942250398919,-60.0,580.7050920210932,-50.16004140522594,-0.73260073260073,35.0
0.1255455920472741,-60.0,580.3754019554125,-46.80204700152882,-1.2600732600732556,35.0
0.12768671999219805,-60.0,580.2874846045644,-48.06129490291524,-1.2014652014651972,35.0
0.13190106803085655,-60.0,580.089670565156,-48.90079350383952,-0.8498168498168468,35.0
0.13660246704239398,-60.0,579.8918565257477,-43.4440525978317,-0.4981684981684964,35.0
0.1416662560077384,-60.0,579.6281044732029,-47.22179630199096,-0.0879120879120876,35.0
0.1467243479564786,-60.0,579.3863317583705,-48.90079350383952,0.0293040293040292,35.0
0.15160303993616253,-60.0,579.1445590435379,-49.7402921047638,-0.3223443223443212,35.0
0.15373349201399833,-60.0,579.0566416926898,-49.32054280430166,-0.439560439560438,35.0
0.15796442399732769,-60.0,578.8588276532813,-45.5427991001424,-0.73260073260073,35.0
0.16262660594657063,-60.0,578.5950756007369,-52.25878790753664,-1.025641025641022,35.0
0.1668593060458079,-60.0,578.3972615613284,-48.48104420337738,-1.0842490842490804,35.0
0.1736332329455763,-60.0,578.0675714956478,-45.96254840060454,-0.73260073260073,35.0
0.17582518502604216,-60.0,577.9796541447997,-43.86380189829384,-0.6153846153846132,35.0
0.18002967501524836,-60.0,577.8038194431033,-45.5427991001424,-0.2637362637362628,35.0
0.18419996893499047,-60.0,577.5840260659827,-49.7402921047638,0.0293040293040292,35.0
0.18866228102706373,-60.0,577.3642326888623,-48.90079350383952,-0.0879120879120876,35.0
0.19488839397672564,-60.0,577.1004806363178,-51.41928930661236,-0.5567765567765548,35.0
0.19908652000594884,-60.0,576.8587079214853,-51.8390386070745,-0.9670329670329636,35.0
0.20326531899627298,-60.0,576.6608938820768,-45.96254840060454,-1.1428571428571388,35.0
0.20770287804771215,-60.0,576.3971418295324,-51.8390386070745,-1.025641025641022,35.0
0.21272912598215044,-60.0,576.1553691146999,-45.12304979968026,-0.6739926739926716,35.0
0.21778780594468117,-60.0,575.9355757375794,-43.86380189829384,-0.439560439560438,35.0
0.22253789100795984,-60.0,575.715782360459,-42.18480469644528,-0.0293040293040292,35.0
0.22680105699691921,-60.0,575.5179683210505,-49.7402921047638,0.0293040293040292,35.0
0.23171593598090112,-60.0,575.2761956062179,-54.35753440984734,-0.3223443223443212,35.0
0.23656548303551972,-60.0,575.0124435536735,-51.41928930661236,-0.7912087912087884,35.0
0.24079457495827228,-60.0,574.814629514265,-42.60455399690742,-1.0842490842490804,35.0
0.24555407103616744,-60.0,574.5728567994327,-50.16004140522594,-1.1428571428571388,35.0
0.24977881100494415,-60.0,574.3970220977363,-44.70330049921812,-0.7912087912087884,35.0
0.25401655898895115,-60.0,574.1992080583278,-47.6415456024531,-0.5567765567765548,35.0
0.25817955401726067,-60.0,574.0013940189193,-47.6415456024531,-0.3223443223443212,35.0
0.26237549097277224,-60.0,573.825559317223,-48.06129490291524,-0.0293040293040292,35.0
0.26876114401966333,-60.0,573.4738899138305,-49.7402921047638,-0.2637362637362628,35.0
0.2708861680002883,-60.0,573.3859725629821,-50.57979070568808,-0.3809523809523796,35.0
0.2750782979419455,-60.0,573.1661791858618,-47.22179630199096,-0.6739926739926716,35.0
0.27983477199450135,-60.0,572.9244064710292,-50.16004140522594,-0.9670329670329636,35.0
0.2846366809681058,-60.0,572.6606544184848,-49.32054280430166,-1.1428571428571388,35.0
0.2888045299332589,-60.0,572.4848197167884,-46.38229770106668,-0.9084249084249052,35.0
0.29566440102644265,-60.0,572.1551296511076,-43.02430329736956,-0.3809523809523796,35.0
0.2977672260021791,-60.0,572.0672123002595,-50.16004140522594,-0.2637362637362628,35.0
0.2998674879781902,-60.0,571.9792949494112,-50.57979070568808,-0.0293040293040292,35.0
0.3046240690164268,-60.0,571.7375222345788,-48.90079350383952,0.0293040293040292,35.0
0.3096753560239449,-60.0,571.4737701820342,-45.12304979968026,-0.3809523809523796,35.0
0.3147829780355096,-60.0,571.2319974672017,-50.99954000615022,-0.7912087912087884,35.0
0.31963136000558734,-60.0,570.9682454146572,-50.16004140522594,-1.025641025641022,35.0
0.32385553198400885,-60.0,570.7704313752487,-48.90079350383952,-1.0842490842490804,35.0
0.3281070770462975,-60.0,570.5945966735524,-50.16004140522594,-0.8498168498168468,35.0
0.33253585000056773,-60.0,570.3528239587198,-45.5427991001424,-0.5567765567765548,35.0
0.33891286596190184,-60.0,570.1110512438875,-47.6415456024531,-0.146520146520146,35.0
0.3430874799378216,-60.0,569.869278529055,-45.5427991001424,0.0879120879120876,35.0
0.3476877169450745,-60.0,569.6275058142224,-54.35753440984734,-0.2637362637362628,35.0
0.3498121970333159,-60.0,569.5176091256623,-50.57979070568808,-0.439560439560438,35.0
0.3540224559837952,-60.0,569.3197950862537,-55.61678231123376,-0.73260073260073,35.0
0.36068697401788086,-60.0,568.968125682861,-43.86380189829384,-1.1428571428571388,35.0
0.3628193660406396,-60.0,568.8802083320129,-46.80204700152882,-1.1428571428571388,35.0
0.3670145010109991,-60.0,568.7043736303166,-51.8390386070745,-0.7912087912087884,35.0
0.371756745968014,-60.0,568.440621577772,-47.6415456024531,-0.5567765567765548,35.0
0.3766603210242465,-60.0,568.1988488629396,-47.22179630199096,-0.2051282051282044,35.0
0.3816988959442824,-60.0,567.957076148107,-47.6415456024531,-0.0293040293040292,35.0
0.3866438410477713,-60.0,567.7372827709866,-52.25878790753664,-0.2637362637362628,35.0
0.3908964180154726,-60.0,567.517489393866,-53.51803580892306,-0.4981684981684964,35.0
0.39509793696925044,-60.0,567.3196753544577,-53.9377851093852,-0.7912087912087884,35.0
0.3992559800390154,-60.0,567.0998819773373,-48.90079350383952,-1.1428571428571388,35.0
0.4034484609728679,-60.0,566.9240472756409,-48.48104420337738,-1.0842490842490804,35.0
0.40976373897865415,-60.0,566.5943572099601,-47.6415456024531,-0.6153846153846132,35.0
0.4118653100449592,-60.0,566.506439859112,-45.5427991001424,-0.439560439560438,35.0
0.41610815294552594,-60.0,566.2866464819916,-50.57979070568808,-0.0293040293040292,35.0
0.4207600370282307,-60.0,566.0448737671591,-45.5427991001424,0.0293040293040292,35.0
0.4256152600282803,-60.0,565.8250803900387,-49.32054280430166,-0.2637362637362628,35.0
0.4297935060458258,-60.0,565.6052870129182,-49.32054280430166,-0.5567765567765548,35.0
0.4340296830050647,-60.0,565.4074729735097,-52.67853720799878,-0.8498168498168468,35.0
0.4382107659475878,-60.0,565.1876795963893,-53.09828650846092,-1.0842490842490804,35.0
0.44240444793831557,-60.0,564.9459068815568,-51.41928930661236,-1.025641025641022,35.0
0.4496920449892059,-60.0,564.6162168158762,-48.90079350383952,-0.4981684981684964,35.0
0.4518205849453807,-60.0,564.55027880274,-48.06129490291524,-0.3809523809523796,35.0
0.4560804780339822,-60.0,564.3085060879075,-47.22179630199096,0.0293040293040292,35.0
0.46065663103945553,-60.0,564.088712710787,-52.67853720799878,0.0293040293040292,35.0
0.46597871801350266,-60.0,563.8249606582424,-52.25878790753664,-0.439560439560438,35.0
0.4710206070449203,-60.0,563.58318794341,-48.48104420337738,-0.7912087912087884,35.0
0.47591113997623324,-60.0,563.3194358908654,-51.8390386070745,-1.025641025641022,35.0
0.4802791050169617,-60.0,563.1216218514569,-53.51803580892306,-0.9084249084249052,35.0
0.4847267080331221,-60.0,562.8798491366246,-46.80204700152882,-0.6739926739926716,35.0
0.489784303936176,-60.0,562.660055759504,-47.6415456024531,-0.4981684981684964,35.0
0.4945635299663991,-60.0,562.4182830446715,-45.5427991001424,-0.146520146520146,35.0
0.5009187479736283,-60.0,562.1545309921268,-48.48104420337738,-0.0293040293040292,35.0
0.5052200219361112,-60.0,561.9127582772944,-50.57979070568808,-0.3223443223443212,35.0
0.5098431969527155,-60.0,561.670985562462,-50.99954000615022,-0.7912087912087884,35.0
0.5141180580249056,-60.0,561.4731715230535,-48.48104420337738,-1.0842490842490804,35.0
0.5188437339384109,-60.0,561.209419470509,-50.16004140522594,-1.025641025641022,35.0
0.5233148799743503,-60.0,560.9676467556765,-47.6415456024531,-0.73260073260073,35.0
0.5296467349398881,-60.0,560.7258740408439,-44.70330049921812,-0.3809523809523796,35.0
0.5338404800277203,-60.0,560.4841013260113,-50.16004140522594,-0.0293040293040292,35.0
0.5380873780231923,-60.0,560.308266624315,-47.22179630199096,-0.0293040293040292,35.0
0.5426637920318171,-60.0,560.0445145717706,-50.57979070568808,-0.3809523809523796,35.0
0.5468642880441621,-60.0,559.8686798700742,-51.41928930661236,-0.6153846153846132,35.0
0.5518098259344697,-60.0,559.5829484798177,-47.22179630199096,-0.9670329670329636,35.0
0.5566410600440577,-60.0,559.3411757649851,-50.99954000615022,-1.1428571428571388,35.0
0.5617399900220335,-60.0,559.1213823878646,-46.38229770106668,-0.73260073260073,35.0
0.5668533130083233,-60.0,558.85763033532,-51.8390386070745,-0.439560439560438,35.0
0.5718378409510478,-60.0,558.6158576204876,-54.77728371030948,0.0293040293040292,35.0
0.5766639140201733,-60.0,558.3740849056552,-52.67853720799878,-0.0293040293040292,35.0
0.5810161610133946,-60.0,558.2422088793828,-50.99954000615022,-0.2637362637362628,35.0
0.5874414279824123,-60.0,557.8905394759901,-53.09828650846092,-0.73260073260073,35.0
0.5896339509636164,-60.0,557.7806427874299,-48.06129490291524,-0.7912087912087884,35.0
0.5925915909465402,-60.0,557.5828287480214,-49.7402921047638,-1.0842490842490804,35.0
0.5947647700086236,-60.0,557.4729320594612,-51.41928930661236,-1.0842490842490804,35.0
0.5998322470113635,-60.0,557.2311593446288,-46.80204700152882,-0.7912087912087884,35.0
0.6025584440212697,-60.0,557.0773039806444,-47.6415456024531,-0.6153846153846132,35.0
0.607686426024884,-60.0,556.8794899412361,-44.28355119875598,-0.3809523809523796,35.0
0.6125946289394051,-60.0,556.6157378886915,-50.16004140522594,0.0293040293040292,35.0
0.6176218129694462,-60.0,556.3739651738589,-52.25878790753664,-0.0879120879120876,35.0
0.6198008479550481,-60.0,556.2640684852987,-51.41928930661236,-0.2051282051282044,35.0
0.6241125409724191,-60.0,556.0882337836024,-48.48104420337738,-0.6153846153846132,35.0
0.6285914080217481,-60.0,555.8244817310579,-50.57979070568808,-0.9084249084249052,35.0
0.6334283449687064,-60.0,555.5827090162254,-52.25878790753664,-1.0842490842490804,35.0
0.6376784880412742,-60.0,555.3848949768169,-48.48104420337738,-0.8498168498168468,35.0
0.6419309510383755,-60.0,555.1870809374086,-49.7402921047638,-0.6153846153846132,35.0
0.6487409670371562,-60.0,554.857390871728,-48.06129490291524,-0.146520146520146,35.0
0.6509025000268593,-60.0,554.7474941831675,-50.99954000615022,-0.0879120879120876,35.0
0.6551790239755064,-60.0,554.5496801437592,-48.90079350383952,0.0293040293040292,35.0
0.659634476993233,-60.0,554.3079074289267,-51.8390386070745,-0.3809523809523796,35.0
0.6666232460411265,-60.0,553.9562380255339,-50.57979070568808,-0.7912087912087884,35.0
0.6687302920036018,-60.0,553.8463413369738,-49.32054280430166,-1.025641025641022,35.0
0.6728940539760515,-60.0,553.6485272975652,-43.4440525978317,-1.2600732600732556,35.0
0.6776564640458673,-60.0,553.4067545827329,-48.06129490291524,-0.7912087912087884,35.0
0.6829492449760437,-60.0,553.1869612056123,-45.5427991001424,-0.439560439560438,35.0
0.6877391759771854,-60.0,552.94518849078,-46.80204700152882,-0.0879120879120876,35.0
0.689882330945693,-60.0,552.8572711399318,-48.06129490291524,0.0879120879120876,35.0
0.6941188230412081,-60.0,552.6374777628113,-47.22179630199096,-0.0879120879120876,35.0
0.6986507929395884,-60.0,552.3957050479788,-47.22179630199096,-0.3809523809523796,35.0
0.7057672849623486,-60.0,552.0440356445861,-50.16004140522594,-0.9084249084249052,35.0
0.7078750069485977,-60.0,551.956118293738,-48.06129490291524,-1.025641025641022,35.0
0.7121297100093216,-60.0,551.7363249166175,-48.48104420337738,-1.1428571428571388,35.0
0.7166763739660382,-60.0,551.494552201785,-46.38229770106668,-0.8498168498168468,35.0
0.7217306339880452,-60.0,551.2747588246646,-44.28355119875598,-0.5567765567765548,35.0
0.726611542981118,-60.0,551.0329861098321,-45.5427991001424,-0.0879120879120876,35.0
0.7308396749431267,-60.0,550.8351720704236,-50.57979070568808,0.0879120879120876,35.0
0.7358005589339882,-60.0,550.593399355591,-49.7402921047638,-0.2637362637362628,35.0
0.7406151640461758,-60.0,550.3516266407585,-52.67853720799878,-0.6739926739926716,35.0
0.7456852430477738,-60.0,550.087874588214,-48.90079350383952,-0.9670329670329636,35.0
0.7478793560294434,-60.0,549.999957237366,-48.90079350383952,-1.0842490842490804,35.0
0.7500357429962605,-60.0,549.8900605488055,-52.67853720799878,-1.2014652014651972,35.0
0.754215908003971,-60.0,549.6922465093973,-50.99954000615022,-0.9670329670329636,35.0
0.7586297169327736,-60.0,549.4504737945647,-48.48104420337738,-0.6153846153846132,35.0
0.7629537909524515,-60.0,549.3185977682924,-43.4440525978317,-0.439560439560438,35.0
0.7656366489827633,-60.0,549.142763066596,-45.96254840060454,-0.146520146520146,35.0
0.7726760220248252,-60.0,548.8130730009154,-50.99954000615022,-0.0293040293040292,35.0
0.7747867850121111,-60.0,548.7031763123553,-48.06129490291524,-0.2051282051282044,35.0
0.7790314089506865,-60.0,548.4833829352348,-50.16004140522594,-0.4981684981684964,35.0
0.7832237449474633,-60.0,548.2855688958263,-53.9377851093852,-0.8498168498168468,35.0
0.7876946280011907,-60.0,548.0437961809938,-47.22179630199096,-1.2014652014651972,35.0
0.7927068410208449,-60.0,547.8020234661615,-50.57979070568808,-0.9670329670329636,35.0
0.7977765230461955,-60.0,547.5602507513289,-47.22179630199096,-0.6153846153846132,35.0
0.8026730959536508,-60.0,547.3184780364963,-48.06129490291524,-0.2637362637362628,35.0
0.8068967110011727,-60.0,547.1426433348,-43.4440525978317,0.0293040293040292,35.0
0.8118413819465786,-60.0,546.9008706199675,-48.06129490291524,-0.0879120879120876,35.0
0.8167827039724216,-60.0,546.637118567423,-53.9377851093852,-0.3809523809523796,35.0
0.8216456590453163,-60.0,546.3953458525905,-52.25878790753664,-0.73260073260073,35.0
0.8259055759990588,-60.0,546.197531813182,-45.5427991001424,-1.0842490842490804,35.0
0.8306907369988039,-60.0,545.9557590983494,-44.28355119875598,-1.1428571428571388,35.0
0.8349752919748425,-60.0,545.7579450589411,-49.32054280430166,-0.7912087912087884,35.0
0.8395440860185772,-60.0,545.5381516818208,-47.22179630199096,-0.439560439560438,35.0
0.8459381780121475,-60.0,545.2743996292761,-52.25878790753664,-0.0293040293040292,35.0
0.8501421379623935,-60.0,545.0326269144435,-48.48104420337738,0.0293040293040292,35.0
0.8547576089622453,-60.0,544.7908541996112,-48.48104420337738,-0.439560439560438,35.0
0.8596762319793925,-60.0,544.5490814847786,-48.90079350383952,-0.7912087912087884,35.0
0.866078463033773,-60.0,544.285329432234,-50.57979070568808,-1.0842490842490804,35.0
0.8702613799832761,-60.0,544.0435567174017,-48.48104420337738,-1.0842490842490804,35.0
0.8744961030315608,-60.0,543.8017840025692,-43.4440525978317,-0.73260073260073,35.0
0.8809157230425626,-60.0,543.5819906254487,-43.86380189829384,-0.439560439560438,35.0
0.8852118969662115,-60.0,543.3402179106163,-47.22179630199096,0.0293040293040292,35.0
0.8897479770239443,-60.0,543.0984451957837,-50.16004140522594,-0.0293040293040292,35.0
0.8946931699756533,-60.0,542.8566724809511,-55.19703301077162,-0.439560439560438,35.0
0.8988969619385898,-60.0,542.6588584415426,-48.48104420337738,-0.7912087912087884,35.0
0.9038784740259871,-60.0,542.3951063889982,-50.99954000615022,-1.2014652014651972,35.0
0.9087531389668584,-60.0,542.1533336741657,-50.99954000615022,-1.0842490842490804,35.0
0.9133532689884305,-60.0,541.9115609593331,-46.38229770106668,-0.6739926739926716,35.0
0.9198580379597843,-60.0,541.6917675822127,-46.38229770106668,-0.3809523809523796,35.0
0.9241673069773242,-60.0,541.4280155296683,-50.99954000615022,-0.0879120879120876,35.0
0.9263458040077239,-60.0,541.34009817882,-48.06129490291524,0.0293040293040292,35.0
0.9306136049563065,-60.0,541.1642634771237,-48.48104420337738,-0.0293040293040292,35.0
0.9348789949435741,-60.0,540.9005114245791,-48.06129490291524,-0.439560439560438,35.0
0.939115218934603,-60.0,540.7026973851707,-52.67853720799878,-0.7912087912087884,35.0
0.9437335389666259,-60.0,540.4389453326262,-48.90079350383952,-1.2014652014651972,35.0
0.9486350970109925,-60.0,540.1971726177937,-48.48104420337738,-1.1428571428571388,35.0
0.9528332890477031,-60.0,540.0213379160973,-46.80204700152882,-0.7912087912087884,35.0
0.9596235549543053,-60.0,539.6916478504168,-46.38229770106668,-0.2051282051282044,35.0
0.9617346689337865,-60.0,539.5817511618565,-50.16004140522594,-0.0293040293040292,35.0
0.9659097249386832,-60.0,539.427895797872,-48.48104420337738,0.0879120879120876,35.0
0.9701468260027468,-60.0,539.2300817584637,-43.4440525978317,-0.2637362637362628,35.0
0.9743551920400932,-60.0,539.0102883813433,-48.06129490291524,-0.5567765567765548,35.0
0.9807155689923093,-60.0,538.6586189779506,-50.16004140522594,-0.9670329670329636,35.0
0.9828254249878228,-60.0,538.5487222893904,-51.8390386070745,-1.025641025641022,35.0
0.9870918310480192,-60.0,538.372887587694,-51.8390386070745,-1.1428571428571388,35.0
0.9912786909844726,-60.0,538.1970528859977,-50.99954000615022,-0.8498168498168468,35.0
0.997627294040285,-60.0,537.8453834826049,-49.7402921047638,-0.3809523809523796,35.0
0.9997348260367289,-60.0,537.7574661317566,-47.6415456024531,-0.2051282051282044,35.0
1.0038977869553491,-60.0,537.5596520923483,-53.09828650846092,0.2051282051282044,35.0
1.0086540379561484,-60.0,537.3178793775159,-47.6415456024531,-0.0879120879120876,35.0
1.013738367939368,-60.0,537.0761066626833,-51.41928930661236,-0.4981684981684964,35.0
1.0188034030143172,-60.0,536.8343339478507,-50.57979070568808,-0.9084249084249052,35.0
1.0237497190246359,-60.0,536.5705818953063,-47.6415456024531,-1.2014652014651972,35.0
1.0286488890415058,-60.0,536.3507885181858,-49.7402921047638,-0.9084249084249052,35.0
1.0337860150029883,-60.0,536.0870364656412,-46.38229770106668,-0.6153846153846132,35.0
1.035935114021413,-60.0,535.9991191147932,-50.57979070568808,-0.4981684981684964,35.0
1.0402047280222178,-60.0,535.8452637508087,-42.60455399690742,-0.2637362637362628,35.0
1.0446101110428572,-60.0,535.6034910359762,-45.5427991001424,0.0879120879120876,35.0
1.0518123150104657,-60.0,535.2298422948714,-51.41928930661236,-0.3809523809523796,35.0
1.053913878975436,-60.0,535.1419249440232,-50.99954000615022,-0.6153846153846132,35.0
1.0581596189877018,-60.0,534.944110904615,-51.41928930661236,-0.8498168498168468,35.0
1.0626024709781632,-60.0,534.7023381897824,-48.48104420337738,-1.2600732600732556,35.0
1.0668053920380771,-60.0,534.5045241503739,-48.48104420337738,-1.0842490842490804,35.0
1.0710000059334561,-60.0,534.3067101109656,-48.48104420337738,-0.6739926739926716,35.0
1.0777966669993475,-60.0,533.9550407075728,-47.6415456024531,-0.2637362637362628,35.0
1.0799139239825308,-60.0,533.8891026944367,-47.22179630199096,-0.0879120879120876,35.0
1.0841453969478607,-60.0,533.6912886550284,-47.6415456024531,0.0293040293040292,35.0
1.0885896920226514,-60.0,533.4714952779078,-48.48104420337738,-0.2637362637362628,35.0
1.0936793689616024,-60.0,533.2077432253633,-48.48104420337738,-0.6153846153846132,35.0
1.097881056019105,-60.0,532.9879498482429,-53.9377851093852,-0.7912087912087884,35.0
1.1024507930269465,-60.0,532.7461771334104,-50.99954000615022,-1.2014652014651972,35.0
1.1087999959709123,-60.0,532.52638375629,-44.70330049921812,-1.025641025641022,35.0
1.1129805200034752,-60.0,532.2846110414574,-45.96254840060454,-0.6153846153846132,35.0
1.117773234960623,-60.0,532.0428383266249,-46.80204700152882,-0.146520146520146,35.0
1.1226195199415088,-60.0,531.8010656117924,-51.41928930661236,0.146520146520146,35.0
1.1247764820000157,-60.0,531.6911689232322,-47.6415456024531,-0.0293040293040292,35.0
1.1289465359877795,-60.0,531.5153342215358,-50.99954000615022,-0.3809523809523796,35.0
1.1336354550439864,-60.0,531.2735615067032,-50.99954000615022,-0.6739926739926716,35.0
1.140673912013881,-60.0,530.9218921033105,-53.09828650846092,-1.0842490842490804,35.0
1.1428524759830907,-60.0,530.8119954147503,-48.90079350383952,-1.0842490842490804,35.0
1.1471739560365677,-60.0,530.614181375342,-50.16004140522594,-0.9670329670329636,35.0
1.1514528589323163,-60.0,530.3724086605094,-42.18480469644528,-0.6739926739926716,35.0
1.1557883019559085,-60.0,530.1965739588131,-47.22179630199096,-0.3809523809523796,35.0
1.160673631937243,-60.0,529.9767805816928,-50.16004140522594,0.0879120879120876,35.0
1.1655137629713863,-60.0,529.713028529148,-50.99954000615022,-0.0293040293040292,35.0
1.1719784709857777,-60.0,529.4492764766036,-47.22179630199096,-0.4981684981684964,35.0
1.1762313320068642,-60.0,529.2294830994832,-47.22179630199096,-0.9084249084249052,35.0
1.1804938999703154,-60.0,529.0096897223626,-47.6415456024531,-1.1428571428571388,35.0
1.1848165879491717,-60.0,528.7898963452421,-49.7402921047638,-1.0842490842490804,35.0
1.189343860023655,-60.0,528.5261442926977,-43.02430329736956,-0.6153846153846132,35.0
1.195745129021816,-60.0,528.3063509155774,-48.48104420337738,-0.3223443223443212,35.0
1.1965195930097252,-60.0,528.196454227017,-45.5427991001424,-0.146520146520146,35.0
1.2007650960003957,-60.0,528.0206195253207,-46.80204700152882,0.0879120879120876,35.0
1.205754318041727,-60.0,527.7788468104882,-48.06129490291524,-0.146520146520146,35.0
1.2107236549491063,-60.0,527.5150947579435,-50.16004140522594,-0.4981684981684964,35.0
1.2158251840155572,-60.0,527.2513427053991,-49.7402921047638,-0.9670329670329636,35.0
1.22073067096062,-60.0,526.9875906528545,-44.70330049921812,-1.2600732600732556,35.0
1.2256729330401868,-60.0,526.767797275734,-44.70330049921812,-0.9670329670329636,35.0
1.2298674309859052,-60.0,526.5699832363257,-48.06129490291524,-0.6153846153846132,35.0
1.2347146309912205,-60.0,526.3501898592051,-49.32054280430166,-0.146520146520146,35.0
1.2389800229575485,-60.0,526.1523758197968,-45.5427991001424,0.146520146520146,35.0
1.2438058740226552,-60.0,525.9106031049643,-43.86380189829384,-0.2051282051282044,35.0
1.2487887459574267,-60.0,525.6468510524198,-50.57979070568808,-0.439560439560438,35.0
1.253687268937938,-60.0,525.4270576752992,-53.09828650846092,-0.8498168498168468,35.0
1.2583236739737913,-60.0,525.1633056227548,-49.32054280430166,-1.2014652014651972,35.0
1.2646772069856524,-60.0,524.9215329079223,-48.90079350383952,-1.025641025641022,35.0
1.2689169039949775,-60.0,524.6797601930897,-45.12304979968026,-0.6739926739926716,35.0
1.2736320319818333,-60.0,524.4819461536814,-45.12304979968026,-0.2637362637362628,35.0
1.2787082400172949,-60.0,524.2181941011368,-52.67853720799878,0.2637362637362628,35.0
1.2809145279461518,-60.0,524.1302767502887,-48.90079350383952,0.146520146520146,35.0
1.2852781779365614,-60.0,523.9104833731683,-48.48104420337738,-0.2051282051282044,35.0
1.2896458440227434,-60.0,523.7126693337598,-51.41928930661236,-0.6153846153846132,35.0
1.2940168379573151,-60.0,523.4708966189272,-52.67853720799878,-0.9084249084249052,35.0
1.2986356179462746,-60.0,523.2291239040946,-46.80204700152882,-1.2014652014651972,35.0
1.3057838529348373,-60.0,522.8774545007019,-49.32054280430166,-0.73260073260073,35.0
1.3080032309517264,-60.0,522.7895371498539,-46.38229770106668,-0.6153846153846132,35.0
1.3122964550275356,-60.0,522.5917231104454,-46.38229770106668,-0.3809523809523796,35.0
1.316754371044226,-60.0,522.3719297333249,-49.7402921047638,-0.0293040293040292,35.0
1.3217086440417916,-60.0,522.1521363562046,-48.48104420337738,-0.0293040293040292,35.0
1.3260293659986928,-60.0,521.910363641372,-49.32054280430166,-0.3223443223443212,35.0
1.3308959249407053,-60.0,521.6905702642516,-46.38229770106668,-0.8498168498168468,35.0
1.33542534802109,-60.0,521.4268182117072,-50.16004140522594,-1.1428571428571388,35.0
1.3419650360010564,-60.0,521.1850454968746,-49.32054280430166,-1.0842490842490804,35.0
1.3462823949521407,-60.0,520.9432727820421,-48.90079350383952,-0.6153846153846132,35.0
1.350572568946518,-60.0,520.7234794049217,-46.80204700152882,-0.3809523809523796,35.0
1.35486255295109,-60.0,520.5256653655132,-44.28355119875598,-0.0293040293040292,35.0
1.3598422160139307,-60.0,520.2838926506806,-48.48104420337738,-0.0879120879120876,35.0
1.3647267549531534,-60.0,520.0421199358481,-49.7402921047638,-0.3809523809523796,35.0
1.3697747580008581,-60.0,519.7563885455916,-53.09828650846092,-0.73260073260073,35.0
1.3725756279891357,-60.0,519.6245125193194,-52.25878790753664,-0.9670329670329636,35.0
1.378871393040754,-60.0,519.3387811290628,-48.06129490291524,-1.1428571428571388,35.0
1.3836425859481096,-60.0,519.0970084142303,-49.32054280430166,-0.8498168498168468,35.0
1.3878338689683005,-60.0,518.9211737125339,-49.32054280430166,-0.4981684981684964,35.0
1.3923595609376207,-60.0,518.6794009977014,-51.41928930661236,-0.0879120879120876,35.0
1.3976889749756083,-60.0,518.4376282828689,-48.06129490291524,0.0293040293040292,35.0
1.4022403139388189,-60.0,518.2178349057484,-51.8390386070745,-0.2637362637362628,35.0
1.4066072399728,-60.0,517.998041528628,-50.99954000615022,-0.6739926739926716,35.0
1.411887847003527,-60.0,517.7123101383714,-50.57979070568808,-0.9084249084249052,35.0
1.4168884350219741,-60.0,517.4925167612508,-50.99954000615022,-1.2014652014651972,35.0
1.4221130990190431,-60.0,517.2287647087062,-48.06129490291524,-0.8498168498168468,35.0
1.426567925955169,-60.0,517.0089713315858,-42.18480469644528,-0.6153846153846132,35.0
1.4331243690103292,-60.0,516.7891779544653,-47.22179630199096,-0.146520146520146,35.0
1.4353632490383461,-60.0,516.5913639150568,-44.70330049921812,0.146520146520146,35.0
1.4418363600270823,-60.0,516.3495912002245,-53.51803580892306,-0.146520146520146,35.0
1.446103860042058,-60.0,516.0858391476798,-52.25878790753664,-0.5567765567765548,35.0
1.4506127659697086,-60.0,515.8440664328474,-48.90079350383952,-0.9670329670329636,35.0
1.4554743359331042,-60.0,515.6022937180148,-46.80204700152882,-1.2014652014651972,35.0
1.4597914690384641,-60.0,515.3825003408945,-46.80204700152882,-0.9670329670329636,35.0
1.4644944010069594,-60.0,515.1407276260619,-51.41928930661236,-0.5567765567765548,35.0
1.4710389139363542,-60.0,514.9209342489414,-46.80204700152882,-0.2637362637362628,35.0
1.4753625559387729,-60.0,514.679161534109,-47.6415456024531,0.146520146520146,35.0
1.4797788469586521,-60.0,514.4813474947007,-48.90079350383952,0.0293040293040292,35.0
1.4825126499636099,-60.0,514.3055127930043,-47.22179630199096,-0.3223443223443212,35.0
1.487526222015731,-60.0,514.0197814027476,-49.7402921047638,-0.73260073260073,35.0
1.4927542250370607,-60.0,513.7999880256273,-48.48104420337738,-1.1428571428571388,35.0
1.497691605007276,-60.0,513.5362359730826,-50.16004140522594,-1.1428571428571388,35.0
1.502898284001276,-60.0,513.3164425959623,-45.5427991001424,-0.6739926739926716,35.0
1.507425602991134,-60.0,513.0746698811297,-47.6415456024531,-0.2637362637362628,35.0
1.5138975159497932,-60.0,512.8328971662971,-48.06129490291524,-0.0293040293040292,35.0
1.5182584510184824,-60.0,512.5691451137527,-49.32054280430166,-0.0879120879120876,35.0
1.5226602950133383,-60.0,512.3273723989201,-51.41928930661236,-0.439560439560438,35.0
1.5293569370405748,-60.0,512.0636203463757,-53.09828650846092,-0.8498168498168468,35.0
1.533761741942726,-60.0,511.8438269692551,-47.22179630199096,-1.2014652014651972,35.0
1.5380791029892862,-60.0,511.58007491671066,-48.90079350383952,-1.025641025641022,35.0
1.5427053209859878,-60.0,511.36028153959023,-45.5427991001424,-0.6739926739926716,35.0
1.547462921938859,-60.0,511.11850882475767,-44.28355119875598,-0.2051282051282044,35.0
1.5539582340279594,-60.0,510.87673610992516,-49.32054280430166,0.2637362637362628,35.0
1.558370498009026,-60.0,510.6349633950926,-51.8390386070745,-0.2051282051282044,35.0
1.560613577021286,-60.0,510.48110803110836,-52.25878790753664,-0.439560439560438,35.0
1.5678061309736222,-60.0,510.1294386277156,-50.99954000615022,-0.9084249084249052,35.0
1.5699974390445277,-60.0,510.01954193915543,-51.8390386070745,-1.0842490842490804,35.0
1.5743207240011543,-60.0,509.84370723745906,-48.06129490291524,-1.1428571428571388,35.0
1.5786628519417718,-60.0,509.5799551849146,-45.12304979968026,-0.7912087912087884,35.0
1.5853080910164863,-60.0,509.3381824700821,-47.22179630199096,-0.439560439560438,35.0
1.5897520510479808,-60.0,509.11838909296165,-46.80204700152882,-0.0879120879120876,35.0
1.5941684229765087,-60.0,508.87661637812914,-49.7402921047638,0.0879120879120876,35.0
1.5985534959472716,-60.0,508.67880233872063,-56.0365316116959,-0.2051282051282044,35.0
1.6058318379800767,-60.0,508.28317425990383,-52.67853720799878,-0.9670329670329636,35.0
1.6107317919377238,-60.0,508.0194222073594,-51.41928930661236,-1.2600732600732556,35.0
1.6159245580201969,-60.0,507.77764949252685,-47.22179630199096,-0.9084249084249052,35.0
1.618089135037735,-60.0,507.7117114793907,-46.38229770106668,-0.73260073260073,35.0
1.6203137750271708,-60.0,507.6018147908305,-49.32054280430166,-0.5567765567765548,35.0
1.626807202002965,-60.0,507.2721247251497,-46.80204700152882,-0.0879120879120876,35.0
1.6314819470280781,-60.0,507.03035201031736,-46.80204700152882,0.0293040293040292,35.0
1.6337046730332077,-60.0,506.94243465946903,-51.41928930661236,-0.0879120879120876,35.0
1.6380198519909754,-60.0,506.72264128234866,-50.57979070568808,-0.3223443223443212,35.0
1.6425952659919858,-60.0,506.4808685675161,-50.99954000615022,-0.73260073260073,35.0
1.6469186149770394,-60.0,506.2830545281078,-51.8390386070745,-1.0842490842490804,35.0
1.6518835029564798,-60.0,506.01930247556317,-49.7402921047638,-1.2014652014651972,35.0
1.6568013080395758,-60.0,505.79950909844274,-48.90079350383952,-0.8498168498168468,35.0
1.661860418971628,-60.0,505.55773638361023,-46.38229770106668,-0.439560439560438,35.0
1.6667987570399418,-60.0,505.31596366877767,-53.9377851093852,-0.0293040293040292,35.0
1.6716989410342649,-60.0,505.07419095394516,-47.22179630199096,0.0293040293040292,35.0
1.6766432030126452,-60.0,504.8324182391128,-50.99954000615022,-0.3809523809523796,35.0
1.6787818160373718,-60.0,504.7225215505526,-47.22179630199096,-0.5567765567765548,35.0
1.68574838002678,-60.0,504.3928314848718,-52.67853720799878,-0.9670329670329636,35.0
1.6879508739802986,-60.0,504.3049141340237,-50.57979070568808,-1.025641025641022,35.0
1.692228795029223,-60.0,504.0851207569033,-50.99954000615022,-1.0842490842490804,35.0
1.6966778290225193,-60.0,503.8433480420708,-49.7402921047638,-0.73260073260073,35.0
1.7016820639837533,-60.0,503.62355466495035,-45.12304979968026,-0.4981684981684964,35.0
1.7067356070037931,-60.0,503.40376128782975,-43.86380189829384,-0.146520146520146,35.0
1.7088679219596088,-60.0,503.2938645992695,-45.96254840060454,0.0879120879120876,35.0
1.7131399810314178,-60.0,503.11802989757314,-50.99954000615022,-0.0293040293040292,35.0
1.717752396943979,-60.0,502.87625718274063,-50.57979070568808,-0.4981684981684964,35.0
1.7226845879340544,-60.0,502.61250513019615,-49.32054280430166,-0.9084249084249052,35.0
1.7269408130086958,-60.0,502.4146910907877,-48.48104420337738,-1.2014652014651972,35.0
1.7316243100212887,-60.0,502.17291837595536,-48.48104420337738,-1.1428571428571388,35.0
1.7358605309855193,-60.0,501.97510433654685,-48.06129490291524,-0.7912087912087884,35.0
1.7405946740182117,-60.0,501.7553109594264,-48.06129490291524,-0.4981684981684964,35.0
1.7457868619821966,-60.0,501.53551758230606,-43.4440525978317,-0.2051282051282044,35.0
1.750186915975064,-60.0,501.33770354289754,-45.5427991001424,-0.0293040293040292,35.0
1.7548123729648069,-60.0,501.095930828065,-48.06129490291524,-0.2637362637362628,35.0
1.7592978129396215,-60.0,500.83217877552056,-55.61678231123376,-0.5567765567765548,35.0
1.7656722640385851,-60.0,500.61238539840014,-47.6415456024531,-0.9670329670329636,35.0
1.769927351968363,-60.0,500.3486333458555,-50.57979070568808,-1.2600732600732556,35.0
1.7720911629730836,-60.0,500.2607159950074,-46.80204700152882,-1.1428571428571388,35.0
1.77846124896314,-60.0,499.9310259293266,-46.38229770106668,-0.6153846153846132,35.0
1.7808160659624264,-60.0,499.82112924076637,-50.57979070568808,-0.439560439560438,35.0
1.7851093449862674,-60.0,499.64529453907,-48.48104420337738,-0.0879120879120876,35.0
1.7897820549551398,-60.0,499.40352182423766,-44.70330049921812,0.0293040293040292,35.0
1.7940452479524538,-60.0,499.2276871225413,-48.06129490291524,-0.2637362637362628,35.0
1.7988497469341382,-60.0,498.9859144077088,-48.06129490291524,-0.5567765567765548,35.0
1.8036651239963248,-60.0,498.7001830174522,-49.7402921047638,-0.8498168498168468,35.0
1.8058012999827042,-60.0,498.6122656666039,-51.41928930661236,-1.025641025641022,35.0
1.8101259659742936,-60.0,498.4144516271956,-46.80204700152882,-1.2600732600732556,35.0
1.8168391649378464,-60.0,498.0847615615148,-49.32054280430166,-0.7912087912087884,35.0
1.8189987189834937,-60.0,497.9968442106667,-47.22179630199096,-0.6153846153846132,35.0
1.8232009980129078,-60.0,497.7990301712582,-48.06129490291524,-0.3223443223443212,35.0
1.8273956229677424,-60.0,497.62319546956184,-45.5427991001424,0.0293040293040292,35.0
1.8316459429915994,-60.0,497.38142275472933,-47.6415456024531,-0.0293040293040292,35.0
1.8358964630169794,-60.0,497.1616293776089,-50.16004140522594,-0.439560439560438,35.0
1.84073013800662,-60.0,496.9198566627764,-48.90079350383952,-0.8498168498168468,35.0
1.8492588549852371,-60.0,496.5242285839596,-51.41928930661236,-1.2014652014651972,35.0
1.8513993149390444,-60.0,496.4363112331115,-50.16004140522594,-1.025641025641022,35.0
1.8556756869656965,-60.0,496.23849719370304,-45.96254840060454,-0.73260073260073,35.0
1.859883641009219,-60.0,496.0187038165826,-41.76505539598314,-0.439560439560438,35.0
1.8647144730202854,-60.0,495.77693110175005,-46.38229770106668,-0.2051282051282044,35.0
1.8711257459362969,-60.0,495.53515838691754,-50.57979070568808,0.0879120879120876,35.0
1.873263812973164,-60.0,495.3813030229333,-49.7402921047638,-0.146520146520146,35.0
1.8797005499945953,-60.0,495.0955716326767,-50.99954000615022,-0.73260073260073,35.0
1.8839879640145227,-60.0,494.8318195801323,-46.38229770106668,-1.0842490842490804,35.0
1.8887769769644365,-60.0,494.5900468652997,-48.06129490291524,-1.2014652014651972,35.0
1.8936301190406084,-60.0,494.3702534881793,-47.22179630199096,-0.7912087912087884,35.0
1.895784441032447,-60.0,494.2603567996189,-48.06129490291524,-0.6739926739926716,35.0
1.9000021669780836,-60.0,494.0625427602106,-48.90079350383952,-0.3809523809523796,35.0
1.9048658889951184,-60.0,493.8207700453781,-48.06129490291524,-0.0293040293040292,35.0
1.909761728020385,-60.0,493.60097666825766,-45.96254840060454,-0.0293040293040292,35.0
1.9146969669964164,-60.0,493.35920395342515,-50.57979070568808,-0.3809523809523796,35.0
1.9189895369345322,-60.0,493.16138991401664,-51.8390386070745,-0.6739926739926716,35.0
1.9233276599552482,-60.0,492.89763786147216,-50.57979070568808,-1.025641025641022,35.0
1.9297368129482493,-60.0,492.6778444843518,-46.38229770106668,-1.1428571428571388,35.0
1.9326462909812108,-60.0,492.4800304449433,-48.06129490291524,-0.9670329670329636,35.0
1.9374856350477785,-60.0,492.2382577301108,-45.12304979968026,-0.5567765567765548,35.0
1.9439881549915299,-60.0,492.01846435299035,-45.5427991001424,-0.0879120879120876,35.0
1.948207909008488,-60.0,491.7547123004459,-46.38229770106668,0.0293040293040292,35.0
1.9524348030099645,-60.0,491.5568982610374,-49.7402921047638,-0.2051282051282044,35.0
1.956671376945451,-60.0,491.31512554620485,-52.25878790753664,-0.6739926739926716,35.0
1.963013706030324,-60.0,491.0513734936604,-53.51803580892306,-1.025641025641022,35.0
1.9672327779699117,-60.0,490.78762144111573,-53.51803580892306,-1.2014652014651972,35.0
1.9719488329719752,-60.0,490.56782806399536,-45.5427991001424,-0.8498168498168468,35.0
1.9766780210193247,-60.0,490.3260553491628,-45.96254840060454,-0.5567765567765548,35.0
1.9817403770284727,-60.0,490.1062619720424,-49.32054280430166,-0.146520146520146,35.0
1.986780853010714,-60.0,489.86448925720987,-45.96254840060454,0.146520146520146,35.0
1.9918776910053566,-60.0,489.6007372046654,-51.41928930661236,-0.2637362637362628,35.0
1.996705626952462,-60.0,489.3589644898329,-53.9377851093852,-0.73260073260073,35.0
2.001462821965106,-60.0,489.1171917750003,-50.57979070568808,-1.0842490842490804,35.0
2.006751367007382,-60.0,488.875419060168,-47.6415456024531,-1.1428571428571388,35.0
2.0118789449334145,-60.0,488.61166700762334,-49.32054280430166,-0.6739926739926716,35.0
2.0140244310023263,-60.0,488.52374965677524,-53.51803580892306,-0.6153846153846132,35.0
2.018220380996354,-60.0,488.3259356173668,-48.06129490291524,-0.439560439560438,35.0
2.0227184880059212,-60.0,488.10614224024636,-46.80204700152882,-0.0293040293040292,35.0
2.0276492580305785,-60.0,487.86436952541385,-50.16004140522594,0.0293040293040292,35.0
2.0319214280461892,-60.0,487.66655548600534,-50.99954000615022,-0.3809523809523796,35.0
2.036629050038755,-60.0,487.40280343346086,-47.22179630199096,-0.73260073260073,35.0
2.0416300130309537,-60.0,487.16103071862835,-47.6415456024531,-1.0842490842490804,35.0
2.0458693359978497,-60.0,486.96321667922007,-50.57979070568808,-1.2014652014651972,35.0
2.0505337129579857,-60.0,486.7214439643875,-45.96254840060454,-0.7912087912087884,35.0
2.0547326259547845,-60.0,486.54560926269113,-48.48104420337738,-0.4981684981684964,35.0
2.059050910989754,-60.0,486.3477952232827,-44.28355119875598,-0.146520146520146,35.0
2.06352209195029,-60.0,486.1060225084501,-47.6415456024531,0.146520146520146,35.0
2.0686691920273006,-60.0,485.8642497936178,-50.57979070568808,-0.2637362637362628,35.0
2.0737575190141797,-60.0,485.6004977410731,-49.7402921047638,-0.6739926739926716,35.0
2.078690155991353,-60.0,485.3587250262406,-52.25878790753664,-0.9084249084249052,35.0
2.083696943009272,-60.0,485.09497297369614,-48.06129490291524,-1.1428571428571388,35.0
2.088471935945563,-60.0,484.8751795965757,-49.7402921047638,-0.8498168498168468,35.0
2.0926882999483496,-60.0,484.67736555716726,-48.48104420337738,-0.6153846153846132,35.0
2.0977617049356923,-60.0,484.45757218004684,-48.90079350383952,-0.2637362637362628,35.0
2.1026717289350927,-60.0,484.1938201275022,-48.90079350383952,0.146520146520146,35.0
2.1069157279562205,-60.0,484.017985425806,-47.6415456024531,-0.146520146520146,35.0
2.11181278899312,-60.0,483.75423337326134,-46.80204700152882,-0.5567765567765548,35.0
2.1165639830287546,-60.0,483.51246065842884,-50.57979070568808,-0.7912087912087884,35.0
2.120796720031649,-60.0,483.31464661902055,-52.67853720799878,-1.025641025641022,35.0
2.1257261499995366,-60.0,483.05089456647585,-49.7402921047638,-0.9670329670329636,35.0
2.1308606900274754,-60.0,482.8311011893555,-48.90079350383952,-0.6739926739926716,35.0
2.135716015007347,-60.0,482.5893284745229,-44.70330049921812,-0.439560439560438,35.0
2.139946421957575,-60.0,482.41349377282654,-46.38229770106668,-0.0293040293040292,35.0
2.144626167952083,-60.0,482.17172105799403,-47.6415456024531,-0.0879120879120876,35.0
2.148832891951315,-60.0,481.9519276808736,-51.41928930661236,-0.3223443223443212,35.0
2.1535881749587134,-60.0,481.68817562832913,-47.6415456024531,-0.73260073260073,35.0
2.1600663929712027,-60.0,481.4464029134966,-49.32054280430166,-1.0842490842490804,35.0
2.1626991180237383,-60.0,481.27056821180025,-43.4440525978317,-1.2014652014651972,35.0
2.1698469090042636,-60.0,480.89691947069537,-47.22179630199096,-0.6153846153846132,35.0
2.1719813930103555,-60.0,480.8309814575594,-45.96254840060454,-0.4981684981684964,35.0
2.176198169006966,-60.0,480.63316741815095,-47.6415456024531,-0.2637362637362628,35.0
2.180602055042982,-60.0,480.4133740410305,-51.8390386070745,0.0293040293040292,35.0
2.1848535450408235,-60.0,480.215560001622,-48.06129490291524,-0.146520146520146,35.0
2.189336856943555,-60.0,479.9518079490776,-49.32054280430166,-0.4981684981684964,35.0
2.195843062014319,-60.0,479.710035234245,-51.41928930661236,-0.73260073260073,35.0
2.2000839289976284,-60.0,479.4462831817006,-50.57979070568808,-1.1428571428571388,35.0
2.204338520998135,-60.0,479.2484691422921,-47.6415456024531,-1.0842490842490804,35.0
2.2085938629461452,-60.0,479.02867576517167,-45.5427991001424,-0.6739926739926716,35.0
2.213832395034842,-60.0,478.78690305033916,-45.5427991001424,-0.3223443223443212,35.0
2.218087868997827,-60.0,478.58908901093065,-45.96254840060454,-0.0293040293040292,35.0
2.2227703919634223,-60.0,478.32533695838623,-48.48104420337738,-0.0293040293040292,35.0
2.227619120036252,-60.0,478.1275229189777,-48.48104420337738,-0.4981684981684964,35.0
2.2318790620192885,-60.0,477.9077295418573,-49.32054280430166,-0.73260073260073,35.0
2.2366886199451983,-60.0,477.6659568270248,-48.90079350383952,-1.025641025641022,35.0
2.241572516039014,-60.0,477.42418411219245,-50.16004140522594,-1.025641025641022,35.0
2.246702141012065,-60.0,477.1824113973599,-49.7402921047638,-0.73260073260073,35.0
2.250912126037292,-60.0,476.98459735795143,-47.22179630199096,-0.5567765567765548,35.0
2.2556260810233653,-60.0,476.74282464311887,-46.80204700152882,-0.146520146520146,35.0
2.260739407967776,-60.0,476.50105192828636,-52.67853720799878,0.0293040293040292,35.0
2.265654176939279,-60.0,476.2372998757419,-55.61678231123376,-0.2637362637362628,35.0
2.2708153389394283,-60.0,475.9955271609094,-50.16004140522594,-0.73260073260073,35.0
2.272990987985395,-60.0,475.9076098100613,-50.99954000615022,-0.9084249084249052,35.0
2.2796567770419642,-60.0,475.5559404066685,-50.99954000615022,-1.1428571428571388,35.0
2.281805841019377,-60.0,475.46802305582025,-49.7402921047638,-1.0842490842490804,35.0
2.2861907930346206,-60.0,475.27020901641197,-50.99954000615022,-0.6739926739926716,35.0
2.2905314509989694,-60.0,475.07239497700346,-45.5427991001424,-0.439560439560438,35.0
2.294795818044804,-60.0,474.85260159988303,-48.90079350383952,-0.2051282051282044,35.0
2.299764525028877,-60.0,474.5888495473386,-49.7402921047638,-0.0293040293040292,35.0
2.3046535869361833,-60.0,474.36905617021796,-48.90079350383952,-0.3223443223443212,35.0
2.3089203709969297,-60.0,474.1712421308097,-50.16004140522594,-0.5567765567765548,35.0
2.3136246859794483,-60.0,473.907490078265,-48.48104420337738,-0.9084249084249052,35.0
2.3180191529681906,-60.0,473.70967603885674,-49.32054280430166,-1.2014652014651972,35.0
2.3228057739324868,-60.0,473.46790332402423,-45.12304979968026,-0.9670329670329636,35.0
2.3277184539474547,-60.0,473.2481099469038,-47.22179630199096,-0.4981684981684964,35.0
2.332607656950131,-60.0,472.98435789435916,-52.25878790753664,-0.146520146520146,35.0
2.337710013031028,-60.0,472.7425851795266,-48.48104420337738,0.0879120879120876,35.0
2.3426926869433373,-60.0,472.522791802406,-51.41928930661236,-0.3223443223443212,35.0
2.347053552046418,-60.0,472.3029984252856,-55.61678231123376,-0.4981684981684964,35.0
2.3518923689844087,-60.0,472.0612257104531,-50.99954000615022,-0.7912087912087884,35.0
2.356612883042544,-60.0,471.81945299562074,-50.16004140522594,-1.1428571428571388,35.0
2.3615868180058897,-60.0,471.5996596185001,-44.28355119875598,-0.9670329670329636,35.0
2.3636899850098416,-60.0,471.467783592228,-45.96254840060454,-0.73260073260073,35.0
2.367896371986717,-60.0,471.2919488905316,-47.6415456024531,-0.4981684981684964,35.0
2.3727557809324935,-60.0,471.05017617569905,-48.90079350383952,-0.0879120879120876,35.0
2.3776961140101776,-60.0,470.8303827985787,-50.57979070568808,0.0879120879120876,35.0
2.3823632720159367,-60.0,470.56663074603404,-49.7402921047638,-0.2637362637362628,35.0
2.388811853947118,-60.0,470.30287869348956,-52.25878790753664,-0.73260073260073,35.0
2.3930454479996115,-60.0,470.061105978657,-50.16004140522594,-0.9670329670329636,35.0
2.397594152018428,-60.0,469.8193332638245,-46.80204700152882,-1.0842490842490804,35.0
2.402722468948923,-60.0,469.5775605489919,-46.80204700152882,-0.7912087912087884,35.0
2.404827510006726,-60.0,469.46766386043174,-46.38229770106668,-0.6739926739926716,35.0
2.4090228610439226,-60.0,469.29182915873537,-47.6415456024531,-0.439560439560438,35.0
2.4135726570384577,-60.0,469.02807710619095,-49.32054280430166,-0.0293040293040292,35.0
2.419979061000049,-60.0,468.8082837290705,-46.38229770106668,-0.0293040293040292,35.0
2.4242670009844005,-60.0,468.5445316765259,-47.6415456024531,-0.3809523809523796,35.0
2.4286160230403766,-60.0,468.3027589616933,-48.06129490291524,-0.8498168498168468,35.0
2.432857602951117,-60.0,468.10494492228503,-49.32054280430166,-1.1428571428571388,35.0
2.4375606880057603,-60.0,467.8631722074525,-48.48104420337738,-1.0842490842490804,35.0
2.4427568550454453,-60.0,467.62139949261996,-50.99954000615022,-0.6739926739926716,35.0
2.4470954589778557,-60.0,467.4235854532117,-45.12304979968026,-0.439560439560438,35.0
2.451642627012916,-60.0,467.18181273837916,-49.32054280430166,-0.0879120879120876,35.0
2.455937908962369,-60.0,466.98399869897065,-43.86380189829384,-0.0293040293040292,35.0
2.4605699779931456,-60.0,466.7642053218502,-48.48104420337738,-0.3223443223443212,35.0
2.4657001990126446,-60.0,466.47847393159367,-52.25878790753664,-0.6153846153846132,35.0
2.469976249965839,-60.0,466.3026392298973,-48.06129490291524,-0.9670329670329636,35.0
2.474966643960215,-60.0,466.06086651506473,-47.22179630199096,-1.1428571428571388,35.0
2.479655053000897,-60.0,465.7971144625203,-47.22179630199096,-0.9084249084249052,35.0
2.483924351981841,-60.0,465.62127976082394,-48.48104420337738,-0.6153846153846132,35.0
2.4887541219359264,-60.0,465.4014863837035,-46.38229770106668,-0.2051282051282044,35.0
2.4936061380431056,-60.0,465.13773433115887,-50.99954000615022,0.0293040293040292,35.0
2.498801506939344,-60.0,464.8959616163263,-49.7402921047638,-0.2637362637362628,35.0
2.503686249954626,-60.0,464.67616823920594,-45.5427991001424,-0.6153846153846132,35.0
0.00023926200810819864,120.0,431.9928930613946,-1.0493732511553502,-0.0879120879120876,35.0
0.0003020690055564046,120.0,431.9928930613946,-1.0493732511553502,-0.146520146520146,35.0
0.00033132394310086966,120.0,431.9928930613946,-1.4691225516174902,-0.0879120879120876,35.0
0.0003565539373084903,120.0,431.9928930613946,0.20987465023107005,-0.0879120879120876,35.0
0.00037986598908901215,120.0,431.9928930613946,1.4691225516174902,-0.0293040293040292,35.0
0.00040269200690090656,120.0,431.9928930613946,0.20987465023107005,-0.0293040293040292,35.0
0.000424167956225574,120.0,431.9928930613946,1.4691225516174902,-0.0879120879120876,35.0
0.0004455079324543476,120.0,432.0368517368187,-0.20987465023107005,0.0293040293040292,35.0
0.0004667589673772454,120.0,432.0368517368187,3.5678690539281908,-0.0879120879120876,35.0
0.0004868769319728017,120.0,432.01487239910676,3.1481197534660503,-0.0293040293040292,35.0
0.0007554449839517474,120.0,432.0368517368187,3.9876183543903307,-0.0879120879120876,35.0
0.005662121926434338,120.0,432.0588310745308,9.444359260398151,1.7289377289377228,35.0
0.01067011198028922,120.0,432.168727763091,22.456587574724495,1.7875457875457812,35.0
0.01523263193666935,120.0,432.32258312707523,39.2465595932103,1.8461538461538396,35.0
0.021653437986969948,120.0,432.5423765041959,45.12304979968026,1.9633699633699564,35.0
0.025910209980793297,120.0,432.7841492190284,51.8390386070745,2.080586080586073,35.0
0.030646961997263134,120.0,433.069880609285,59.394526015393026,1.4945054945054892,35.0
0.032756080967374146,120.0,433.22373597326924,62.752520419090146,1.318681318681314,35.0
0.03703032701741904,120.0,433.44352935038967,65.69076552232512,1.025641025641022,35.0
0.04149851098190993,120.0,433.8171780914945,76.18449803387863,0.73260073260073,35.0
0.04661758593283594,120.0,434.2347855080232,82.48073754081094,1.025641025641022,35.0
0.051681341021321714,120.0,434.6523929245521,86.67823054543233,1.4945054945054892,35.0
0.0560455679660663,120.0,435.00406232794484,86.25848124497018,1.0842490842490804,35.0
0.06070282694417983,120.0,435.44364908218586,89.61647564866732,0.439560439560438,35.0
0.06564027396962047,120.0,435.8832358364267,90.87572355005373,0.6153846153846132,35.0
0.0705647929571569,120.0,436.34480192837964,94.653467254213,1.025641025641022,35.0
0.07484934793319553,120.0,436.7624093449086,94.23371795375085,1.025641025641022,35.0
0.07973163900896907,120.0,437.2459547745734,96.33246445606156,0.4981684981684964,35.0
0.08466617600061,120.0,437.7295002042385,99.27070955929653,0.3223443223443212,35.0
0.08957364200614393,120.0,438.2570043093276,100.9497067611451,0.9670329670329636,35.0
0.09442737302742898,120.0,438.7405497389927,101.78920536206937,0.8498168498168468,35.0
0.09871306293644011,120.0,439.15815715552134,99.69045885975868,0.3809523809523796,35.0
0.10375874291639775,120.0,439.7076405983226,105.14719976576649,0.3809523809523796,35.0
0.10858683392871171,120.0,440.2131653656996,106.82619696761506,0.9084249084249052,35.0
0.11356543994043022,120.0,440.71869013307656,98.43121095837225,0.73260073260073,35.0
0.11860007094219327,120.0,441.2461942381657,103.46820256391793,0.0879120879120876,35.0
0.12375958892516792,120.0,441.7956776809669,105.56694906622863,0.5567765567765548,35.0
0.1285841939970851,120.0,442.2792231106318,105.14719976576649,1.025641025641022,35.0
0.13368826592341065,120.0,442.828706553433,103.88795186438007,0.3809523809523796,35.0
0.1359144989401102,120.0,443.0484999305534,104.72745046530436,0.146520146520146,35.0
0.14012552401982248,120.0,443.4661073470823,103.0484532634558,0.3223443223443212,35.0
0.14454760099761188,120.0,443.97163211445934,108.92494346992575,0.8498168498168468,35.0
0.1496912599541247,120.0,444.52111555726054,105.98669836669077,0.6739926739926716,35.0
0.15457262797281146,120.0,445.04861966234944,106.40644766715292,0.0879120879120876,35.0
0.15961804101243615,120.0,445.57612376743856,106.82619696761506,0.4981684981684964,35.0
0.16399551602080464,120.0,445.99373118396744,105.56694906622863,0.9084249084249052,35.0
0.1685252789175138,120.0,446.52123528905656,103.88795186438007,0.5567765567765548,35.0
0.17349205701611936,120.0,447.0487393941457,100.9497067611451,0.0879120879120876,35.0
0.1786280529340729,120.0,447.5762434992348,105.56694906622863,0.6153846153846132,35.0
0.18324276502244174,120.0,448.1037476043239,103.88795186438007,1.0842490842490804,35.0
0.18963449995499104,120.0,448.631251709413,105.98669836669077,0.3223443223443212,35.0
0.19392833299934864,120.0,449.15875581450194,104.72745046530436,0.2051282051282044,35.0
0.1961278460221365,120.0,449.37854919162254,108.08544486900148,0.5567765567765548,35.0
0.2004025150090456,120.0,449.8181359458634,105.56694906622863,0.9670329670329636,35.0
0.20462012896314263,120.0,450.34564005095245,105.14719976576649,0.6153846153846132,35.0
0.20969221892300993,120.0,450.85116481832944,102.20895466253151,0.0879120879120876,35.0
0.21449618402402848,120.0,451.3566895857065,107.66569556853933,0.5567765567765548,35.0
0.21871166594792157,120.0,451.8182556776594,103.46820256391793,1.0842490842490804,35.0
0.22333897091448307,120.0,452.34575978274853,108.08544486900148,0.3809523809523796,35.0
0.22984114394057542,120.0,452.8512845501257,103.0484532634558,0.0293040293040292,35.0
0.23411681596189737,120.0,453.4007679929267,106.40644766715292,0.7912087912087884,35.0
0.23838046099990606,120.0,453.92827209801584,105.98669836669077,0.8498168498168468,35.0
0.24367704999167472,120.0,454.4337968653928,99.69045885975868,0.146520146520146,35.0
0.24825472594238818,120.0,454.9832803081941,109.3446927703879,0.439560439560438,35.0
0.25481910398229957,120.0,455.51078441328315,105.14719976576649,0.9670329670329636,35.0
0.25921448098961264,120.0,456.0382885183721,103.0484532634558,0.6153846153846132,35.0
0.2614542259834707,120.0,456.23610255778055,106.82619696761506,0.3223443223443212,35.0
0.2646111899521202,120.0,456.6756893120214,109.76444207085004,0.0293040293040292,35.0
0.2696013239910826,120.0,457.2031934171105,110.18419137131218,0.7912087912087884,35.0
0.2747125949244946,120.0,457.75267685991173,105.56694906622863,0.9084249084249052,35.0
0.27929692494217306,120.0,458.28018096500085,105.14719976576649,0.0879120879120876,35.0
0.28456471394747496,120.0,458.78570573237783,107.66569556853933,0.3809523809523796,35.0
0.2896538629429415,120.0,459.33518917517887,108.08544486900148,1.0842490842490804,35.0
0.29468292696401477,120.0,459.862693280268,107.24594626807719,0.5567765567765548,35.0
0.2993068390060216,120.0,460.39019738535706,105.98669836669077,0.0879120879120876,35.0
0.3057697640033439,120.0,460.89572215273404,109.3446927703879,0.5567765567765548,35.0
0.3100857719546184,120.0,461.4452055955353,105.56694906622863,1.1428571428571388,35.0
0.3122537679737434,120.0,461.6649989726557,105.98669836669077,0.73260073260073,35.0
0.3164746109396219,120.0,462.0826063891846,106.40644766715292,0.2051282051282044,35.0
0.32074705802369863,120.0,462.5881311565616,106.82619696761506,0.439560439560438,35.0
0.3256488009355962,120.0,463.13761459936285,103.88795186438007,0.9670329670329636,35.0
0.33208425191696733,120.0,463.70907737987596,105.98669836669077,0.5567765567765548,35.0
0.3342255409806967,120.0,463.97282943242044,108.08544486900148,0.2051282051282044,35.0
0.3384297899901867,120.0,464.52231287522164,107.24594626807719,0.439560439560438,35.0
0.34269318799488246,120.0,464.83002360319017,109.76444207085004,0.7912087912087884,35.0
0.34690697002224624,120.0,465.3355483705674,105.56694906622863,0.8498168498168468,35.0
0.3537173270015046,120.0,466.1048251904888,104.30770116484221,0.0293040293040292,35.0
0.3559099369449541,120.0,466.3026392298973,105.98669836669077,0.2051282051282044,35.0
0.360183447948657,120.0,466.7202466464262,102.20895466253151,0.73260073260073,35.0
0.3624414929654449,120.0,466.9400400235466,105.56694906622863,0.9670329670329636,35.0
0.36296844598837197,120.0,467.1378540629551,107.24594626807719,1.0842490842490804,35.0
0.3672644569305703,120.0,467.5554614794838,105.56694906622863,0.439560439560438,35.0
0.3778642979450524,120.0,468.63244902737415,109.3446927703879,0.6739926739926716,35.0
0.3800688060000539,120.0,468.8522424044946,104.72745046530436,0.9084249084249052,35.0
0.38443187391385436,120.0,469.29182915873537,108.08544486900148,0.73260073260073,35.0
0.38879115402232856,120.0,469.77537458840044,103.46820256391793,0.0879120879120876,35.0
0.39531510102096945,120.0,470.52267207061,108.50519416946362,0.73260073260073,35.0
0.397630680934526,120.0,470.74246544773035,106.40644766715292,0.8498168498168468,35.0
0.4019755700137466,120.0,471.1600728642593,104.72745046530436,0.6739926739926716,35.0
0.40665701194666326,120.0,471.7095563070605,105.56694906622863,0.0879120879120876,35.0
0.4116463109385222,120.0,472.2150810744375,105.98669836669077,0.5567765567765548,35.0
0.4160650660051033,120.0,472.67664716639064,108.08544486900148,0.9670329670329636,35.0
0.4206858549732715,120.0,473.16019259605554,105.14719976576649,0.4981684981684964,35.0
0.42555854795500636,120.0,473.70967603885674,104.72745046530436,0.0879120879120876,35.0
0.4306567090097815,120.0,474.23718014394586,111.4434392726986,0.5567765567765548,35.0
0.43521603592671454,120.0,474.7866635867469,104.72745046530436,1.025641025641022,35.0
0.4416004659142345,120.0,475.2921883541239,107.24594626807719,0.3809523809523796,35.0
0.44589387997984886,120.0,475.819692459213,107.24594626807719,0.2051282051282044,35.0
0.4481219749432057,120.0,476.0614651740455,108.92494346992575,0.5567765567765548,35.0
0.45253598294220865,120.0,476.50105192828636,106.82619696761506,0.9670329670329636,35.0
0.4569033809239045,120.0,476.98459735795143,107.24594626807719,0.6153846153846132,35.0
0.4634985689772293,120.0,477.75387417787306,108.08544486900148,0.2051282051282044,35.0
0.4657133739674464,120.0,477.95168821728134,107.24594626807719,0.4981684981684964,35.0
0.46999679296277463,120.0,478.3692956338102,106.40644766715292,0.9084249084249052,35.0
0.47456778993364424,120.0,478.9187790766115,105.14719976576649,0.5567765567765548,35.0
0.47925524797756225,120.0,479.4462831817006,99.27070955929653,0.0293040293040292,35.0
0.48569079698063433,120.0,479.9737872867895,108.08544486900148,0.6153846153846132,35.0
0.48662906396202743,120.0,480.215560001622,111.02368997223645,0.7912087912087884,35.0
0.49092114402446896,120.0,480.63316741815095,108.08544486900148,0.8498168498168468,35.0
0.49756298994179815,120.0,481.3584855626485,106.82619696761506,0.0879120879120876,35.0
0.49968605500180274,120.0,481.57827893976895,105.14719976576649,0.2051282051282044,35.0
0.5039124529575929,120.0,482.0178656940098,103.88795186438007,0.7912087912087884,35.0
0.5086038779700175,120.0,482.567349136811,105.98669836669077,0.8498168498168468,35.0
0.5136222270084545,120.0,483.0948532418999,100.11020816022081,0.0293040293040292,35.0
0.5186330629512668,120.0,483.6003780092771,105.98669836669077,0.4981684981684964,35.0
0.5234575109789148,120.0,484.12788211436623,106.82619696761506,1.0842490842490804,35.0
0.525587530923076,120.0,484.36965482919857,103.88795186438007,0.9084249084249052,35.0
0.5325032399268821,120.0,485.09497297369614,103.88795186438007,-0.0879120879120876,35.0
0.5346154069993645,120.0,485.29278701310443,101.78920536206937,0.0293040293040292,35.0
0.5388453139457852,120.0,485.71039442963337,104.30770116484221,0.6153846153846132,35.0
0.5431037039961666,120.0,486.1719605215863,107.24594626807719,1.0842490842490804,35.0
0.5476426279637963,120.0,486.7214439643875,101.78920536206937,0.3223443223443212,35.0
0.5525279500288889,120.0,487.2269687317645,105.14719976576649,0.146520146520146,35.0
0.5567548340186477,120.0,487.6445761482934,107.24594626807719,0.6739926739926716,35.0
0.5609819089295343,120.0,488.0841629025342,99.69045885975868,1.1428571428571388,35.0
0.5655293179443106,120.0,488.61166700762334,104.30770116484221,0.3223443223443212,35.0
0.5706808529794216,120.0,489.13917111271246,104.72745046530436,0.146520146520146,35.0
0.5755781369516626,120.0,489.6666752178016,105.98669836669077,0.8498168498168468,35.0
0.5805294070160016,120.0,490.17219998517857,103.46820256391793,0.7912087912087884,35.0
0.5855155179742724,120.0,490.72168342797977,105.98669836669077,0.146520146520146,35.0
0.5902117519872263,120.0,491.2491875330689,108.92494346992575,0.4981684981684964,35.0
0.5924287600209936,120.0,491.4470015724772,104.30770116484221,0.6739926739926716,35.0
0.5966993939364329,120.0,491.8646089890061,105.14719976576649,1.0842490842490804,35.0
0.6032944709295407,120.0,492.63388580892774,105.98669836669077,0.0879120879120876,35.0
0.6054703189292923,120.0,492.83169984833603,105.98669836669077,0.146520146520146,35.0
0.6097993429284543,120.0,493.27128660257705,106.40644766715292,0.6153846153846132,35.0
0.6145381609676406,120.0,493.79879070766594,103.88795186438007,1.1428571428571388,35.0
0.6196568799205124,120.0,494.32629481275507,105.14719976576649,0.3809523809523796,35.0
0.6245128969894722,120.0,494.8318195801323,105.98669836669077,0.0879120879120876,35.0
0.6296227149432525,120.0,495.3813030229333,109.76444207085004,0.7912087912087884,35.0
0.6347876229556277,120.0,495.9088071280224,103.0484532634558,0.7912087912087884,35.0
0.6369644699152559,120.0,496.1066211674309,103.88795186438007,0.4981684981684964,35.0
0.641238690004684,120.0,496.54620792167174,109.76444207085004,-0.0293040293040292,35.0
0.6455252569867298,120.0,497.0517326890487,104.30770116484221,0.5567765567765548,35.0
0.6505121319787577,120.0,497.6012161318499,107.24594626807719,1.1428571428571388,35.0
0.6547576769953594,120.0,498.01882354837863,105.14719976576649,0.439560439560438,35.0
0.6595748829422519,120.0,498.56830699117984,104.30770116484221,0.0879120879120876,35.0
0.6644725080113858,120.0,499.09581109626896,107.24594626807719,0.73260073260073,35.0
0.6696059739915654,120.0,499.6233152013581,107.66569556853933,0.9084249084249052,35.0
0.6741690769558772,120.0,500.1508193064472,102.20895466253151,0.3223443223443212,35.0
0.6766256280243397,120.0,500.37061268356763,101.36945606160724,0.0879120879120876,35.0
0.68085785896983,120.0,500.7882201000965,109.76444207085004,0.4981684981684964,35.0
0.6855481949169189,120.0,501.2937448674735,103.0484532634558,1.0842490842490804,35.0
0.690669720992446,120.0,501.8432283102745,105.56694906622863,0.4981684981684964,35.0
0.695584942935966,120.0,502.37073241536365,104.30770116484221,0.146520146520146,35.0
0.7007531009148806,120.0,502.89823652045277,107.24594626807719,0.73260073260073,35.0
0.7056165100075305,120.0,503.42574062554183,103.88795186438007,0.9670329670329636,35.0
0.7106415969319642,120.0,503.95324473063096,100.11020816022081,0.3223443223443212,35.0
0.7127843209309503,120.0,504.1730381077514,102.62870396299365,0.0879120879120876,35.0
0.7196234830189496,120.0,504.89835625224896,107.66569556853933,0.8498168498168468,35.0
0.7217580849537626,120.0,505.1181496293694,105.56694906622863,1.0842490842490804,35.0
0.7259744929615408,120.0,505.5357570458983,105.56694906622863,0.6739926739926716,35.0
0.7305868439143524,120.0,506.0632611509872,106.40644766715292,-0.0293040293040292,35.0
0.7354642829159275,120.0,506.6127445937884,107.66569556853933,0.4981684981684964,35.0
0.7418304359307513,120.0,507.1182693611654,100.9497067611451,1.0842490842490804,35.0
0.746090191998519,120.0,507.6457734662545,103.88795186438007,0.3809523809523796,35.0
0.7506725760176778,120.0,508.17327757134365,103.88795186438007,0.146520146520146,35.0
0.75520323892124,120.0,508.70078167643277,107.66569556853933,0.8498168498168468,35.0
0.7616242399672046,120.0,509.20630644380975,108.50519416946362,0.8498168498168468,35.0
0.7626529699191451,120.0,509.44807915864226,104.30770116484221,0.439560439560438,35.0
0.7697137609357014,120.0,510.1953766408518,105.56694906622863,0.3223443223443212,35.0
0.7718755669193342,120.0,510.3931906802603,103.0484532634558,0.4981684981684964,35.0
0.7761008819798008,120.0,510.810798096789,104.30770116484221,1.025641025641022,35.0
0.7805888339644298,120.0,511.3383022018781,111.4434392726986,0.4981684981684964,35.0
0.785049972939305,120.0,511.8658063069672,105.14719976576649,0.146520146520146,35.0
0.787332150968723,120.0,512.1075790217998,105.14719976576649,0.3223443223443212,35.0
0.7958549709292129,120.0,512.8328971662971,105.56694906622863,1.025641025641022,35.0
0.7965400710236281,120.0,513.0746698811297,105.98669836669077,0.6739926739926716,35.0
0.800802223966457,120.0,513.4702979599465,108.08544486900148,0.2051282051282044,35.0
0.8055886989459395,120.0,513.9978020650356,104.72745046530436,0.3223443223443212,35.0
0.8100501419976354,120.0,514.5253061701247,108.92494346992575,0.8498168498168468,35.0
0.8143789269961417,120.0,514.9868722620777,108.08544486900148,0.7912087912087884,35.0
0.820795695995912,120.0,515.4923970294547,106.40644766715292,-0.0293040293040292,35.0
0.8250376919750124,120.0,516.0199011345437,105.56694906622863,0.4981684981684964,35.0
0.8296443979488686,120.0,516.569384577345,106.82619696761506,1.025641025641022,35.0
0.8342435809317976,120.0,517.096888682434,106.82619696761506,0.3809523809523796,35.0
0.8407886599889025,120.0,517.6243927875232,105.14719976576649,0.0879120879120876,35.0
0.8451157219242305,120.0,518.1738762303244,106.82619696761506,0.7912087912087884,35.0
0.8495895880041644,120.0,518.7233596731254,106.40644766715292,0.8498168498168468,35.0
0.8546038529602811,120.0,519.2288844405026,105.56694906622863,0.146520146520146,35.0
0.8593929009512067,120.0,519.7783678833036,105.56694906622863,0.439560439560438,35.0
0.8637981279753149,120.0,520.0860786112723,109.3446927703879,0.7912087912087884,35.0
0.870119328959845,120.0,520.8333760934819,105.56694906622863,0.4981684981684964,35.0
0.8722485739272088,120.0,521.0751488083145,104.72745046530436,0.2637362637362628,35.0
0.8765086949570104,120.0,521.448797549419,105.98669836669077,0.0879120879120876,35.0
0.8828313039848581,120.0,522.2180743693407,108.50519416946362,1.025641025641022,35.0
0.8849669779883698,120.0,522.4378677464612,111.86318857316074,0.9670329670329636,35.0
0.8891922009643167,120.0,522.8774545007019,109.3446927703879,0.3809523809523796,35.0
0.8934611859731376,120.0,523.3829792680791,103.46820256391793,0.146520146520146,35.0
0.8985643920022994,120.0,523.9104833731683,105.14719976576649,0.73260073260073,35.0
0.903662608936429,120.0,524.4599668159693,103.88795186438007,0.7912087912087884,35.0
0.9084955250145867,120.0,524.9874709210584,103.0484532634558,0.0879120879120876,35.0
0.9135958770057186,120.0,525.5369543638594,108.50519416946362,0.4981684981684964,35.0
0.9184341439977288,120.0,526.0424791312366,108.50519416946362,0.9084249084249052,35.0
0.9206357129151002,120.0,526.262272508357,102.62870396299365,0.9670329670329636,35.0
0.9248523969436064,120.0,526.6798799248859,105.98669836669077,0.3223443223443212,35.0
0.92940543894656,120.0,527.2073840299751,104.72745046530436,0.146520146520146,35.0
0.9344706939300522,120.0,527.7568674727761,108.92494346992575,0.7912087912087884,35.0
0.9386483759153634,120.0,528.174474889305,103.46820256391793,0.9670329670329636,35.0
0.9436678430065513,120.0,528.701978994394,100.9497067611451,0.2637362637362628,35.0
0.9485097680008039,120.0,529.2294830994832,103.0484532634558,0.3809523809523796,35.0
0.952737214975059,120.0,529.6910491914362,104.30770116484221,0.8498168498168468,35.0
0.9611189999850467,120.0,530.5262640244938,105.14719976576649,0.3809523809523796,35.0
0.9635250839637592,120.0,530.8339747524625,105.14719976576649,0.0293040293040292,35.0
0.9698521349346265,120.0,531.4713755461117,102.20895466253151,0.73260073260073,35.0
0.9725482559297234,120.0,531.8010656117924,104.72745046530436,1.1428571428571388,35.0
0.978843400022015,120.0,532.3945077300176,106.82619696761506,0.3223443223443212,35.0
0.9836247640196234,120.0,532.9439911728186,106.82619696761506,0.146520146520146,35.0
0.9880827639717609,120.0,533.4714952779078,109.3446927703879,0.8498168498168468,35.0
0.9943673899397254,120.0,533.9989993829969,108.92494346992575,0.7912087912087884,35.0
0.9986692499369383,120.0,534.5265034880861,107.24594626807719,0.0879120879120876,35.0
1.000796852982603,120.0,534.7462968652064,108.92494346992575,0.0879120879120876,35.0
1.0050201049307361,120.0,535.1639042817353,109.76444207085004,0.5567765567765548,35.0
1.0095332019263878,120.0,535.6914083868245,106.82619696761506,1.0842490842490804,35.0
1.0142088580178097,120.0,536.2189124919136,103.46820256391793,0.2637362637362628,35.0
1.02056169800926,120.0,536.7903752724267,108.92494346992575,0.2051282051282044,35.0
1.0247555539244786,120.0,537.2959000398037,105.14719976576649,0.9084249084249052,35.0
1.0294655879260972,120.0,537.8234041448928,103.46820256391793,0.8498168498168468,35.0
1.0345340529456735,120.0,538.3509082499819,102.20895466253151,0.0293040293040292,35.0
1.0396493269363418,120.0,538.878412355071,105.14719976576649,0.4981684981684964,35.0
1.0442132339812815,120.0,539.427895797872,107.24594626807719,1.0842490842490804,35.0
1.0506186209386215,120.0,539.9334205652492,105.98669836669077,0.439560439560438,35.0
1.0533889199141413,120.0,540.3730073194901,106.82619696761506,-0.0293040293040292,35.0
1.0576554849976674,120.0,540.7686353983069,105.56694906622863,0.4981684981684964,35.0
1.0619063059566543,120.0,541.2082221525478,105.98669836669077,1.025641025641022,35.0
1.0666640229756013,120.0,541.7577055953489,103.0484532634558,0.6153846153846132,35.0
1.0712856819154695,120.0,542.2632303627258,105.14719976576649,0.0293040293040292,35.0
1.0754809899954125,120.0,542.7028171169669,106.40644766715292,0.4981684981684964,35.0
1.079699785914272,120.0,543.1204245334956,104.72745046530436,0.9670329670329636,35.0
1.0844214409589767,120.0,543.6479286385847,104.30770116484221,0.6153846153846132,35.0
1.0886363139143214,120.0,544.0875153928257,105.56694906622863,-0.0293040293040292,35.0
1.0935192489996552,120.0,544.5710608224906,103.88795186438007,0.5567765567765548,35.0
1.0985874329926446,120.0,545.1205442652919,109.76444207085004,1.0842490842490804,35.0
1.103673010948114,120.0,545.6700277080929,101.78920536206937,0.439560439560438,35.0
1.1084740229416639,120.0,546.1535731377579,108.50519416946362,0.0879120879120876,35.0
1.11349438293837,120.0,546.7030565805592,105.98669836669077,0.6739926739926716,35.0
1.117745607974939,120.0,547.1206639970878,105.14719976576649,1.0842490842490804,35.0
1.1219680829672143,120.0,547.5822300890409,108.50519416946362,0.439560439560438,35.0
1.1286227690288797,120.0,548.3075482335385,104.72745046530436,0.3223443223443212,35.0
1.1307385279797018,120.0,548.4833829352348,103.0484532634558,0.6153846153846132,35.0
1.134990544989705,120.0,548.9229696894756,109.3446927703879,1.1428571428571388,35.0
1.1397034029942006,120.0,549.4724531322769,103.46820256391793,0.439560439560438,35.0
1.1445128310006112,120.0,549.9559985619417,100.52995746068295,0.0293040293040292,35.0
1.1487423069775105,120.0,550.4175646538947,107.24594626807719,0.6739926739926716,35.0
1.1536156409420073,120.0,550.9670480966959,107.24594626807719,1.025641025641022,35.0
1.1585792219266295,120.0,551.4725728640728,106.82619696761506,0.3223443223443212,35.0
1.1636734139174223,120.0,552.000076969162,103.88795186438007,0.146520146520146,35.0
1.1680837139720097,120.0,552.505601736539,106.40644766715292,0.8498168498168468,35.0
1.1764435960212722,120.0,553.2968578941727,108.50519416946362,0.3809523809523796,35.0
1.1786241190275177,120.0,553.4726925958691,103.46820256391793,0.2637362637362628,35.0
1.1814163830131292,120.0,553.9342586878221,107.24594626807719,0.146520146520146,35.0
1.1877795389154926,120.0,554.4397834551991,108.92494346992575,0.8498168498168468,35.0
1.1904563719872385,120.0,554.857390871728,105.14719976576649,0.9084249084249052,35.0
1.1955658870283514,120.0,555.406874314529,109.3446927703879,0.146520146520146,35.0
1.2003984439652413,120.0,555.912399081906,110.18419137131218,0.3223443223443212,35.0
1.205698882928118,120.0,556.4618825247072,107.24594626807719,0.9084249084249052,35.0
1.2105475399876013,120.0,556.9893866297963,105.56694906622863,0.5567765567765548,35.0
1.2127052110154182,120.0,557.2091800069168,107.24594626807719,0.2637362637362628,35.0
1.2195468469290063,120.0,558.0004361645503,108.50519416946362,0.4981684981684964,35.0
1.2226568770129234,120.0,558.2641882170949,105.56694906622863,0.9084249084249052,35.0
1.2269374979659915,120.0,558.7037749713357,107.66569556853933,0.7912087912087884,35.0
1.2314691729843616,120.0,559.2312790764249,104.30770116484221,0.0879120879120876,35.0
1.2357455790042877,120.0,559.6708658306657,103.46820256391793,0.2051282051282044,35.0
1.2441873799543828,120.0,560.5280600014356,109.76444207085004,0.9670329670329636,35.0
1.2463359169196337,120.0,560.747853378556,104.30770116484221,0.6153846153846132,35.0
1.2505940200062469,120.0,561.1434814573728,103.88795186438007,0.146520146520146,35.0
1.2548166359774768,120.0,561.6929649001738,108.50519416946362,0.439560439560438,35.0
1.259236540994607,120.0,562.2424483429751,108.08544486900148,1.0842490842490804,35.0
1.2616445060120896,120.0,562.4622417200954,108.92494346992575,0.9084249084249052,35.0
1.2658438199432567,120.0,562.8578697989125,108.08544486900148,0.3809523809523796,35.0
1.2704997779801488,120.0,563.4073532417137,105.56694906622863,0.0879120879120876,35.0
1.2757637249305844,120.0,563.9568366845148,108.50519416946362,0.7912087912087884,35.0
1.2806439709383994,120.0,564.506320127316,107.66569556853933,0.7912087912087884,35.0
1.2852220769273117,120.0,565.011844894693,105.56694906622863,-0.0293040293040292,35.0
1.291691591963172,120.0,565.51736966207,111.4434392726986,0.4981684981684964,35.0
1.294666524976492,120.0,566.000915091735,109.3446927703879,0.9670329670329636,35.0
1.2994488129625097,120.0,566.506439859112,106.40644766715292,0.6153846153846132,35.0
1.303725191974081,120.0,566.9680059510649,107.24594626807719,-0.0293040293040292,35.0
1.3086042079376057,120.0,567.4735307184419,104.30770116484221,0.4981684981684964,35.0
1.3135115079348907,120.0,567.9790554858191,105.56694906622863,1.0842490842490804,35.0
1.3185864209663123,120.0,568.5285389286202,102.62870396299365,0.439560439560438,35.0
1.3236860670149326,120.0,569.0560430337093,105.56694906622863,0.0293040293040292,35.0
1.328730916022323,120.0,569.5835471387984,103.88795186438007,0.73260073260073,35.0
1.3335949790198356,120.0,570.1110512438875,105.98669836669077,0.9084249084249052,35.0
1.3399707949720323,120.0,570.7484520375368,105.14719976576649,0.0293040293040292,35.0
1.3467439749510959,120.0,571.5177288574582,106.40644766715292,0.8498168498168468,35.0
1.3534551589982584,120.0,572.2210676642437,106.82619696761506,0.5567765567765548,35.0
1.355589100974612,120.0,572.4628403790763,105.56694906622863,0.3223443223443212,35.0
1.362468590028584,120.0,573.1881585235736,109.3446927703879,0.4981684981684964,35.0
1.3675413839519024,120.0,573.6936832909508,102.20895466253151,1.2014652014651972,35.0
1.3718201839365065,120.0,574.1332700451917,103.88795186438007,0.6153846153846132,35.0
1.3739928539143875,120.0,574.3530634223121,105.14719976576649,0.3223443223443212,35.0
1.3782432079315186,120.0,574.7706708388409,103.0484532634558,0.0293040293040292,35.0
1.3824453379493207,120.0,575.2981749439301,108.92494346992575,0.73260073260073,35.0
1.386652442975901,120.0,575.737761698171,104.30770116484221,1.0842490842490804,35.0
1.3916644849814475,120.0,576.26526580326,104.72745046530436,0.3223443223443212,35.0
1.3964769709855318,120.0,576.7707905706372,104.30770116484221,0.146520146520146,35.0
1.4007064759498462,120.0,577.2103773248781,105.14719976576649,0.7912087912087884,35.0
1.4056954549159855,120.0,577.7378814299672,105.14719976576649,0.9084249084249052,35.0
1.4106251409975812,120.0,578.2653855350562,104.30770116484221,0.2051282051282044,35.0
1.4155337529955432,120.0,578.8148689778573,107.66569556853933,0.439560439560438,35.0
1.4206833899952471,120.0,579.3643524206585,106.40644766715292,0.9670329670329636,35.0
1.42561202601064,120.0,579.8698771880355,106.82619696761506,0.5567765567765548,35.0
1.4306067320285365,120.0,580.3973812931247,103.46820256391793,-0.0293040293040292,35.0
1.4352205520262942,120.0,580.9468647359257,111.4434392726986,0.6153846153846132,35.0
1.4417292289435863,120.0,581.4523895033028,106.40644766715292,1.025641025641022,35.0
1.4424992909189314,120.0,581.6721828804233,105.56694906622863,0.73260073260073,35.0
1.4467075529973954,120.0,582.1117696346641,108.92494346992575,0.0879120879120876,35.0
1.451171602937393,120.0,582.6172944020411,106.40644766715292,0.439560439560438,35.0
1.4596712639322504,120.0,583.3645918842508,104.72745046530436,1.025641025641022,35.0
1.4604717430192977,120.0,583.5624059236591,105.14719976576649,0.73260073260073,35.0
1.4647699419874698,120.0,584.023972015612,105.14719976576649,0.146520146520146,35.0
1.469555328018032,120.0,584.529496782989,106.40644766715292,0.4981684981684964,35.0
1.4744803119683638,120.0,585.0789802257902,110.18419137131218,0.9670329670329636,35.0
1.4787235589465126,120.0,585.474608304607,105.14719976576649,0.6739926739926716,35.0
1.4834814639762044,120.0,586.0460710851202,105.98669836669077,0.0293040293040292,35.0
1.488535036914982,120.0,586.5515958524971,105.56694906622863,0.4981684981684964,35.0
1.493562220945023,120.0,587.1010792952984,104.30770116484221,1.1428571428571388,35.0
1.498420069925487,120.0,587.6066040626754,107.24594626807719,0.3809523809523796,35.0
1.5027701299404725,120.0,588.0461908169165,103.46820256391793,0.0879120879120876,35.0
1.5074571629520506,120.0,588.5517155842934,107.24594626807719,0.6739926739926716,35.0
1.5117319859564304,120.0,588.9913023385342,106.40644766715292,1.0842490842490804,35.0
1.5159204339142889,120.0,589.4089097550632,103.0484532634558,0.4981684981684964,35.0
1.5204939909745008,120.0,589.9583931978643,102.62870396299365,0.0879120879120876,35.0
1.5254832489881665,120.0,590.4639179652413,105.56694906622863,0.6153846153846132,35.0
1.5305085389409214,120.0,590.9914220703305,102.20895466253151,0.9670329670329636,35.0
1.5347339609870687,120.0,591.4529881622834,103.0484532634558,0.3223443223443212,35.0
1.5395511349197477,120.0,591.9585129296604,105.14719976576649,0.0879120879120876,35.0
1.5444988450035453,120.0,592.4860170347495,109.3446927703879,0.8498168498168468,35.0
1.549456177977845,120.0,593.0135211398386,103.88795186438007,0.7912087912087884,35.0
1.555845511960797,120.0,593.5630045826397,100.9497067611451,0.0879120879120876,35.0
1.5600734959589317,120.0,594.0905086877287,107.66569556853933,0.4981684981684964,35.0
1.564454308943823,120.0,594.5960334551057,106.40644766715292,1.0842490842490804,35.0
1.5695602929918095,120.0,595.145516897907,104.30770116484221,0.439560439560438,35.0
1.574697191012092,120.0,595.673021002996,101.36945606160724,0.0879120879120876,35.0
1.5768494779476896,120.0,595.8928143801165,107.66569556853933,0.2637362637362628,35.0
1.5810522480169311,120.0,596.3543804720695,109.3446927703879,0.8498168498168468,35.0
1.589369987952523,120.0,597.2115746428392,105.56694906622863,0.3223443223443212,35.0
1.5915114870294929,120.0,597.4973060330957,103.46820256391793,0.0293040293040292,35.0
1.5978606649441645,120.0,598.1347068267451,109.76444207085004,0.73260073260073,35.0
1.6024794209515676,120.0,598.7061696072582,106.40644766715292,0.7912087912087884,35.0
1.6088562899967656,120.0,599.2116943746354,98.85096025883439,0.2051282051282044,35.0
1.6130485340254381,120.0,599.7611778174364,106.40644766715292,0.439560439560438,35.0
1.6172363029327244,120.0,600.2886819225256,107.66569556853933,0.9670329670329636,35.0
1.6193581339903176,120.0,600.508475299646,105.98669836669077,1.025641025641022,35.0
1.6236123759299517,120.0,600.948062053887,107.66569556853933,0.3223443223443212,35.0
1.6307351189898327,120.0,601.6733801983844,107.24594626807719,0.3809523809523796,35.0
1.6328812499996275,120.0,601.8711942377929,108.92494346992575,0.5567765567765548,35.0
1.6370817049173638,120.0,602.3107809920338,106.82619696761506,1.025641025641022,35.0
1.6415191409178078,120.0,602.8602644348347,105.14719976576649,0.3223443223443212,35.0
1.6465464070206508,120.0,603.3657892022119,108.50519416946362,0.0879120879120876,35.0
1.6508314919192344,120.0,603.8273552941648,107.24594626807719,0.6153846153846132,35.0
1.6557250029873103,120.0,604.3768387369659,110.60394067177431,0.9670329670329636,35.0
1.6605802610283718,120.0,604.860384166631,104.72745046530436,0.3223443223443212,35.0
1.6656691549578682,120.0,605.409867609432,106.40644766715292,0.2051282051282044,35.0
1.6706915729446337,120.0,605.9593510522333,107.66569556853933,0.9084249084249052,35.0
1.6752508520148695,120.0,606.4868551573223,107.24594626807719,0.6153846153846132,35.0
1.6836956240003929,120.0,607.2121733018197,108.92494346992575,0.0879120879120876,35.0
1.684552517021075,120.0,607.4319666789402,105.98669836669077,0.4981684981684964,35.0
1.6888400670140982,120.0,607.8935327708933,105.14719976576649,0.9084249084249052,35.0
1.6934133429313079,120.0,608.3770782005583,104.30770116484221,0.6739926739926716,35.0
1.6997501999139786,120.0,608.9045823056475,104.72745046530436,0.0293040293040292,35.0
1.7039884469704702,120.0,609.4760450861606,104.30770116484221,0.5567765567765548,35.0
1.7085196549305692,120.0,610.0035491912497,107.66569556853933,1.0842490842490804,35.0
1.7133417460136116,120.0,610.5090739586267,104.30770116484221,0.3809523809523796,35.0
1.7176217730157077,120.0,610.9706400505796,108.92494346992575,0.0293040293040292,35.0
1.722262808936648,120.0,611.4761648179567,106.82619696761506,0.73260073260073,35.0
1.7286563819507137,120.0,611.9816895853338,102.62870396299365,0.9670329670329636,35.0
1.7328889250056818,120.0,612.5091936904228,105.14719976576649,0.2637362637362628,35.0
1.7370843209791929,120.0,612.9487804446638,103.46820256391793,0.0879120879120876,35.0
1.7416550499619916,120.0,613.4982638874648,107.24594626807719,0.9084249084249052,35.0
1.7466827449388802,120.0,614.0257679925539,102.62870396299365,0.7912087912087884,35.0
1.7511388409184292,120.0,614.5312927599309,105.14719976576649,0.0879120879120876,35.0
1.7553347200155258,120.0,614.9708795141719,107.66569556853933,0.3809523809523796,35.0
1.7616810989566147,120.0,615.4983836192611,106.40644766715292,0.9670329670329636,35.0
1.765952960937284,120.0,616.0258877243501,104.30770116484221,0.6153846153846132,35.0
1.7704541999846697,120.0,616.5533918294391,104.30770116484221,0.0293040293040292,35.0
1.772634956985712,120.0,616.7951645442716,110.60394067177431,0.2051282051282044,35.0
1.7796250829705968,120.0,617.5644413641933,108.08544486900148,1.1428571428571388,35.0
1.782469430938363,120.0,617.8281934167377,108.50519416946362,0.7912087912087884,35.0
1.7867208629613742,120.0,618.2458008332666,106.40644766715292,0.2051282051282044,35.0
1.7916669669793919,120.0,618.7952842760678,105.14719976576649,0.3809523809523796,35.0
1.7966238550143316,120.0,619.3227883811569,107.66569556853933,0.9670329670329636,35.0
1.8014685700181872,120.0,619.8722718239579,108.50519416946362,0.5567765567765548,35.0
1.8078419519588351,120.0,620.3777965913349,103.88795186438007,0.0879120879120876,35.0
1.81208040995989,120.0,620.9053006964241,108.50519416946362,0.5567765567765548,35.0
1.8164891130290926,120.0,621.4547841392254,106.82619696761506,1.025641025641022,35.0
1.8228646719362587,120.0,621.9822882443144,105.56694906622863,0.3223443223443212,35.0
1.827093699015677,120.0,622.5097923494035,99.69045885975868,0.2637362637362628,35.0
1.831276128999889,120.0,622.9273997659323,109.76444207085004,0.73260073260073,35.0
1.8356051999144256,120.0,623.4549038710213,105.98669836669077,0.8498168498168468,35.0
1.8404355560196564,120.0,623.9824079761105,105.56694906622863,0.2637362637362628,35.0
1.8454991820035502,120.0,624.5099120811996,101.78920536206937,0.3809523809523796,35.0
1.8505261129466817,120.0,625.0374161862886,105.14719976576649,0.9670329670329636,35.0
1.8526936860289425,120.0,625.2572095634091,106.40644766715292,1.025641025641022,35.0
1.857038696995005,120.0,625.674816979938,104.30770116484221,0.439560439560438,35.0
1.861623615026474,120.0,626.224300422739,107.24594626807719,0.146520146520146,35.0
1.8664832300273702,120.0,626.7298251901162,109.3446927703879,0.7912087912087884,35.0
1.870750020025298,120.0,627.1474326066449,108.08544486900148,1.0842490842490804,35.0
1.8756291139870882,120.0,627.718895387158,101.78920536206937,0.3223443223443212,35.0
1.880553490947932,120.0,628.2244201545352,105.14719976576649,0.2051282051282044,35.0
1.885773331974633,120.0,628.7739035973362,109.76444207085004,0.9670329670329636,35.0
1.8905993569642305,120.0,629.3014077024254,105.14719976576649,0.73260073260073,35.0
1.8956164160044864,120.0,629.8289118075145,108.50519416946362,0.0293040293040292,35.0
1.9005069199483842,120.0,630.3344365748915,108.50519416946362,0.4981684981684964,35.0
1.902622043970041,120.0,630.5542299520118,108.50519416946362,0.73260073260073,35.0
1.906897748936899,120.0,630.9938167062529,108.08544486900148,1.025641025641022,35.0
1.9114534279797226,120.0,631.521320811342,104.72745046530436,0.3223443223443212,35.0
1.916625857935287,120.0,632.026845578719,105.98669836669077,0.0879120879120876,35.0
1.9214360429905355,120.0,632.57632902152,105.56694906622863,0.8498168498168468,35.0
1.9256855129497126,120.0,632.993936438049,103.46820256391793,0.8498168498168468,35.0
1.9306551920017228,120.0,633.521440543138,104.72745046530436,0.0293040293040292,35.0
1.935233187978156,120.0,634.0709239859393,107.24594626807719,0.439560439560438,35.0
1.9415650350274518,120.0,634.6204074287404,104.30770116484221,1.025641025641022,35.0
1.9458274089265615,120.0,635.1259321961173,108.50519416946362,0.5567765567765548,35.0
1.9506861550034955,120.0,635.6754156389186,105.98669836669077,0.0879120879120876,35.0
1.9553061689948663,120.0,636.2248990817195,108.08544486900148,0.6153846153846132,35.0
1.9616977520054206,120.0,636.7524031868087,106.82619696761506,0.9670329670329636,35.0
1.965921432012692,120.0,637.2799072918978,104.30770116484221,0.2051282051282044,35.0
1.9680769119877368,120.0,637.4997006690182,109.3446927703879,-0.0879120879120876,35.0
1.9745971689699218,120.0,638.2250188135158,109.76444207085004,0.7912087912087884,35.0
1.9767521310131997,120.0,638.4667915283484,111.86318857316074,1.1428571428571388,35.0
1.981017805985175,120.0,638.884398944877,104.30770116484221,0.5567765567765548,35.0
1.9854121449170634,120.0,639.4119030499661,108.92494346992575,-0.0293040293040292,35.0
1.9917669140268117,120.0,639.9613864927674,108.08544486900148,0.5567765567765548,35.0
1.9960140619659796,120.0,640.4888905978565,108.92494346992575,1.025641025641022,35.0
2.0005403419490904,120.0,641.0383740406576,103.46820256391793,0.3223443223443212,35.0
2.0054523929720744,120.0,641.5878574834587,107.24594626807719,0.2051282051282044,35.0
2.010595455998555,120.0,642.0933822508357,105.56694906622863,0.8498168498168468,35.0
2.015492832986638,120.0,642.6428656936367,108.08544486900148,0.6739926739926716,35.0
2.0175971660064533,120.0,642.8187003953332,103.46820256391793,0.3809523809523796,35.0
2.021786172990687,120.0,643.2582871495741,104.30770116484221,0.0293040293040292,35.0
2.0266355889616534,120.0,643.8077705923752,105.98669836669077,0.6153846153846132,35.0
2.0316510220291093,120.0,644.3352746974643,101.78920536206937,0.9084249084249052,35.0
2.0363477129722014,120.0,644.8847581402655,105.98669836669077,0.3223443223443212,35.0
2.0427148489980027,120.0,645.3902829076425,105.56694906622863,0.146520146520146,35.0
2.0469171589938924,120.0,645.9617456881557,107.66569556853933,0.8498168498168468,35.0
2.0490260389633477,120.0,646.1595597275642,105.56694906622863,1.025641025641022,35.0
2.0532265959773213,120.0,646.5771671440929,103.88795186438007,0.4981684981684964,35.0
2.057681737933308,120.0,647.1266505868941,101.78920536206937,0.0879120879120876,35.0
2.0625703799305484,120.0,647.6321753542711,106.40644766715292,0.6153846153846132,35.0
2.06750738597475,120.0,648.1816587970724,111.4434392726986,0.9084249084249052,35.0
2.072582745924592,120.0,648.6871835644494,104.72745046530436,0.2051282051282044,35.0
2.0768624210031703,120.0,649.1267703186901,103.0484532634558,0.146520146520146,35.0
2.081644874997437,120.0,649.6542744237793,108.08544486900148,0.7912087912087884,35.0
2.0865096639608964,120.0,650.1817785288683,103.88795186438007,0.7912087912087884,35.0
2.091238608933054,120.0,650.7312619716696,107.66569556853933,0.0293040293040292,35.0
2.093349019996822,120.0,650.9290760110779,104.72745046530436,0.0293040293040292,35.0
2.0975814500125125,120.0,651.3466834276068,110.60394067177431,0.5567765567765548,35.0
2.101878173998557,120.0,651.8082495195597,107.66569556853933,1.0842490842490804,35.0
2.1061453570146114,120.0,652.3137742869367,105.98669836669077,0.439560439560438,35.0
2.1146550480043516,120.0,653.0390924314344,105.14719976576649,0.2637362637362628,35.0
2.1156635059742257,120.0,653.258885808555,107.24594626807719,0.5567765567765548,35.0
2.119949187966995,120.0,653.6984725627957,108.92494346992575,1.1428571428571388,35.0
2.124602920957841,120.0,654.2259766678849,105.56694906622863,0.439560439560438,35.0
2.1294956719502807,120.0,654.753480772974,104.30770116484221,0.0879120879120876,35.0
2.134670704952441,120.0,655.2809848780631,108.50519416946362,0.73260073260073,35.0
2.139618188026361,120.0,655.8304683208642,106.40644766715292,0.9670329670329636,35.0
2.1445725680096075,120.0,656.3359930882411,99.27070955929653,0.2051282051282044,35.0
2.1467410220066085,120.0,656.5777658030736,107.66569556853933,0.0293040293040292,35.0
2.1509851770242676,120.0,656.9733938818904,104.30770116484221,0.4981684981684964,35.0
2.157655091956258,120.0,657.742670701812,104.30770116484221,0.8498168498168468,35.0
2.159807653981261,120.0,657.9624640789325,104.72745046530436,0.6153846153846132,35.0
2.164057894027792,120.0,658.3800714954614,106.82619696761506,0.0293040293040292,35.0
2.168712037964724,120.0,658.9295549382626,106.40644766715292,0.4981684981684964,35.0
2.17365161399357,120.0,659.4350797056396,104.72745046530436,1.1428571428571388,35.0
2.178705253987573,120.0,659.9625838107287,104.30770116484221,0.3809523809523796,35.0
2.182959539932199,120.0,660.3801912272576,108.92494346992575,0.0879120879120876,35.0
2.1877031779149547,120.0,660.9296746700586,107.66569556853933,0.5567765567765548,35.0
2.1925657079555094,120.0,661.4571787751478,108.08544486900148,1.025641025641022,35.0
2.197605239925906,120.0,661.9846828802368,105.98669836669077,0.3223443223443212,35.0
2.202464092988521,120.0,662.5341663230379,103.88795186438007,0.3223443223443212,35.0
2.207558329915628,120.0,663.061670428127,107.24594626807719,0.7912087912087884,35.0
2.2126417469698936,120.0,663.5891745332161,108.92494346992575,0.73260073260073,35.0
2.2172794709913433,120.0,664.0946993005931,103.46820256391793,-0.0293040293040292,35.0
2.2196739849168807,120.0,664.3364720154257,106.82619696761506,0.146520146520146,35.0
2.2239568879595026,120.0,664.7540794319546,106.82619696761506,0.6153846153846132,35.0
2.2305326879722998,120.0,665.4793975764519,104.30770116484221,0.6739926739926716,35.0
2.232676522922702,120.0,665.6991909535725,103.88795186438007,0.439560439560438,35.0
2.2369247280294076,120.0,666.1167983701013,103.0484532634558,0.0879120879120876,35.0
2.2412088200217113,120.0,666.6662818129025,107.66569556853933,0.6739926739926716,35.0
2.2475623469799757,120.0,667.1498272425675,109.3446927703879,1.025641025641022,35.0
2.251756186946295,120.0,667.6993106853686,105.14719976576649,0.3223443223443212,35.0
2.256023396970704,120.0,668.1388974396094,105.56694906622863,0.146520146520146,35.0
2.2602381570031866,120.0,668.5784841938504,105.98669836669077,0.6153846153846132,35.0
2.2644406139152125,120.0,669.0840089612274,103.0484532634558,0.9670329670329636,35.0
2.2686404399573803,120.0,669.5235957154682,106.40644766715292,0.3809523809523796,35.0
2.2735123389866203,120.0,670.0510998205574,104.30770116484221,0.0879120879120876,35.0
2.2786101460224018,120.0,670.5786039256465,107.66569556853933,0.7912087912087884,35.0
2.2836114559322596,120.0,671.1280873684477,106.40644766715292,0.7912087912087884,35.0
2.28850041993428,120.0,671.6336121358247,105.56694906622863,0.146520146520146,35.0
2.2932416779221967,120.0,672.183095578626,107.66569556853933,0.439560439560438,35.0
2.2995592979714274,120.0,672.7105996837148,109.3446927703879,1.025641025641022,35.0
2.3037961550289765,120.0,673.2600831265161,102.62870396299365,0.4981684981684964,35.0
2.3086847689701244,120.0,673.765607893893,104.30770116484221,0.0879120879120876,35.0
2.3136523149441928,120.0,674.3150913366943,107.66569556853933,0.6153846153846132,35.0
2.3185477500082925,120.0,674.8425954417834,105.14719976576649,0.9670329670329636,35.0
2.3206766359508038,120.0,675.0404094811917,108.08544486900148,0.6739926739926716,35.0
2.3275164410006255,120.0,675.8096863011133,108.08544486900148,0.0879120879120876,35.0
2.329707818920724,120.0,675.9855210028097,106.40644766715292,0.439560439560438,35.0
2.3339239599881694,120.0,676.4251077570505,108.92494346992575,0.8498168498168468,35.0
2.338669446995482,120.0,676.9745911998517,105.56694906622863,0.6739926739926716,35.0
2.3451297199353576,120.0,677.5900126557889,108.92494346992575,-0.0879120879120876,35.0
2.3493976299650967,120.0,678.0515787477419,111.86318857316074,0.5567765567765548,35.0
2.3516257329611108,120.0,678.2274134494382,106.82619696761506,0.7912087912087884,35.0
2.352479877998121,120.0,678.4691861642708,104.72745046530436,1.025641025641022,35.0
2.358890266972594,120.0,679.084607620208,103.0484532634558,0.3809523809523796,35.0
2.3610768479993567,120.0,679.3044009973283,103.0484532634558,-0.0293040293040292,35.0
2.3675459349760786,120.0,680.0736778172501,109.3446927703879,0.73260073260073,35.0
2.373903215979226,120.0,680.7330579486115,107.24594626807719,0.6739926739926716,35.0
2.378555968985893,120.0,681.2166033782763,103.0484532634558,0.0293040293040292,35.0
2.380668147932738,120.0,681.4363967553969,107.66569556853933,0.0879120879120876,35.0
2.384901250945404,120.0,681.8759835096378,105.98669836669077,0.5567765567765548,35.0
2.389706569025293,120.0,682.4254669524388,105.56694906622863,1.025641025641022,35.0
2.394475113018416,120.0,682.930991719816,108.92494346992575,0.3223443223443212,35.0
2.4016541859600693,120.0,683.7002685397374,112.28293787362287,0.4981684981684964,35.0
2.4038005740148947,120.0,683.8980825791459,109.3446927703879,0.7912087912087884,35.0
2.408038476947695,120.0,684.3376693333868,110.60394067177431,0.9670329670329636,35.0
2.4126371869351715,120.0,684.8651734384758,106.40644766715292,0.3223443223443212,35.0
2.4211140029365197,120.0,685.7003882715337,108.50519416946362,0.6153846153846132,35.0
2.423319012974389,120.0,685.9201816486541,105.56694906622863,0.8498168498168468,35.0
2.4276659350143746,120.0,686.3597684028949,105.14719976576649,0.7912087912087884,35.0
2.4285562679870054,120.0,686.5795617800155,103.0484532634558,0.4981684981684964,35.0
2.4327533949399367,120.0,686.9751898588323,102.20895466253151,0.0293040293040292,35.0
2.437464633025229,120.0,687.5026939639214,106.40644766715292,0.4981684981684964,35.0
2.4425024569500238,120.0,688.0521774067224,108.50519416946362,1.0842490842490804,35.0
2.446758295991458,120.0,688.4697848232513,105.98669836669077,0.4981684981684964,35.0
2.4513517619343475,120.0,689.0192682660523,103.0484532634558,0.0879120879120876,35.0
2.457739008939825,120.0,689.5467723711415,108.92494346992575,0.5567765567765548,35.0
2.4619919329416007,120.0,690.0522971385187,107.24594626807719,0.9670329670329636,35.0
2.464144238969311,120.0,690.2720905156391,105.56694906622863,0.6739926739926716,35.0
2.468389553949237,120.0,690.7116772698799,108.08544486900148,0.0879120879120876,35.0
2.4726407260168344,120.0,691.239181374969,105.56694906622863,0.4981684981684964,35.0
2.477344546932727,120.0,691.7666854800582,104.30770116484221,1.025641025641022,35.0
2.486636737943627,120.0,692.7117970016761,102.62870396299365,0.0293040293040292,35.0
2.4888166419696063,120.0,692.9315903787966,102.62870396299365,0.2051282051282044,35.0
2.493044237024151,120.0,693.3272184576133,103.88795186438007,0.6153846153846132,35.0
2.497615983011201,120.0,693.8986812381265,101.78920536206937,0.9670329670329636,35.0
2.5025342910084873,120.0,694.4042060055035,103.0484532634558,0.3223443223443212,35.0
0.0002066700253635645,-120.0,-666.2486743963735,0.20987465023107005,0.146520146520146,35.0
0.0002625109627842903,-120.0,-666.2486743963735,3.1481197534660503,0.0879120879120876,35.0
0.00029062898829579353,-120.0,-666.2486743963735,-2.7283704530039103,0.0293040293040292,35.0
0.00031338492408394814,-120.0,-666.2486743963735,-2.7283704530039103,0.0293040293040292,35.0
0.00033583398908376694,-120.0,-666.2926330717976,-3.9876183543903307,0.146520146520146,35.0
0.0003573959693312645,-120.0,-666.2926330717976,1.0493732511553502,0.146520146520146,35.0
0.0003788479370996356,-120.0,-666.2926330717976,1.8888718520796304,0.0879120879120876,35.0
0.0004004359943792224,-120.0,-666.2926330717976,0.6296239506932101,0.0293040293040292,35.0
0.00042120495345443487,-120.0,-666.3146124095098,-4.407367654852471,0.0293040293040292,35.0
0.00044166494626551867,-120.0,-666.3146124095098,-4.827116955314611,0.0879120879120876,35.0
0.0010253560030832887,-120.0,-666.8860751900229,-0.20987465023107005,-0.0293040293040292,35.0
0.002980954945087433,-120.0,-666.9080545277349,0.20987465023107005,-1.318681318681314,35.0
0.005103347008116543,-120.0,-666.9080545277349,-12.382604363633131,-1.4358974358974308,35.0
0.00931091292295605,-120.0,-666.930033865447,-13.641852265019654,-1.9633699633699706,35.0
0.014045341988094151,-120.0,-667.0179512162952,-20.357841072413894,-2.2564102564102626,35.0
0.01912699395325035,-120.0,-667.2157652557036,-33.37006938674024,-2.5494505494505546,35.0
0.023963576997630298,-120.0,-667.3696206196879,-42.18480469644528,-2.3736263736263794,35.0
0.02821301994845271,-120.0,-667.5454553213842,-45.12304979968026,-1.9633699633699706,35.0
0.03300137503538281,-120.0,-667.8311867116408,-56.87603021262018,-1.4358974358974308,35.0
0.03801675699651241,-120.0,-668.1608767773215,-68.62901062556021,-0.8498168498168468,35.0
0.04260125698056072,-120.0,-668.5125461807143,-73.24625293064375,-1.0842490842490804,35.0
0.04490545694716275,-120.0,-668.6444222069865,-69.88825852694663,-1.2014652014651972,35.0
0.049093522946350276,-120.0,-668.9741122726672,-81.2214896394244,-1.4358974358974308,35.0
0.05400834896136075,-120.0,-669.3917196891961,-83.73998544219725,-1.3772893772893724,35.0
0.059020029031671584,-120.0,-669.8313064434369,-85.41898264404581,-0.7912087912087884,35.0
0.06403845199383795,-120.0,-670.2708931976779,-92.5547207519022,-0.439560439560438,35.0
0.06900100701022893,-120.0,-670.7544386273428,-90.45597424959149,-1.0842490842490804,35.0
0.07118066994007677,-120.0,-670.9302733290392,-94.653467254213,-1.318681318681314,35.0
0.07802715501748025,-120.0,-671.6116327981126,-94.23371795375085,-0.6153846153846132,35.0
0.08017795602791011,-120.0,-671.8314261752331,-100.52995746068295,-0.3809523809523796,35.0
0.08229411800857633,-120.0,-672.0072608769294,-96.75221375652369,-0.2051282051282044,35.0
0.08705922798253596,-120.0,-672.5127856443065,-106.40644766715292,-0.6739926739926716,35.0
0.09217268403153867,-120.0,-673.0622690871076,-104.30770116484221,-1.318681318681314,35.0
0.10301588196307421,-120.0,-674.1832153104219,-104.30770116484221,-0.3809523809523796,35.0
0.10740610503125936,-120.0,-674.5129053761026,-103.0484532634558,-0.73260073260073,35.0
0.11003537697251886,-120.0,-674.9305127926315,-106.40644766715292,-1.2600732600732556,35.0
0.11499977798666805,-120.0,-675.4360375600086,-104.30770116484221,-0.4981684981684964,35.0
0.11991522496100515,-120.0,-675.9415623273856,-107.66569556853933,-0.0879120879120876,35.0
0.12504261103458703,-120.0,-676.4910457701867,-107.66569556853933,-0.9084249084249052,35.0
0.129994445014745,-120.0,-677.0185498752758,-105.14719976576649,-0.9670329670329636,35.0
0.13426469499245286,-120.0,-677.4581366295167,-105.56694906622863,-0.439560439560438,35.0
0.1391075060237199,-120.0,-677.9856407346057,-106.82619696761506,-0.2637362637362628,35.0
0.14403606799896806,-120.0,-678.5351241774069,-109.76444207085004,-1.0842490842490804,35.0
0.14893482602201402,-120.0,-679.062628282496,-105.56694906622863,-0.8498168498168468,35.0
0.15403009101282805,-120.0,-679.5901323875851,-106.40644766715292,-0.0293040293040292,35.0
0.15900398592930287,-120.0,-680.1396158303862,-107.66569556853933,-0.5567765567765548,35.0
0.16119677596725523,-120.0,-680.3594092075066,-112.70268717408501,-0.9670329670329636,35.0
0.1654350720345974,-120.0,-680.7989959617476,-109.3446927703879,-0.9670329670329636,35.0
0.1699257689760998,-120.0,-681.3484794045487,-103.46820256391793,-0.2051282051282044,35.0
0.17503908299840987,-120.0,-681.8759835096378,-107.24594626807719,-0.3809523809523796,35.0
0.18164299498312175,-120.0,-682.6013016541352,-105.98669836669077,-1.1428571428571388,35.0
0.18386469094548374,-120.0,-682.8210950312557,-108.92494346992575,-0.8498168498168468,35.0
0.18818843900226057,-120.0,-683.2606817854967,-110.60394067177431,-0.146520146520146,35.0
0.19281092297751456,-120.0,-683.8101652282977,-107.66569556853933,-0.439560439560438,35.0
0.1992353069363162,-120.0,-684.3596486710989,-107.66569556853933,-1.1428571428571388,35.0
0.20348276395816356,-120.0,-684.865173438476,-106.82619696761506,-0.6153846153846132,35.0
0.207702592946589,-120.0,-685.3267395304289,-106.82619696761506,-0.0293040293040292,35.0
0.21198245894629508,-120.0,-685.8322642978059,-109.76444207085004,-0.5567765567765548,35.0
0.21637485595420003,-120.0,-686.2718510520468,-109.76444207085004,-1.2014652014651972,35.0
0.22069723496679217,-120.0,-686.7114378062878,-110.60394067177431,-0.6739926739926716,35.0
0.2251879289979115,-120.0,-687.2609212490889,-109.3446927703879,-0.0293040293040292,35.0
0.2301698769442737,-120.0,-687.788425354178,-108.08544486900148,-0.6153846153846132,35.0
0.2350505229551345,-120.0,-688.3379087969791,-109.76444207085004,-1.1428571428571388,35.0
0.24013297294732183,-120.0,-688.8654129020682,-111.02368997223645,-0.439560439560438,35.0
0.24481009901501238,-120.0,-689.4148963448694,-107.66569556853933,-0.2637362637362628,35.0
0.2500179959461093,-120.0,-689.9424004499584,-109.76444207085004,-0.9670329670329636,35.0
0.25509332201909274,-120.0,-690.4918838927595,-107.24594626807719,-0.7912087912087884,35.0
0.26006074203178287,-120.0,-691.0193879978486,-109.76444207085004,-0.0879120879120876,35.0
0.2622175100259483,-120.0,-691.2391813749691,-106.40644766715292,-0.146520146520146,35.0
0.2665081910090521,-120.0,-691.6787681292101,-110.18419137131218,-0.8498168498168468,35.0
0.27116053900681436,-120.0,-692.206272234299,-110.18419137131218,-0.9670329670329636,35.0
0.2761304610176012,-120.0,-692.7557556771002,-108.08544486900148,-0.2637362637362628,35.0
0.2809718420030549,-120.0,-693.2832597821892,-112.28293787362287,-0.3809523809523796,35.0
0.2860479559749365,-120.0,-693.8327432249904,-110.18419137131218,-1.0842490842490804,35.0
0.2905683679273352,-120.0,-694.3602473300796,-111.4434392726986,-0.6739926739926716,35.0
0.29519924300257117,-120.0,-694.8218134220325,-108.92494346992575,-0.0293040293040292,35.0
0.3000547889387235,-120.0,-695.3273381894095,-107.24594626807719,-0.5567765567765548,35.0
0.30497708602342755,-120.0,-695.8768216322106,-110.60394067177431,-1.2014652014651972,35.0
0.3095763069577515,-120.0,-696.4263050750118,-108.08544486900148,-0.5567765567765548,35.0
0.31409362494014204,-120.0,-696.8439124915407,-105.14719976576649,-0.0293040293040292,35.0
0.3191857209894806,-120.0,-697.4153752720538,-108.08544486900148,-0.8498168498168468,35.0
0.32358199695590883,-120.0,-697.9209000394309,-108.92494346992575,-0.9670329670329636,35.0
0.3280114579247311,-120.0,-698.3604867936718,-106.40644766715292,-0.4981684981684964,35.0
0.3331522169755772,-120.0,-698.909970236473,-105.98669836669077,-0.2051282051282044,35.0
0.3379885029280558,-120.0,-699.4374743415619,-105.56694906622863,-0.9084249084249052,35.0
0.34318749397061765,-120.0,-699.9869577843631,-105.98669836669077,-0.8498168498168468,35.0
0.34807652002200484,-120.0,-700.5144618894521,-105.98669836669077,-0.146520146520146,35.0
0.35291744803544134,-120.0,-701.0419659945413,-107.66569556853933,-0.5567765567765548,35.0
0.35513302602339536,-120.0,-701.2617593716617,-108.50519416946362,-0.9084249084249052,35.0
0.3619788349606097,-120.0,-702.0310361915833,-106.40644766715292,-0.6739926739926716,35.0
0.36415809695608914,-120.0,-702.2288502309917,-103.88795186438007,-0.439560439560438,35.0
0.36837595293764025,-120.0,-702.6464576475206,-105.56694906622863,-0.0879120879120876,35.0
0.37312363600358367,-120.0,-703.2179204280338,-110.60394067177431,-0.9084249084249052,35.0
0.3781448380323127,-120.0,-703.7454245331229,-105.56694906622863,-0.9084249084249052,35.0
0.38303641392849386,-120.0,-704.272928638212,-108.50519416946362,-0.146520146520146,35.0
0.3880225099856034,-120.0,-704.822412081013,-111.02368997223645,-0.4981684981684964,35.0
0.3902378629427403,-120.0,-705.0202261204215,-108.08544486900148,-0.7912087912087884,35.0
0.39453221997246146,-120.0,-705.4598128746624,-107.66569556853933,-1.0842490842490804,35.0
0.3987860199995339,-120.0,-705.9873169797514,-108.50519416946362,-0.4981684981684964,35.0
0.4073721569729969,-120.0,-706.7565937996732,-104.30770116484221,-0.4981684981684964,35.0
0.4081373210065067,-120.0,-706.9763871767935,-106.82619696761506,-0.8498168498168468,35.0
0.4123985939659178,-120.0,-707.3939945933224,-107.66569556853933,-1.025641025641022,35.0
0.41702820803038776,-120.0,-707.9214986984115,-104.72745046530436,-0.439560439560438,35.0
0.4213010349776596,-120.0,-708.3391061149404,-111.02368997223645,-0.0879120879120876,35.0
0.4261652019340545,-120.0,-708.8885895577415,-108.50519416946362,-0.9084249084249052,35.0
0.43054849503096193,-120.0,-709.4380730005427,-109.76444207085004,-0.9670329670329636,35.0
0.43505137192551047,-120.0,-709.8776597547835,-104.72745046530436,-0.3809523809523796,35.0
0.44006864493712783,-120.0,-710.3831845221605,-111.02368997223645,-0.2637362637362628,35.0
0.444981217966415,-120.0,-710.9326679649616,-108.50519416946362,-1.025641025641022,35.0
0.4500587509246543,-120.0,-711.4821514077628,-107.24594626807719,-0.73260073260073,35.0
0.4543075179681182,-120.0,-711.8997588242917,-107.24594626807719,-0.0879120879120876,35.0
0.4585544249275699,-120.0,-712.3393455785326,-107.66569556853933,-0.439560439560438,35.0
0.4631860569352284,-120.0,-712.8888290213338,-104.30770116484221,-1.1428571428571388,35.0
0.4680998109979555,-120.0,-713.4383124641349,-107.24594626807719,-0.6739926739926716,35.0
0.47303989494685084,-120.0,-713.9438372315119,-105.56694906622863,-0.0879120879120876,35.0
0.4773014789680019,-120.0,-714.4054033234648,-108.08544486900148,-0.6153846153846132,35.0
0.48219721496570855,-120.0,-714.954886766266,-107.66569556853933,-1.1428571428571388,35.0
0.48723265796434134,-120.0,-715.482390871355,-106.40644766715292,-0.4981684981684964,35.0
0.4920761479297653,-120.0,-716.0318743141562,-110.18419137131218,-0.0879120879120876,35.0
0.49704859603662044,-120.0,-716.5593784192453,-105.56694906622863,-0.9084249084249052,35.0
0.502204510034062,-120.0,-717.1088618620464,-108.92494346992575,-0.8498168498168468,35.0
0.5071801049634814,-120.0,-717.6363659671355,-110.18419137131218,-0.0879120879120876,35.0
0.5121747530065477,-120.0,-718.1858494099366,-108.08544486900148,-0.4981684981684964,35.0
0.5170453609898686,-120.0,-718.7353328527378,-108.50519416946362,-1.1428571428571388,35.0
0.5219560019904748,-120.0,-719.262836957827,-110.60394067177431,-0.4981684981684964,35.0
0.5241009360179305,-120.0,-719.4826303349473,-104.72745046530436,-0.146520146520146,35.0
0.5283088060095906,-120.0,-719.9222170891883,-108.92494346992575,-0.3223443223443212,35.0
0.5326091010356322,-120.0,719.5265890103715,-111.02368997223645,-0.9670329670329636,35.0
0.5391879839589819,-120.0,718.9990849052823,-108.08544486900148,-0.73260073260073,35.0
0.5421883639646694,-120.0,718.5594981510413,-106.82619696761506,-0.0879120879120876,35.0
0.5466239439556375,-120.0,718.0100147082403,-109.3446927703879,-0.4981684981684964,35.0
0.5511637219460681,-120.0,717.5704279539995,-109.76444207085004,-1.025641025641022,35.0
0.5559919819934294,-120.0,717.0429238489104,-106.82619696761506,-0.6153846153846132,35.0
0.5611061779782176,-120.0,716.4934404061091,-110.18419137131218,-0.0879120879120876,35.0
0.5659056019503623,-120.0,715.9879156387321,-107.24594626807719,-0.6739926739926716,35.0
0.5702923770295456,-120.0,715.5263495467792,-106.82619696761506,-1.2014652014651972,35.0
0.575168318930082,-120.0,714.99884544169,-107.66569556853933,-0.439560439560438,35.0
0.5801473340252414,-120.0,714.449361998889,-105.14719976576649,-0.0879120879120876,35.0
0.5846020469907671,-120.0,713.9218578937999,-107.24594626807719,-0.8498168498168468,35.0
0.5910157699836418,-120.0,713.4163331264227,-104.30770116484221,-0.9084249084249052,35.0
0.5919038159772754,-120.0,713.1745604115904,-107.66569556853933,-0.5567765567765548,35.0
0.5986575059359893,-120.0,712.4272629293808,-105.14719976576649,-0.3809523809523796,35.0
0.6009946620324627,-120.0,712.2074695522602,-111.02368997223645,-0.6153846153846132,35.0
0.6052507580025122,-120.0,711.7459034603073,-110.18419137131218,-1.1428571428571388,35.0
0.6101061779772863,-120.0,711.2183993552183,-106.82619696761506,-0.4981684981684964,35.0
0.6145341929513961,-120.0,710.7128745878413,-107.66569556853933,-0.0879120879120876,35.0
0.6189578929916024,-120.0,710.2513084958883,-110.18419137131218,-0.6739926739926716,35.0
0.6231860159896314,-120.0,709.8337010793593,-108.08544486900148,-1.1428571428571388,35.0
0.6299919990124181,-120.0,709.0864035971499,-107.66569556853933,-0.2051282051282044,35.0
0.632136223022826,-120.0,708.8446308823173,-112.28293787362287,-0.0879120879120876,35.0
0.6363857039250433,-120.0,708.4050441280765,-107.66569556853933,-0.5567765567765548,35.0
0.6410331940278411,-120.0,707.8775400229874,-109.3446927703879,-1.0842490842490804,35.0
0.6461379160173237,-120.0,707.3280565801864,-101.36945606160724,-0.4981684981684964,35.0
0.6510973549447954,-120.0,706.8005524750972,-105.56694906622863,-0.2637362637362628,35.0
0.6558791429270059,-120.0,706.2730483700082,-108.08544486900148,-0.9084249084249052,35.0
0.6580027969321236,-120.0,706.0532549928878,-108.92494346992575,-1.1428571428571388,35.0
0.6622407370014116,-120.0,705.5916889009347,-109.76444207085004,-0.5567765567765548,35.0
0.6672337549971417,-120.0,705.0641847958457,-111.02368997223645,-0.146520146520146,35.0
0.6719950889237225,-120.0,704.5147013530444,-110.18419137131218,-0.73260073260073,35.0
0.6769790250109509,-120.0,703.9871972479554,-108.50519416946362,-0.9670329670329636,35.0
0.6821211079368368,-120.0,703.4377138051543,-106.40644766715292,-0.3223443223443212,35.0
0.6869738459354267,-120.0,702.9102097000653,-109.76444207085004,-0.3809523809523796,35.0
0.6912030179519206,-120.0,702.4706229458244,-104.30770116484221,-0.9670329670329636,35.0
0.6957048770273104,-120.0,701.9211395030231,-105.98669836669077,-0.7912087912087884,35.0
0.7021682070335373,-120.0,701.3936353979341,-109.3446927703879,-0.146520146520146,35.0
0.7064032589551061,-120.0,700.8661312928449,-105.98669836669077,-0.4981684981684964,35.0
0.7085031130118296,-120.0,700.6243585780126,-109.76444207085004,-0.7912087912087884,35.0
0.7150758919306099,-120.0,699.8770610958029,-105.98669836669077,-0.5567765567765548,35.0
0.7171989689813927,-120.0,699.6572677186824,-104.72745046530436,-0.3809523809523796,35.0
0.7214197999564931,-120.0,699.2396603021538,-107.66569556853933,-0.146520146520146,35.0
0.7256031889701262,-120.0,698.8000735479127,-108.50519416946362,-0.7912087912087884,35.0
0.7299008909612894,-120.0,698.2725694428236,-105.98669836669077,-0.9670329670329636,35.0
0.7341387550113723,-120.0,697.8329826885828,-105.98669836669077,-0.4981684981684964,35.0
0.7410236219875515,-120.0,697.0856852063731,-110.18419137131218,-0.4981684981684964,35.0
0.743150444002822,-120.0,696.8658918292526,-107.66569556853933,-0.8498168498168468,35.0
0.7473683949792758,-120.0,696.4263050750117,-109.76444207085004,-1.0842490842490804,35.0
0.75157360592857,-120.0,696.0086976584829,-111.86318857316074,-0.4981684981684964,35.0
0.7557524879230186,-120.0,695.5691109042419,-108.50519416946362,-0.0879120879120876,35.0
0.7621518799569458,-120.0,694.7998340843203,-106.40644766715292,-1.025641025641022,35.0
0.7643183439504355,-120.0,694.5800407071998,-105.98669836669077,-1.1428571428571388,35.0
0.7685525249689817,-120.0,694.184412628383,-110.60394067177431,-0.6153846153846132,35.0
0.7730268569430336,-120.0,693.634929185582,-108.92494346992575,-0.0293040293040292,35.0
0.7781470490153879,-120.0,693.0854457427808,-111.86318857316074,-0.8498168498168468,35.0
0.7829844909720123,-120.0,692.5579416376917,-107.66569556853933,-1.025641025641022,35.0
0.7881118949735537,-120.0,692.0084581948906,-106.40644766715292,-0.3223443223443212,35.0
0.7931570319924504,-120.0,691.4809540898016,-107.24594626807719,-0.3809523809523796,35.0
0.7981749379541725,-120.0,690.9314706470003,-110.60394067177431,-1.025641025641022,35.0
0.8028744329931214,-120.0,690.4039665419112,-107.24594626807719,-0.6739926739926716,35.0
0.8050880780210719,-120.0,690.1841731647908,-108.08544486900148,-0.4981684981684964,35.0
0.8093885959824547,-120.0,689.7665657482621,-106.82619696761506,-0.0293040293040292,35.0
0.8140303590334952,-120.0,689.2170823054608,-108.50519416946362,-0.9084249084249052,35.0
0.8186397119425237,-120.0,688.6675988626598,-108.08544486900148,-0.8498168498168468,35.0
0.8230317769339308,-120.0,688.2499914461309,-104.72745046530436,-0.3809523809523796,35.0
0.8281578209716827,-120.0,687.7005080033297,-104.72745046530436,-0.2637362637362628,35.0
0.8330247940029949,-120.0,687.1730038982406,-109.76444207085004,-1.025641025641022,35.0
0.8379986860090867,-120.0,686.6235204554396,-108.92494346992575,-0.73260073260073,35.0
0.842636015964672,-120.0,686.0960163503505,-106.82619696761506,0.0293040293040292,35.0
0.8490493359277025,-120.0,685.5685122452613,-109.76444207085004,-0.5567765567765548,35.0
0.8499594969907776,-120.0,685.3267395304288,-111.02368997223645,-0.9084249084249052,35.0
0.8542329029878601,-120.0,684.887152776188,-109.76444207085004,-0.9084249084249052,35.0
0.8610508589772508,-120.0,684.1178759562663,-109.3446927703879,-0.0879120879120876,35.0
0.8632052099565044,-120.0,683.8980825791459,-114.38168437593357,-0.2051282051282044,35.0
0.867504752939567,-120.0,683.4584958249051,-111.86318857316074,-0.9084249084249052,35.0
0.8720813490217552,-120.0,682.930991719816,-107.66569556853933,-0.8498168498168468,35.0
0.8768990809330717,-120.0,682.4034876147269,-111.86318857316074,-0.0879120879120876,35.0
0.8819375429302454,-120.0,681.8540041719257,-109.76444207085004,-0.4981684981684964,35.0
0.886265316978097,-120.0,681.4144174176848,-111.4434392726986,-1.025641025641022,35.0
0.8906665940303355,-120.0,680.974830663444,-108.92494346992575,-0.7912087912087884,35.0
0.8950684019364417,-120.0,680.4253472206427,-105.56694906622863,-0.0293040293040292,35.0
0.9000508280005306,-120.0,679.8978431155537,-104.72745046530436,-0.4981684981684964,35.0
0.9050814169459045,-120.0,679.3483596727526,-107.66569556853933,-1.1428571428571388,35.0
0.9101253020344302,-120.0,678.8208555676636,-108.50519416946362,-0.439560439560438,35.0
0.9145629099803045,-120.0,678.2713721248623,-108.92494346992575,-0.0879120879120876,35.0
0.9189456959720701,-120.0,677.8098060329094,-108.08544486900148,-0.8498168498168468,35.0
0.9241471579298377,-120.0,677.2823019278202,-107.24594626807719,-0.9084249084249052,35.0
0.9290758849820122,-120.0,676.7547978227311,-105.14719976576649,-0.2637362637362628,35.0
0.9333388180239126,-120.0,676.3371904062025,-106.82619696761506,-0.0879120879120876,35.0
0.937995690968819,-120.0,675.7657276256892,-107.66569556853933,-0.9084249084249052,35.0
0.9426223499467596,-120.0,675.2602028583121,-108.50519416946362,-0.7912087912087884,35.0
0.9471406310331076,-120.0,674.8206161040713,-110.18419137131218,-0.2051282051282044,35.0
0.9519843169255182,-120.0,674.27113266127,-110.60394067177431,-0.4981684981684964,35.0
0.9571165880188346,-120.0,673.6996698807569,-108.92494346992575,-1.2014652014651972,35.0
0.9620119009632617,-120.0,673.1941451133799,-109.76444207085004,-0.4981684981684964,35.0
0.9663417609408498,-120.0,672.7545583591391,-106.82619696761506,-0.0293040293040292,35.0
0.9711784329265356,-120.0,672.2050749163378,-109.3446927703879,-0.6153846153846132,35.0
0.97600516397506,-120.0,671.6775708112488,-105.14719976576649,-1.025641025641022,35.0
0.980672735022381,-120.0,671.1280873684477,-106.82619696761506,-0.3809523809523796,35.0
0.987193790031597,-120.0,670.6005832633585,-111.4434392726986,-0.146520146520146,35.0
0.9881309759803116,-120.0,670.3588105485261,-109.3446927703879,-0.5567765567765548,35.0
0.9952449459815398,-120.0,669.6115130663165,-109.3446927703879,-0.8498168498168468,35.0
0.9974023050162941,-120.0,669.413699026908,-105.98669836669077,-0.5567765567765548,35.0
1.0017288669478148,-120.0,668.9960916103794,-103.46820256391793,-0.0879120879120876,35.0
1.0059634869685397,-120.0,668.4466081675781,-109.76444207085004,-0.6153846153846132,35.0
1.0102859400212765,-120.0,668.0070214133373,-105.56694906622863,-1.2014652014651972,35.0
1.0152193119283766,-120.0,667.4355586328242,-103.46820256391793,-0.439560439560438,35.0
1.0199569179676473,-120.0,666.930033865447,-106.82619696761506,-0.0293040293040292,35.0
1.0249684229493141,-120.0,666.3805504226459,-108.08544486900148,-0.8498168498168468,35.0
1.027156768948771,-120.0,666.1167983701013,-108.92494346992575,-1.0842490842490804,35.0
1.0340634930180386,-120.0,665.3914802256038,-108.08544486900148,-0.2637362637362628,35.0
1.0362359170103446,-120.0,665.1716868484834,-105.56694906622863,-0.0879120879120876,35.0
1.0405558089260012,-120.0,664.7540794319546,-108.50519416946362,-0.439560439560438,35.0
1.0450824259314686,-120.0,664.2045959891533,-111.02368997223645,-1.2014652014651972,35.0
1.0500546609982848,-120.0,663.6551125463523,-107.66569556853933,-0.5567765567765548,35.0
1.0549844889901578,-120.0,663.1276084412632,-110.18419137131218,-0.0879120879120876,35.0
1.0593526950106025,-120.0,662.6660423493103,-110.60394067177431,-0.6739926739926716,35.0
1.0640566089423373,-120.0,662.1385382442211,-109.3446927703879,-1.1428571428571388,35.0
1.0690894830040634,-120.0,661.611034139132,-105.98669836669077,-0.4981684981684964,35.0
1.0742596969939768,-120.0,661.061550696331,-108.50519416946362,-0.2051282051282044,35.0
1.0764463359955698,-120.0,660.8417573192105,-108.50519416946362,-0.5567765567765548,35.0
1.0807108880253509,-120.0,660.4021705649695,-111.4434392726986,-1.1428571428571388,35.0
1.0828767089406028,-120.0,660.2043565255613,-107.24594626807719,-1.025641025641022,35.0
1.087190935970284,-120.0,659.7647697713202,-111.02368997223645,-0.439560439560438,35.0
1.089592156931758,-120.0,659.3471623547913,-107.66569556853933,-0.0879120879120876,35.0
1.0961256879381835,-120.0,658.7976789119903,-107.24594626807719,-0.7912087912087884,35.0
1.100389337982051,-120.0,658.248195469189,-108.08544486900148,-0.9670329670329636,35.0
1.105034846928902,-120.0,657.698712026388,-107.66569556853933,-0.3223443223443212,35.0
1.1099511430365965,-120.0,657.193187259011,-103.88795186438007,-0.3809523809523796,35.0
1.1142040769336745,-120.0,656.731621167058,-109.3446927703879,-0.9084249084249052,35.0
1.1186417950084433,-120.0,656.204117061969,-109.3446927703879,-0.7912087912087884,35.0
1.1249098289990798,-120.0,655.698592294592,-103.0484532634558,-0.146520146520146,35.0
1.1291848929831758,-120.0,655.1491088517907,-114.80143367639572,-0.5567765567765548,35.0
1.1340722549939528,-120.0,654.5776460712776,-108.50519416946362,-1.2014652014651972,35.0
1.136212882003747,-120.0,654.3798320318691,-111.4434392726986,-0.8498168498168468,35.0
1.1403934740228578,-120.0,653.9402452776283,-107.24594626807719,-0.3223443223443212,35.0
1.1451863809488714,-120.0,653.4127411725392,-108.50519416946362,-0.3223443223443212,35.0
1.1501215259777382,-120.0,652.88523706745,-110.18419137131218,-1.025641025641022,35.0
1.1550246300175786,-120.0,652.3357536246489,-109.76444207085004,-0.73260073260073,35.0
1.1599094800185412,-120.0,651.8082495195597,-111.4434392726986,-0.0879120879120876,35.0
1.1650462549878284,-120.0,651.2367867390466,-108.92494346992575,-0.6739926739926716,35.0
1.1699210340157151,-120.0,650.7312619716696,-107.24594626807719,-1.025641025641022,35.0
1.1741625260328874,-120.0,650.2916752174285,-107.24594626807719,-0.4981684981684964,35.0
1.1790183340199292,-120.0,649.7421917746275,-108.92494346992575,-0.0879120879120876,35.0
1.1839429829269648,-120.0,649.1927083318263,-106.40644766715292,-0.8498168498168468,35.0
1.1890290139708668,-120.0,648.6652042267372,-103.0484532634558,-0.8498168498168468,35.0
1.193927655927837,-120.0,648.1596794593602,-105.56694906622863,-0.2051282051282044,35.0
1.1960657780291513,-120.0,647.9179067445276,-107.24594626807719,-0.0879120879120876,35.0
1.2003234199946746,-120.0,647.4783199902869,-112.70268717408501,-0.5567765567765548,35.0
1.204701834009029,-120.0,646.9508158851977,-107.66569556853933,-1.0842490842490804,35.0
1.209045810974203,-120.0,646.511229130957,-103.88795186438007,-0.4981684981684964,35.0
1.2139321130234748,-120.0,645.9617456881557,-106.82619696761506,-0.0879120879120876,35.0
1.2181836779927835,-120.0,645.5221589339149,-107.66569556853933,-0.6739926739926716,35.0
1.2232179070124403,-120.0,644.9506961534017,-106.40644766715292,-0.9670329670329636,35.0
1.2279902099398896,-120.0,644.4671507237366,-106.40644766715292,-0.3809523809523796,35.0
1.2331336749484763,-120.0,643.8737086055114,-111.02368997223645,-0.2637362637362628,35.0
1.2379916539648548,-120.0,643.3462045004222,-111.86318857316074,-1.025641025641022,35.0
1.24251054902561,-120.0,642.8187003953332,-111.02368997223645,-0.73260073260073,35.0
1.2466783280251548,-120.0,642.3791136410923,-106.40644766715292,-0.0879120879120876,35.0
1.2510155190248042,-120.0,641.9395268868515,-107.24594626807719,-0.3223443223443212,35.0
1.2561281359521672,-120.0,641.3900434440502,-111.02368997223645,-1.0842490842490804,35.0
1.2611651079496369,-120.0,640.8625393389611,-104.30770116484221,-0.5567765567765548,35.0
1.2661173780215904,-120.0,640.3130558961601,-111.86318857316074,-0.146520146520146,35.0
1.271063667954877,-120.0,639.7635724533588,-111.86318857316074,-0.73260073260073,35.0
1.275965441018343,-120.0,639.2360683482698,-105.14719976576649,-0.9670329670329636,35.0
1.2810845009516925,-120.0,638.6865849054687,-104.72745046530436,-0.2637362637362628,35.0
1.2860019599320367,-120.0,638.1371014626675,-109.76444207085004,-0.3223443223443212,35.0
1.2881477649789304,-120.0,637.9392874232592,-108.08544486900148,-0.5567765567765548,35.0
1.292389407986775,-120.0,637.4997006690182,-110.60394067177431,-1.2014652014651972,35.0
1.2969546649837866,-120.0,636.9721965639291,-108.50519416946362,-0.4981684981684964,35.0
1.302038065972738,-120.0,636.422713121128,-111.02368997223645,0.0293040293040292,35.0
1.306561601930298,-120.0,635.8732296783269,-105.98669836669077,-0.8498168498168468,35.0
1.3107556379400194,-120.0,635.4556222617981,-108.50519416946362,-0.9670329670329636,35.0
1.3171314999926835,-120.0,634.9061388189969,-109.3446927703879,-0.3809523809523796,35.0
1.3214323240099475,-120.0,634.3786347139078,-106.82619696761506,-0.2637362637362628,35.0
1.32595423492603,-120.0,633.8291512711068,-106.40644766715292,-1.025641025641022,35.0
1.330215891939588,-120.0,633.4115438545779,-108.92494346992575,-0.7912087912087884,35.0
1.33453184296377,-120.0,632.8620604117768,-105.14719976576649,-0.2051282051282044,35.0
1.3389441350009292,-120.0,632.4224736575358,-103.46820256391793,-0.3809523809523796,35.0
1.3431755360215902,-120.0,631.982886903295,-107.66569556853933,-0.9084249084249052,35.0
1.348011442925781,-120.0,631.4334034604938,-106.40644766715292,-0.8498168498168468,35.0
1.3528769039548934,-120.0,630.9278786931168,-105.98669836669077,-0.0293040293040292,35.0
1.3579594949260354,-120.0,630.3783952503155,-108.50519416946362,-0.5567765567765548,35.0
1.3621947229839861,-120.0,629.9607878337869,-110.60394067177431,-1.1428571428571388,35.0
1.367000647005625,-120.0,629.3893250532736,-105.56694906622863,-0.6153846153846132,35.0
1.3721476839855313,-120.0,628.8398416104725,-111.86318857316074,-0.0293040293040292,35.0
1.3771355299977586,-120.0,628.2903581676715,-110.60394067177431,-0.7912087912087884,35.0
1.381923830951564,-120.0,627.7628540625823,-109.76444207085004,-1.025641025641022,35.0
1.3862049039453268,-120.0,627.3452466460534,-106.40644766715292,-0.4981684981684964,35.0
1.3905738139292225,-120.0,626.7957632032521,-106.40644766715292,-0.146520146520146,35.0
1.3950698720291257,-120.0,626.3561764490113,-113.5421857750093,-0.9084249084249052,35.0
1.3999538369243965,-120.0,625.8286723439222,-106.82619696761506,-0.9084249084249052,35.0
1.4050151610281318,-120.0,625.2572095634091,-108.50519416946362,-0.0879120879120876,35.0
1.4100465379888192,-120.0,624.7516847960321,-110.60394067177431,-0.439560439560438,35.0
1.4145639339694753,-120.0,624.224180690943,-107.24594626807719,-1.2014652014651972,35.0
1.4169002909911796,-120.0,624.0043873138226,-108.08544486900148,-0.9670329670329636,35.0
1.421126120025292,-120.0,623.5648005595815,-108.92494346992575,-0.4981684981684964,35.0
1.4253583489917219,-120.0,623.1252138053408,-109.3446927703879,-0.0293040293040292,35.0
1.4302888410165906,-120.0,622.5757303625395,-107.66569556853933,-0.7912087912087884,35.0
1.435118149034679,-120.0,622.0262469197385,-106.40644766715292,-0.9084249084249052,35.0
1.4400415329728276,-120.0,621.5207221523615,-107.24594626807719,-0.2637362637362628,35.0
1.4449130239663646,-120.0,620.9932180472723,-108.08544486900148,-0.439560439560438,35.0
1.449997095973231,-120.0,620.4217552667592,-108.50519416946362,-1.1428571428571388,35.0
1.454551578965038,-120.0,619.8942511616701,-106.82619696761506,-0.6153846153846132,35.0
1.4587813939433545,-120.0,619.454664407429,-105.56694906622863,-0.0879120879120876,35.0
1.4651496870210394,-120.0,618.92716030234,-108.92494346992575,-0.6153846153846132,35.0
1.4694782249862328,-120.0,618.377676859539,-106.82619696761506,-1.1428571428571388,35.0
1.4740788870258257,-120.0,617.8281934167377,-104.30770116484221,-0.4981684981684964,35.0
1.4786067639943212,-120.0,617.3006893116487,-107.66569556853933,-0.2051282051282044,35.0
1.480954585946165,-120.0,617.1028752722403,-105.56694906622863,-0.4981684981684964,35.0
1.485206990968436,-120.0,616.6413091802873,-108.08544486900148,-1.025641025641022,35.0
1.4901027729501948,-120.0,616.1138050751982,-110.18419137131218,-0.6739926739926716,35.0
1.4946416589664295,-120.0,615.6082803078212,-105.56694906622863,-0.0879120879120876,35.0
1.501053782994859,-120.0,615.05879686502,-109.76444207085004,-0.6739926739926716,35.0
1.504024336929433,-120.0,614.6192101107792,-106.40644766715292,-1.2014652014651972,35.0
1.508880233974196,-120.0,614.0917060056901,-105.14719976576649,-0.4981684981684964,35.0
1.5156142869964242,-120.0,613.564201900601,-107.24594626807719,-0.0879120879120876,35.0
1.5186352010350674,-120.0,613.1246151463602,-112.28293787362287,-0.73260073260073,35.0
1.5207815290195867,-120.0,612.9048217692398,-109.3446927703879,-0.9670329670329636,35.0
1.525125139974989,-120.0,612.4872143527108,-104.30770116484221,-0.8498168498168468,35.0
1.5294132139533758,-120.0,611.9377309099096,-108.08544486900148,-0.2051282051282044,35.0
1.5339617290301248,-120.0,611.4102268048205,-105.98669836669077,-0.439560439560438,35.0
1.5381852969294414,-120.0,610.9706400505796,-104.72745046530436,-0.9670329670329636,35.0
1.5424151089973748,-120.0,610.5310532963389,-110.60394067177431,-0.8498168498168468,35.0
1.546644406975247,-120.0,610.0914665420978,-109.76444207085004,-0.2637362637362628,35.0
1.5509014900308102,-120.0,609.5639624370087,-110.18419137131218,-0.3809523809523796,35.0
1.5552621779497713,-120.0,609.14635502048,-106.82619696761506,-0.9670329670329636,35.0
1.5619742349954322,-120.0,608.3770782005583,-109.3446927703879,-0.439560439560438,35.0
1.564127022982575,-120.0,608.1792641611498,-108.50519416946362,-0.2051282051282044,35.0
1.568370425957255,-120.0,607.7396774069091,-110.18419137131218,-0.2051282051282044,35.0
1.5730373680125922,-120.0,607.1901939641078,-108.50519416946362,-0.9670329670329636,35.0
1.577969286008738,-120.0,606.6407105213066,-107.24594626807719,-0.6739926739926716,35.0
1.5823153089731932,-120.0,606.2011237670657,-108.50519416946362,-0.146520146520146,35.0
1.5871957979397848,-120.0,605.6736196619767,-108.50519416946362,-0.4981684981684964,35.0
1.5981593989999965,-120.0,604.4427767501021,-105.98669836669077,-0.3809523809523796,35.0
1.600376311922446,-120.0,604.2889213861179,-107.24594626807719,-0.0879120879120876,35.0
1.6046376100275666,-120.0,603.8273552941648,-108.50519416946362,-0.3809523809523796,35.0
1.6091349439229816,-120.0,603.2558925136517,-110.60394067177431,-1.025641025641022,35.0
1.6140671590110287,-120.0,602.7064090708504,-107.24594626807719,-0.4981684981684964,35.0
1.618677111924626,-120.0,602.1789049657614,-110.60394067177431,-0.0879120879120876,35.0
1.6250220650108531,-120.0,601.6514008606723,-110.18419137131218,-0.73260073260073,35.0
1.6292929869377986,-120.0,601.1019174178713,-108.50519416946362,-0.8498168498168468,35.0
1.6314928869251162,-120.0,600.9041033784628,-106.82619696761506,-0.6739926739926716,35.0
1.6358493330189958,-120.0,600.4425372865098,-110.18419137131218,-0.0293040293040292,35.0
1.642773482017219,-120.0,599.6073224534522,-107.66569556853933,-0.9084249084249052,35.0
1.645004611928016,-120.0,599.3655497386196,-109.3446927703879,-1.2600732600732556,35.0
1.6471681399270892,-120.0,599.1677356992111,-111.02368997223645,-0.8498168498168468,35.0
1.6520717649254948,-120.0,598.640231594122,-104.72745046530436,-0.146520146520146,35.0
1.6569634589832276,-120.0,598.090748151321,-108.92494346992575,-0.439560439560438,35.0
1.6620522669982165,-120.0,597.5412647085197,-109.3446927703879,-1.1428571428571388,35.0
1.666840941994451,-120.0,596.9698019280066,-105.56694906622863,-0.4981684981684964,35.0
1.6719535689335316,-120.0,596.4642771606296,-109.3446927703879,-0.0879120879120876,35.0
1.6743158199824393,-120.0,596.2225044457971,-109.3446927703879,-0.3809523809523796,35.0
1.6810072649968788,-120.0,595.4532276258757,-111.02368997223645,-1.025641025641022,35.0
1.6853639739565551,-120.0,595.145516897907,-106.40644766715292,-0.6153846153846132,35.0
1.6917230660328642,-120.0,594.3762400779854,-107.66569556853933,-0.2051282051282044,35.0
1.6939158529276028,-120.0,594.0905086877287,-109.3446927703879,-0.6153846153846132,35.0
1.6982184490188956,-120.0,593.6289425957758,-107.24594626807719,-1.1428571428571388,35.0
1.7028555389260873,-120.0,593.1014384906867,-108.92494346992575,-0.439560439560438,35.0
1.709304922958836,-120.0,592.5519550478857,-110.18419137131218,-0.0879120879120876,35.0
1.7135250610299408,-120.0,591.9804922673725,-113.5421857750093,-0.8498168498168468,35.0
1.7179800249869004,-120.0,591.4529881622834,-107.24594626807719,-0.8498168498168468,35.0
1.7243461250327528,-120.0,590.9035047194822,-108.08544486900148,-0.0293040293040292,35.0
1.7286174719920382,-120.0,590.3979799521052,-111.4434392726986,-0.4981684981684964,35.0
1.7329304489539936,-120.0,589.8484965093039,-108.50519416946362,-1.2014652014651972,35.0
1.7372760639991611,-120.0,589.4308890927753,-104.30770116484221,-0.6153846153846132,35.0
1.7438941090367734,-120.0,588.6616122728536,-108.08544486900148,-0.2637362637362628,35.0
1.7482582069933414,-120.0,588.331922207173,-111.02368997223645,-0.73260073260073,35.0
1.7545915769878775,-120.0,587.5626453872513,-109.76444207085004,-0.6739926739926716,35.0
1.7571220910176635,-120.0,587.2549346592826,-108.92494346992575,-0.3223443223443212,35.0
1.7615483299596235,-120.0,586.8153479050418,-111.02368997223645,-0.146520146520146,35.0
1.7659448540071025,-120.0,586.2658644622406,-109.76444207085004,-0.9670329670329636,35.0
1.771112393005751,-120.0,585.7383603571515,-110.60394067177431,-0.8498168498168468,35.0
1.7760141040198505,-120.0,585.2108562520626,-111.02368997223645,-0.0879120879120876,35.0
1.781102892011404,-120.0,584.6613728092614,-108.50519416946362,-0.4981684981684964,35.0
1.7858799209352583,-120.0,584.1338687041722,-109.3446927703879,-1.0842490842490804,35.0
1.7901850229827687,-120.0,583.6723026122193,-106.82619696761506,-0.6153846153846132,35.0
1.7946581919677556,-120.0,583.1667778448423,-111.02368997223645,-0.0879120879120876,35.0
1.7989618110004812,-120.0,582.7052117528893,-111.02368997223645,-0.6153846153846132,35.0
1.8041331709828228,-120.0,582.1777076478003,-106.82619696761506,-1.1428571428571388,35.0
1.8090098269749433,-120.0,581.6282242049992,-107.24594626807719,-0.439560439560438,35.0
1.8140183129580691,-120.0,581.1007200999101,-108.50519416946362,-0.146520146520146,35.0
1.8190622800029814,-120.0,580.5512366571089,-110.18419137131218,-0.9670329670329636,35.0
1.8241738700307906,-120.0,580.0237325520197,-108.92494346992575,-0.8498168498168468,35.0
1.8263736820081249,-120.0,579.8039391748994,-109.76444207085004,-0.4981684981684964,35.0
1.8329601519508287,-120.0,579.0566416926898,-108.92494346992575,-0.439560439560438,35.0
1.8351701539941132,-120.0,578.8148689778573,-110.18419137131218,-0.73260073260073,35.0
1.83946849394124,-120.0,578.3972615613284,-105.98669836669077,-1.2014652014651972,35.0
1.8436893810285255,-120.0,577.9796541447997,-108.50519416946362,-0.6153846153846132,35.0
1.8479157779365778,-120.0,577.4521500397105,-109.3446927703879,-0.146520146520146,35.0
1.8530126640107483,-120.0,576.9026665969094,-105.98669836669077,-0.7912087912087884,35.0
1.8594861859455705,-120.0,576.3312038163962,-108.92494346992575,-0.9670329670329636,35.0
1.8637951540295035,-120.0,575.8256790490192,-109.3446927703879,-0.3809523809523796,35.0
1.8682390759931877,-120.0,575.4300509702024,-106.82619696761506,-0.0879120879120876,35.0
1.8725213359575719,-120.0,574.8585881896893,-110.18419137131218,-0.9670329670329636,35.0
1.8769657189259306,-120.0,574.3310840846002,-107.24594626807719,-0.9084249084249052,35.0
1.8816768309334293,-120.0,573.781600641799,-104.72745046530436,-0.0879120879120876,35.0
1.886068515945226,-120.0,573.3639932252701,-111.02368997223645,-0.439560439560438,35.0
1.8904089080169797,-120.0,572.9244064710292,-108.08544486900148,-0.9670329670329636,35.0
1.8950385709758848,-120.0,572.3749230282282,-107.24594626807719,-0.8498168498168468,35.0
1.9000081169651821,-120.0,571.869398260851,-106.40644766715292,-0.0879120879120876,35.0
1.9049826909322292,-120.0,571.3199148180499,-108.08544486900148,-0.5567765567765548,35.0
1.9100962480297312,-120.0,570.7704313752487,-108.50519416946362,-1.1428571428571388,35.0
1.9146003079367802,-120.0,570.2429272701596,-106.40644766715292,-0.4981684981684964,35.0
1.9191774289356545,-120.0,569.8033405159188,-109.76444207085004,0.0293040293040292,35.0
1.9240330669563264,-120.0,569.2758364108297,-108.92494346992575,-0.8498168498168468,35.0
1.9289914459222928,-120.0,568.7483323057405,-111.4434392726986,-0.9670329670329636,35.0
1.9341097589349374,-120.0,568.1768695252274,-105.56694906622863,-0.2637362637362628,35.0
1.938630596967414,-120.0,567.6493654201383,-109.76444207085004,-0.3809523809523796,35.0
1.9448864209698513,-120.0,567.1218613150492,-112.28293787362287,-1.1428571428571388,35.0
1.947048160014674,-120.0,566.9240472756409,-110.60394067177431,-1.025641025641022,35.0
1.9500837069936097,-120.0,566.4624811836879,-107.66569556853933,-0.439560439560438,35.0
1.9551283719483763,-120.0,565.9129977408867,-108.92494346992575,-0.0293040293040292,35.0
1.9600059849908575,-120.0,565.3635142980858,-109.76444207085004,-0.8498168498168468,35.0
1.9649004929233342,-120.0,564.8360101929966,-106.40644766715292,-0.8498168498168468,35.0
1.969962919014506,-120.0,564.2865267501953,-111.02368997223645,-0.0293040293040292,35.0
1.974232987035066,-120.0,563.8689193336667,-105.14719976576649,-0.3223443223443212,35.0
1.9784333900315687,-120.0,563.4073532417137,-107.24594626807719,-0.9084249084249052,35.0
1.9829466809751466,-120.0,562.8798491366246,-107.66569556853933,-0.7912087912087884,35.0
1.9876999879488721,-120.0,562.3303656938232,-109.76444207085004,-0.0293040293040292,35.0
1.9941079419804737,-120.0,561.802861588734,-108.92494346992575,-0.4981684981684964,35.0
1.9984015899244696,-120.0,561.2533781459331,-103.0484532634558,-1.2014652014651972,35.0
2.0005507019814104,-120.0,561.0555641065246,-109.76444207085004,-0.9084249084249052,35.0
2.0047814230201766,-120.0,560.5939980145716,-110.18419137131218,-0.3223443223443212,35.0
2.0090791499242187,-120.0,560.0445145717706,-106.82619696761506,-0.3809523809523796,35.0
2.014149490976706,-120.0,559.4950311289693,-108.08544486900148,-1.0842490842490804,35.0
2.018721980974078,-120.0,558.9675270238804,-109.3446927703879,-0.6739926739926716,35.0
2.0251460389699787,-120.0,558.4400229187913,-105.14719976576649,-0.0293040293040292,35.0
2.029417322948575,-120.0,557.8905394759901,-110.60394067177431,-0.6739926739926716,35.0
2.033937052008696,-120.0,557.341056033189,-105.56694906622863,-1.025641025641022,35.0
2.036100239958614,-120.0,557.1212626560684,-108.50519416946362,-0.7912087912087884,35.0
2.042928413953632,-120.0,556.3959445115711,-106.82619696761506,-0.0293040293040292,35.0
2.0450954179978,-120.0,556.1541717967385,-111.02368997223645,-0.5567765567765548,35.0
2.049437645007856,-120.0,555.7365643802096,-109.3446927703879,-1.0842490842490804,35.0
2.053967710933648,-120.0,555.1870809374086,-105.98669836669077,-0.6739926739926716,35.0
2.0582894280087203,-120.0,554.7474941831675,-106.82619696761506,-0.0879120879120876,35.0
2.0625468119978905,-120.0,554.2199900780786,-108.08544486900148,-0.439560439560438,35.0
2.06696635694243,-120.0,553.8023826615497,-104.72745046530436,-1.0842490842490804,35.0
2.071156200952828,-120.0,553.3408165695968,-105.56694906622863,-0.7912087912087884,35.0
2.0757729809265584,-120.0,552.8133124645077,-110.18419137131218,-0.0293040293040292,35.0
2.0843653889605775,-120.0,551.956118293738,-108.08544486900148,-1.025641025641022,35.0
2.089072528993711,-120.0,551.3846555132247,-109.76444207085004,-0.73260073260073,35.0
2.0912484460277483,-120.0,551.1868414738163,-108.50519416946362,-0.439560439560438,35.0
2.095477313036099,-120.0,550.7692340572873,-106.40644766715292,-0.0879120879120876,35.0
2.1000550489407033,-120.0,550.2197506144864,-104.72745046530436,-0.8498168498168468,35.0
2.1050273169530556,-120.0,549.6922465093973,-108.92494346992575,-1.025641025641022,35.0
2.1100319150136784,-120.0,549.1647424043082,-107.24594626807719,-0.2637362637362628,35.0
2.1151607040083036,-120.0,548.5713002860829,-108.50519416946362,-0.3809523809523796,35.0
2.1173439199337736,-120.0,548.3734862466746,-105.98669836669077,-0.6739926739926716,35.0
2.1216061470331624,-120.0,547.9558788301457,-109.3446927703879,-1.2600732600732556,35.0
2.1259437759872526,-120.0,547.4283747250565,-103.46820256391793,-0.4981684981684964,35.0
2.1311829109909013,-120.0,546.8569119445434,-105.56694906622863,-0.2051282051282044,35.0
2.1360095100244507,-120.0,546.3513871771664,-107.24594626807719,-0.9084249084249052,35.0
2.1411156279500574,-120.0,545.8019037343652,-105.98669836669077,-0.9084249084249052,35.0
2.1460574319353327,-120.0,545.2524202915641,-110.18419137131218,-0.0879120879120876,35.0
2.150648455019109,-120.0,544.7249161864751,-110.18419137131218,-0.4981684981684964,35.0
2.1570071229944006,-120.0,544.1754327436738,-110.60394067177431,-1.2600732600732556,35.0
2.1613035319605842,-120.0,543.6699079762968,-104.30770116484221,-0.5567765567765548,35.0
2.165889077936299,-120.0,543.1204245334956,-106.40644766715292,0.0293040293040292,35.0
2.168049040948972,-120.0,542.8786518186632,-111.02368997223645,-0.3809523809523796,35.0
2.172330657020211,-120.0,542.4390650644223,-106.82619696761506,-1.025641025641022,35.0
2.1770600479794666,-120.0,541.9335402970453,-106.82619696761506,-0.8498168498168468,35.0
2.1820094370050356,-120.0,541.3840568542442,-109.76444207085004,0.0293040293040292,35.0
2.1870472099399194,-120.0,540.8565527491551,-110.60394067177431,-0.5567765567765548,35.0
2.1919422219507396,-120.0,540.3070693063539,-109.76444207085004,-1.318681318681314,35.0
2.19621029694099,-120.0,539.889461889825,-105.14719976576649,-0.6739926739926716,35.0
2.2009715359890833,-120.0,539.339978447024,-108.92494346992575,-0.0879120879120876,35.0
2.2060425529489294,-120.0,538.8124743419348,-106.82619696761506,-0.7912087912087884,35.0
2.2106194419320673,-120.0,538.2849702368458,-104.30770116484221,-1.025641025641022,35.0
2.21294910996221,-120.0,538.0651768597253,-108.92494346992575,-0.7912087912087884,35.0
2.217196322977543,-120.0,537.6255901054843,-108.50519416946362,-0.146520146520146,35.0
2.2237209969898686,-120.0,536.8563132855628,-110.60394067177431,-0.8498168498168468,35.0
2.2259184109279886,-120.0,536.6804785838665,-106.40644766715292,-1.0842490842490804,35.0
2.2302203059662133,-120.0,536.2408918296254,-108.92494346992575,-0.9084249084249052,35.0
2.234592388034798,-120.0,535.7133877245366,-103.46820256391793,-0.146520146520146,35.0
2.2392255360027775,-120.0,535.2518216325836,-110.18419137131218,-0.3809523809523796,35.0
2.2441208279924467,-120.0,534.7243175274945,-104.72745046530436,-1.1428571428571388,35.0
2.2490441949339584,-120.0,534.1968134224054,-108.08544486900148,-0.6739926739926716,35.0
2.2535738189471886,-120.0,533.6693093173163,-105.56694906622863,-0.0879120879120876,35.0
2.2598555180011317,-120.0,533.1198258745151,-103.88795186438007,-0.73260073260073,35.0
2.264122530934401,-120.0,532.5923217694261,-103.46820256391793,-1.1428571428571388,35.0
2.269055220996961,-120.0,532.0428383266249,-107.24594626807719,-0.3223443223443212,35.0
2.273629807983525,-120.0,531.5153342215358,-107.66569556853933,-0.2637362637362628,35.0
2.2800544489873573,-120.0,530.9878301164467,-112.70268717408501,-1.025641025641022,35.0
2.2809097189456224,-120.0,530.7680367393262,-112.28293787362287,-1.2014652014651972,35.0
2.2851380379870534,-120.0,530.3284499850854,-105.56694906622863,-0.5567765567765548,35.0
2.289987060939893,-120.0,529.8009458799963,-105.56694906622863,-0.0293040293040292,35.0
2.294247302925214,-120.0,529.3613591257554,-108.92494346992575,-0.6153846153846132,35.0
2.2985560239758343,-120.0,528.8338550206662,-103.0484532634558,-1.0842490842490804,35.0
2.303125496953726,-120.0,528.3722889287133,-110.60394067177431,-0.4981684981684964,35.0
2.308024383033626,-120.0,527.8667641613363,-108.50519416946362,-0.0293040293040292,35.0
2.3128856669645756,-120.0,527.3392600562472,-109.76444207085004,-0.8498168498168468,35.0
2.317129621980712,-120.0,526.8776939642942,-108.08544486900148,-1.025641025641022,35.0
2.3241149130044505,-120.0,526.1084171443728,-107.66569556853933,0.0293040293040292,35.0
2.326225933036767,-120.0,525.9106031049643,-106.82619696761506,-0.0879120879120876,35.0
2.330496903974563,-120.0,525.4490370130113,-108.92494346992575,-0.7912087912087884,35.0
2.3348991009406745,-120.0,524.9215329079223,-107.66569556853933,-1.025641025641022,35.0
2.3397847099695355,-120.0,524.3940288028331,-106.82619696761506,-0.2637362637362628,35.0
2.3462113389978185,-120.0,523.866524697744,-104.30770116484221,-0.3223443223443212,35.0
2.349006657022983,-120.0,523.3829792680791,-110.18419137131218,-0.9670329670329636,35.0
2.353816310991533,-120.0,522.85547516299,-107.66569556853933,-0.8498168498168468,35.0
2.3601893909508362,-120.0,522.3499503956131,-110.18419137131218,-0.0879120879120876,35.0
2.364487251965329,-120.0,521.8004669528118,-111.86318857316074,-0.4981684981684964,35.0
2.369279357022606,-120.0,521.2290041722987,-108.50519416946362,-1.2014652014651972,35.0
2.374038754031062,-120.0,520.6795207294974,-108.08544486900148,-0.439560439560438,35.0
2.3787895309505984,-120.0,520.1520166244085,-110.18419137131218,-0.0293040293040292,35.0
2.385227098944597,-120.0,519.6245125193194,-110.18419137131218,-0.9670329670329636,35.0
2.3894841379951686,-120.0,519.0530497388063,-108.08544486900148,-0.8498168498168468,35.0
2.393963995971717,-120.0,518.503566296005,-108.08544486900148,-0.0293040293040292,35.0
2.398716890020296,-120.0,518.0200208663399,-105.98669836669077,-0.4981684981684964,35.0
2.405183580936864,-120.0,517.4705374235388,-108.92494346992575,-1.2014652014651972,35.0
2.4079573180060834,-120.0,517.0089713315858,-105.14719976576649,-0.5567765567765548,35.0
2.4127017179271206,-120.0,516.4814672264966,-108.92494346992575,-0.0879120879120876,35.0
2.417008691933006,-120.0,516.0199011345437,-109.76444207085004,-0.5567765567765548,35.0
2.4218393879709765,-120.0,515.4923970294547,-107.66569556853933,-1.2014652014651972,35.0
2.4282254159916192,-120.0,514.9868722620777,-107.24594626807719,-0.439560439560438,35.0
2.432525118929334,-120.0,514.4593681569885,-109.3446927703879,-0.0879120879120876,35.0
2.4369886480271816,-120.0,513.8879053764754,-105.14719976576649,-0.9670329670329636,35.0
2.44173302303534,-120.0,513.3823806090984,-106.40644766715292,-0.7912087912087884,35.0
2.445986649952829,-120.0,512.9427938548573,-107.66569556853933,-0.2637362637362628,35.0
2.452802035957575,-120.0,512.1735170349359,-111.02368997223645,-0.6739926739926716,35.0
2.4570805579423904,-120.0,511.8658063069672,-105.56694906622863,-1.0842490842490804,35.0
2.4620136389276013,-120.0,511.2284055133179,-106.82619696761506,-0.439560439560438,35.0
2.464180569979362,-120.0,510.98663279848535,-107.66569556853933,-0.146520146520146,35.0
2.4684936120174825,-120.0,510.54704604424455,-108.92494346992575,-0.2051282051282044,35.0
2.4727097769500688,-120.0,510.01954193915543,-103.88795186438007,-1.025641025641022,35.0
2.478985555935651,-120.0,509.47005849635417,-107.66569556853933,-0.73260073260073,35.0
2.4832253989297897,-120.0,508.9205750535532,-106.82619696761506,-0.0293040293040292,35.0
2.488020841963589,-120.0,508.41505028617615,-109.76444207085004,-0.6153846153846132,35.0
2.4931654089596123,-120.0,507.86556684337495,-108.92494346992575,-1.1428571428571388,35.0
2.49851469299756,-120.0,507.3380627382858,-108.92494346992575,-0.439560439560438,35.0
2.5027925230097026,-120.0,506.7885792954848,-105.14719976576649,-0.146520146520146,35.0
0.00020138302352279425,240.0,424.4539802261631,1.0493732511553502,-0.2051282051282044,35.0
0.0002501570852473378,240.0,424.4539802261631,2.7283704530039103,-0.2637362637362628,35.0
0.000277145067229867,240.0,424.4539802261631,1.0493732511553502,-0.2051282051282044,35.0
0.00030001800041645765,240.0,424.475959563875,2.7283704530039103,-0.146520146520146,35.0
0.0003223320236429572,240.0,424.475959563875,4.407367654852471,-0.2051282051282044,35.0
0.0003441460430622101,240.0,424.475959563875,-1.8888718520796304,-0.0879120879120876,35.0
0.00036477006506174803,240.0,424.4979389015871,1.4691225516174902,-0.0879120879120876,35.0
0.0003874390386044979,240.0,424.4979389015871,4.407367654852471,-0.0293040293040292,35.0
0.00040910509414970875,240.0,424.4979389015871,-2.3086211525417704,-0.0879120879120876,35.0
0.0004301030421629548,240.0,424.4979389015871,1.4691225516174902,-0.0293040293040292,35.0
0.0012027380289509892,240.0,424.5199182392992,0.20987465023107005,-0.0879120879120876,35.0
0.0029762580525130033,240.0,424.5418975770111,4.827116955314611,3.897435897435912,35.0
0.005233424017205834,240.0,424.5858562524352,17.41959596917881,3.780219780219795,35.0
0.009549191105179489,240.0,424.73971161641964,44.70330049921812,3.9560439560439704,35.0
0.014376525999978185,240.0,425.06940168210025,69.46850922648439,3.7216117216117084,35.0
0.019530549994669855,240.0,425.50898843634127,87.51772914635661,3.487179487179475,35.0
0.02435431000776589,240.0,426.01451320371825,110.18419137131218,2.490842490842482,35.0
0.028887031017802656,240.0,426.60795532194356,126.1346647888735,2.490842490842482,35.0
0.035212147049605846,240.0,427.31129412872883,142.08513820643503,2.2564102564102484,35.0
0.03942357504274696,240.0,428.0805709486507,155.5171158212235,1.4945054945054892,35.0
0.04441943601705134,240.0,428.89380644399637,166.85034693370127,1.9633699633699564,35.0
0.046607779106125236,240.0,429.267455185101,166.43059763323916,1.8461538461538396,35.0
0.0508558820001781,240.0,429.94881465417456,173.56633574109554,1.0842490842490804,35.0
0.05728019401431084,240.0,431.223616241473,187.83781195680828,1.4358974358974308,35.0
0.05943227803800255,240.0,431.57528564486574,187.41806265634614,1.0842490842490804,35.0
0.063729576067999,240.0,432.3665418024995,190.77605706004348,1.2600732600732556,35.0
0.0680205300450325,240.0,433.35561199954157,197.07229656697558,0.9084249084249052,35.0
0.072257213992998,240.0,434.1468681571751,205.04753327575625,1.0842490842490804,35.0
0.07701376208569854,240.0,435.20187636735335,202.5290374729834,0.7912087912087884,35.0
0.08231311501003802,240.0,436.23490523981945,210.50427418176406,1.0842490842490804,35.0
0.08673916605766863,240.0,437.26793411228556,212.1832713836126,0.6153846153846132,35.0
0.09091973409522325,240.0,438.1471076207674,218.0597615900826,0.9084249084249052,35.0
0.09936175204347819,240.0,439.6197232474743,217.64001228962044,0.4981684981684964,35.0
0.10020047705620527,240.0,440.08128933942726,217.64001228962044,0.9084249084249052,35.0
0.10443575808312744,240.0,440.9824421856212,217.2202629891583,0.6153846153846132,35.0
0.10932131600566208,240.0,442.0814090712235,221.83750529424185,0.9670329670329636,35.0
0.1142229710239917,240.0,443.1364172814017,220.15850809239328,0.2637362637362628,35.0
0.1184570100158453,240.0,444.0375701275955,223.93625179655254,1.025641025641022,35.0
0.12343729904387146,240.0,445.2024750263339,219.73875879193113,0.146520146520146,35.0
0.12824821402318776,240.0,446.27946257422406,221.4177559937797,1.0842490842490804,35.0
0.13340441009495407,240.0,447.40040879753843,220.57825739285542,0.3809523809523796,35.0
0.1382210130104795,240.0,448.49937568314067,220.57825739285542,0.6739926739926716,35.0
0.1447894610464573,240.0,449.6642805818791,220.99800669331756,0.8498168498168468,35.0
0.14895891409832984,240.0,450.6973094543452,216.80051368869616,0.2637362637362628,35.0
0.1532961040502414,240.0,451.86221435308363,220.57825739285542,1.1428571428571388,35.0
0.15820298704784364,240.0,452.91722256326165,223.93625179655254,0.2051282051282044,35.0
0.16242484899703413,240.0,453.81837540945565,224.35600109701468,1.0842490842490804,35.0
0.16729858005419374,240.0,454.96130097048194,216.80051368869616,0.2637362637362628,35.0
0.1719586590770632,240.0,456.0822471937963,222.257254594704,0.73260073260073,35.0
0.17433122103102505,240.0,456.49985461032503,223.93625179655254,0.0879120879120876,35.0
0.17861902306322008,240.0,457.401007456519,224.77575039747683,1.0842490842490804,35.0
0.18282211699988693,240.0,458.3680983158489,222.257254594704,0.2051282051282044,35.0
0.191212575067766,240.0,460.12644533281264,225.6152489984011,0.3809523809523796,35.0
0.19335068808868527,240.0,460.78582546417385,225.6152489984011,0.4981684981684964,35.0
0.19759710505604744,240.0,461.752916323504,225.6152489984011,0.8498168498168468,35.0
0.2061810790328309,240.0,463.4892840027556,223.5165024960904,0.9670329670329636,35.0
0.20841151801869273,240.0,463.90689141928425,226.03499829886323,0.3809523809523796,35.0
0.21162048308178782,240.0,464.8739822786144,225.6152489984011,0.7912087912087884,35.0
0.21624581306241453,240.0,465.9289904887924,223.5165024960904,0.2051282051282044,35.0
0.22136756603140384,240.0,467.0719160498189,223.93625179655254,1.1428571428571388,35.0
0.22638033900875598,240.0,468.2148416108452,226.03499829886323,0.2051282051282044,35.0
0.2309094270458445,240.0,469.29182915873537,223.09675319562825,0.8498168498168468,35.0
0.23328645201399922,240.0,469.7533952506883,219.319009491469,0.2051282051282044,35.0
0.23756332299672067,240.0,470.6765274345942,224.77575039747683,0.8498168498168468,35.0
0.24220187205355614,240.0,471.75351498248455,226.03499829886323,0.0293040293040292,35.0
0.24927671602927148,240.0,473.358006635464,221.83750529424185,0.4981684981684964,35.0
0.2514697910519317,240.0,473.77561405199293,223.5165024960904,0.146520146520146,35.0
0.2557133421069011,240.0,474.67676689818666,221.4177559937797,1.2014652014651972,35.0
0.260180541081354,240.0,475.7977131215011,224.77575039747683,0.0879120879120876,35.0
0.26448710809927434,240.0,476.6988659676948,224.77575039747683,1.1428571428571388,35.0
0.2688088670838624,240.0,477.6439774893129,226.45474759932537,0.146520146520146,35.0
0.27322275401093066,240.0,478.720965037203,226.03499829886323,0.9084249084249052,35.0
0.27825890004169196,240.0,479.84191126051735,227.29424620024966,0.4981684981684964,35.0
0.2830550770740956,240.0,481.0068161592558,221.83750529424185,0.439560439560438,35.0
0.2893910499988124,240.0,482.1057830448581,222.6770038951661,0.9670329670329636,35.0
0.29363036900758743,240.0,483.24870860588436,226.03499829886323,0.0879120879120876,35.0
0.2982709649950266,240.0,484.36965482919857,225.6152489984011,1.0842490842490804,35.0
0.3005063480231911,240.0,484.8092415834396,220.15850809239328,0.3809523809523796,35.0
0.30481500807218254,240.0,485.71039442963337,226.03499829886323,0.6153846153846132,35.0
0.3093188120983541,240.0,486.8752993283718,224.35600109701468,0.2637362637362628,35.0
0.3141643770504743,240.0,487.9522868762621,226.87449689978752,0.9670329670329636,35.0
0.3184269980993122,240.0,488.875419060168,226.45474759932537,0.2051282051282044,35.0
0.3253691931022331,240.0,490.4579313754351,223.5165024960904,0.4981684981684964,35.0
0.32750415802001953,240.0,490.87553879196406,223.5165024960904,0.146520146520146,35.0
0.3316750410012901,240.0,491.7986709758699,223.93625179655254,1.0842490842490804,35.0
0.3361924580531195,240.0,492.8756585237601,224.35600109701468,0.146520146520146,35.0
0.341278100037016,240.0,494.0185840847866,221.4177559937797,0.9670329670329636,35.0
0.34632720705121756,240.0,495.13953030810075,223.93625179655254,0.6153846153846132,35.0
0.35085332905873656,240.0,496.2604765314151,225.19549969793897,0.439560439560438,35.0
0.35321818699594587,240.0,496.700063285656,224.77575039747683,0.2051282051282044,35.0
0.35747929103672504,240.0,497.6012161318499,225.6152489984011,1.1428571428571388,35.0
0.3622668090974912,240.0,498.72216235516413,226.87449689978752,0.3223443223443212,35.0
0.3665796190034598,240.0,499.64529453907,224.35600109701468,1.025641025641022,35.0
0.37081609305460006,240.0,500.7442614246723,226.45474759932537,0.4981684981684964,35.0
0.37738246901426464,240.0,501.8432283102745,226.87449689978752,0.6153846153846132,35.0
0.38168680807575583,240.0,503.0301125467251,223.09675319562825,0.9084249084249052,35.0
0.3861679370747879,240.0,504.1071000946152,226.03499829886323,0.2051282051282044,35.0
0.3904762020101771,240.0,505.0302322785211,226.45474759932537,0.9670329670329636,35.0
0.39539528801105917,240.0,506.1731578395474,220.15850809239328,0.146520146520146,35.0
0.40024450107011944,240.0,507.2501453874378,219.73875879193113,0.9670329670329636,35.0
0.404499362106435,240.0,508.1512982336315,221.83750529424185,0.2051282051282044,35.0
0.40890324709471315,240.0,509.0744304175374,225.6152489984011,1.1428571428571388,35.0
0.41322014399338514,240.0,510.17339730313967,221.83750529424185,0.2051282051282044,35.0
0.41825553809758276,240.0,511.3163228641662,226.03499829886323,0.6739926739926716,35.0
0.4230182860046625,240.0,512.4592484251925,227.29424620024966,0.8498168498168468,35.0
0.4294362399959937,240.0,513.5362359730826,224.77575039747683,0.2637362637362628,35.0
0.4336500450735912,240.0,514.6352028586849,220.57825739285542,1.0842490842490804,35.0
0.43576543510425836,240.0,515.1407276260619,226.87449689978752,0.6739926739926716,35.0
0.44019044504966587,240.0,516.0199011345437,223.93625179655254,0.4981684981684964,35.0
0.4445170630933717,240.0,517.096888682434,223.09675319562825,0.4981684981684964,35.0
0.4492595900082961,240.0,518.2617935811725,224.77575039747683,0.8498168498168468,35.0
0.45431390299927443,240.0,519.404719142199,226.87449689978752,0.0293040293040292,35.0
0.458832708070986,240.0,520.5036860278012,226.45474759932537,1.0842490842490804,35.0
0.46513845201116055,240.0,521.6685909265395,229.39299270256035,0.3223443223443212,35.0
0.4694356650579721,240.0,522.7675578121417,223.5165024960904,0.6739926739926716,35.0
0.47417426807805896,240.0,523.8885040354561,225.6152489984011,0.73260073260073,35.0
0.4763452870538458,240.0,524.328090789697,226.87449689978752,1.1428571428571388,35.0
0.480637890053913,240.0,525.229243635891,226.03499829886323,0.0879120879120876,35.0
0.48488438106141984,240.0,526.1743551575088,223.93625179655254,1.1428571428571388,35.0
0.489139044075273,240.0,527.273322043111,219.73875879193113,0.2051282051282044,35.0
0.4942086749942973,240.0,528.4162476041375,222.6770038951661,0.7912087912087884,35.0
0.4990401220275089,240.0,529.5591731651638,227.29424620024966,0.73260073260073,35.0
0.5055941140744835,240.0,530.6801193884781,225.19549969793897,0.2051282051282044,35.0
0.509863687097095,240.0,531.7571069363684,226.87449689978752,1.0842490842490804,35.0
0.514241015072912,240.0,532.9000324973946,221.83750529424185,0.0879120879120876,35.0
0.5189021540572867,240.0,534.0429580584209,226.45474759932537,0.9670329670329636,35.0
0.5210613990202546,240.0,534.4605654749498,224.77575039747683,0.2051282051282044,35.0
0.5253074510255828,240.0,535.3397389834317,226.03499829886323,0.9084249084249052,35.0
0.530230651027523,240.0,536.482664544458,223.5165024960904,-0.0293040293040292,35.0
0.5366656390251592,240.0,537.6475694431964,223.09675319562825,1.2014652014651972,35.0
0.5409146430902183,240.0,538.7465363287987,224.35600109701468,0.2051282051282044,35.0
0.5451516060857102,240.0,539.845503214401,227.7139955007118,0.8498168498168468,35.0
0.5515687090810388,240.0,540.9884287754272,226.45474759932537,0.73260073260073,35.0
0.5557823380222544,240.0,542.1093749987416,223.93625179655254,0.2051282051282044,35.0
0.5603672770084813,240.0,543.252300559768,227.29424620024966,1.2600732600732556,35.0
0.5652407690649852,240.0,544.3512674453702,225.19549969793897,0.2637362637362628,35.0
0.5674389700870961,240.0,544.7908541996112,228.5534941016361,0.7912087912087884,35.0
0.5717395740794018,240.0,545.692007045805,223.93625179655254,0.4981684981684964,35.0
0.5761282240273431,240.0,546.8129532691194,227.29424620024966,0.8498168498168468,35.0
0.582485193037428,240.0,547.9558788301457,221.4177559937797,0.0293040293040292,35.0
0.5867558440659195,240.0,549.0328663780358,223.5165024960904,1.2014652014651972,35.0
0.5909227500669658,240.0,549.9340192242298,224.35600109701468,0.0879120879120876,35.0
0.5950883000623435,240.0,550.8351720704236,221.4177559937797,1.1428571428571388,35.0
0.599426098051481,240.0,552.000076969162,225.19549969793897,0.146520146520146,35.0
0.6042935920413584,240.0,553.0990438547642,223.5165024960904,0.9084249084249052,35.0
0.6092066060518846,240.0,554.1980107403665,224.35600109701468,0.6153846153846132,35.0
0.6143051100661978,240.0,555.3409363013928,221.4177559937797,0.3223443223443212,35.0
0.6193807570962235,240.0,556.4838618624191,227.7139955007118,1.025641025641022,35.0
0.6241210260195658,240.0,557.5608494103095,226.45474759932537,0.0879120879120876,35.0
0.6262182700447738,240.0,558.0443948399743,225.6152489984011,0.6153846153846132,35.0
0.6333479000022635,240.0,559.6269071552416,226.87449689978752,0.0879120879120876,35.0
0.6355160750681534,240.0,560.0445145717706,223.5165024960904,0.8498168498168468,35.0
0.6397375609958544,240.0,560.9676467556765,224.35600109701468,0.3809523809523796,35.0
0.6442609060322866,240.0,562.1105723167028,226.87449689978752,1.025641025641022,35.0
0.6493298810673878,240.0,563.2534978777293,226.03499829886323,0.0293040293040292,35.0
0.654153716051951,240.0,564.3744441010437,227.29424620024966,1.0842490842490804,35.0
0.6583828011061996,240.0,565.2316382718134,220.15850809239328,0.0879120879120876,35.0
0.6626831931062043,240.0,566.1767497934314,226.87449689978752,1.2014652014651972,35.0
0.6669591080863029,240.0,567.2757166790336,221.83750529424185,0.146520146520146,35.0
0.6712615550495684,240.0,568.1988488629396,220.57825739285542,1.0842490842490804,35.0
0.6762581020593643,240.0,569.3197950862537,224.35600109701468,0.3223443223443212,35.0
0.6813086339971051,240.0,570.4627206472802,222.257254594704,0.4981684981684964,35.0
0.6861709670629352,240.0,571.5397081951704,224.35600109701468,0.9084249084249052,35.0
0.690407672082074,240.0,572.4628403790763,223.93625179655254,0.3223443223443212,35.0
0.6954941130243242,240.0,573.6057659401025,222.6770038951661,0.9670329670329636,35.0
0.7003154270350933,240.0,574.726712163417,227.29424620024966,0.0879120879120876,35.0
0.7052835820941254,240.0,575.8256790490192,224.35600109701468,1.0842490842490804,35.0
0.7101499860873446,240.0,576.9246459346215,222.6770038951661,0.439560439560438,35.0
0.7123336720978841,240.0,577.4301707019985,227.29424620024966,1.0842490842490804,35.0
0.7193024239968508,240.0,578.9687243418417,227.29424620024966,0.6153846153846132,35.0
0.7214751091087237,240.0,579.4302904337947,225.19549969793897,1.1428571428571388,35.0
0.7258067940128967,240.0,580.3534226177006,223.5165024960904,-0.0293040293040292,35.0
0.7302649900084361,240.0,581.4523895033028,225.6152489984011,1.1428571428571388,35.0
0.7354582080151886,240.0,582.6172944020411,222.6770038951661,0.2637362637362628,35.0
0.7402643330860883,240.0,583.7162612876433,224.77575039747683,0.6739926739926716,35.0
0.7452065920224413,240.0,584.8152281732456,225.6152489984011,0.73260073260073,35.0
0.7502577850827947,240.0,585.980133071984,222.6770038951661,0.146520146520146,35.0
0.7524211070267484,240.0,586.3977404885129,223.93625179655254,0.2637362637362628,35.0
0.7567157610319555,240.0,587.2988933347067,224.77575039747683,1.025641025641022,35.0
0.7611976090120152,240.0,588.4198395580211,225.6152489984011,0.439560439560438,35.0
0.7664207920897752,240.0,589.5627651190474,225.19549969793897,0.3223443223443212,35.0
0.7713159261038527,240.0,590.6617320046496,227.29424620024966,0.9084249084249052,35.0
0.7762038760120049,240.0,591.7826782279641,223.5165024960904,-0.0293040293040292,35.0
0.7812315550399944,240.0,592.9036244512785,226.03499829886323,1.1428571428571388,35.0
0.7863362990319729,240.0,594.0245706745926,228.13374480117395,0.3809523809523796,35.0
0.7884692450752482,240.0,594.4861367665455,223.93625179655254,1.0842490842490804,35.0
0.792700982070528,240.0,595.3872896127396,222.6770038951661,0.2637362637362628,35.0
0.7973364740610123,240.0,596.5082358360537,227.7139955007118,1.1428571428571388,35.0
0.8022769400849938,240.0,597.6291820593681,227.29424620024966,0.0879120879120876,35.0
0.8065950890304521,240.0,598.5083555678499,224.77575039747683,1.2014652014651972,35.0
0.8108634490054101,240.0,599.4534670894677,223.09675319562825,0.0293040293040292,35.0
0.8131608490366489,240.0,600.0908678831171,224.77575039747683,0.7912087912087884,35.0
0.8182401100639254,240.0,601.2337934441435,222.257254594704,0.0293040293040292,35.0
0.8229518700391054,240.0,602.3986983428817,227.29424620024966,1.0842490842490804,35.0
0.829262251034379,240.0,603.45370655306,225.19549969793897,0.0879120879120876,35.0
0.8335735610453412,240.0,604.6186114517984,226.03499829886323,0.6739926739926716,35.0
0.8382760870736092,240.0,605.7835163505368,226.45474759932537,0.6739926739926716,35.0
0.8404408530332148,240.0,606.2231031047777,225.6152489984011,1.1428571428571388,35.0
0.8425998720340431,240.0,606.6626898590187,227.7139955007118,0.439560439560438,35.0
0.8469531830633059,240.0,607.8056154200452,228.5534941016361,0.9084249084249052,35.0
0.8533017809968442,240.0,608.8826029679353,222.257254594704,0.0293040293040292,35.0
0.8575558380689472,240.0,610.0255285289617,225.6152489984011,1.2014652014651972,35.0
0.8597124260850251,240.0,610.5090739586267,222.257254594704,0.3809523809523796,35.0
0.8640485660871491,240.0,611.3882474671086,223.93625179655254,0.5567765567765548,35.0
0.8682566100033,240.0,612.4872143527108,224.77575039747683,0.2637362637362628,35.0
0.8734315210022032,240.0,613.6521192514492,223.5165024960904,1.1428571428571388,35.0
0.8782271440140903,240.0,614.7291067993394,225.6152489984011,0.0293040293040292,35.0
0.8833856320707127,240.0,615.8940116980779,227.7139955007118,1.025641025641022,35.0
0.8882510360563174,240.0,616.99297858368,225.19549969793897,0.3809523809523796,35.0
0.8932873050216585,240.0,618.0919454692823,224.35600109701468,0.439560439560438,35.0
0.898262700997293,240.0,619.2568503680208,226.87449689978752,1.025641025641022,35.0
0.9004199980990961,240.0,619.6964371222616,226.87449689978752,1.025641025641022,35.0
0.904684380046092,240.0,620.5975899684556,225.19549969793897,0.146520146520146,35.0
0.9110385020030662,240.0,622.1581229460107,224.77575039747683,0.0879120879120876,35.0
0.9133802250726148,240.0,622.6416683756756,222.257254594704,0.3223443223443212,35.0
0.9176515680737793,240.0,623.5208418841574,225.6152489984011,0.9670329670329636,35.0
0.9222721480764449,240.0,624.6417881074718,225.19549969793897,0.4981684981684964,35.0
0.927471837028861,240.0,625.8066930062103,221.83750529424185,0.3223443223443212,35.0
0.9323246530257165,240.0,626.9276392295245,226.45474759932537,1.025641025641022,35.0
0.9372044610790908,240.0,628.0266061151267,221.4177559937797,0.0293040293040292,35.0
0.9393429360352457,240.0,628.4881722070797,223.93625179655254,0.5567765567765548,35.0
0.9462633531074971,240.0,630.026725846923,226.03499829886323,0.0879120879120876,35.0
0.9483970670262352,240.0,630.4882919388759,225.19549969793897,0.6153846153846132,35.0
0.952672133105807,240.0,631.3894447850697,223.09675319562825,0.4981684981684964,35.0
0.9572407010709867,240.0,632.5103910083841,221.4177559937797,0.9084249084249052,35.0
0.9622503611026332,240.0,633.6313372316982,222.6770038951661,-0.0293040293040292,35.0
0.9671516860835254,240.0,634.7522834550126,225.6152489984011,1.2600732600732556,35.0
0.9722629761090502,240.0,635.8732296783269,229.39299270256035,0.0879120879120876,35.0
0.9744029151042923,240.0,636.3128164325678,226.87449689978752,0.9670329670329636,35.0
0.9786303840810433,240.0,637.2139692787616,225.19549969793897,0.3223443223443212,35.0
0.9828429670305923,240.0,638.1151221249556,225.6152489984011,0.73260073260073,35.0
0.9871798970270902,240.0,639.2360683482698,227.29424620024966,0.0879120879120876,35.0
0.9914310280000791,240.0,640.1372211944638,223.5165024960904,0.9084249084249052,35.0
0.9981761811068282,240.0,641.7197335097309,224.77575039747683,0.3809523809523796,35.0
1.0003052070969716,240.0,642.1812996016838,226.45474759932537,1.025641025641022,35.0
1.0045589840738103,240.0,643.0824524478778,223.09675319562825,0.146520146520146,35.0
1.009383640019223,240.0,644.225378008904,227.7139955007118,1.2600732600732556,35.0
1.014226600062102,240.0,645.3463242322185,224.77575039747683,0.146520146520146,35.0
1.0184851890662685,240.0,646.2914357538363,226.87449689978752,1.1428571428571388,35.0
1.0231787430820987,240.0,647.3684233017267,222.6770038951661,0.2637362637362628,35.0
1.027407199027948,240.0,648.2915554856326,223.5165024960904,0.9670329670329636,35.0
1.0316488280659541,240.0,649.1927083318263,221.4177559937797,0.0879120879120876,35.0
1.0382032160414383,240.0,650.7532413093815,222.6770038951661,0.0879120879120876,35.0
1.0402991670416668,240.0,651.2148074013345,224.35600109701468,0.3223443223443212,35.0
1.0445361280580983,240.0,652.1159602475284,223.93625179655254,0.9670329670329636,35.0
1.0493576470762491,240.0,653.2369064708428,227.7139955007118,0.5567765567765548,35.0
1.0541745621012524,240.0,654.3358733564451,220.57825739285542,0.439560439560438,35.0
1.058414532104507,240.0,655.2370262026388,226.03499829886323,0.73260073260073,35.0
1.0626472290605307,240.0,656.1601583865449,223.93625179655254,0.5567765567765548,35.0
1.0675438900943846,240.0,657.3250632852831,224.77575039747683,1.025641025641022,35.0
1.0722722820937634,240.0,658.3800714954614,223.09675319562825,0.0879120879120876,35.0
1.0773002760251984,240.0,659.5449763941998,224.35600109701468,1.1428571428571388,35.0
1.082233872031793,240.0,660.6659226175142,225.6152489984011,0.2051282051282044,35.0
1.0869325670646504,240.0,661.7868688408283,225.19549969793897,0.6739926739926716,35.0
1.0932585070841014,240.0,662.8418770510066,226.03499829886323,0.6739926739926716,35.0
1.097480280091986,240.0,664.028761287457,221.4177559937797,0.2637362637362628,35.0
1.099630130105652,240.0,664.4683480416979,226.03499829886323,0.2051282051282044,35.0
1.1038508780766279,240.0,665.3695008878917,224.35600109701468,1.025641025641022,35.0
1.1083090290194377,240.0,666.5344057866301,226.45474759932537,0.4981684981684964,35.0
1.113222633022815,240.0,667.6113933345205,223.93625179655254,0.439560439560438,35.0
1.1181460180087015,240.0,668.7323395578347,225.6152489984011,0.9084249084249052,35.0
1.1223601760575548,240.0,669.6334924040286,221.83750529424185,0.3223443223443212,35.0
1.1270207520574331,240.0,670.776417965055,224.35600109701468,1.025641025641022,35.0
1.1334247330669314,240.0,671.8753848506573,225.6152489984011,0.0293040293040292,35.0
1.1376601390074939,240.0,673.0402897493957,220.15850809239328,1.025641025641022,35.0
1.1398018770851195,240.0,673.4578971659244,223.5165024960904,0.2051282051282044,35.0
1.1441018030745909,240.0,674.3810293498304,228.5534941016361,1.025641025641022,35.0
1.1483634940814227,240.0,675.4580168977205,226.87449689978752,0.0293040293040292,35.0
1.1532746020238847,240.0,676.622921796459,229.39299270256035,1.2600732600732556,35.0
1.1582984460983425,240.0,677.7438680197732,225.6152489984011,0.0879120879120876,35.0
1.1634312240639701,240.0,678.9087729185117,225.6152489984011,0.73260073260073,35.0
1.1682121130870655,240.0,679.985760466402,225.19549969793897,0.6739926739926716,35.0
1.1724259540205821,240.0,680.9088926503078,226.03499829886323,0.4981684981684964,35.0
1.177217022050172,240.0,682.0078595359101,227.29424620024966,0.9084249084249052,35.0
1.1823547889944166,240.0,683.1727644346486,224.35600109701468,0.0293040293040292,35.0
1.186817033099942,240.0,684.2717313202508,226.87449689978752,1.2014652014651972,35.0
1.191248091054149,240.0,685.1948635041567,222.257254594704,0.146520146520146,35.0
1.1962856240570545,240.0,686.3597684028949,227.7139955007118,1.025641025641022,35.0
1.2011875960743055,240.0,687.4367559507853,225.6152489984011,0.439560439560438,35.0
1.203399058082141,240.0,687.9203013804502,222.6770038951661,0.9670329670329636,35.0
1.2102247870061547,240.0,689.4588550202934,226.03499829886323,0.5567765567765548,35.0
1.2123899480793625,240.0,689.8984417745343,227.29424620024966,1.0842490842490804,35.0
1.2166688040597364,240.0,690.8215739584401,224.35600109701468,0.0293040293040292,35.0
1.2211341900983825,240.0,691.9205408440424,227.29424620024966,1.1428571428571388,35.0
1.22624126507435,240.0,693.0414870673568,225.19549969793897,0.3223443223443212,35.0
1.2312939220573753,240.0,694.184412628383,225.19549969793897,0.6739926739926716,35.0
1.2334183370694518,240.0,694.6239993826241,226.87449689978752,0.0879120879120876,35.0
1.2376412510639057,240.0,695.54713156653,225.6152489984011,1.0842490842490804,35.0
1.2422919020755216,240.0,696.6460984521323,223.93625179655254,0.0879120879120876,35.0
1.2468789310660213,240.0,697.7890240131587,226.87449689978752,0.9670329670329636,35.0
1.2532747860532254,240.0,698.8440322233367,224.35600109701468,0.4981684981684964,35.0
1.257516972022131,240.0,700.0309164597874,223.5165024960904,0.3809523809523796,35.0
1.2622503180755302,240.0,701.1298833453895,225.19549969793897,1.025641025641022,35.0
1.2665534340776503,240.0,702.0530155292955,223.09675319562825,0.3223443223443212,35.0
1.271470891078934,240.0,703.217920428034,223.09675319562825,1.0842490842490804,35.0
1.2762794030131772,240.0,704.294907975924,224.35600109701468,0.2051282051282044,35.0
1.2812192480778322,240.0,705.3938748615263,225.19549969793897,1.025641025641022,35.0
1.2862468850798905,240.0,706.5368004225526,223.09675319562825,0.4981684981684964,35.0
1.2925950360950083,240.0,707.701705321291,225.6152489984011,0.3223443223443212,35.0
1.2968343030661345,240.0,708.8006722068933,225.6152489984011,1.025641025641022,35.0
1.301152043044567,240.0,709.9216184302077,223.93625179655254,0.0293040293040292,35.0
1.303373311064206,240.0,710.3612051844485,223.93625179655254,0.5567765567765548,35.0
1.3076470110099763,240.0,711.2183993552183,225.6152489984011,0.8498168498168468,35.0
1.3143686749972403,240.0,712.8448703459096,225.19549969793897,1.2600732600732556,35.0
1.3165085370419547,240.0,713.2624777624385,226.45474759932537,0.6153846153846132,35.0
1.3207448120228946,240.0,714.1196719332082,222.6770038951661,0.5567765567765548,35.0
1.3252208360936493,240.0,715.2625974942346,222.6770038951661,0.3809523809523796,35.0
1.3303373020607978,240.0,716.405523055261,224.35600109701468,1.0842490842490804,35.0
1.334975372068584,240.0,717.5484486162874,226.03499829886323,0.0293040293040292,35.0
1.3414254951057956,240.0,718.6474155018896,229.39299270256035,1.1428571428571388,35.0
1.3456981850322336,240.0,719.7463823874918,227.7139955007118,0.3809523809523796,35.0
1.347828995087184,240.0,-719.7244030497799,228.5534941016361,1.025641025641022,35.0
1.3520698200445622,240.0,-718.845229541298,224.35600109701468,0.146520146520146,35.0
1.3562592650996521,240.0,-717.7242833179837,228.13374480117395,1.2014652014651972,35.0
1.361251154099591,240.0,-716.6033370946694,223.93625179655254,0.0879120879120876,35.0
1.3664267460117117,240.0,-715.4604115336431,222.6770038951661,0.8498168498168468,35.0
1.3709546060999855,240.0,-714.3394653103287,227.29424620024966,0.6153846153846132,35.0
1.3774173620622605,240.0,-713.2185190870143,226.45474759932537,0.2637362637362628,35.0
1.3816731000551954,240.0,-712.0755935259881,226.87449689978752,0.9670329670329636,35.0
1.3863213380100206,240.0,-710.9546473026737,224.35600109701468,0.0293040293040292,35.0
1.391360120032914,240.0,-709.8337010793593,222.257254594704,0.9670329670329636,35.0
1.3935723240720108,240.0,-709.3941143251186,224.77575039747683,0.2637362637362628,35.0
1.3978788860840723,240.0,-708.4929614789247,224.35600109701468,0.7912087912087884,35.0
1.4022046600002795,240.0,-707.4159739310345,219.73875879193113,0.146520146520146,35.0
1.4064621870638803,240.0,-706.4708624094164,223.5165024960904,0.9084249084249052,35.0
1.4108284650137648,240.0,-705.3718955238141,223.93625179655254,0.0293040293040292,35.0
1.419294051011093,240.0,-703.8333418839711,223.93625179655254,0.5567765567765548,35.0
1.420004720101133,240.0,-703.3717757920182,224.35600109701468,0.146520146520146,35.0
1.4242885010316968,240.0,-702.4266642704001,225.6152489984011,1.2014652014651972,35.0
1.4293264360167086,240.0,-701.3276973847978,224.35600109701468,0.2051282051282044,35.0
1.4342231129994616,240.0,-700.2067511614836,223.5165024960904,0.8498168498168468,35.0
1.4384267980931327,240.0,-699.2836189775777,222.6770038951661,0.439560439560438,35.0
1.4428969949949533,240.0,-698.1846520919754,225.6152489984011,0.6153846153846132,35.0
1.4471480950014666,240.0,-697.2615199080695,223.5165024960904,0.5567765567765548,35.0
1.4522047070786357,240.0,-696.1405736847552,225.6152489984011,0.3809523809523796,35.0
1.456911774002947,240.0,-694.9976481237288,230.65224060394678,0.9670329670329636,35.0
1.4633134891046211,240.0,-693.8767019004146,225.19549969793897,0.0293040293040292,35.0
1.4675425890600309,240.0,-692.7557556771002,221.4177559937797,1.1428571428571388,35.0
1.4722763430327177,240.0,-691.6348094537859,221.4177559937797,0.3223443223443212,35.0
1.477270124014467,240.0,-690.5138632304717,220.15850809239328,0.4981684981684964,35.0
1.4823127980343997,240.0,-689.4148963448694,223.5165024960904,0.8498168498168468,35.0
1.4845157660311088,240.0,-688.9533302529164,220.57825739285542,1.0842490842490804,35.0
1.4887626310810447,240.0,-688.0961360821466,221.83750529424185,0.0879120879120876,35.0
1.4934444660320878,240.0,-686.9312311834082,223.93625179655254,0.9670329670329636,35.0
1.4981916029937565,240.0,-685.8542436355181,216.380764388234,0.5567765567765548,35.0
1.5025128410197794,240.0,-684.9311114516121,225.19549969793897,0.7912087912087884,35.0
1.5068836290156469,240.0,-683.8101652282977,223.09675319562825,0.73260073260073,35.0
1.5132118030451238,240.0,-682.7331776804075,224.35600109701468,0.3223443223443212,35.0
1.5174697861075401,240.0,-681.5682727816692,222.257254594704,1.1428571428571388,35.0
1.5224261990515515,240.0,-680.4033678829308,222.6770038951661,0.0879120879120876,35.0
1.5274555051000789,240.0,-679.2604423219044,229.8127420030225,0.8498168498168468,35.0
1.5322345400927588,240.0,-678.1834547740142,224.35600109701468,0.5567765567765548,35.0
1.537249228102155,240.0,-677.0405292129878,226.03499829886323,0.3809523809523796,35.0
1.542288979049772,240.0,-675.8976036519615,228.97324340209823,0.9084249084249052,35.0
1.5444284580880776,240.0,-675.4360375600086,227.7139955007118,0.9084249084249052,35.0
1.5514370440505445,240.0,-673.8535252447413,223.09675319562825,1.1428571428571388,35.0
1.5536391501082107,240.0,-673.4359178282124,223.09675319562825,0.6739926739926716,35.0
1.5579530110117048,240.0,-672.5127856443065,226.45474759932537,0.439560439560438,35.0
1.5623248521005735,240.0,-671.3918394209921,223.93625179655254,0.439560439560438,35.0
1.5668684840202332,240.0,-670.2928725353898,225.6152489984011,0.9084249084249052,35.0
1.5732527640648186,240.0,-669.2378643252117,224.77575039747683,0.0879120879120876,35.0
1.5775041760643944,240.0,-668.0290007510492,222.6770038951661,1.1428571428571388,35.0
1.5796285350807011,240.0,-667.6113933345204,224.35600109701468,0.439560439560438,35.0
1.5838340090122074,240.0,-666.6882611506145,223.09675319562825,0.6153846153846132,35.0
1.58828121307306,240.0,-665.5892942650122,218.89926019100685,0.3809523809523796,35.0
1.593233730061911,240.0,-664.49032737941,221.83750529424185,1.025641025641022,35.0
1.5983078780118376,240.0,-663.3474018183836,224.77575039747683,0.0879120879120876,35.0
1.6029500650474802,240.0,-662.2044762573573,224.35600109701468,1.025641025641022,35.0
1.6093677351018414,240.0,-661.1494680471791,222.6770038951661,0.4981684981684964,35.0
1.6102370360167697,240.0,-660.6439432798021,227.7139955007118,1.025641025641022,35.0
1.617218567058444,240.0,-659.0834103022468,224.77575039747683,0.6153846153846132,35.0
1.619423046009615,240.0,-658.6438235480059,222.257254594704,1.1428571428571388,35.0
1.62375474604778,240.0,-657.742670701812,223.09675319562825,0.146520146520146,35.0
1.628282413003035,240.0,-656.5997451407857,228.5534941016361,1.1428571428571388,35.0
1.6333777650725096,240.0,-655.4787989174714,224.35600109701468,0.3223443223443212,35.0
1.6382635470945388,240.0,-654.3578526941571,223.93625179655254,0.6739926739926716,35.0
1.6429147960152477,240.0,-653.2149271331307,225.19549969793897,0.8498168498168468,35.0
1.6493394559947774,240.0,-652.1379395852405,219.73875879193113,0.2637362637362628,35.0
1.6535918270237744,240.0,-650.9950140242141,225.19549969793897,1.1428571428571388,35.0
1.6557076240424067,240.0,-650.5554272699732,225.19549969793897,0.6153846153846132,35.0
1.6598750510020182,240.0,-649.6762537614914,227.7139955007118,0.4981684981684964,35.0
1.6641811330337077,240.0,-648.7311422398734,222.257254594704,0.7912087912087884,35.0
1.6684352740412578,240.0,-647.6321753542712,223.5165024960904,0.6739926739926716,35.0
1.673398940009065,240.0,-646.511229130957,223.93625179655254,0.2637362637362628,35.0
1.6782611750531942,240.0,-645.3902829076425,222.6770038951661,1.0842490842490804,35.0
1.6833468989934772,240.0,-644.2693366843282,223.93625179655254,0.0293040293040292,35.0
1.6882304210448638,240.0,-643.170369798726,224.35600109701468,0.9670329670329636,35.0
1.6933339000679553,240.0,-642.0054648999876,223.09675319562825,0.5567765567765548,35.0
1.6981424130499363,240.0,-640.9284773520973,222.6770038951661,0.439560439560438,35.0
1.7003187290392816,240.0,-640.4229525847203,228.13374480117395,0.0879120879120876,35.0
1.7074103130726144,240.0,-638.818460931741,225.6152489984011,0.2051282051282044,35.0
1.7095855210209265,240.0,-638.4008535152121,227.7139955007118,0.146520146520146,35.0
1.7137924210401252,240.0,-637.4777213313063,228.13374480117395,1.025641025641022,35.0
1.7184083150932565,240.0,-636.3567751079919,226.45474759932537,0.4981684981684964,35.0
1.72327318508178,240.0,-635.2358288846776,221.4177559937797,0.5567765567765548,35.0
1.7283850960666314,240.0,-634.1148826613634,222.6770038951661,0.9084249084249052,35.0
1.7333190659992397,240.0,-632.9939364380491,222.257254594704,0.0293040293040292,35.0
1.7382592160720378,240.0,-631.8949695524468,223.09675319562825,1.0842490842490804,35.0
1.7425644770264626,240.0,-630.9718373685408,222.6770038951661,0.0879120879120876,35.0
1.7469227680703625,240.0,-629.8728704829385,227.29424620024966,1.025641025641022,35.0
1.7534442800097167,240.0,-628.7519242596243,228.13374480117395,0.439560439560438,35.0
1.7576870990451425,240.0,-627.63097803631,224.77575039747683,0.4981684981684964,35.0
1.7598003681050614,240.0,-627.1474326066449,220.57825739285542,0.0879120879120876,35.0
1.7640779979992658,240.0,-626.2902384358752,224.77575039747683,1.1428571428571388,35.0
1.770464521017857,240.0,-624.7297054583199,221.4177559937797,0.7912087912087884,35.0
1.7726137810386717,240.0,-624.268139366367,223.09675319562825,1.1428571428571388,35.0
1.776811592048034,240.0,-623.3889658578852,226.03499829886323,0.2051282051282044,35.0
1.781506434082985,240.0,-622.2460402968588,222.257254594704,1.025641025641022,35.0
1.786366889020428,240.0,-621.0811353981204,221.83750529424185,0.5567765567765548,35.0
1.7914750970667228,240.0,-620.0041478502302,225.19549969793897,0.4981684981684964,35.0
1.796373769058846,240.0,-618.8832016269159,224.77575039747683,0.9670329670329636,35.0
1.801285735098645,240.0,-617.7842347413136,225.6152489984011,0.2637362637362628,35.0
1.8062865640968084,240.0,-616.6632885179994,224.77575039747683,1.2014652014651972,35.0
1.8111828330438584,240.0,-615.5203629569729,221.83750529424185,0.3223443223443212,35.0
1.8142648719949648,240.0,-614.8829621633237,228.5534941016361,1.025641025641022,35.0
1.8193323900923133,240.0,-613.7400366022973,221.4177559937797,0.2051282051282044,35.0
1.822257898049429,240.0,-613.0806564709359,223.5165024960904,0.9084249084249052,35.0
1.8268665720243007,240.0,-611.9597102476216,223.93625179655254,0.146520146520146,35.0
1.8291907421080396,240.0,-611.5201234933807,223.09675319562825,0.5567765567765548,35.0
1.833397078095004,240.0,-610.5969913094748,224.77575039747683,0.6739926739926716,35.0
1.8382781500695273,240.0,-609.4980244238725,220.15850809239328,0.73260073260073,35.0
1.843466949998401,240.0,-608.3331195251341,224.35600109701468,0.2637362637362628,35.0
1.8482166420435533,240.0,-607.256131977244,222.257254594704,1.0842490842490804,35.0
1.8532478420529515,240.0,-606.1351857539296,222.6770038951661,0.146520146520146,35.0
1.8581399210961536,240.0,-605.0362188683273,223.93625179655254,0.9084249084249052,35.0
1.8623601190047339,240.0,-604.1130866844214,224.77575039747683,0.2637362637362628,35.0
1.8673797351075336,240.0,-602.948181785683,223.5165024960904,0.6739926739926716,35.0
1.8722094520926476,240.0,-601.8711942377929,227.29424620024966,0.6739926739926716,35.0
1.8772493780124933,240.0,-600.7502480144785,221.4177559937797,0.2051282051282044,35.0
1.8793599910568446,240.0,-600.3106612602377,223.09675319562825,0.2637362637362628,35.0
1.886230847099796,240.0,-598.7281489449704,223.93625179655254,0.0879120879120876,35.0
1.888337796088308,240.0,-598.2665828530174,224.35600109701468,0.439560439560438,35.0
1.892558434046805,240.0,-597.3434506691115,228.13374480117395,0.8498168498168468,35.0
1.8971816580742598,240.0,-596.2444837835093,228.13374480117395,0.5567765567765548,35.0
1.9022299200296402,240.0,-595.1015582224829,220.99800669331756,0.3809523809523796,35.0
1.9069723890861496,240.0,-593.9586326614565,223.93625179655254,0.9670329670329636,35.0
1.90925509610679,240.0,-593.5190459072156,227.29424620024966,0.9084249084249052,35.0
1.9135017280932516,240.0,-592.6178930610217,225.19549969793897,0.3223443223443212,35.0
1.91836246708408,240.0,-591.4969468377075,219.73875879193113,0.6153846153846132,35.0
1.9205828590784222,240.0,-591.0353807457545,226.45474759932537,0.0879120879120876,35.0
1.9253275600494817,240.0,-589.9144345224403,223.5165024960904,1.1428571428571388,35.0
1.9282102280994877,240.0,-589.2770337287909,220.99800669331756,0.0879120879120876,35.0
1.9349054610356688,240.0,-587.6725420758115,228.97324340209823,0.5567765567765548,35.0
1.9373138711089268,240.0,-587.2329553215707,220.99800669331756,0.0293040293040292,35.0
1.9415480120806023,240.0,-586.3318024753768,223.5165024960904,1.0842490842490804,35.0
1.9461068490054458,240.0,-585.2548149274867,226.03499829886323,0.0879120879120876,35.0
1.950397406006232,240.0,-584.3316827435807,222.6770038951661,1.2014652014651972,35.0
1.9546913240337744,240.0,-583.4525092350989,223.93625179655254,0.0879120879120876,35.0
1.9612947850255296,240.0,-581.8699969198316,220.57825739285542,0.439560439560438,35.0
1.9634401950752363,240.0,-581.4304101655907,220.99800669331756,0.146520146520146,35.0
1.967690937104635,240.0,-580.5292573193968,223.5165024960904,1.2014652014651972,35.0
1.972255656030029,240.0,-579.4083110960826,221.83750529424185,0.3223443223443212,35.0
1.9772795600583777,240.0,-578.2873648727682,224.77575039747683,0.9670329670329636,35.0
1.9824472430627793,240.0,-577.1444393117418,222.257254594704,0.7912087912087884,35.0
1.9869648170424625,240.0,-576.0674517638516,225.19549969793897,0.439560439560438,35.0
1.9934944660635665,240.0,-574.9245262028253,225.6152489984011,1.025641025641022,35.0
1.997754087089561,240.0,-573.825559317223,222.6770038951661,0.2637362637362628,35.0
1.9998895190656185,240.0,-573.342013887558,222.257254594704,0.73260073260073,35.0
2.0040992660215124,240.0,-572.4628403790763,226.45474759932537,0.6739926739926716,35.0
2.008416991098784,240.0,-571.363873493474,218.89926019100685,0.73260073260073,35.0
2.0126767370384187,240.0,-570.440741309568,223.93625179655254,0.439560439560438,35.0
2.01725328003522,240.0,-569.3197950862537,226.45474759932537,0.9084249084249052,35.0
2.022183428052813,240.0,-568.2208282006515,225.19549969793897,0.0879120879120876,35.0
2.0264581920346245,240.0,-567.3196753544576,221.4177559937797,0.9670329670329636,35.0
2.0314045200357214,240.0,-566.1767497934313,224.77575039747683,0.0879120879120876,35.0
2.0361551070818678,240.0,-565.099762245541,225.19549969793897,0.9670329670329636,35.0
2.040401917998679,240.0,-564.2205887370592,219.73875879193113,0.146520146520146,35.0
2.0468564750626683,240.0,-562.6160970840799,223.93625179655254,0.2051282051282044,35.0
2.049218984087929,240.0,-562.1765103298391,225.6152489984011,0.3223443223443212,35.0
2.053491488099098,240.0,-561.2753574836452,221.4177559937797,0.9084249084249052,35.0
2.058327730046585,240.0,-560.1324319226188,223.93625179655254,0.4981684981684964,35.0
2.0633398310746998,240.0,-558.9895063615925,226.45474759932537,0.439560439560438,35.0
2.068172837025486,240.0,-557.8905394759902,225.19549969793897,0.7912087912087884,35.0
2.072372641065158,240.0,-556.9893866297963,225.19549969793897,0.3809523809523796,35.0
2.077197144040838,240.0,-555.8244817310579,227.29424620024966,0.9670329670329636,35.0
2.082368917996064,240.0,-554.6815561700316,222.257254594704,0.2637362637362628,35.0
2.087219092063606,240.0,-553.6045686221413,225.19549969793897,0.9084249084249052,35.0
2.091484181000851,240.0,-552.6814364382354,226.87449689978752,0.2051282051282044,35.0
2.0956860780715942,240.0,-551.8022629297536,222.6770038951661,0.9670329670329636,35.0
2.099850145052187,240.0,-550.8571514081357,225.19549969793897,0.146520146520146,35.0
2.1041670941049233,240.0,-549.7801638602455,224.35600109701468,0.9084249084249052,35.0
2.1084154990967363,240.0,-548.9009903517637,223.09675319562825,0.2051282051282044,35.0
2.112701280042529,240.0,-547.9778581678577,220.57825739285542,1.025641025641022,35.0
2.117253459058702,240.0,-546.8569119445434,223.5165024960904,0.439560439560438,35.0
2.122287327074446,240.0,-545.7139863835171,225.19549969793897,0.5567765567765548,35.0
2.127328840084374,240.0,-544.5930401602027,225.6152489984011,0.9670329670329636,35.0
2.1321554250316694,240.0,-543.5160526123126,226.03499829886323,0.0879120879120876,35.0
2.137118660029955,240.0,-542.3731270512862,225.6152489984011,1.2600732600732556,35.0
2.1414141200948507,240.0,-541.4719742050924,225.6152489984011,0.146520146520146,35.0
2.1462874370627105,240.0,-540.3510279817781,226.45474759932537,1.025641025641022,35.0
2.1505553011083975,240.0,-539.4278957978721,226.03499829886323,0.2637362637362628,35.0
2.1553580770269036,240.0,-538.2849702368458,225.6152489984011,0.8498168498168468,35.0
2.1575232130708173,240.0,-537.8673628203169,223.09675319562825,0.3223443223443212,35.0
2.161802894086577,240.0,-536.9662099741231,225.19549969793897,0.8498168498168468,35.0
2.166340284049511,240.0,-535.8232844130966,224.35600109701468,0.146520146520146,35.0
2.1708377320319414,240.0,-534.7462968652064,224.35600109701468,1.0842490842490804,35.0
2.177127352100797,240.0,-533.6253506418922,222.257254594704,0.2637362637362628,35.0
2.1813507560873404,240.0,-532.4604457431537,226.03499829886323,0.6739926739926716,35.0
2.186290839104913,240.0,-531.3394995198395,224.77575039747683,0.73260073260073,35.0
2.1913599430117756,240.0,-530.2405326342372,218.89926019100685,0.146520146520146,35.0
2.1961665760027245,240.0,-529.1195864109229,223.93625179655254,1.0842490842490804,35.0
2.198324380093254,240.0,-528.65802031897,226.03499829886323,0.6153846153846132,35.0
2.205394674092531,240.0,-527.0755080037027,225.19549969793897,1.0842490842490804,35.0
2.207542287069373,240.0,-526.6359212494617,224.35600109701468,0.3809523809523796,35.0
2.2118164600105956,240.0,-525.778727078692,224.35600109701468,0.6153846153846132,35.0
2.2160126480739564,240.0,-524.855594894786,225.6152489984011,0.6739926739926716,35.0
2.2202578170690686,240.0,-523.7346486714717,230.23249130348464,0.73260073260073,35.0
2.225282347993925,240.0,-522.5917231104454,226.87449689978752,0.146520146520146,35.0
2.230155272060074,240.0,-521.4927562248431,228.13374480117395,1.0842490842490804,35.0
2.234421645058319,240.0,-520.5916033786492,226.45474759932537,0.0293040293040292,35.0
2.2386960190488026,240.0,-519.6684711947433,226.45474759932537,0.9670329670329636,35.0
2.2433444620110095,240.0,-518.503566296005,226.45474759932537,0.146520146520146,35.0
2.248211965081282,240.0,-517.4265787481148,228.97324340209823,0.7912087912087884,35.0
2.2524170220131055,240.0,-516.5034465642088,223.5165024960904,0.2051282051282044,35.0
2.258927945047617,240.0,-514.9209342489415,224.77575039747683,0.146520146520146,35.0
2.261480299057439,240.0,-514.4373888192766,226.87449689978752,0.4981684981684964,35.0
2.2658376960316673,240.0,-513.5801946485069,225.6152489984011,0.9084249084249052,35.0
2.2702562580816448,240.0,-512.4372690874804,225.6152489984011,0.5567765567765548,35.0
2.2766627960372716,240.0,-511.29434352645404,223.93625179655254,0.3809523809523796,35.0
2.280922952108085,240.0,-510.21735597856394,225.6152489984011,0.9084249084249052,35.0
2.285214268020354,240.0,-509.07443041753754,227.7139955007118,0.146520146520146,35.0
2.2894316280726343,240.0,-508.1952569090558,220.99800669331756,1.1428571428571388,35.0
2.2943065450526774,240.0,-507.03035201031736,225.19549969793897,0.2051282051282044,35.0
2.2993925590999424,240.0,-505.93138512471506,224.35600109701468,0.9084249084249052,35.0
2.3042225691024214,240.0,-504.85439757682485,224.35600109701468,0.6739926739926716,35.0
2.3092588380677626,240.0,-503.71147201579845,226.03499829886323,0.3809523809523796,35.0
2.314328217995353,240.0,-502.5685464547721,220.15850809239328,1.025641025641022,35.0
2.3191001320956275,240.0,-501.44760023145784,222.6770038951661,0.2637362637362628,35.0
2.3212795490399003,240.0,-501.02999281492896,227.7139955007118,0.6739926739926716,35.0
2.3255216310499236,240.0,-500.10686063102304,226.03499829886323,0.73260073260073,35.0
2.3301650510402396,240.0,-499.0298730831328,224.35600109701468,0.7912087912087884,35.0
2.334400797029957,240.0,-498.1067408992269,223.93625179655254,0.5567765567765548,35.0
2.339329344104044,240.0,-496.9638153382006,224.77575039747683,0.8498168498168468,35.0
2.3441733540967107,240.0,-495.88682779031035,224.77575039747683,0.2051282051282044,35.0
2.3492149490630254,240.0,-494.721922891572,223.93625179655254,1.0842490842490804,35.0
2.35424493602477,240.0,-493.60097666825766,226.03499829886323,0.3223443223443212,35.0
2.359339285059832,240.0,-492.45805110723126,223.09675319562825,0.6739926739926716,35.0
2.3642254120204598,240.0,-491.359084221629,225.6152489984011,0.6739926739926716,35.0
2.369241275009699,240.0,-490.2161586606026,223.93625179655254,0.2637362637362628,35.0
2.371380154043436,240.0,-489.7985512440738,222.257254594704,0.2637362637362628,35.0
2.375642248080112,240.0,-488.9193777355919,222.257254594704,0.9670329670329636,35.0
2.3802667250856757,240.0,-487.7764521745655,224.35600109701468,0.5567765567765548,35.0
2.3853898600209504,240.0,-486.63352661353923,223.09675319562825,0.4981684981684964,35.0
2.3902812090236694,240.0,-485.534559727937,225.19549969793897,0.9084249084249052,35.0
2.395241367048584,240.0,-484.4136135046227,224.77575039747683,0.0879120879120876,35.0
2.3994786590337753,240.0,-483.51246065842884,225.6152489984011,1.025641025641022,35.0
2.404124858090654,240.0,-482.41349377282654,225.6152489984011,0.0293040293040292,35.0
2.408339829999022,240.0,-481.4903615889207,226.87449689978752,1.025641025641022,35.0
2.4131758169969544,240.0,-480.36941536560636,223.09675319562825,0.146520146520146,35.0
2.418238120037131,240.0,-479.22648980457996,223.09675319562825,0.7912087912087884,35.0
2.422919124015607,240.0,-478.1055435812656,221.83750529424185,0.6153846153846132,35.0
2.429248524014838,240.0,-477.0285560333755,223.5165024960904,0.3223443223443212,35.0
2.4334617980057374,240.0,-475.841671796925,224.35600109701468,0.9670329670329636,35.0
2.435601816046983,240.0,-475.40208504268406,228.5534941016361,0.7912087912087884,35.0
2.4398506700526923,240.0,-474.4789528587782,225.6152489984011,0.3809523809523796,35.0
2.44415261503309,240.0,-473.3799859731759,223.5165024960904,0.5567765567765548,35.0
2.4492252630880103,240.0,-472.2370604121496,220.99800669331756,0.9084249084249052,35.0
2.454285865998827,240.0,-471.0721555134112,223.09675319562825,0.0879120879120876,35.0
2.4591091190231964,240.0,-469.995167965521,227.7139955007118,1.1428571428571388,35.0
2.4632969080703333,240.0,-469.07203578161506,225.19549969793897,0.146520146520146,35.0
2.4681860860437155,240.0,-467.9730688960128,226.03499829886323,0.9670329670329636,35.0
2.4732552140485495,240.0,-466.8301433349864,222.257254594704,0.5567765567765548,35.0
2.478291350067593,240.0,-465.7091971116721,222.6770038951661,0.4981684981684964,35.0
2.4803971640067175,240.0,-465.24763101971917,223.09675319562825,0.0879120879120876,35.0
2.484631526051089,240.0,-464.3684575112374,222.257254594704,1.1428571428571388,35.0
2.489339998108335,240.0,-463.225531950211,228.97324340209823,0.2051282051282044,35.0
2.494377413066104,240.0,-462.12656506460877,225.6152489984011,0.9084249084249052,35.0
2.49880608310923,240.0,-461.00561884129445,223.5165024960904,0.5567765567765548,35.0
2.5032674290705472,240.0,-460.1044659951005,224.35600109701468,0.6739926739926716,35.0
0.00019354198593646288,-240.0,-282.46745860635036,8.185111359011731,-0.2637362637362628,35.0
0.00023520400281995535,-240.0,-282.40152059321423,6.506114157163171,-0.3223443223443212,35.0
0.0002609790535643697,-240.0,-282.3795412555022,3.5678690539281908,-0.2051282051282044,35.0
0.0002842250978574157,-240.0,-282.3575619177902,6.9258634576253115,-0.146520146520146,35.0
0.0003057350404560566,-240.0,-282.31360324236607,3.1481197534660503,-0.146520146520146,35.0
0.00032812601421028376,-240.0,-282.31360324236607,4.407367654852471,-0.0879120879120876,35.0
0.00034956808667629957,-240.0,-282.291623904654,3.5678690539281908,-0.0293040293040292,35.0
0.00037074298597872257,-240.0,-282.291623904654,6.086364856701031,0.0293040293040292,35.0
0.0003919430309906602,-240.0,-282.26964456694196,3.1481197534660503,0.0293040293040292,35.0
0.00041304004844278097,-240.0,-282.26964456694196,3.5678690539281908,0.0293040293040292,35.0
0.0012371480697765946,-240.0,-282.1597478783818,1.8888718520796304,-0.0879120879120876,35.0
0.002688458072952926,-240.0,-282.1817272160938,-5.666615556238891,-3.1355311355311386,35.0
0.004802568000741303,-240.0,-282.2037065538059,-19.938091771951754,-3.4285714285714306,35.0
0.011186651070602238,-240.0,-282.3795412555022,-40.08605819413448,-4.249084249084248,35.0
0.015560714062303305,-240.0,-282.6652726457588,-65.69076552232512,-4.19047619047619,35.0
0.019986276049166918,-240.0,-283.08288006228764,-88.35722774728079,-3.194139194139197,35.0
0.024817211087793112,-240.0,-283.6103841673767,-113.5421857750093,-2.432234432234438,35.0
0.031247057020664215,-240.0,-284.22580562331405,-126.1346647888736,-2.783882783882788,35.0
0.03553085005842149,-240.0,-284.9071650923874,-140.40614100458637,-2.2564102564102626,35.0
0.03974506608210504,-240.0,-285.676441912309,-159.71460882584492,-1.6703296703296644,35.0
0.04495752102229744,-240.0,-286.4676980699426,-164.75160043139059,-2.197802197802204,35.0
0.047181083005853,-240.0,-286.8193674733353,-166.01084833277702,-1.6703296703296644,35.0
0.05149327707476914,-240.0,-287.54468561783284,-176.08483154386846,-1.2600732600732556,35.0
0.05575194803532213,-240.0,-288.4678178017387,-188.67731055773268,-1.7289377289377228,35.0
0.06060971808619797,-240.0,-289.3909499856446,-192.0353049614298,-0.9670329670329636,35.0
0.06692448409739882,-240.0,-290.33606150726257,-194.97355006466478,-1.4945054945054892,35.0
0.06966864399146289,-240.0,-291.19325567803236,-201.26978957159687,-0.6739926739926716,35.0
0.07601302803959697,-240.0,-292.18232587507435,-204.20803467483196,-1.4358974358974308,35.0
0.08039676607586443,-240.0,-293.23733408525254,-206.30678117714265,-0.6153846153846132,35.0
0.08507552102673799,-240.0,-294.31432163314275,-211.7635220831505,-1.2014652014651972,35.0
0.08953828201629221,-240.0,-295.36932984332094,-218.47951089054473,-0.7912087912087884,35.0
0.09603861207142472,-240.0,-296.4243380534991,-217.2202629891583,-0.6739926739926716,35.0
0.10027538205031306,-240.0,-297.54528427681345,-217.64001228962044,-1.2014652014651972,35.0
0.10497568803839386,-240.0,-298.6442511624157,-217.2202629891583,-0.3223443223443212,35.0
0.10957075899932534,-240.0,-299.743218048018,-218.47951089054473,-1.318681318681314,35.0
0.111802252009511,-240.0,-300.1608254645468,-219.319009491469,-0.7912087912087884,35.0
0.11625791701953858,-240.0,-301.1279163238768,-226.03499829886323,-0.7912087912087884,35.0
0.12091005907859653,-240.0,-302.1609451963429,-220.99800669331756,-0.6153846153846132,35.0
0.12583984399680048,-240.0,-303.3038707573692,-220.15850809239328,-1.0842490842490804,35.0
0.1322417079936713,-240.0,-304.42481698068366,-223.93625179655254,-0.2637362637362628,35.0
0.13649599708151072,-240.0,-305.50180452857387,-223.93625179655254,-1.2600732600732556,35.0
0.14077996101696044,-240.0,-306.40295737476777,-220.99800669331756,-0.2637362637362628,35.0
0.14515133807435632,-240.0,-307.50192426037,-222.6770038951661,-1.0842490842490804,35.0
0.14944043604191393,-240.0,-308.6008911459723,-220.57825739285542,-0.5567765567765548,35.0
0.1537430559983477,-240.0,-309.5020439921661,-224.35600109701468,-1.025641025641022,35.0
0.16218505904544145,-240.0,-311.0845563074334,-221.4177559937797,-1.318681318681314,35.0
0.1629150970838964,-240.0,-311.52414306167424,-224.35600109701468,-0.7912087912087884,35.0
0.16717172507196665,-240.0,-312.42529590786813,-227.29424620024966,-0.5567765567765548,35.0
0.1720881420187652,-240.0,-313.59020080660656,-228.97324340209823,-0.4981684981684964,35.0
0.1770837320946157,-240.0,-314.7111470299208,-226.87449689978752,-1.0842490842490804,35.0
0.18190949806012213,-240.0,-315.81011391552306,-225.19549969793897,-0.2051282051282044,35.0
0.18620886106509715,-240.0,-316.733246099429,-228.5534941016361,-1.1428571428571388,35.0
0.19085827004164457,-240.0,-317.8322129850312,-226.03499829886323,-0.146520146520146,35.0
0.19598178705200553,-240.0,-319.0190972214817,-228.5534941016361,-1.025641025641022,35.0
0.20102353603579104,-240.0,-320.140043444796,-224.77575039747683,-0.5567765567765548,35.0
0.20549102302175015,-240.0,-321.2390103303983,-227.7139955007118,-0.439560439560438,35.0
0.20796463603619486,-240.0,-321.7005764223512,-224.35600109701468,-0.146520146520146,35.0
0.2122307140380144,-240.0,-322.60172926854506,-228.5534941016361,-1.318681318681314,35.0
0.2169447710039094,-240.0,-323.7666341672835,-226.03499829886323,-0.2051282051282044,35.0
0.22201688901986927,-240.0,-324.90955972830983,-227.7139955007118,-0.73260073260073,35.0
0.22695758799090981,-240.0,-326.00852661391207,-228.5534941016361,-0.7912087912087884,35.0
0.23180870700161904,-240.0,-327.1294728372265,-226.87449689978752,-0.3223443223443212,35.0
0.23689386004116386,-240.0,-328.27239839825285,-224.35600109701468,-1.2600732600732556,35.0
0.23907327209599316,-240.0,-328.7119851524937,-224.77575039747683,-0.6739926739926716,35.0
0.24336487206164747,-240.0,-329.6351173363996,-225.6152489984011,-0.4981684981684964,35.0
0.24803534906823188,-240.0,-330.77804289742596,-224.77575039747683,-0.4981684981684964,35.0
0.2530512760858983,-240.0,-331.8770097830282,-227.7139955007118,-1.0842490842490804,35.0
0.257431140053086,-240.0,-332.9759766686305,-225.19549969793897,-0.2637362637362628,35.0
0.2618359220214188,-240.0,-333.87712951482433,-227.29424620024966,-1.2600732600732556,35.0
0.26608410698827356,-240.0,-334.7782823610182,-228.5534941016361,-0.2051282051282044,35.0
0.27268218307290226,-240.0,-336.44871202713364,-225.19549969793897,-0.4981684981684964,35.0
0.27488324500154704,-240.0,-336.86631944366246,-226.87449689978752,-0.146520146520146,35.0
0.2791952750412747,-240.0,-337.78945162756844,-226.87449689978752,-1.2600732600732556,35.0
0.28408329002559185,-240.0,-338.9323771885948,-226.45474759932537,-0.2051282051282044,35.0
0.2889022569870576,-240.0,-340.05332341190905,-227.29424620024966,-0.9084249084249052,35.0
0.29362532205414027,-240.0,-341.1962489729354,-229.8127420030225,-0.73260073260073,35.0
0.3000160399824381,-240.0,-342.2952158585377,-226.03499829886323,-0.439560439560438,35.0
0.30294537998270243,-240.0,-343.1963687047315,-226.45474759932537,-0.9670329670329636,35.0
0.30785140208899975,-240.0,-344.31731492804585,-221.4177559937797,-0.146520146520146,35.0
0.31271526601631194,-240.0,-345.5041991644963,-228.97324340209823,-1.1428571428571388,35.0
0.314890393987298,-240.0,-345.96576525644923,-227.7139955007118,-0.4981684981684964,35.0
0.3234566990286112,-240.0,-347.5702569094285,-226.03499829886323,-0.9084249084249052,35.0
0.32556941208895296,-240.0,-348.2076577030778,-228.13374480117395,-0.2051282051282044,35.0
0.3297398000722751,-240.0,-349.06485187384766,-226.45474759932537,-1.1428571428571388,35.0
0.33615287707652897,-240.0,-350.691322864539,-231.49173920487107,-0.73260073260073,35.0
0.33891435503028333,-240.0,-351.39466167132446,-224.35600109701468,-1.025641025641022,35.0
0.3458974030800164,-240.0,-352.97717398659177,-228.13374480117395,-1.2600732600732556,35.0
0.35020143003202975,-240.0,-353.6365541179531,-226.03499829886323,-0.439560439560438,35.0
0.35651853308081627,-240.0,-355.21906643322035,-225.19549969793897,-0.9670329670329636,35.0
0.3586281620664522,-240.0,-355.63667384974923,-226.87449689978752,-0.3223443223443212,35.0
0.36282048805151135,-240.0,-356.6037647090792,-225.19549969793897,-0.9670329670329636,35.0
0.3670532500836998,-240.0,-357.7247109323935,-228.97324340209823,-0.2051282051282044,35.0
0.37196225102525204,-240.0,-358.84565715570784,-227.7139955007118,-1.1428571428571388,35.0
0.37681779998820275,-240.0,-359.9885827167342,-224.77575039747683,-0.3223443223443212,35.0
0.38310781109612435,-240.0,-361.0875496023364,-224.35600109701468,-0.6739926739926716,35.0
0.38735646405257285,-240.0,-362.2524545010748,-228.13374480117395,-0.9670329670329636,35.0
0.3918228140100837,-240.0,-363.3514213866771,-229.8127420030225,-0.2051282051282044,35.0
0.3939697809983045,-240.0,-363.8349668163421,-230.23249130348464,-0.3809523809523796,35.0
0.40096531598828733,-240.0,-365.3954997938973,-221.83750529424185,-0.146520146520146,35.0
0.40314073499757797,-240.0,-365.8790452235623,-223.09675319562825,-0.5567765567765548,35.0
0.4073251480003819,-240.0,-366.7801980697562,-225.19549969793897,-0.73260073260073,35.0
0.4117399270180613,-240.0,-367.9011442930705,-226.45474759932537,-0.8498168498168468,35.0
0.41668982501141727,-240.0,-369.0001111786728,-226.03499829886323,-0.2637362637362628,35.0
0.42089097399730235,-240.0,-369.92324336257866,-228.5534941016361,-1.025641025641022,35.0
0.42605640506371856,-240.0,-371.044189585893,-226.87449689978752,-0.146520146520146,35.0
0.43113074998836964,-240.0,-372.1871151469193,-229.8127420030225,-1.0842490842490804,35.0
0.43573357502464205,-240.0,-373.33004070794567,-227.7139955007118,-0.3809523809523796,35.0
0.4408374660415575,-240.0,-374.4070282558359,-224.77575039747683,-0.6739926739926716,35.0
0.4451771880267188,-240.0,-375.35213977745383,-226.45474759932537,-0.5567765567765548,35.0
0.44941735302563757,-240.0,-376.25329262364767,-226.87449689978752,-0.8498168498168468,35.0
0.4557157150702551,-240.0,-377.835804938915,-224.77575039747683,-1.2014652014651972,35.0
0.45786090404726565,-240.0,-378.2973710308679,-229.8127420030225,-0.6153846153846132,35.0
0.4600576760713011,-240.0,-378.75893712282084,-228.5534941016361,-0.146520146520146,35.0
0.4646383640356362,-240.0,-379.8798833461352,-225.19549969793897,-1.1428571428571388,35.0
0.4710595520446077,-240.0,-381.0008295694495,-229.8127420030225,-0.439560439560438,35.0
0.47531260398682207,-240.0,-382.1437551304758,-222.6770038951661,-0.4981684981684964,35.0
0.47987408307380974,-240.0,-383.35261870463836,-226.87449689978752,-1.025641025641022,35.0
0.4862504079937935,-240.0,-384.4515855902406,-225.6152489984011,-0.2051282051282044,35.0
0.48680651700124145,-240.0,-384.8472136690574,-230.65224060394678,-0.5567765567765548,35.0
0.4910168400965631,-240.0,-385.74836651525123,-228.13374480117395,-0.9084249084249052,35.0
0.4976603389950469,-240.0,-387.35285816823057,-231.9114885053332,-1.2014652014651972,35.0
0.4999377290951088,-240.0,-387.7924449224715,-221.4177559937797,-0.6153846153846132,35.0
0.504157928051427,-240.0,-388.67161843095334,-225.19549969793897,-0.5567765567765548,35.0
0.5087206700118259,-240.0,-389.8365233296917,-229.8127420030225,-0.439560439560438,35.0
0.5129544390365481,-240.0,-390.7156968381735,-224.77575039747683,-0.8498168498168468,35.0
0.5171884660376236,-240.0,-391.61684968436737,-230.23249130348464,-0.5567765567765548,35.0
0.5215626360150054,-240.0,-392.7597752453937,-229.39299270256035,-1.0842490842490804,35.0
0.5279609260614961,-240.0,-393.858742130996,-227.29424620024966,-0.0879120879120876,35.0
0.5309284570394084,-240.0,-394.80385365261395,-230.65224060394678,-1.0842490842490804,35.0
0.536034457036294,-240.0,-395.9687585513523,-225.6152489984011,-0.2051282051282044,35.0
0.5411517060128972,-240.0,-397.11168411237867,-227.29424620024966,-1.025641025641022,35.0
0.5433050690917298,-240.0,-397.5073121911955,-225.19549969793897,-0.3809523809523796,35.0
0.5500686240848154,-240.0,-399.1557625195989,-226.87449689978752,-0.7912087912087884,35.0
0.5529520430136472,-240.0,-399.8591013263844,-230.65224060394678,-0.146520146520146,35.0
0.5575113280210644,-240.0,-400.93608887427456,-227.7139955007118,-0.9670329670329636,35.0
0.5618996750563383,-240.0,-401.85922105818054,-228.5534941016361,-0.2637362637362628,35.0
0.5670119359856471,-240.0,-403.0021466192069,-225.19549969793897,-0.6153846153846132,35.0
0.5754650210728869,-240.0,-404.80445231159456,-226.45474759932537,-0.8498168498168468,35.0
0.579963891999796,-240.0,-405.9473778726209,-227.7139955007118,-0.73260073260073,35.0
0.5820961700519547,-240.0,-406.3649852891498,-223.93625179655254,-1.2014652014651972,35.0
0.5842243870720267,-240.0,-406.8265513811027,-228.5534941016361,-0.5567765567765548,35.0
0.5905538180377334,-240.0,-408.18927031924954,-225.6152489984011,-1.318681318681314,35.0
0.5926720440620556,-240.0,-408.6288570734904,-228.13374480117395,-0.7912087912087884,35.0
0.5968527180375531,-240.0,-409.5519892573964,-226.03499829886323,-0.4981684981684964,35.0
0.6011398120317608,-240.0,-410.6949148184227,-226.03499829886323,-0.4981684981684964,35.0
0.6059132680529729,-240.0,-411.77190236631293,-230.23249130348464,-1.1428571428571388,35.0
0.6101906270487234,-240.0,-412.69503455021885,-224.35600109701468,-0.3809523809523796,35.0
0.6144346640212461,-240.0,-413.59618739641274,-226.03499829886323,-0.9084249084249052,35.0
0.6208561080275103,-240.0,-415.24463772481613,-224.77575039747683,-0.3809523809523796,35.0
0.6229872240219265,-240.0,-415.66224514134495,-229.8127420030225,-1.025641025641022,35.0
0.6271897660335526,-240.0,-416.5853773252509,-230.23249130348464,-0.3809523809523796,35.0
0.6338589930674061,-240.0,-417.8162202371254,-225.6152489984011,-1.1428571428571388,35.0
0.6368937690276653,-240.0,-418.82726977187946,-229.39299270256035,-0.2051282051282044,35.0
0.6417120380792767,-240.0,-420.0141540083299,-224.77575039747683,-0.9670329670329636,35.0
0.6480753760552034,-240.0,-421.1131208939322,-228.13374480117395,-0.6153846153846132,35.0
0.6523196250200272,-240.0,-422.27802579267063,-224.35600109701468,-0.4981684981684964,35.0
0.654516582028009,-240.0,-422.69563320919946,-225.19549969793897,-0.2051282051282044,35.0
0.658813483081758,-240.0,-423.6187653931054,-222.6770038951661,-1.0842490842490804,35.0
0.6630549890687689,-240.0,-424.7397116164197,-227.7139955007118,-0.3223443223443212,35.0
0.6678663630736992,-240.0,-425.86065783973396,-226.03499829886323,-0.6739926739926716,35.0
0.6720623330911621,-240.0,-426.76181068592786,-226.45474759932537,-0.5567765567765548,35.0
0.6769681870937347,-240.0,-427.9047362469542,-224.77575039747683,-0.4981684981684964,35.0
0.6814730920596048,-240.0,-429.00370313255644,-226.87449689978752,-1.025641025641022,35.0
0.6859476460376754,-240.0,-429.92683531646236,-225.6152489984011,-0.3809523809523796,35.0
0.6909173410385847,-240.0,-431.0697608774887,-229.8127420030225,-1.1428571428571388,35.0
0.6960159190930426,-240.0,-432.21268643851505,-230.23249130348464,-0.2051282051282044,35.0
0.7008061000378802,-240.0,-433.31165332411734,-228.97324340209823,-0.9670329670329636,35.0
0.7049895980162546,-240.0,-434.2128061703112,-230.23249130348464,-0.2051282051282044,35.0
0.7092564040794969,-240.0,-435.15791769192913,-226.87449689978752,-0.9670329670329636,35.0
0.7135981840547174,-240.0,-436.30084325295553,-228.97324340209823,-0.5567765567765548,35.0
0.7200435460545123,-240.0,-437.39981013855777,-226.03499829886323,-0.439560439560438,35.0
0.7242931340588257,-240.0,-438.5866943750082,-228.97324340209823,-1.025641025641022,35.0
0.7288367060245946,-240.0,-439.66368192289843,-227.7139955007118,-0.146520146520146,35.0
0.7309491500491276,-240.0,-440.1692066902755,-225.19549969793897,-0.6153846153846132,35.0
0.7351259900024161,-240.0,-441.0923388741814,-224.77575039747683,-0.73260073260073,35.0
0.7400764870690182,-240.0,-442.21328509749566,-229.39299270256035,-0.9084249084249052,35.0
0.7450058769900352,-240.0,-443.33423132081,-225.19549969793897,-0.2051282051282044,35.0
0.7498310680966824,-240.0,-444.4551775441243,-227.29424620024966,-1.2014652014651972,35.0
0.7540700770914555,-240.0,-445.3563303903182,-229.8127420030225,-0.146520146520146,35.0
0.7583877430297434,-240.0,-446.2794625742241,-226.03499829886323,-1.1428571428571388,35.0
0.764888304984197,-240.0,-447.8619748894913,-228.5534941016361,-0.7912087912087884,35.0
0.7670211120275781,-240.0,-448.30156164373227,-226.87449689978752,-1.2014652014651972,35.0
0.7712548300623894,-240.0,-449.2027144899261,-227.7139955007118,-0.2051282051282044,35.0
0.7755984960822389,-240.0,-450.14782601154405,-228.5534941016361,-1.2014652014651972,35.0
0.7798780950251967,-240.0,-451.2467928971463,-227.29424620024966,-0.146520146520146,35.0
0.7849579059984535,-240.0,-452.38971845817264,-227.29424620024966,-0.9084249084249052,35.0
0.7898583069909364,-240.0,-453.51066468148696,-228.97324340209823,-0.6153846153846132,35.0
0.7941052280366421,-240.0,-454.4118175276808,-225.6152489984011,-0.73260073260073,35.0
0.7982887520920485,-240.0,-455.3129703738747,-229.39299270256035,-0.439560439560438,35.0
0.802511568996124,-240.0,-456.2141232200686,-227.29424620024966,-0.8498168498168468,35.0
0.8089926299871877,-240.0,-457.86257354847197,-227.7139955007118,-1.2600732600732556,35.0
0.8111722629982978,-240.0,-458.3021603027129,-225.6152489984011,-0.5567765567765548,35.0
0.8154165640007704,-240.0,-459.22529248661874,-227.29424620024966,-0.6739926739926716,35.0
0.8198236729949713,-240.0,-460.32425937222104,-226.45474759932537,-0.4981684981684964,35.0
0.823996567982249,-240.0,-461.2473915561269,-226.45474759932537,-0.9084249084249052,35.0
0.8288077930919826,-240.0,-462.3463584417292,-226.87449689978752,-0.3223443223443212,35.0
0.8329778279876336,-240.0,-463.2914699633471,-227.29424620024966,-1.025641025641022,35.0
0.8379820690024644,-240.0,-464.41241618666146,-223.09675319562825,-0.2051282051282044,35.0
0.8429870210820809,-240.0,-465.5333624099757,-220.57825739285542,-1.1428571428571388,35.0
0.8478663510177284,-240.0,-466.65430863329004,-221.4177559937797,-0.3223443223443212,35.0
0.8528620270080864,-240.0,-467.79723419431645,-226.45474759932537,-0.6153846153846132,35.0
0.85789162106812,-240.0,-468.9181804176307,-225.6152489984011,-1.025641025641022,35.0
0.862937584053725,-240.0,-470.0611059786571,-226.87449689978752,-0.146520146520146,35.0
0.8677447530208156,-240.0,-471.18205220197143,-229.39299270256035,-1.2600732600732556,35.0
0.8720509720733389,-240.0,-471.8634116710448,-225.6152489984011,-0.2637362637362628,35.0
0.8784675720380619,-240.0,-473.4459239863121,-227.29424620024966,-0.73260073260073,35.0
0.8805810060584918,-240.0,-473.92946941597705,-226.45474759932537,-0.146520146520146,35.0
0.8847528420155868,-240.0,-474.8086429244588,-228.5534941016361,-1.1428571428571388,35.0
0.8890036150114611,-240.0,-475.9295891477732,-226.45474759932537,-0.146520146520146,35.0
0.893202556995675,-240.0,-476.8307419939671,-231.07198990440892,-1.2600732600732556,35.0
0.8974175350740552,-240.0,-477.75387417787294,-231.07198990440892,-0.0879120879120876,35.0
0.9017527310643345,-240.0,-478.65502702406684,-227.29424620024966,-1.0842490842490804,35.0
0.9081358910771087,-240.0,-480.25951867704606,-225.19549969793897,-0.8498168498168468,35.0
0.9102854930097237,-240.0,-480.72108476899905,-226.45474759932537,-1.2014652014651972,35.0
0.9145155510632321,-240.0,-481.6442169529049,-226.45474759932537,-0.146520146520146,35.0
0.9189535949844867,-240.0,-482.7651631762193,-226.03499829886323,-1.025641025641022,35.0
0.9239539270056412,-240.0,-483.9300680749577,-228.13374480117395,-0.4981684981684964,35.0
0.9288062100531533,-240.0,-485.0070556228479,-224.35600109701468,-0.439560439560438,35.0
0.9330595210194588,-240.0,-485.9521671444659,-230.23249130348464,-0.73260073260073,35.0
0.9375729050952941,-240.0,-487.07311336778014,-223.93625179655254,-0.3223443223443212,35.0
0.9417989720823243,-240.0,-487.97426621397403,-224.77575039747683,-1.025641025641022,35.0
0.9469358010683209,-240.0,-489.0952124372883,-227.29424620024966,-0.146520146520146,35.0
0.9520262180594727,-240.0,-490.2381379983147,-220.15850809239328,-1.2014652014651972,35.0
0.9568248480791226,-240.0,-491.337104883917,-228.13374480117395,-0.2637362637362628,35.0
0.9589348949957639,-240.0,-491.7766916381579,-227.7139955007118,-1.0842490842490804,35.0
0.9631637530401349,-240.0,-492.6998238220638,-227.29424620024966,-0.4981684981684964,35.0
0.9679954800521955,-240.0,-493.8867080585142,-228.13374480117395,-1.2014652014651972,35.0
0.9728110909927636,-240.0,-494.96369560640437,-227.7139955007118,-0.0879120879120876,35.0
0.9770626580575481,-240.0,-495.9088071280224,-227.29424620024966,-1.2600732600732556,35.0
0.981552453013137,-240.0,-497.0297533513367,-225.19549969793897,-0.2051282051282044,35.0
0.9878705760929734,-240.0,-498.12872023693893,-228.13374480117395,-0.9084249084249052,35.0
0.9908642820082605,-240.0,-499.0738317585569,-226.87449689978752,-0.439560439560438,35.0
0.9971813020529225,-240.0,-500.2167573195833,-225.19549969793897,-0.5567765567765548,35.0
1.0014138260157779,-240.0,-501.33770354289754,-226.45474759932537,-1.025641025641022,35.0
1.0056119260843843,-240.0,-502.2608357268035,-224.35600109701468,-0.4981684981684964,35.0
1.0099116070196033,-240.0,-503.38178195011784,-225.6152489984011,-1.0842490842490804,35.0
1.014949908014387,-240.0,-504.52470751114413,-223.93625179655254,-0.2051282051282044,35.0
1.0199787080055103,-240.0,-505.6456537344585,-223.93625179655254,-1.0842490842490804,35.0
1.0248624830273911,-240.0,-506.72264128234866,-224.35600109701468,-0.5567765567765548,35.0
1.027061096043326,-240.0,-507.22816604972576,-225.6152489984011,-1.2014652014651972,35.0
1.0335525469854474,-240.0,-508.7886990272809,-228.5534941016361,-0.73260073260073,35.0
1.0358982590259984,-240.0,-509.2282857815219,-228.13374480117395,-1.318681318681314,35.0
1.040166350081563,-240.0,-510.15141796542775,-228.97324340209823,-0.146520146520146,35.0
1.0448180109960958,-240.0,-511.25038485103,-223.93625179655254,-1.1428571428571388,35.0
1.049099627067335,-240.0,-512.151537697224,-228.13374480117395,-0.2051282051282044,35.0
1.0555411520181224,-240.0,-513.7560293502032,-230.23249130348464,-0.2637362637362628,35.0
1.0577728380449116,-240.0,-514.2175954421562,-225.19549969793897,-0.2637362637362628,35.0
1.0620661770226434,-240.0,-515.1187482883499,-227.29424620024966,-1.0842490842490804,35.0
1.0669831209816039,-240.0,-516.2616738493764,-226.45474759932537,-0.4981684981684964,35.0
1.0719423440750688,-240.0,-517.4045994104027,-225.6152489984011,-0.4981684981684964,35.0
1.0768399410881102,-240.0,-518.503566296005,-226.03499829886323,-1.025641025641022,35.0
1.0790243060328066,-240.0,-518.98711172567,-228.5534941016361,-0.9670329670329636,35.0
1.0859044110402465,-240.0,-520.5476447032252,-224.77575039747683,-1.2014652014651972,35.0
1.088054208084941,-240.0,-521.0531694706021,-227.29424620024966,-0.73260073260073,35.0
1.092322844080627,-240.0,-521.8883843036599,-228.13374480117395,-0.3809523809523796,35.0
1.0968349820468575,-240.0,-523.0532892023983,-224.35600109701468,-0.4981684981684964,35.0
1.1010852260515094,-240.0,-523.9764213863042,-228.5534941016361,-0.6153846153846132,35.0
1.1053499690024182,-240.0,-524.855594894786,-227.29424620024966,-0.73260073260073,35.0
1.1095901590306312,-240.0,-525.8007064164041,-226.87449689978752,-0.4981684981684964,35.0
1.1137844410259277,-240.0,-526.9216526397183,-222.6770038951661,-0.4981684981684964,35.0
1.1188182350015268,-240.0,-528.0206195253206,-226.87449689978752,-1.025641025641022,35.0
1.1230873860185966,-240.0,-528.9437517092265,-226.87449689978752,-0.3223443223443212,35.0
1.1279420390492305,-240.0,-530.0427185948288,-225.6152489984011,-1.2014652014651972,35.0
1.132967964047566,-240.0,-531.2296028312792,-228.5534941016361,-0.2051282051282044,35.0
1.1378902409924194,-240.0,-532.3285697168815,-227.29424620024966,-0.9670329670329636,35.0
1.142095668008551,-240.0,-533.2297225630753,-225.6152489984011,-0.2637362637362628,35.0
1.146939383004792,-240.0,-534.3946274618137,-228.97324340209823,-0.73260073260073,35.0
1.1517958480399102,-240.0,-535.5155736851281,-228.13374480117395,-0.73260073260073,35.0
1.15611997700762,-240.0,-536.4387058690339,-225.6152489984011,-0.4981684981684964,35.0
1.160900223068893,-240.0,-537.5376727546362,-221.4177559937797,-0.9670329670329636,35.0
1.1651854310184717,-240.0,-538.4827842762542,-228.13374480117395,-0.3809523809523796,35.0
1.1700637580361217,-240.0,-539.6257098372805,-224.35600109701468,-1.1428571428571388,35.0
1.1749673300655559,-240.0,-540.7466560605948,-223.5165024960904,-0.2637362637362628,35.0
1.179816649062559,-240.0,-541.8676022839092,-226.03499829886323,-0.9670329670329636,35.0
1.181954462081194,-240.0,-542.3511477135742,-229.39299270256035,-0.3809523809523796,35.0
1.1890140970936045,-240.0,-543.9336600288414,-227.7139955007118,-0.73260073260073,35.0
1.1912382480222732,-240.0,-544.3732467830823,-222.6770038951661,-0.2051282051282044,35.0
1.1954960220027715,-240.0,-545.2743996292762,-225.6152489984011,-1.0842490842490804,35.0
1.199939541053027,-240.0,-546.3953458525905,-226.87449689978752,-0.2051282051282044,35.0
1.2047970900312066,-240.0,-547.4943127381928,-224.77575039747683,-1.0842490842490804,35.0
1.2090445720823482,-240.0,-548.3954655843866,-226.87449689978752,-0.2051282051282044,35.0
1.2135725740808994,-240.0,-549.560370483125,-224.77575039747683,-0.8498168498168468,35.0
1.2200601360527799,-240.0,-550.7032960441513,-226.03499829886323,-0.7912087912087884,35.0
1.2244027610868216,-240.0,-551.8022629297536,-223.93625179655254,-0.3809523809523796,35.0
1.2290203870506957,-240.0,-552.967167828492,-222.6770038951661,-1.1428571428571388,35.0
1.2334296250483021,-240.0,-554.0441553763823,-228.13374480117395,-0.2051282051282044,35.0
1.235964785097167,-240.0,-554.5496801437592,-225.19549969793897,-0.8498168498168468,35.0
1.2401896030642092,-240.0,-555.4288536522411,-226.45474759932537,-0.5567765567765548,35.0
1.2449218609835953,-240.0,-556.5717792132674,-226.87449689978752,-0.9084249084249052,35.0
1.2496693880530074,-240.0,-557.7147047742939,-227.7139955007118,-0.2051282051282044,35.0
1.2548762970836833,-240.0,-558.8356509976081,-227.29424620024966,-1.1428571428571388,35.0
1.2600039630196989,-240.0,-560.0005558963466,-226.45474759932537,-0.439560439560438,35.0
1.264791366062127,-240.0,-561.0995227819487,-222.257254594704,-0.6739926739926716,35.0
1.2690968790557235,-240.0,-562.0006756281426,-226.03499829886323,-0.5567765567765548,35.0
1.2733391950605437,-240.0,-562.9238078120485,-224.35600109701468,-0.7912087912087884,35.0
1.277569588040933,-240.0,-564.066733373075,-226.45474759932537,-0.7912087912087884,35.0
1.283933672006242,-240.0,-565.143720920965,-225.19549969793897,-0.3223443223443212,35.0
1.288219770998694,-240.0,-566.3086258197035,-226.03499829886323,-1.1428571428571388,35.0
1.290361091028899,-240.0,-566.7482125739444,-225.6152489984011,-0.73260073260073,35.0
1.2969984270166606,-240.0,-568.3746835646358,-222.257254594704,-1.025641025641022,35.0
1.2991735620889813,-240.0,-568.7922909811646,-222.6770038951661,-0.5567765567765548,35.0
1.3034386270446703,-240.0,-569.7154231650705,-224.77575039747683,-0.6739926739926716,35.0
1.3078212970867753,-240.0,-570.8143900506727,-227.7139955007118,-0.439560439560438,35.0
1.3128819050034508,-240.0,-571.9573156116992,-228.97324340209823,-1.1428571428571388,35.0
1.3175966740818694,-240.0,-573.1002411727255,-226.45474759932537,-0.0879120879120876,35.0
1.3239544139942154,-240.0,-574.2211873960399,-223.93625179655254,-1.025641025641022,35.0
1.324878656072542,-240.0,-574.6607741502808,-226.45474759932537,-0.3809523809523796,35.0
1.3291899650357664,-240.0,-575.5619269964745,-228.97324340209823,-0.9670329670329636,35.0
1.3335968300234526,-240.0,-576.726831895213,-224.35600109701468,-0.2637362637362628,35.0
1.33999232808128,-240.0,-577.8038194431032,-223.93625179655254,-1.2600732600732556,35.0
1.3441622440004721,-240.0,-578.9907036795537,-227.7139955007118,-0.3809523809523796,35.0
1.3488284250488505,-240.0,-580.0676912274439,-226.45474759932537,-0.8498168498168468,35.0
1.3509832340059802,-240.0,-580.5732159948209,-230.65224060394678,-0.3223443223443212,35.0
1.3574929810129106,-240.0,-582.1117696346641,-225.6152489984011,-0.6153846153846132,35.0
1.3598072750028223,-240.0,-582.5733357266171,-226.03499829886323,-0.2637362637362628,35.0
1.3640042610932142,-240.0,-583.4744885728109,-224.77575039747683,-1.2600732600732556,35.0
1.3689677939983085,-240.0,-584.6174141338373,-224.77575039747683,-0.2051282051282044,35.0
1.3738182249944657,-240.0,-585.7163810194396,-226.03499829886323,-0.9670329670329636,35.0
1.3780343750258908,-240.0,-586.6175338656334,-225.19549969793897,-0.3223443223443212,35.0
1.382264132029377,-240.0,-587.5186867118273,-224.35600109701468,-1.0842490842490804,35.0
1.3868979830294847,-240.0,-588.6396329351415,-225.19549969793897,-0.4981684981684964,35.0
1.3919166220584884,-240.0,-589.7825584961679,-223.93625179655254,-0.5567765567765548,35.0
1.3969911700114608,-240.0,-590.9254840571944,-226.87449689978752,-1.0842490842490804,35.0
1.3991761720972136,-240.0,-591.3650708114351,-222.6770038951661,-1.0842490842490804,35.0
1.4058870690641925,-240.0,-592.9256037889903,-227.7139955007118,-1.2014652014651972,35.0
1.4079971400788054,-240.0,-593.3651905432314,-225.6152489984011,-0.8498168498168468,35.0
1.4122007250552997,-240.0,-594.2883227271373,-223.93625179655254,-0.439560439560438,35.0
1.416524249012582,-240.0,-595.4092689504515,-225.6152489984011,-0.6153846153846132,35.0
1.420926446095109,-240.0,-596.3324011343574,-228.13374480117395,-0.6153846153846132,35.0
1.4260619280394167,-240.0,-597.4973060330958,-224.35600109701468,-0.439560439560438,35.0
1.4309374870499596,-240.0,-598.5962729186981,-226.87449689978752,-1.0842490842490804,35.0
1.4357773939846084,-240.0,-599.7172191420124,-228.13374480117395,-0.146520146520146,35.0
1.437892927089706,-240.0,-600.2227439093895,-228.13374480117395,-0.6739926739926716,35.0
1.4449003870831802,-240.0,-601.7612975492327,-225.6152489984011,-0.146520146520146,35.0
1.4471393590793014,-240.0,-602.2228636411857,-228.5534941016361,-0.9084249084249052,35.0
1.451393612078391,-240.0,-603.1459958250915,-227.7139955007118,-0.3809523809523796,35.0
1.455855856067501,-240.0,-604.2449627106938,-228.97324340209823,-1.025641025641022,35.0
1.4610137060517445,-240.0,-605.4318469471442,-226.45474759932537,-0.146520146520146,35.0
1.465861686039716,-240.0,-606.5308138327465,-225.6152489984011,-1.0842490842490804,35.0
1.4700468820519745,-240.0,-607.4319666789404,-226.45474759932537,-0.0879120879120876,35.0
1.4742731590522453,-240.0,-608.3111401874221,-227.29424620024966,-1.2600732600732556,35.0
1.478929152013734,-240.0,-609.4540657484486,-224.77575039747683,-0.3223443223443212,35.0
1.4839879410574213,-240.0,-610.618970647187,-224.35600109701468,-0.6739926739926716,35.0
1.488778249011375,-240.0,-611.6959581950771,-224.35600109701468,-0.9084249084249052,35.0
1.4929972380632535,-240.0,-612.619090378983,-228.97324340209823,-0.5567765567765548,35.0
1.4972409470938146,-240.0,-613.5202432251768,-224.35600109701468,-0.6739926739926716,35.0
1.5015478660352528,-240.0,-614.4213960713707,-226.87449689978752,-0.6739926739926716,35.0
1.5057932110503316,-240.0,-615.3225489175645,-226.45474759932537,-0.4981684981684964,35.0
1.5101622060174122,-240.0,-616.509433154015,-229.8127420030225,-0.4981684981684964,35.0
1.5150126960361376,-240.0,-617.6303793773293,-225.19549969793897,-1.0842490842490804,35.0
1.5199964160565287,-240.0,-618.7733049383557,-228.13374480117395,-0.146520146520146,35.0
1.524801564984955,-240.0,-619.850292486246,-223.09675319562825,-1.1428571428571388,35.0
1.5290998610435054,-240.0,-620.7954040078639,-224.35600109701468,-0.2051282051282044,35.0
1.5337759780231863,-240.0,-621.9163502311782,-223.93625179655254,-0.9670329670329636,35.0
1.5401639860356227,-240.0,-623.0372964544925,-225.6152489984011,-0.73260073260073,35.0
1.544562831055373,-240.0,-624.1582426778068,-228.97324340209823,-0.4981684981684964,35.0
1.549142895033583,-240.0,-625.3231475765452,-223.5165024960904,-1.1428571428571388,35.0
1.5576329890172929,-240.0,-627.0814945935089,-224.35600109701468,-1.1428571428571388,35.0
1.5597736240597442,-240.0,-627.587019360886,-223.09675319562825,-0.9670329670329636,35.0
1.5640062410384417,-240.0,-628.4222341939436,-222.6770038951661,-0.2051282051282044,35.0
1.5682276050793007,-240.0,-629.5431804172579,-224.77575039747683,-0.9084249084249052,35.0
1.572635552030988,-240.0,-630.6861059782842,-228.13374480117395,-0.7912087912087884,35.0
1.5779242850840092,-240.0,-631.7850728638865,-223.5165024960904,-0.3809523809523796,35.0
1.5830208100378513,-240.0,-632.9719571003369,-228.5534941016361,-1.2600732600732556,35.0
1.587507082032971,-240.0,-634.0489446482271,-223.93625179655254,-0.146520146520146,35.0
1.589633351075463,-240.0,-634.5105107401802,-225.19549969793897,-0.73260073260073,35.0
1.5939093910856172,-240.0,-635.433642924086,-226.03499829886323,-0.4981684981684964,35.0
1.599040723987855,-240.0,-636.5765684851124,-228.13374480117395,-0.9670329670329636,35.0
1.6038582490291446,-240.0,-637.6975147084266,-225.6152489984011,-0.146520146520146,35.0
1.6081539170118049,-240.0,-638.6426262300447,-234.0102350076439,-1.1428571428571388,35.0
1.6129728640662506,-240.0,-639.763572453359,-226.87449689978752,-0.146520146520146,35.0
1.6174214890925214,-240.0,-640.8625393389613,-228.13374480117395,-0.9670329670329636,35.0
1.6257554839830846,-240.0,-642.5109896673647,-227.29424620024966,-1.2014652014651972,35.0
1.6278849340742454,-240.0,-642.9505764216055,-227.29424620024966,-0.7912087912087884,35.0
1.6321353000821546,-240.0,-643.8517292677994,-228.5534941016361,-0.439560439560438,35.0
1.636374628986232,-240.0,-644.9726754911137,-225.6152489984011,-0.5567765567765548,35.0
1.6410200430545956,-240.0,-646.11560105214,-223.09675319562825,-1.025641025641022,35.0
1.6454411370214075,-240.0,-647.2145679377422,-226.87449689978752,-0.146520146520146,35.0
1.6496227440657094,-240.0,-648.1157207839361,-224.35600109701468,-1.1428571428571388,35.0
1.6559197070309892,-240.0,-649.2806256826746,-224.77575039747683,-0.2051282051282044,35.0
1.6601430720183998,-240.0,-650.4015719059888,-226.03499829886323,-1.025641025641022,35.0
1.6650235540000722,-240.0,-651.5444974670153,-225.6152489984011,-0.6153846153846132,35.0
1.6696316190063953,-240.0,-652.6654436903295,-227.7139955007118,-0.5567765567765548,35.0
1.6760684670880437,-240.0,-653.7863899136438,-225.19549969793897,-1.1428571428571388,35.0
1.6803096940275282,-240.0,-654.9073361369582,-231.07198990440892,-0.2051282051282044,35.0
1.6824368620291352,-240.0,-655.346922891199,-228.97324340209823,-0.5567765567765548,35.0
1.6866313309874386,-240.0,-656.270055075105,-228.13374480117395,-0.7912087912087884,35.0
1.692931791068986,-240.0,-657.8525673903723,-227.29424620024966,-1.2014652014651972,35.0
1.695062619051896,-240.0,-658.3361128200372,-228.5534941016361,-0.4981684981684964,35.0
1.699293432990089,-240.0,-659.2372656662311,-227.29424620024966,-0.6739926739926716,35.0
1.7038498600013554,-240.0,-660.3582118895454,-222.6770038951661,-0.439560439560438,35.0
1.7089404769940302,-240.0,-661.5231167882838,-228.13374480117395,-1.1428571428571388,35.0
1.7138213090365753,-240.0,-662.6220836738861,-227.7139955007118,-0.2637362637362628,35.0
1.7180422480450943,-240.0,-663.52323652008,-226.03499829886323,-1.2600732600732556,35.0
1.7223112970823422,-240.0,-664.4243893662738,-225.6152489984011,-0.146520146520146,35.0
1.7265692839864641,-240.0,-665.3475215501797,-224.35600109701468,-1.2014652014651972,35.0
1.7309476610971615,-240.0,-666.468467773494,-223.09675319562825,-0.146520146520146,35.0
1.7360306730261073,-240.0,-667.6113933345204,-226.45474759932537,-0.9084249084249052,35.0
1.740976959001273,-240.0,-668.7543188955467,-227.7139955007118,-0.6739926739926716,35.0
1.7454944649944082,-240.0,-669.8313064434369,-226.45474759932537,-0.439560439560438,35.0
1.7497090140823275,-240.0,-670.7544386273428,-226.45474759932537,-0.9084249084249052,35.0
1.7560438780346885,-240.0,-671.8753848506573,-226.03499829886323,-0.2051282051282044,35.0
1.7602593339979649,-240.0,-673.0183104116835,-226.45474759932537,-1.318681318681314,35.0
1.7649818389909342,-240.0,-674.1392566349978,-225.19549969793897,-0.0879120879120876,35.0
1.7671647290699184,-240.0,-674.6008227269507,-231.07198990440892,-1.025641025641022,35.0
1.771388518041931,-240.0,-675.5239549108568,-224.35600109701468,-0.439560439560438,35.0
1.7759126770542935,-240.0,-676.644901134171,-232.33123780579535,-1.0842490842490804,35.0
1.780855112010613,-240.0,-677.7658473574853,-231.07198990440892,-0.0879120879120876,35.0
1.7850692740175873,-240.0,-678.7109588791033,-230.23249130348464,-1.2600732600732556,35.0
1.7894327150424942,-240.0,-679.8099257647054,-225.6152489984011,-0.146520146520146,35.0
1.793931988067925,-240.0,-680.7550372863235,-224.77575039747683,-1.1428571428571388,35.0
1.7981457290006801,-240.0,-681.6781694702294,-226.87449689978752,-0.2051282051282044,35.0
1.802951424033381,-240.0,-682.7991156935436,-225.6152489984011,-1.025641025641022,35.0
1.8080031940480694,-240.0,-683.9420412545701,-227.29424620024966,-0.5567765567765548,35.0
1.8128966090735048,-240.0,-685.0410081401724,-226.87449689978752,-0.3809523809523796,35.0
1.8171010540099815,-240.0,-685.9641403240782,-230.23249130348464,-0.8498168498168468,35.0
1.8215538969961926,-240.0,-687.0631072096805,-226.03499829886323,-0.2637362637362628,35.0
1.8259810170857236,-240.0,-688.0082187312984,-226.03499829886323,-1.025641025641022,35.0
1.830885287025012,-240.0,-689.1511442923248,-225.19549969793897,-0.2637362637362628,35.0
1.8371951300650835,-240.0,-690.2720905156391,-228.5534941016361,-1.2014652014651972,35.0
1.841445766040124,-240.0,-691.3710574012414,-227.29424620024966,-0.2637362637362628,35.0
1.8456807649927214,-240.0,-692.5359622999798,-223.5165024960904,-0.6739926739926716,35.0
1.8520141070475802,-240.0,-693.61294984787,-226.03499829886323,-0.9084249084249052,35.0
1.8562092640204355,-240.0,-694.7558754088964,-225.6152489984011,-0.146520146520146,35.0
1.860484278993681,-240.0,-695.6790075928022,-225.19549969793897,-1.0842490842490804,35.0
1.8647114530904219,-240.0,-696.5142224258599,-227.7139955007118,-0.439560439560438,35.0
1.8668605380225927,-240.0,-697.0637058686611,-227.29424620024966,-0.146520146520146,35.0
1.8711644450668246,-240.0,-697.942879377143,-226.03499829886323,-1.1428571428571388,35.0
1.8753819550620392,-240.0,-699.0858049381693,-228.13374480117395,-0.439560439560438,35.0
1.8798122610896826,-240.0,-700.2067511614836,-224.35600109701468,-0.6153846153846132,35.0
1.8841976380208507,-240.0,-701.1079040076775,-224.77575039747683,-0.6153846153846132,35.0
1.8889196619857103,-240.0,-702.2508295687038,-228.13374480117395,-0.3809523809523796,35.0
1.8931428280193359,-240.0,-703.1739617526097,-226.87449689978752,-0.9670329670329636,35.0
1.8980247100116685,-240.0,-704.294907975924,-224.77575039747683,-0.146520146520146,35.0
1.9029143230291083,-240.0,-705.4158541992383,-228.13374480117395,-1.2600732600732556,35.0
1.907964574988,-240.0,-706.5587797602647,-223.5165024960904,-0.2051282051282044,35.0
1.9128578330855817,-240.0,-707.657746645867,-223.09675319562825,-0.8498168498168468,35.0
1.9192155750934035,-240.0,-708.8446308823175,-227.7139955007118,-0.9084249084249052,35.0
1.923447631066665,-240.0,-709.9435977679196,-222.6770038951661,-0.2637362637362628,35.0
1.9278336070710793,-240.0,-711.0205853158099,-228.5534941016361,-1.2600732600732556,35.0
1.9299428149824962,-240.0,-711.526110083187,-228.97324340209823,-0.7912087912087884,35.0
1.9368498750263825,-240.0,-713.0646637230301,-224.77575039747683,-1.2014652014651972,35.0
1.93903702206444,-240.0,-713.5701884904071,-228.97324340209823,-0.4981684981684964,35.0
1.9433687929995358,-240.0,-714.449361998889,-226.87449689978752,-0.6153846153846132,35.0
1.9480333289830014,-240.0,-715.6142668976274,-232.33123780579535,-0.3223443223443212,35.0
1.9529641580302268,-240.0,-716.7352131209417,-230.65224060394678,-1.2014652014651972,35.0
1.9575183470733464,-240.0,-717.856159344256,-227.29424620024966,-0.0293040293040292,35.0
1.9616905699949712,-240.0,-718.8012708658739,-226.87449689978752,-1.2600732600732556,35.0
1.96808612102177,-240.0,-719.9002377514762,-228.5534941016361,-0.146520146520146,35.0
1.972358659026213,-240.0,718.9331468921462,-225.19549969793897,-0.7912087912087884,35.0
1.976820440031588,-240.0,717.8341800065439,-226.03499829886323,-0.7912087912087884,35.0
1.9810657020425424,-240.0,716.911047822638,-228.97324340209823,-0.439560439560438,35.0
1.9853308270685375,-240.0,715.9879156387321,-224.35600109701468,-0.73260073260073,35.0
1.9898614240810275,-240.0,714.8669694154178,-226.03499829886323,-0.3809523809523796,35.0
1.9940917510539293,-240.0,713.9877959069361,-222.6770038951661,-0.9084249084249052,35.0
1.9983380250632763,-240.0,713.0207050476059,-227.7139955007118,-0.3809523809523796,35.0
2.0028639039956033,-240.0,711.8997588242918,-223.93625179655254,-1.1428571428571388,35.0
2.007842930033803,-240.0,710.8227712764015,-225.19549969793897,-0.146520146520146,35.0
2.018499526078813,-240.0,708.5149408166367,-226.03499829886323,-0.439560439560438,35.0
2.0206258930265903,-240.0,708.075354062396,-227.29424620024966,-1.1428571428571388,35.0
2.0248588509857655,-240.0,706.9763871767937,-226.87449689978752,-0.146520146520146,35.0
2.027060093008913,-240.0,706.4928417471285,-228.5534941016361,-0.5567765567765548,35.0
2.0292717930860817,-240.0,706.0312756551756,-227.29424620024966,-1.2600732600732556,35.0
2.033595025073737,-240.0,705.1521021466938,-225.19549969793897,-0.2051282051282044,35.0
2.0378483030945063,-240.0,704.0091765856674,-227.7139955007118,-1.1428571428571388,35.0
2.04293796105776,-240.0,702.8662510246412,-228.5534941016361,-0.3223443223443212,35.0
2.047986224060878,-240.0,701.7013461259028,-223.5165024960904,-0.6153846153846132,35.0
2.0528199680848047,-240.0,700.6023792403005,-226.45474759932537,-0.9670329670329636,35.0
2.0570855020778254,-240.0,699.6792470563946,-226.87449689978752,-0.4981684981684964,35.0
2.0617022870574147,-240.0,698.5583008330802,-224.35600109701468,-1.0842490842490804,35.0
2.0659549990668893,-240.0,697.6131893114622,-228.5534941016361,-0.2637362637362628,35.0
2.070792908081785,-240.0,696.4922430881478,-228.13374480117395,-1.2600732600732556,35.0
2.077179774059914,-240.0,695.3712968648337,-226.45474759932537,-0.146520146520146,35.0
2.0814518820261583,-240.0,694.2723299792314,-225.19549969793897,-0.9670329670329636,35.0
2.0858035050332546,-240.0,693.3491977953255,-226.45474759932537,-0.2637362637362628,35.0
2.090107890078798,-240.0,692.1623135588749,-224.35600109701468,-0.5567765567765548,35.0
2.0947193460306153,-240.0,691.0853260109848,-225.19549969793897,-0.9670329670329636,35.0
2.0989811030449346,-240.0,690.1621938270789,-223.93625179655254,-0.439560439560438,35.0
2.103854780085385,-240.0,689.0192682660523,-226.45474759932537,-1.1428571428571388,35.0
2.1088831870583817,-240.0,687.9642600558743,-223.09675319562825,-0.0879120879120876,35.0
2.113586549065076,-240.0,686.7993551571359,-227.7139955007118,-1.0842490842490804,35.0
2.1200848100706935,-240.0,685.7003882715337,-225.19549969793897,-0.3223443223443212,35.0
2.1243579000001773,-240.0,684.4915246973712,-226.03499829886323,-0.439560439560438,35.0
2.1289130850927904,-240.0,683.3485991363447,-226.45474759932537,-1.025641025641022,35.0
2.135333455982618,-240.0,682.2276529130305,-227.29424620024966,-0.146520146520146,35.0
2.1395471070427448,-240.0,681.0847273520042,-225.19549969793897,-1.1428571428571388,35.0
2.143815524992533,-240.0,680.0077398041138,-231.07198990440892,-0.3223443223443212,35.0
2.1460380780044943,-240.0,679.4582563613128,-226.87449689978752,-1.0842490842490804,35.0
2.152928582043387,-240.0,677.9636613968938,-228.13374480117395,-0.5567765567765548,35.0
2.1550729470327497,-240.0,677.5020953049409,-230.23249130348464,-1.1428571428571388,35.0
2.159370398032479,-240.0,676.5789631210349,-227.29424620024966,-0.0879120879120876,35.0
2.1635818920331076,-240.0,675.6558309371288,-226.03499829886323,-1.1428571428571388,35.0
2.1678101969882846,-240.0,674.5348847138147,-230.23249130348464,-0.146520146520146,35.0
2.1747233390342444,-240.0,672.9303930608354,-228.5534941016361,-0.2637362637362628,35.0
2.1791668210644275,-240.0,672.0072608769295,-227.29424620024966,-0.9670329670329636,35.0
2.183436844032258,-240.0,671.1500667061596,-224.35600109701468,-0.439560439560438,35.0
2.187711699050851,-240.0,669.9851618074214,-227.7139955007118,-1.0842490842490804,35.0
2.1940731530776247,-240.0,668.8861949218191,-226.87449689978752,-0.146520146520146,35.0
2.198371589067392,-240.0,667.6993106853686,-228.5534941016361,-1.0842490842490804,35.0
2.20304692001082,-240.0,666.6223231374785,-231.49173920487107,-0.439560439560438,35.0
2.207926784059964,-240.0,665.4793975764519,-230.65224060394678,-0.5567765567765548,35.0
2.2125541360583156,-240.0,664.3584513531378,-229.39299270256035,-1.025641025641022,35.0
2.2150303079979494,-240.0,663.8968852611848,-226.03499829886323,-1.0842490842490804,35.0
2.2193011110648513,-240.0,662.973753077279,-226.45474759932537,-0.2051282051282044,35.0
2.223541562096216,-240.0,662.072600231085,-226.87449689978752,-1.1428571428571388,35.0
2.2277526470134035,-240.0,660.8857159946346,-226.87449689978752,-0.4981684981684964,35.0
2.2340965650510043,-240.0,659.8087284467442,-226.45474759932537,-0.5567765567765548,35.0
2.238274279050529,-240.0,658.643823548006,-228.97324340209823,-1.025641025641022,35.0
2.243057764018886,-240.0,657.5228773246916,-226.87449689978752,-0.146520146520146,35.0
2.2478744740365073,-240.0,656.4239104390894,-226.45474759932537,-1.2014652014651972,35.0
2.252946384018287,-240.0,655.2370262026388,-227.7139955007118,-0.2637362637362628,35.0
2.2575864160899073,-240.0,654.1160799793247,-226.45474759932537,-0.6153846153846132,35.0
2.2617774460231885,-240.0,653.2369064708428,-226.45474759932537,-0.4981684981684964,35.0
2.2681783620500937,-240.0,652.0939809098163,-228.5534941016361,-0.439560439560438,35.0
2.272405330091715,-240.0,650.995014024214,-224.77575039747683,-1.025641025641022,35.0
2.27710708999075,-240.0,649.8301091254756,-227.29424620024966,-0.2051282051282044,35.0
2.279335287050344,-240.0,649.4125017089467,-226.87449689978752,-0.5567765567765548,35.0
2.2835733860265464,-240.0,648.5113488627529,-226.03499829886323,-0.8498168498168468,35.0
2.287982785026543,-240.0,647.3464439640145,-228.5534941016361,-0.8498168498168468,35.0
2.2928616390563548,-240.0,646.2254977407003,-227.7139955007118,-0.2051282051282044,35.0
2.2971387220313773,-240.0,645.3023655567943,-228.97324340209823,-1.025641025641022,35.0
2.3018304030410945,-240.0,644.1814193334801,-227.7139955007118,-0.146520146520146,35.0
2.306124101043679,-240.0,643.2582871495741,-228.5534941016361,-1.1428571428571388,35.0
2.3104977080365643,-240.0,642.3351549656683,-229.8127420030225,-0.0879120879120876,35.0
2.3149021710269153,-240.0,641.236188080066,-227.29424620024966,-1.2014652014651972,35.0
2.319916305015795,-240.0,640.0712831813275,-228.97324340209823,-0.146520146520146,35.0
2.324833855032921,-240.0,638.9503369580132,-228.97324340209823,-0.7912087912087884,35.0
2.3290581160690635,-240.0,638.0052254363953,-231.07198990440892,-0.4981684981684964,35.0
2.333781418041326,-240.0,636.884279213081,-226.03499829886323,-0.3809523809523796,35.0
2.338067259057425,-240.0,635.9831263668873,-227.29424620024966,-0.6739926739926716,35.0
2.3430668760556728,-240.0,634.8402008058607,-226.87449689978752,-0.2051282051282044,35.0
2.347726467065513,-240.0,633.7192545825466,-225.6152489984011,-1.2014652014651972,35.0
2.3528758250176907,-240.0,632.5983083592322,-223.93625179655254,-0.0879120879120876,35.0
2.357815626077354,-240.0,631.4334034604938,-227.29424620024966,-0.9084249084249052,35.0
2.3628561520017684,-240.0,630.3564159126036,-231.07198990440892,-0.5567765567765548,35.0
2.3670856850221753,-240.0,629.4332837286977,-225.19549969793897,-0.7912087912087884,35.0
2.3719153030542657,-240.0,628.2683788299593,-225.6152489984011,-0.9670329670329636,35.0
2.377021747059189,-240.0,627.1474326066449,-228.13374480117395,-0.146520146520146,35.0
2.3819142290158197,-240.0,626.0264863833307,-228.97324340209823,-1.318681318681314,35.0
2.3864561329828575,-240.0,624.9055401600164,-226.03499829886323,-0.146520146520146,35.0
2.3929055890766904,-240.0,623.8065732744141,-222.6770038951661,-0.9670329670329636,35.0
2.3971507280366495,-240.0,622.6416683756756,-226.45474759932537,-0.73260073260073,35.0
2.3993197170784697,-240.0,622.1361436082987,-223.5165024960904,-1.318681318681314,35.0
2.403580029029399,-240.0,621.2789494375289,-228.97324340209823,-0.146520146520146,35.0
2.407833978999406,-240.0,620.1140445387905,-227.29424620024966,-1.025641025641022,35.0
2.412055348046124,-240.0,619.1909123548846,-225.19549969793897,-0.0879120879120876,35.0
2.4169261790812016,-240.0,618.0919454692823,-223.5165024960904,-0.9084249084249052,35.0
2.4220158259849995,-240.0,616.9270405705439,-226.87449689978752,-0.6739926739926716,35.0
2.426726567093283,-240.0,615.7841150095177,-223.93625179655254,-0.3809523809523796,35.0
2.4318335440475494,-240.0,614.7071274616272,-224.77575039747683,-1.1428571428571388,35.0
2.4370281220180914,-240.0,613.542222562889,-220.57825739285542,-0.146520146520146,35.0
2.441877392004244,-240.0,612.4432556772867,-224.77575039747683,-1.0842490842490804,35.0
2.446190325077623,-240.0,611.5421028310928,-223.09675319562825,-0.146520146520146,35.0
2.4510487410007045,-240.0,610.3771979323544,-223.09675319562825,-0.73260073260073,35.0
2.4560114700580016,-240.0,609.2342723713281,-225.6152489984011,-0.9084249084249052,35.0
2.4608591210562736,-240.0,608.1353054857258,-226.45474759932537,-0.2637362637362628,35.0
2.465102565009147,-240.0,607.2341526395319,-226.87449689978752,-1.0842490842490804,35.0
2.469589482061565,-240.0,606.0912270785055,-226.87449689978752,-0.146520146520146,35.0
2.4759711480000988,-240.0,604.9922601929032,-229.39299270256035,-1.2014652014651972,35.0
2.480302168056369,-240.0,603.7614172810287,-228.97324340209823,-0.3809523809523796,35.0
2.4824622710002586,-240.0,603.3657892022119,-227.29424620024966,-1.0842490842490804,35.0
2.486663979012519,-240.0,602.442657018306,-225.6152489984011,-0.3223443223443212,35.0
2.490866602049209,-240.0,601.3217107949916,-231.49173920487107,-1.2014652014651972,35.0
2.4950866320868954,-240.0,600.3985786110858,-228.5534941016361,-0.146520146520146,35.0
2.499565631034784,-240.0,599.2556530500594,-231.49173920487107,-1.2600732600732556,35.0
2.5059455030132085,-240.0,598.1786655021691,-227.7139955007118,-0.2051282051282044,35.0
0.00019071903079748154,400.0,417.02496407949167,2.7283704530039103,-0.4981684981684964,35.0
0.0002397220814600587,400.0,417.02496407949167,-0.20987465023107005,-0.3809523809523796,35.0
0.00026679702568799257,400.0,417.02496407949167,1.0493732511553502,-0.3223443223443212,35.0
0.0002904520370066166,400.0,417.0469434172038,1.8888718520796304,-0.2637362637362628,35.0
0.00031267607118934393,400.0,417.0469434172038,0.6296239506932101,-0.2051282051282044,35.0
0.0003344690194353461,400.0,417.0469434172038,-3.9876183543903307,-0.146520146520146,35.0
0.00035581609699875116,400.0,417.0689227549157,3.9876183543903307,-0.146520146520146,35.0
0.0003780660917982459,400.0,417.0689227549157,0.20987465023107005,-0.0879120879120876,35.0
0.000399072072468698,400.0,417.0689227549157,-1.0493732511553502,-0.0293040293040292,35.0
0.0004194170469418168,400.0,417.0689227549157,-3.9876183543903307,-0.0293040293040292,35.0
0.0011272410629317164,400.0,417.0689227549157,-1.0493732511553502,-0.0879120879120876,35.0
0.0035998710663989186,400.0,417.11288143033994,19.518342471489515,7.531135531135533,35.0
0.008505801088176668,400.0,417.39861282059655,70.30800782740866,6.476190476190482,35.0
0.013379067997448146,400.0,417.8821582502614,105.14719976576649,6.476190476190482,35.0
0.017592773074284196,400.0,418.43164169306266,140.40614100458646,5.128205128205138,35.0
0.021819984074681997,400.0,419.113001162136,174.82558364248194,4.659340659340671,35.0
0.02653767098672688,400.0,420.12405069689015,205.04753327575625,3.897435897435912,35.0
0.031457717064768076,400.0,421.22301758249245,231.07198990440892,3.66300366300365,35.0
0.03655970108229667,400.0,422.49781916979106,253.7384521293647,2.8424908424908324,35.0
0.041456742095761,400.0,423.8165794325137,274.7259171524717,2.5494505494505404,35.0
0.04571322607807815,400.0,424.95950499354007,284.79990036356304,2.5494505494505404,35.0
0.05040260904934257,400.0,426.4321206202472,304.947866785746,2.2564102564102484,35.0
0.05461983708664775,400.0,427.6849428698339,310.4046076917538,1.8461538461538396,35.0
0.05884755903389305,400.0,428.9817237948444,322.15758810469373,2.080586080586073,35.0
0.06334935605991632,400.0,430.60819478553583,333.4908192171715,1.904761904761898,35.0
0.0685376770561561,400.0,432.3006037893633,337.6883122217929,1.4945054945054892,35.0
0.07338933506980538,400.0,433.99301279319087,336.0093150199443,1.2014652014651972,35.0
0.07760733307804912,400.0,435.46562841989777,352.7992870384302,1.025641025641022,35.0
0.08269595901947469,400.0,437.2239754368615,355.73753214166516,0.9670329670329636,35.0
0.08727998204994947,400.0,439.0043017915371,360.35477444674865,1.1428571428571388,35.0
0.09366309805773199,400.0,440.80660748392484,364.5522674513701,1.2600732600732556,35.0
0.09789822704624385,400.0,442.6528718517366,371.2682562587643,1.318681318681314,35.0
0.1025372639996931,400.0,444.54309489497246,374.6262506624614,1.318681318681314,35.0
0.10466122708749026,400.0,445.24643370175795,371.2682562587643,0.5567765567765548,35.0
0.10887763905338943,400.0,446.7630080038891,375.0459999629236,0.73260073260073,35.0
0.11341289000120014,400.0,448.65323104712496,375.0459999629236,0.6153846153846132,35.0
0.118167853099294,400.0,450.4775160772248,375.0459999629236,0.73260073260073,35.0
0.12662502005696297,400.0,453.11503660267016,376.72499716477216,0.439560439560438,35.0
0.12750763806980103,400.0,453.8843134225918,375.4657492633857,1.2600732600732556,35.0
0.1317427810281515,400.0,455.4228670624349,379.24349296754497,1.0842490842490804,35.0
0.13647916505578905,400.0,457.2911107679588,378.82374366708285,0.9084249084249052,35.0
0.14069247606676072,400.0,458.8296644078019,378.82374366708285,0.3809523809523796,35.0
0.14559709408786148,400.0,460.69790811332575,377.1447464652343,0.3809523809523796,35.0
0.15046312403865159,400.0,462.5881311565616,381.7619887703178,0.2637362637362628,35.0
0.15557822305709124,400.0,464.5442922129336,381.34223946985566,0.3223443223443212,35.0
0.16049603500869125,400.0,466.4345152561696,383.8607352726285,0.3809523809523796,35.0
0.16537631105165929,400.0,468.3027589616933,382.6014873712421,0.146520146520146,35.0
0.16961049800738692,400.0,469.84131260153663,379.24349296754497,0.2637362637362628,35.0
0.1738060270436108,400.0,471.3798662413797,383.4409859721664,0.73260073260073,35.0
0.17816829401999712,400.0,473.31404796003994,377.98424506615856,0.7912087912087884,35.0
0.18453701806720346,400.0,475.13833299013965,384.28048457309063,0.9670329670329636,35.0
0.18750328302849084,400.0,476.6988659676948,382.18173807077994,1.2600732600732556,35.0
0.1924151690909639,400.0,478.6110683486428,380.50274086893137,1.2014652014651972,35.0
0.19768390303943306,400.0,480.56722940501476,381.7619887703178,1.2600732600732556,35.0
0.2025287119904533,400.0,482.47943178596273,385.9594817749392,1.2014652014651972,35.0
0.20746366609819233,400.0,484.36965482919857,384.28048457309063,1.2600732600732556,35.0
0.20962521503679454,400.0,485.16091098683233,383.8607352726285,0.3223443223443212,35.0
0.21379416703712195,400.0,486.6994646266754,382.6014873712421,0.6153846153846132,35.0
0.21832585101947188,400.0,488.6336463453355,380.50274086893137,0.5567765567765548,35.0
0.22467742208391428,400.0,490.5458487262834,382.6014873712421,0.4981684981684964,35.0
0.2289080360205844,400.0,492.4140924318071,385.5397324744771,0.5567765567765548,35.0
0.2335823770845309,400.0,494.3702534881793,378.82374366708285,0.5567765567765548,35.0
0.23807684506755322,400.0,496.23849719370304,379.24349296754497,0.6153846153846132,35.0
0.244395517045632,400.0,498.06278222380286,382.6014873712421,0.7912087912087884,35.0
0.2486185700399801,400.0,500.06290195559893,383.02123667170423,0.6153846153846132,35.0
0.2507509799906984,400.0,500.8541581132325,380.50274086893137,0.4981684981684964,35.0
0.25502435106318444,400.0,502.3927117530758,382.6014873712421,0.2637362637362628,35.0
0.2594795459881425,400.0,504.3049141340237,380.08299156846925,0.3223443223443212,35.0
0.26458066108170897,400.0,506.2610751903957,381.34223946985566,0.3809523809523796,35.0
0.26944173709489405,400.0,508.10733955820746,386.3792310754014,0.146520146520146,35.0
0.2715743910521269,400.0,508.9205750535532,385.5397324744771,1.0842490842490804,35.0
0.2764683470595628,400.0,510.78881875907706,380.50274086893137,0.9670329670329636,35.0
0.2849443000741303,400.0,513.8219673633392,381.34223946985566,0.0293040293040292,35.0
0.2870622440241277,400.0,514.679161534109,384.28048457309063,1.2014652014651972,35.0
0.2912376980530098,400.0,516.1517771608161,385.1199831740149,0.4981684981684964,35.0
0.2954409990925342,400.0,517.6903308006594,383.02123667170423,0.2051282051282044,35.0
0.3004539239918813,400.0,519.9761819227122,383.02123667170423,0.6153846153846132,35.0
0.30557541106827557,400.0,521.910363641372,384.7002338735528,0.6739926739926716,35.0
0.31043995008803904,400.0,523.800586684608,387.21872967632567,0.6739926739926716,35.0
0.31466784607619047,400.0,525.3391403244511,383.02123667170423,0.2051282051282044,35.0
0.3196061160415411,400.0,527.3172807185352,385.1199831740149,0.2051282051282044,35.0
0.32385100598912686,400.0,528.7898963452421,381.7619887703178,0.3809523809523796,35.0
0.32857199606951326,400.0,530.7680367393262,380.50274086893137,0.2637362637362628,35.0
0.33346266101580113,400.0,532.6582597825621,385.5397324744771,0.2051282051282044,35.0
0.3385801670374349,400.0,534.5924415012222,383.02123667170423,0.2051282051282044,35.0
0.3407115520676598,400.0,535.3397389834317,382.18173807077994,0.8498168498168468,35.0
0.34490306209772825,400.0,536.8782926232748,382.18173807077994,0.2637362637362628,35.0
0.34968426602426916,400.0,538.8564330173589,383.02123667170423,0.3809523809523796,35.0
0.35454081802163273,400.0,540.7026973851707,382.18173807077994,0.3223443223443212,35.0
0.3594120390480384,400.0,542.5709410906945,381.7619887703178,0.2051282051282044,35.0
0.364389609079808,400.0,544.5051228093547,385.1199831740149,0.3809523809523796,35.0
0.3685958810383454,400.0,546.0436764491977,382.6014873712421,0.3223443223443212,35.0
0.3734554100083187,400.0,547.9338994924335,381.34223946985566,0.3809523809523796,35.0
0.3757179450476542,400.0,548.7691143254914,383.4409859721664,0.9084249084249052,35.0
0.3800846090307459,400.0,550.3516266407585,383.8607352726285,0.3223443223443212,35.0
0.3822998180985451,400.0,551.3846555132247,385.1199831740149,0.6739926739926716,35.0
0.3887440609978512,400.0,553.3188372318847,379.66324226800714,0.6739926739926716,35.0
0.3929843190126121,400.0,555.2530189505447,383.4409859721664,0.6153846153846132,35.0
0.397449680021964,400.0,557.0992833183565,380.08299156846925,0.73260073260073,35.0
0.4016965030459687,400.0,558.7037749713357,384.7002338735528,1.0842490842490804,35.0
0.4064437639899552,400.0,560.5720186768597,387.21872967632567,1.2014652014651972,35.0
0.41067173902411014,400.0,562.1325516544149,383.8607352726285,1.025641025641022,35.0
0.4153637670679018,400.0,564.0007953599388,382.18173807077994,0.9084249084249052,35.0
0.42044448608066887,400.0,565.9789357540229,384.7002338735528,0.9084249084249052,35.0
0.42553734208922833,400.0,567.913117472683,384.7002338735528,0.9670329670329636,35.0
0.42767317907419056,400.0,568.6823942926044,386.3792310754014,0.5567765567765548,35.0
0.43188953201752156,400.0,570.1550099193115,382.6014873712421,1.0842490842490804,35.0
0.43618578906171024,400.0,572.0891916379715,384.7002338735528,1.0842490842490804,35.0
0.44049660698510706,400.0,573.6277452778147,377.98424506615856,0.9670329670329636,35.0
0.44559291400946677,400.0,575.5619269964745,379.66324226800714,1.025641025641022,35.0
0.45010657305829227,400.0,577.4741293774225,382.18173807077994,1.025641025641022,35.0
0.45639582304283977,400.0,579.2764350698102,381.34223946985566,0.9084249084249052,35.0
0.46061849500983953,400.0,581.2765548016065,382.18173807077994,0.9670329670329636,35.0
0.4650150480447337,400.0,583.1667778448423,383.4409859721664,1.0842490842490804,35.0
0.47131048305891454,400.0,585.1229389012143,386.7989803758635,1.0842490842490804,35.0
0.47347827500198036,400.0,585.9141950588479,385.5397324744771,0.439560439560438,35.0
0.476377580082044,400.0,587.4087900232671,385.1199831740149,1.0842490842490804,35.0
0.4828774390043691,400.0,589.4308890927753,381.7619887703178,0.7912087912087884,35.0
0.489195351023227,400.0,592.0244509427965,380.92249016939354,0.146520146520146,35.0
0.4934099930105731,400.0,593.9806119991686,381.7619887703178,0.146520146520146,35.0
0.49857388308737427,400.0,595.8708350424043,384.28048457309063,0.146520146520146,35.0
0.5034154360182583,400.0,597.7170994102162,384.7002338735528,0.2637362637362628,35.0
0.5055634169839323,400.0,598.5742935809861,385.1199831740149,1.2600732600732556,35.0
0.5123402080498636,400.0,601.1898347687193,383.02123667170423,0.3809523809523796,35.0
0.5144371300702915,400.0,601.9810909263531,383.02123667170423,0.7912087912087884,35.0
0.5186619610758498,400.0,603.5416239039083,383.8607352726285,0.2637362637362628,35.0
0.5233341680141166,400.0,605.409867609432,383.4409859721664,0.2637362637362628,35.0
0.5284169620135799,400.0,607.3440493280921,381.7619887703178,0.2051282051282044,35.0
0.5335032060975209,400.0,609.3002103844642,381.7619887703178,0.146520146520146,35.0
0.5380422020098194,400.0,611.1904334277001,382.6014873712421,0.146520146520146,35.0
0.5403785899979994,400.0,611.9377309099096,383.8607352726285,1.2014652014651972,35.0
0.5445739320712164,400.0,613.520243225177,386.3792310754014,0.9084249084249052,35.0
0.5496145160868764,400.0,615.4104662684127,380.50274086893137,0.9670329670329636,35.0
0.5545954540139064,400.0,617.3446479870728,383.4409859721664,0.9084249084249052,35.0
0.5593676960561424,400.0,619.2128916925967,385.1199831740149,0.8498168498168468,35.0
0.5644636850338429,400.0,621.1690527489687,385.1199831740149,1.025641025641022,35.0
0.5666110150050372,400.0,621.9603089066023,383.02123667170423,0.6153846153846132,35.0
0.5708429660880938,400.0,623.4768832087334,382.18173807077994,1.2014652014651972,35.0
0.5774947600439191,400.0,626.1583624096029,379.24349296754497,0.2637362637362628,35.0
0.5796254210872576,400.0,626.9276392295245,383.02123667170423,0.9670329670329636,35.0
0.5838726640213281,400.0,628.4881722070797,380.50274086893137,0.4981684981684964,35.0
0.5885804310673848,400.0,630.4003745880276,379.66324226800714,0.3809523809523796,35.0
0.5933997370302677,400.0,632.2686182935515,379.66324226800714,0.3809523809523796,35.0
0.5976203189929947,400.0,633.8071719333947,381.7619887703178,0.0879120879120876,35.0
0.6026334500638768,400.0,635.7633329897666,383.8607352726285,0.0879120879120876,35.0
0.6078052180819213,400.0,637.6315766952905,380.92249016939354,0.2051282051282044,35.0
0.612647992093116,400.0,639.5877377516625,380.08299156846925,0.0879120879120876,35.0
0.6174823180772364,400.0,641.4779607948985,383.8607352726285,0.0879120879120876,35.0
0.622491437010467,400.0,643.4121425135584,380.08299156846925,0.2051282051282044,35.0
0.6273770650150254,400.0,645.2803862190823,383.02123667170423,0.2637362637362628,35.0
0.6295918740797788,400.0,646.1595597275642,384.7002338735528,1.1428571428571388,35.0
0.6366155720315874,400.0,648.8410389284336,384.7002338735528,0.2637362637362628,35.0
0.6387462629936635,400.0,649.5443777352191,385.1199831740149,0.6739926739926716,35.0
0.6429552340414375,400.0,651.1049107127742,380.92249016939354,0.146520146520146,35.0
0.6473873690702021,400.0,652.9951337560103,381.7619887703178,0.0879120879120876,35.0
0.6524329599924386,400.0,654.9073361369582,378.4039943666207,0.0879120879120876,35.0
0.6574826349969953,400.0,656.8415178556182,381.7619887703178,0.146520146520146,35.0
0.6624407530762255,400.0,658.7317408988541,381.34223946985566,0.2051282051282044,35.0
0.6645725870039314,400.0,659.4790383810637,382.6014873712421,1.2014652014651972,35.0
0.6688286050921306,400.0,661.061550696331,383.4409859721664,0.73260073260073,35.0
0.6755395540967584,400.0,663.7650092349124,383.02123667170423,0.6739926739926716,35.0
0.6776962910080329,400.0,664.4903273794101,384.28048457309063,0.3809523809523796,35.0
0.6819143880857155,400.0,666.0069016815411,384.7002338735528,0.3223443223443212,35.0
0.6861242350423709,400.0,667.5674346590963,383.8607352726285,0.73260073260073,35.0
0.690372848068364,400.0,669.4796370400442,383.02123667170423,0.6739926739926716,35.0
0.6967550130793825,400.0,671.4357980964162,380.50274086893137,0.6153846153846132,35.0
0.7009984630858526,400.0,673.3040418019401,377.5644957656964,0.6739926739926716,35.0
0.7054165970766917,400.0,675.1942648451759,383.8607352726285,0.8498168498168468,35.0
0.7101305620744824,400.0,677.1504259015481,384.7002338735528,0.6739926739926716,35.0
0.7163147880928591,400.0,679.0186696070718,382.6014873712421,0.73260073260073,35.0
0.720544622046873,400.0,680.974830663444,383.4409859721664,0.6739926739926716,35.0
0.7226851320592687,400.0,681.7441074833655,384.28048457309063,0.3223443223443212,35.0
0.7269134650705382,400.0,683.2826611232088,381.7619887703178,0.3223443223443212,35.0
0.7313767190789804,400.0,685.1509048287325,382.6014873712421,0.2637362637362628,35.0
0.7378193089971319,400.0,687.1290452228166,380.92249016939354,0.3223443223443212,35.0
0.7421254090731964,400.0,689.1291649546127,380.50274086893137,0.146520146520146,35.0
0.7463121360633522,400.0,690.9974086601364,384.7002338735528,0.0879120879120876,35.0
0.7527080500731245,400.0,692.8656523656604,379.66324226800714,0.146520146520146,35.0
0.7569754680152982,400.0,694.7558754088963,383.4409859721664,0.146520146520146,35.0
0.7611803340259939,400.0,696.3164083864515,384.28048457309063,0.4981684981684964,35.0
0.7653503260808066,400.0,698.2066314296875,382.6014873712421,0.5567765567765548,35.0
0.7695811430457979,400.0,699.7451850695307,380.08299156846925,1.0842490842490804,35.0
0.7738214730052277,400.0,701.305718047086,384.28048457309063,1.0842490842490804,35.0
0.7782461700262502,400.0,703.217920428034,383.4409859721664,1.025641025641022,35.0
0.7825355980312452,400.0,704.756474067877,384.7002338735528,0.6153846153846132,35.0
0.7870118150021881,400.0,706.6466971111128,384.7002338735528,0.6153846153846132,35.0
0.7953255160246044,400.0,709.3941143251186,383.8607352726285,0.9084249084249052,35.0
0.7974471669876948,400.0,710.141411807328,382.18173807077994,0.0879120879120876,35.0
0.8003363660536706,400.0,711.5920480963231,384.28048457309063,0.3809523809523796,35.0
0.8045778360683471,400.0,713.1745604115904,381.7619887703178,0.9670329670329636,35.0
0.8095228830352426,400.0,715.0428041171141,383.8607352726285,0.9670329670329636,35.0
0.8137922480236739,400.0,716.5813577569575,382.6014873712421,1.2600732600732556,35.0
0.8204266710672528,400.0,719.2408576201149,380.50274086893137,0.3223443223443212,35.0
0.8225222830660641,400.0,-719.9002377514762,384.28048457309063,0.8498168498168468,35.0
0.8267419520998374,400.0,-718.4056427870571,387.21872967632567,0.0879120879120876,35.0
0.8313297510612756,400.0,-716.5373990815333,383.02123667170423,0.2051282051282044,35.0
0.8377349190413952,400.0,-714.5372793497371,380.08299156846925,0.3223443223443212,35.0
0.8419737970689312,400.0,-712.6690356442132,385.5397324744771,0.2051282051282044,35.0
0.8462446130579337,400.0,-710.7128745878413,383.4409859721664,0.2051282051282044,35.0
0.8526498340070248,400.0,-708.8446308823175,382.6014873712421,0.146520146520146,35.0
0.8535001539858058,400.0,-708.0533747246837,385.9594817749392,1.1428571428571388,35.0
0.8577260770834982,400.0,-706.5368004225526,385.1199831740149,0.7912087912087884,35.0
0.8619682850548998,400.0,-704.6465773793168,382.18173807077994,0.8498168498168468,35.0
0.8661585469963029,400.0,-703.1080237394735,384.28048457309063,0.2637362637362628,35.0
0.8734776780474931,400.0,-700.426544538604,380.92249016939354,1.2014652014651972,35.0
0.8756315470673144,400.0,-699.6572677186824,382.18173807077994,0.2637362637362628,35.0
0.8799113350687549,400.0,-698.0967347411273,383.8607352726285,0.73260073260073,35.0
0.8840812740381807,400.0,-696.5362017635721,384.7002338735528,1.2014652014651972,35.0
0.8884737240150571,400.0,-694.6459787203361,383.4409859721664,1.2014652014651972,35.0
0.8934232670580968,400.0,-692.7337763393882,382.18173807077994,1.2014652014651972,35.0
0.8981543050613254,400.0,-690.7995946207282,384.7002338735528,1.0842490842490804,35.0
0.9045008150860667,400.0,-688.821454226644,381.34223946985566,0.9670329670329636,35.0
0.9088209910551086,400.0,-686.9751898588323,380.50274086893137,1.0842490842490804,35.0
0.9135793390450999,400.0,-685.0410081401724,383.8607352726285,1.0842490842490804,35.0
0.9185802820138633,400.0,-683.0628677460883,383.02123667170423,1.025641025641022,35.0
0.9233231160324067,400.0,-681.2166033782764,384.28048457309063,1.0842490842490804,35.0
0.9285149690695107,400.0,-679.3263803350405,386.3792310754014,1.1428571428571388,35.0
0.933180793072097,400.0,-677.3921986163806,388.8977268781742,1.0842490842490804,35.0
0.9353811910841614,400.0,-676.6888598095951,380.92249016939354,0.3223443223443212,35.0
0.939745711046271,400.0,-675.1283268320399,381.34223946985566,0.5567765567765548,35.0
0.944493658025749,400.0,-673.1941451133799,381.7619887703178,0.5567765567765548,35.0
0.9494385620346293,400.0,-671.281942732432,385.9594817749392,0.5567765567765548,35.0
0.9558354869950563,400.0,-669.3038023383479,385.1199831740149,0.3809523809523796,35.0
0.9601119620492682,400.0,-667.3696206196879,385.1199831740149,0.3223443223443212,35.0
0.9645484280772507,400.0,-665.5233562518761,385.1199831740149,0.439560439560438,35.0
0.9692721180617809,400.0,-663.6111538709281,382.6014873712421,0.439560439560438,35.0
0.9740752540528774,400.0,-661.7209308276922,383.4409859721664,0.439560439560438,35.0
0.9764458750141785,400.0,-660.9736333454827,380.50274086893137,0.6153846153846132,35.0
0.9807512990664691,400.0,-659.4131003679274,383.02123667170423,0.2051282051282044,35.0
0.9855171120725572,400.0,-657.4789186492675,380.08299156846925,0.2051282051282044,35.0
0.9905386740574613,400.0,-655.5447369306075,379.24349296754497,0.3223443223443212,35.0
0.9953719320474193,400.0,-653.5446171988114,382.6014873712421,0.3223443223443212,35.0
1.0018103549955413,400.0,-651.6983528309995,384.7002338735528,0.146520146520146,35.0
1.0060995160602033,400.0,-649.8081297877637,380.50274086893137,0.0879120879120876,35.0
1.0104739990783855,400.0,-647.8959274068158,379.24349296754497,0.2051282051282044,35.0
1.0154200920369476,400.0,-646.0496630390039,380.50274086893137,0.0879120879120876,35.0
1.0217503760941327,400.0,-644.0935019826319,381.7619887703178,0.2051282051282044,35.0
1.026052606990561,400.0,-642.203278939396,382.18173807077994,0.3223443223443212,35.0
1.0303850970230997,400.0,-640.6207666241287,380.50274086893137,0.2051282051282044,35.0
1.0346770730102435,400.0,-638.7525229186049,388.0582282772499,0.3223443223443212,35.0
1.0416561720194295,400.0,-636.0051057045993,386.7989803758635,0.8498168498168468,35.0
1.0437725520459935,400.0,-635.2797875601018,379.24349296754497,0.7912087912087884,35.0
1.0480257510207593,400.0,-633.6752959071224,382.6014873712421,1.2014652014651972,35.0
1.0525575230130926,400.0,-631.7850728638865,383.02123667170423,1.1428571428571388,35.0
1.0574652010109276,400.0,-629.8948498206506,383.4409859721664,1.1428571428571388,35.0
1.0626003060024232,400.0,-627.9606681019906,380.08299156846925,1.0842490842490804,35.0
1.0676457760855556,400.0,-626.0704450587548,384.28048457309063,1.1428571428571388,35.0
1.0725417180219665,400.0,-624.1582426778068,377.1447464652343,1.2014652014651972,35.0
1.0773928030394018,400.0,-622.2899989722829,377.5644957656964,1.2600732600732556,35.0
1.0794979720376432,400.0,-621.5646808277854,379.66324226800714,0.3223443223443212,35.0
1.083712785039097,400.0,-619.9601891748061,385.1199831740149,0.73260073260073,35.0
1.0887406680267304,400.0,-618.0040281184341,382.18173807077994,0.6153846153846132,35.0
1.0934236390748993,400.0,-616.1797430883344,383.02123667170423,0.6739926739926716,35.0
1.0977013920200989,400.0,-614.5752514353551,382.18173807077994,1.1428571428571388,35.0
1.102583931060508,400.0,-612.6850283921191,381.7619887703178,1.1428571428571388,35.0
1.1073840130120516,400.0,-610.7288673357472,383.4409859721664,1.025641025641022,35.0
1.1138025770196691,400.0,-608.8826029679353,378.82374366708285,1.0842490842490804,35.0
1.1181055890629068,400.0,-606.9923799246994,375.4657492633857,1.0842490842490804,35.0
1.1223762740846723,400.0,-605.1021568814635,381.7619887703178,1.0842490842490804,35.0
1.1266294250963256,400.0,-603.4976652284843,383.02123667170423,1.0842490842490804,35.0
1.1314559220336378,400.0,-601.6733801983844,380.92249016939354,0.9670329670329636,35.0
1.1365992280188948,400.0,-599.6952398043004,379.24349296754497,1.0842490842490804,35.0
1.1415216730674729,400.0,-597.8050167610644,380.08299156846925,1.025641025641022,35.0
1.14616633602418,400.0,-595.8708350424045,382.18173807077994,0.9670329670329636,35.0
1.152714611031115,400.0,-593.9806119991686,385.1199831740149,0.9084249084249052,35.0
1.1535184200620279,400.0,-593.1673765038229,384.7002338735528,0.5567765567765548,35.0
1.160563035053201,400.0,-590.4858973029534,385.1199831740149,0.6739926739926716,35.0
1.1627076570875943,400.0,-589.7605791584559,380.92249016939354,1.025641025641022,35.0
1.1669274440500885,400.0,-588.2220255186127,383.4409859721664,0.9670329670329636,35.0
1.1714254810940474,400.0,-586.3318024753768,382.6014873712421,1.0842490842490804,35.0
1.1764910240890458,400.0,-584.3756414190048,386.3792310754014,1.1428571428571388,35.0
1.1814345930470154,400.0,-582.485418375769,380.50274086893137,1.1428571428571388,35.0
1.1837270020041615,400.0,-581.7381208935593,380.92249016939354,0.4981684981684964,35.0
1.1880827780114487,400.0,-580.1775879160041,383.4409859721664,1.0842490842490804,35.0
1.1925587269943208,400.0,-578.2434061973441,382.18173807077994,1.0842490842490804,35.0
1.1974092470481992,400.0,-576.3751624918202,381.7619887703178,1.0842490842490804,35.0
1.2016926190117374,400.0,-574.792650176553,381.34223946985566,1.1428571428571388,35.0
1.2064884210703894,400.0,-572.9244064710292,385.1199831740149,1.0842490842490804,35.0
1.2129019730491564,400.0,-570.924286739233,376.72499716477216,1.1428571428571388,35.0
1.2172435390530154,400.0,-568.9901050205731,383.8607352726285,1.2014652014651972,35.0
1.2215546619845554,400.0,-567.2097786658974,380.50274086893137,1.0842490842490804,35.0
1.2261193400481716,400.0,-565.2975762849494,383.4409859721664,1.2600732600732556,35.0
1.232560125994496,400.0,-563.4293325794256,380.50274086893137,1.2014652014651972,35.0
1.235272750025615,400.0,-561.8248409264463,385.1199831740149,0.7912087912087884,35.0
1.239508249098435,400.0,-560.2203492734669,383.02123667170423,0.3809523809523796,35.0
1.2443469919962808,400.0,-558.4180435810792,380.92249016939354,0.146520146520146,35.0
1.2487536399858072,400.0,-556.8135519281,382.18173807077994,0.3223443223443212,35.0
1.253433542093262,400.0,-554.9453082225762,388.0582282772499,0.3809523809523796,35.0
1.2576879620319232,400.0,-553.3847752450208,386.7989803758635,0.7912087912087884,35.0
1.2621963700512424,400.0,-551.4286141886488,381.34223946985566,0.6739926739926716,35.0
1.2685865690000355,400.0,-549.5823498208371,383.02123667170423,0.73260073260073,35.0
1.2713941520778462,400.0,-548.0657755187059,381.7619887703178,1.2014652014651972,35.0
1.2756603510351852,400.0,-546.4393045280145,382.6014873712421,0.9084249084249052,35.0
1.2842295840382576,400.0,-543.4281352614643,380.50274086893137,0.2051282051282044,35.0
1.2863828759873286,400.0,-542.285209700438,383.4409859721664,1.2014652014651972,35.0
1.291528279078193,400.0,-540.3510279817781,380.92249016939354,1.2014652014651972,35.0
1.296477375086397,400.0,-538.4827842762542,384.7002338735528,1.1428571428571388,35.0
1.3015300360275432,400.0,-536.5046438821702,385.9594817749392,1.1428571428571388,35.0
1.3064422369934618,400.0,-534.6144208389342,388.47797757771207,1.2014652014651972,35.0
1.3085886520566419,400.0,-533.8011853435885,380.92249016939354,0.3223443223443212,35.0
1.3128388000186533,400.0,-532.1966936906092,384.7002338735528,0.4981684981684964,35.0
1.3174166349926963,400.0,-530.3943879982215,382.18173807077994,0.4981684981684964,35.0
1.3216677310410887,400.0,-528.8997930338023,381.7619887703178,1.025641025641022,35.0
1.3260728110326454,400.0,-526.9656113151424,379.66324226800714,1.0842490842490804,35.0
1.3323322670767084,400.0,-525.0534089341944,381.34223946985566,1.025641025641022,35.0
1.3365483169909567,400.0,-523.1192272155345,386.3792310754014,1.025641025641022,35.0
1.3414612200576812,400.0,-521.2290041722986,386.7989803758635,1.0842490842490804,35.0
1.345696354052052,400.0,-519.6684711947433,385.9594817749392,1.0842490842490804,35.0
1.3502697210060433,400.0,-517.7342894760834,379.66324226800714,1.0842490842490804,35.0
1.3565985329914838,400.0,-515.8440664328475,386.3792310754014,0.9670329670329636,35.0
1.3594170230207965,400.0,-514.3055127930043,386.7989803758635,0.6153846153846132,35.0
1.3661256060004234,400.0,-511.62403359213477,382.6014873712421,1.025641025641022,35.0
1.3684945900458843,400.0,-510.85475677221325,382.18173807077994,0.146520146520146,35.0
1.3727742910850793,400.0,-509.25026511923386,382.18173807077994,0.2637362637362628,35.0
1.3775661860127002,400.0,-507.3820214137101,381.7619887703178,0.3223443223443212,35.0
1.3821402490139008,400.0,-505.49179837047416,376.30524786431,0.3809523809523796,35.0
1.3884606490610167,400.0,-503.6455340026624,381.7619887703178,0.4981684981684964,35.0
1.3927390479948372,400.0,-502.04104234968304,380.50274086893137,0.9670329670329636,35.0
1.3969772200798616,400.0,-500.10686063102304,382.18173807077994,0.9670329670329636,35.0
1.4015774159925058,400.0,-498.1946582500751,383.02123667170423,0.9670329670329636,35.0
1.406181856058538,400.0,-496.3044352068392,383.4409859721664,0.9084249084249052,35.0
1.4127002760069445,400.0,-494.41421216360334,382.18173807077994,0.9670329670329636,35.0
1.4169409790774807,400.0,-492.5020097826554,382.6014873712421,0.9084249084249052,35.0
1.4190724360523745,400.0,-491.6667949495976,383.02123667170423,0.2051282051282044,35.0
1.4232921620132402,400.0,-490.2161586606026,377.5644957656964,0.3223443223443212,35.0
1.4295766620198265,400.0,-487.4467621088849,380.50274086893137,0.8498168498168468,35.0
1.433851397014223,400.0,-486.3038365478586,382.18173807077994,0.0293040293040292,35.0
1.4401187450857833,400.0,-483.7102746978373,381.34223946985566,0.9084249084249052,35.0
1.4422619200777262,400.0,-482.9629772156277,383.02123667170423,0.8498168498168468,35.0
1.446505698026158,400.0,-481.4464029134966,385.1199831740149,1.2600732600732556,35.0
1.4507411600789055,400.0,-479.53420053254865,382.18173807077994,1.2600732600732556,35.0
1.4549400369869545,400.0,-477.9956468927054,387.21872967632567,0.8498168498168468,35.0
1.459110100986436,400.0,-476.36917590201404,386.3792310754014,0.3223443223443212,35.0
1.4634228700306267,400.0,-474.50093219649034,383.4409859721664,0.3223443223443212,35.0
1.4685783090535551,400.0,-472.5227918024062,385.1199831740149,0.3809523809523796,35.0
1.473499179002829,400.0,-470.6325687591703,381.7619887703178,0.2637362637362628,35.0
1.4779601120389998,400.0,-468.7643250536465,384.28048457309063,0.2637362637362628,35.0
1.4826275190571323,400.0,-467.15983340066714,386.7989803758635,0.0293040293040292,35.0
1.4874499150319025,400.0,-465.203672344295,379.66324226800714,0.0879120879120876,35.0
1.492245638044551,400.0,-463.3574079764833,385.5397324744771,0.0879120879120876,35.0
1.4994706060970202,400.0,-460.6759287756137,384.28048457309063,1.025641025641022,35.0
1.5016124520916492,400.0,-459.9725899688284,382.18173807077994,0.6739926739926716,35.0
1.5058629449922591,400.0,-458.39007765356104,384.7002338735528,1.1428571428571388,35.0
1.5100796840852126,400.0,-456.52183394803717,383.4409859721664,1.2600732600732556,35.0
1.5144305310677737,400.0,-454.9393216327699,388.0582282772499,1.025641025641022,35.0
1.5186575390398502,400.0,-453.4007679929267,382.6014873712421,0.4981684981684964,35.0
1.5254901080625132,400.0,-450.7192887920572,384.7002338735528,1.0842490842490804,35.0
1.5276904089841992,400.0,-449.9280326344236,382.6014873712421,0.146520146520146,35.0
1.5319339369889349,400.0,-448.41145833229245,380.08299156846925,0.3223443223443212,35.0
1.5364651280688122,400.0,-446.49925595134454,382.18173807077994,0.439560439560438,35.0
1.5415848559932783,400.0,-444.5870535703966,381.34223946985566,0.439560439560438,35.0
1.5459965210175142,400.0,-442.7188098648727,383.02123667170423,0.439560439560438,35.0
1.5485656710807234,400.0,-441.86161569410297,385.1199831740149,0.6153846153846132,35.0
1.555584678077139,400.0,-439.1801364932334,383.02123667170423,0.9670329670329636,35.0
1.5577287160558626,400.0,-438.45481834873596,385.5397324744771,0.0879120879120876,35.0
1.5619249880546704,400.0,-436.89428537118073,383.8607352726285,0.3223443223443212,35.0
1.5661622100742534,400.0,-435.00406232794484,387.6384789767878,0.3809523809523796,35.0
1.5703934410121292,400.0,-433.4655086881017,387.21872967632567,0.9670329670329636,35.0
1.5753554510883987,400.0,-431.57528564486574,383.02123667170423,0.9084249084249052,35.0
1.58049512503203,400.0,-429.5971452507817,384.7002338735528,0.6739926739926716,35.0
1.5851977940183133,400.0,-427.6629635321217,382.6014873712421,0.73260073260073,35.0
1.5915933070937172,400.0,-425.83867850202193,380.92249016939354,0.8498168498168468,35.0
1.5941317020915449,400.0,-424.23418684904266,381.34223946985566,1.1428571428571388,35.0
1.6005278010852635,400.0,-422.3879224812308,383.8607352726285,1.2600732600732556,35.0
1.6047440510010347,400.0,-420.47572010028284,381.34223946985566,1.2014652014651972,35.0
1.606877468060702,400.0,-419.66248460493716,387.21872967632567,0.2637362637362628,35.0
1.6110964770196006,400.0,-418.101951627382,386.3792310754014,0.73260073260073,35.0
1.615353555069305,400.0,-416.2337079218581,383.8607352726285,0.73260073260073,35.0
1.6224621660076082,400.0,-413.50827004556453,381.7619887703178,0.439560439560438,35.0
1.6246096940012649,400.0,-412.782951901067,384.7002338735528,1.2600732600732556,35.0
1.6288663920713589,400.0,-411.20043958579976,380.92249016939354,0.9084249084249052,35.0
1.63339677604381,400.0,-409.3102165425638,382.6014873712421,0.8498168498168468,35.0
1.637614440987818,400.0,-407.77166290272066,382.18173807077994,0.3809523809523796,35.0
1.641833967063576,400.0,-406.2331092628775,380.50274086893137,0.146520146520146,35.0
1.646383143030107,400.0,-404.2989275442175,380.92249016939354,0.0879120879120876,35.0
1.6535151860443875,400.0,-401.63942768106006,383.4409859721664,1.025641025641022,35.0
1.6556582640623674,400.0,-400.8921301988505,381.34223946985566,0.6739926739926716,35.0
1.659898336045444,400.0,-399.3096178835832,384.28048457309063,1.1428571428571388,35.0
1.6644607060588896,400.0,-397.4193948403473,385.9594817749392,1.1428571428571388,35.0
1.669584820047021,400.0,-395.5071924593994,387.21872967632567,1.2014652014651972,35.0
1.6745749460533261,400.0,-393.50707272760326,380.50274086893137,1.025641025641022,35.0
1.6794282390037552,400.0,-391.68278769750356,386.3792310754014,1.0842490842490804,35.0
1.6844849160406739,400.0,-389.72662664113153,385.9594817749392,1.025641025641022,35.0
1.689552957075648,400.0,-387.8144242601835,384.28048457309063,1.025641025641022,35.0
1.6944953170605004,400.0,-385.9242012169476,383.02123667170423,1.025641025641022,35.0
1.6965989280724898,400.0,-385.1769037347381,380.92249016939354,0.0293040293040292,35.0
1.7008092240430415,400.0,-383.6163707571829,382.6014873712421,0.3809523809523796,35.0
1.705414158059284,400.0,-381.726147713947,381.34223946985566,0.439560439560438,35.0
1.7096480660839006,400.0,-380.2095734118159,382.18173807077994,1.0842490842490804,35.0
1.7140138210961595,400.0,-378.2973710308679,384.28048457309063,1.025641025641022,35.0
1.720299176988192,400.0,-376.3192306367838,385.9594817749392,0.9670329670329636,35.0
1.7245294150197878,400.0,-374.36306958041183,383.8607352726285,0.8498168498168468,35.0
1.7308559470111504,400.0,-372.4288878617518,382.18173807077994,0.7912087912087884,35.0
1.7351020959904417,400.0,-370.56064415622797,384.28048457309063,0.8498168498168468,35.0
1.7394534130580723,400.0,-368.69240045070416,383.4409859721664,0.8498168498168468,35.0
1.7444886640878394,400.0,-366.75821873204416,383.02123667170423,0.8498168498168468,35.0
1.7495401740306988,400.0,-364.8679956888082,380.50274086893137,0.9084249084249052,35.0
1.751683310023509,400.0,-364.09871886888664,382.6014873712421,0.2051282051282044,35.0
1.7559175790520385,400.0,-362.6261032421796,378.4039943666207,0.3223443223443212,35.0
1.760460771038197,400.0,-360.6040041726714,382.18173807077994,0.146520146520146,35.0
1.7654617560328916,400.0,-358.7357604671476,384.7002338735528,0.2637362637362628,35.0
1.7700953669846058,400.0,-356.8235580861997,381.34223946985566,0.3223443223443212,35.0
1.7763501030858606,400.0,-354.9113557052517,384.7002338735528,0.2637362637362628,35.0
1.7805739500327036,400.0,-352.97717398659177,383.8607352726285,0.2051282051282044,35.0
1.785546396044083,400.0,-351.0210129302197,381.7619887703178,0.2051282051282044,35.0
1.790529855992645,400.0,-349.04287253613563,380.92249016939354,0.146520146520146,35.0
1.7934351470321417,400.0,-348.03182300138144,382.6014873712421,1.2014652014651972,35.0
1.7997732730582356,400.0,-345.74597187932875,381.7619887703178,0.73260073260073,35.0
1.8039670580765232,400.0,-344.1854389017735,385.1199831740149,1.2014652014651972,35.0
1.80814601900056,400.0,-342.2512571831136,380.50274086893137,1.2014652014651972,35.0
1.8145557090174407,400.0,-340.4049928153018,385.1199831740149,1.2014652014651972,35.0
1.81544112006668,400.0,-339.5917573199561,380.92249016939354,0.2051282051282044,35.0
1.822307319031097,400.0,-336.88829878137454,386.7989803758635,1.025641025641022,35.0
1.8265846690628678,400.0,-335.7893318957723,385.1199831740149,0.3223443223443212,35.0
1.8295006580883637,400.0,-334.206819580505,382.18173807077994,0.5567765567765548,35.0
1.8341270260279998,400.0,-332.29461719955714,384.7002338735528,0.5567765567765548,35.0
1.840440992033109,400.0,-330.4483528317453,378.4039943666207,0.6153846153846132,35.0
1.8446919519919902,400.0,-328.49219177537327,380.50274086893137,0.439560439560438,35.0
1.8495878420071676,400.0,-326.53603071900125,383.8607352726285,0.4981684981684964,35.0
1.8517614060547203,400.0,-325.78873323679164,377.98424506615856,0.4981684981684964,35.0
1.8559849270386621,400.0,-324.2282002592364,383.4409859721664,0.0879120879120876,35.0
1.8604183500865474,400.0,-322.38193589142463,378.4039943666207,0.146520146520146,35.0
1.8654591049998999,400.0,-320.4257748350526,383.8607352726285,0.146520146520146,35.0
1.8704400539863855,400.0,-318.55753112952874,381.34223946985566,0.146520146520146,35.0
1.8746981100412086,400.0,-317.01897748968554,385.9594817749392,0.5567765567765548,35.0
1.8791281910380349,400.0,-315.39250649899424,382.6014873712421,1.0842490842490804,35.0
1.8876527399988845,400.0,-312.4033165701561,386.7989803758635,0.6739926739926716,35.0
1.888415243010968,400.0,-311.6340397502345,382.6014873712421,1.0842490842490804,35.0
1.8926623970037326,400.0,-310.09548611039133,380.50274086893137,1.1428571428571388,35.0
1.8968934980221093,400.0,-308.5569324705482,380.50274086893137,0.5567765567765548,35.0
1.9014718270627782,400.0,-306.6447300896002,383.8607352726285,0.6153846153846132,35.0
1.9064855680335313,400.0,-304.7105483709403,383.4409859721664,0.7912087912087884,35.0
1.9115201079985127,400.0,-302.82032532770427,380.08299156846925,0.73260073260073,35.0
1.9160817340016365,400.0,-300.9520816221804,385.9594817749392,0.6739926739926716,35.0
1.9225111610721797,400.0,-299.06185857894457,382.6014873712421,0.6153846153846132,35.0
1.9234124890062958,400.0,-298.2486230835989,383.4409859721664,1.025641025641022,35.0
1.927644488052465,400.0,-296.73204878146777,380.92249016939354,1.1428571428571388,35.0
1.9342848850646988,400.0,-293.96265222975,386.3792310754014,0.3223443223443212,35.0
1.9386259330203757,400.0,-292.9296233572839,385.5397324744771,1.1428571428571388,35.0
1.944967981078662,400.0,-290.2041854809903,378.4039943666207,0.3223443223443212,35.0
1.9471342470496893,400.0,-289.45688799878076,382.6014873712421,0.6739926739926716,35.0
1.9513304490828887,400.0,-287.8743756835135,378.4039943666207,0.2051282051282044,35.0
1.9555618650047109,400.0,-286.0500906534138,378.4039943666207,0.0879120879120876,35.0
1.9598088890779763,400.0,-284.5115370135706,380.08299156846925,0.3809523809523796,35.0
1.9644787420984358,400.0,-282.5553759571986,381.7619887703178,0.3223443223443212,35.0
1.9695740370079875,400.0,-280.62119423853846,383.4409859721664,0.2637362637362628,35.0
1.9740810020593926,400.0,-278.73097119530263,384.28048457309063,0.2637362637362628,35.0
1.9804639470530674,400.0,-276.79678947664263,380.08299156846925,0.2637362637362628,35.0
1.9846672570565715,400.0,-274.90656643340674,384.28048457309063,0.3809523809523796,35.0
1.9867987780598924,400.0,-274.09333093806106,387.21872967632567,0.8498168498168468,35.0
1.9911049150396138,400.0,-272.59873597364196,380.08299156846925,0.2637362637362628,35.0
1.9954392910003662,400.0,-270.68653359269405,381.34223946985566,0.2637362637362628,35.0
2.0003476560814306,400.0,-268.79631054945816,383.02123667170423,0.2637362637362628,35.0
2.0055186660028994,400.0,-266.84014949308613,380.92249016939354,0.3809523809523796,35.0
2.0103412980679423,400.0,-264.94992644985024,380.50274086893137,0.3809523809523796,35.0
2.0145788710797206,400.0,-263.4333521477191,381.34223946985566,0.2637362637362628,35.0
2.0187767560128123,400.0,-261.87281917016395,380.92249016939354,0.73260073260073,35.0
2.02337405201979,400.0,-260.0265548023521,382.6014873712421,0.9084249084249052,35.0
2.030091033084318,400.0,-257.3450756014825,383.4409859721664,0.3809523809523796,35.0
2.0324150800006464,400.0,-256.59777811927296,380.08299156846925,1.318681318681314,35.0
2.0366482360986993,400.0,-255.01526580400574,387.6384789767878,0.9670329670329636,35.0
2.0414813350653276,400.0,-253.12504276076982,380.92249016939354,0.9670329670329636,35.0
2.046052513993345,400.0,-251.21284037982187,385.9594817749392,0.9084249084249052,35.0
2.052372736041434,400.0,-249.23469998573785,380.50274086893137,0.9670329670329636,35.0
2.0565982380649075,400.0,-247.3224976047899,379.66324226800714,0.9670329670329636,35.0
2.0615933530498296,400.0,-245.454253899266,382.6014873712421,1.0842490842490804,35.0
2.06372899399139,400.0,-244.72893575476851,379.66324226800714,0.6739926739926716,35.0
2.070150822051801,400.0,-242.025477216187,381.7619887703178,0.3809523809523796,35.0
2.0724973550532013,400.0,-241.25620039626546,383.8607352726285,1.2014652014651972,35.0
2.0767153780907393,400.0,-239.67368808099812,387.21872967632567,1.025641025641022,35.0
2.0814439590321854,400.0,-237.71752702462612,385.1199831740149,1.1428571428571388,35.0
2.086466220091097,400.0,-235.9152213322383,381.7619887703178,1.025641025641022,35.0
2.091416337992996,400.0,-234.02499828900247,384.28048457309063,0.9670329670329636,35.0
2.095647082081996,400.0,-232.48644464915927,385.5397324744771,0.4981684981684964,35.0
2.100372517015785,400.0,-230.57424226821132,382.18173807077994,0.439560439560438,35.0
2.105252542067319,400.0,-228.59610187412733,383.8607352726285,0.5567765567765548,35.0
2.111628375016153,400.0,-226.7278581686034,380.92249016939354,0.439560439560438,35.0
2.1158489250810817,400.0,-224.77169711223144,381.34223946985566,0.5567765567765548,35.0
2.1205776900751516,400.0,-222.8594947312835,380.92249016939354,0.5567765567765548,35.0
2.122702079010196,400.0,-222.13417658678597,379.66324226800714,1.025641025641022,35.0
2.1269094171002507,400.0,-220.5956229469428,387.21872967632567,1.1428571428571388,35.0
2.1314607600215822,400.0,-218.70539990370696,386.3792310754014,1.0842490842490804,35.0
2.1364374220138416,400.0,-216.74923884733488,382.18173807077994,1.1428571428571388,35.0
2.1414223019964993,400.0,-214.85901580409904,383.4409859721664,1.1428571428571388,35.0
2.146546707022935,400.0,-212.90285474772685,387.6384789767878,1.1428571428571388,35.0
2.1513512480305508,400.0,-211.01263170449104,385.5397324744771,1.0842490842490804,35.0
2.1555719460593536,400.0,-209.5180367400719,381.7619887703178,0.5567765567765548,35.0
2.16028389101848,400.0,-207.53989634598787,381.34223946985566,0.73260073260073,35.0
2.1646080020582303,400.0,-206.04530138156872,381.34223946985566,0.0879120879120876,35.0
2.169446525047533,400.0,-204.1550783383329,384.7002338735528,0.146520146520146,35.0
2.173664539004676,400.0,-202.5725660230657,381.34223946985566,0.3223443223443212,35.0
2.1782328500412405,400.0,-200.6383843044056,387.6384789767878,0.2051282051282044,35.0
2.184567284071818,400.0,-198.79211993659382,382.18173807077994,0.3809523809523796,35.0
2.188821921008639,400.0,-196.85793821793385,385.9594817749392,0.3223443223443212,35.0
2.193536616046913,400.0,-194.90177716156185,383.02123667170423,0.2051282051282044,35.0
2.1984670620877296,400.0,-193.01155411832593,383.02123667170423,0.3223443223443212,35.0
2.2005770220421255,400.0,-192.26425663611641,387.21872967632567,0.8498168498168468,35.0
2.2047641390236095,400.0,-190.7037236585611,385.1199831740149,0.146520146520146,35.0
2.209024382987991,400.0,-189.12121134329388,380.92249016939354,0.146520146520146,35.0
2.213459038059227,400.0,-187.25296763777007,383.02123667170423,0.146520146520146,35.0
2.2185639610979706,400.0,-185.296806581398,383.02123667170423,0.0879120879120876,35.0
2.222886631032452,400.0,-183.78023227926693,381.7619887703178,0.6739926739926716,35.0
2.2274588440777734,400.0,-181.890009236031,384.7002338735528,0.6739926739926716,35.0
2.23172164906282,400.0,-180.3514555961878,383.4409859721664,1.2014652014651972,35.0
2.2364514610962942,400.0,-178.35133586439167,381.7619887703178,1.1428571428571388,35.0
2.2412585120182484,400.0,-176.5270508342919,382.18173807077994,1.2014652014651972,35.0
2.247595918015577,400.0,-174.63682779105608,384.28048457309063,1.2014652014651972,35.0
2.2518589990213513,400.0,-172.7026460723961,384.7002338735528,1.1428571428571388,35.0
2.256530167069286,400.0,-170.76846435373614,383.4409859721664,1.0842490842490804,35.0
2.2613860740093514,400.0,-168.90022064821224,380.08299156846925,1.1428571428571388,35.0
2.265635858057067,400.0,-167.3177083329449,382.18173807077994,1.025641025641022,35.0
2.270571017987095,400.0,-165.38352661428493,381.34223946985566,1.1428571428571388,35.0
2.2753129079937935,400.0,-163.493303571049,383.4409859721664,1.1428571428571388,35.0
2.2817523810081184,400.0,-161.20745244899632,381.34223946985566,1.1428571428571388,35.0
2.2881212380016223,400.0,-158.9216013269436,380.92249016939354,0.439560439560438,35.0
2.2925721000647172,400.0,-156.9654402705716,385.9594817749392,0.439560439560438,35.0
2.2972380390856415,400.0,-155.05323788962366,382.6014873712421,0.4981684981684964,35.0
2.301477865083143,400.0,-153.4267668989323,387.21872967632567,0.9670329670329636,35.0
2.306133199017495,400.0,-151.60248186883254,381.7619887703178,0.9670329670329636,35.0
2.3084411410382017,400.0,-150.833205048911,383.8607352726285,0.146520146520146,35.0
2.310569580993615,400.0,-150.04194889127731,383.8607352726285,1.1428571428571388,35.0
2.314875344047323,400.0,-148.50339525143423,381.7619887703178,0.6739926739926716,35.0
2.317002082010731,400.0,-147.77807710693673,383.02123667170423,0.9670329670329636,35.0
2.3212013160809875,400.0,-146.21754412938142,381.34223946985566,1.1428571428571388,35.0
2.3254480230389163,400.0,-144.37127976156964,384.28048457309063,1.1428571428571388,35.0
2.3296911300858483,400.0,-142.83272612172647,381.7619887703178,0.6153846153846132,35.0
2.3340241430560127,400.0,-141.29417248188327,382.18173807077994,0.2051282051282044,35.0
2.3405905989930034,400.0,-138.59071394330175,382.18173807077994,1.2600732600732556,35.0
2.34273659507744,400.0,-137.86539579880426,383.02123667170423,0.3809523809523796,35.0
2.3469365710625425,400.0,-136.28288348353692,384.28048457309063,0.9084249084249052,35.0
2.3514400779968128,400.0,-134.37068110258897,384.28048457309063,0.9084249084249052,35.0
2.356492741033435,400.0,-132.41452004621698,384.28048457309063,0.7912087912087884,35.0
2.3613088650163263,400.0,-130.458358989845,384.7002338735528,0.6153846153846132,35.0
2.365552359027788,400.0,-129.4253301173788,385.9594817749392,0.73260073260073,35.0
2.37187148607336,400.0,-126.67791290337314,377.1447464652343,0.6739926739926716,35.0
2.374009768012911,400.0,-125.95259475887575,378.82374366708285,0.2637362637362628,35.0
2.3781784570310265,400.0,-124.41404111903256,385.9594817749392,0.146520146520146,35.0
2.3824357480043545,400.0,-122.45788006266046,382.6014873712421,0.2051282051282044,35.0
2.387223846046254,400.0,-120.56765701942454,384.7002338735528,0.0879120879120876,35.0
2.3938505389960483,400.0,-118.67743397618861,383.8607352726285,0.2051282051282044,35.0
2.3982286560349166,400.0,-116.76523159524066,383.8607352726285,0.2637362637362628,35.0
2.4024528480367735,400.0,-114.78709120115666,385.5397324744771,0.3223443223443212,35.0
2.40741855208762,400.0,-112.91884749563275,385.1199831740149,0.146520146520146,35.0
2.412140446016565,400.0,-110.94070710154874,383.4409859721664,0.0879120879120876,35.0
2.414243558072485,400.0,-110.21538895705125,384.7002338735528,0.9670329670329636,35.0
2.4185737600782886,400.0,-108.63287664178401,384.28048457309063,0.3809523809523796,35.0
2.423298944020644,400.0,-106.74265359854809,383.02123667170423,0.4981684981684964,35.0
2.4296317340340465,400.0,-104.87440989302428,383.02123667170423,0.439560439560438,35.0
2.4338668970158324,400.0,-102.89626949894017,382.6014873712421,0.4981684981684964,35.0
2.438483774079941,400.0,-101.02802579341626,386.7989803758635,0.5567765567765548,35.0
2.442745072999969,400.0,-99.46749281586105,383.4409859721664,0.146520146520146,35.0
2.4474917000625283,400.0,-97.5552904349131,384.7002338735528,0.2051282051282044,35.0
2.4522637160262093,400.0,-95.62110871625313,381.34223946985566,0.2637362637362628,35.0
2.4587934149894863,400.0,-93.70890633530519,380.92249016939354,0.2051282051282044,35.0
2.4630582029931247,400.0,-91.7527452789332,381.7619887703178,0.0879120879120876,35.0
2.4674880070379004,400.0,-89.8845015734093,379.66324226800714,0.0879120879120876,35.0
2.472500600037165,400.0,-87.97229919246135,377.98424506615856,0.0879120879120876,35.0
2.477447051089257,400.0,-86.08207614922553,377.5644957656964,0.0879120879120876,35.0
2.4795735590159893,400.0,-85.31279932930389,380.92249016939354,1.2600732600732556,35.0
2.4837940740399063,400.0,-83.7742456894607,383.4409859721664,0.73260073260073,35.0
2.4883254260057583,400.0,-81.8180846330887,386.3792310754014,0.7912087912087884,35.0
2.49470929405652,400.0,-79.90588225214076,388.0582282772499,0.7912087912087884,35.0
2.498929323046468,400.0,-77.97170053348069,385.9594817749392,0.7912087912087884,35.0
2.5033759040525183,400.0,-76.1254361656689,385.9594817749392,0.73260073260073,35.0
0.00031200097873806953,-400.0,232.86009339026404,0.20987465023107005,0.4981684981684964,35.0
0.0003890999360010028,-400.0,232.83811405255193,-4.827116955314611,0.3809523809523796,35.0
0.00044280290603637695,-400.0,232.81613471484,-0.6296239506932101,0.439560439560438,35.0
0.00048388796858489513,-400.0,232.81613471484,-4.407367654852471,0.3223443223443212,35.0
0.000517211970873177,-400.0,232.79415537712788,-3.9876183543903307,0.3809523809523796,35.0
0.0005496959201991558,-400.0,232.77217603941597,-6.086364856701031,0.2637362637362628,35.0
0.0005859119119122624,-400.0,232.75019670170383,-5.666615556238891,0.2051282051282044,35.0
0.0006149329710751772,-400.0,232.70623802627978,-4.407367654852471,0.146520146520146,35.0
0.0006369439652189612,-400.0,232.70623802627978,-3.5678690539281908,0.146520146520146,35.0
0.0006849969504401088,-400.0,232.66227935085556,-5.246866255776751,0.0293040293040292,35.0
0.0011706399964168668,-400.0,232.24467193432685,3.5678690539281908,-0.0293040293040292,35.0
0.00560106395278126,-400.0,232.11279590805452,-41.76505539598314,-6.652014652014657,35.0
0.0077540879137814045,-400.0,231.9809198817822,-62.332771118628,-6.945054945054949,35.0
0.012452036957256496,-400.0,231.54133312754138,-101.36945606160724,-6.593406593406598,35.0
0.015015144948847592,-400.0,231.2556017372848,-124.45566758702503,-5.772893772893781,35.0
0.02203980798367411,-400.0,230.13465551397042,-182.8008203512627,-4.659340659340657,35.0
0.028997447923757136,-400.0,228.6620398872635,-219.319009491469,-3.604395604395606,35.0
0.03112375398632139,-400.0,228.22245313302247,-233.1707364067196,-3.8388278388278394,35.0
0.03327809600159526,-400.0,227.69494902793335,-244.92371681965955,-3.780219780219781,35.0
0.039619744988158345,-400.0,226.2003540635143,-260.0346916362967,-3.2527472527472554,35.0
0.04172417998779565,-400.0,225.6728499584252,-273.046919950623,-2.9597069597069634,35.0
0.045954596949741244,-400.0,224.551903735111,-285.6393989644873,-2.5494505494505546,35.0
0.0502820189576596,-400.0,223.27710214781237,-299.491125879738,-1.9633699633699706,35.0
0.054553399910219014,-400.0,221.73854850796909,-311.244106292678,-2.2564102564102626,35.0
0.058818216901272535,-400.0,220.15603619270198,-322.9970867056179,-2.2564102564102626,35.0
0.06304470100440085,-400.0,218.85925526769122,-336.0093150199443,-1.6703296703296644,35.0
0.07000389590393752,-400.0,216.41954878165416,-346.92279683196,-1.9633699633699706,35.0
0.07212382089346647,-400.0,215.7381893125808,-346.5030475314978,-1.1428571428571388,35.0
0.07633062789682299,-400.0,214.35349103672195,-352.3795377379678,-1.6703296703296644,35.0
0.08111891790758818,-400.0,212.55118534433421,-355.3177828412028,-1.6703296703296644,35.0
0.08574942592531443,-400.0,210.72690031423457,-364.55226745136997,-1.7875457875457812,35.0
0.09214294992852956,-400.0,208.96855329727086,-364.13251815090786,-1.6703296703296644,35.0
0.09635631996206939,-400.0,207.18822694259524,-366.65101395368066,-1.4945054945054892,35.0
0.10062563698738813,-400.0,205.6936319781762,-375.0459999629235,-0.6739926739926716,35.0
0.10480806697160006,-400.0,204.1550783383329,-375.0459999629235,-0.5567765567765548,35.0
0.10911975591443479,-400.0,202.26485529509688,-377.56449576569634,-0.439560439560438,35.0
0.11381856200750917,-400.0,200.35265291414893,-374.2065013619992,-0.4981684981684964,35.0
0.11852926993742585,-400.0,198.52836788404926,-379.663242268007,-0.439560439560438,35.0
0.12296522397082299,-400.0,197.0117935819181,-378.4039943666206,-0.9084249084249052,35.0
0.1275593739701435,-400.0,195.09959120097017,-379.663242268007,-0.9670329670329636,35.0
0.13399031793233007,-400.0,193.25332683315838,-377.98424506615845,-1.025641025641022,35.0
0.1381912719225511,-400.0,191.2971657767864,-379.663242268007,-0.8498168498168468,35.0
0.14249940193258226,-400.0,189.42892207126246,-380.5027408689313,-1.0842490842490804,35.0
0.14478179498109967,-400.0,188.61568657591678,-383.8607352726284,-0.439560439560438,35.0
0.14920158591121435,-400.0,187.05515359836158,-384.2804845730906,-0.3223443223443212,35.0
0.15407491999212652,-400.0,185.14295121741364,-385.11998317401486,-0.3223443223443212,35.0
0.15904567390680313,-400.0,183.27470751188983,-385.11998317401486,-0.3809523809523796,35.0
0.16407395293936133,-400.0,181.34052579322986,-385.11998317401486,-0.3223443223443212,35.0
0.16892509500030428,-400.0,179.45030274999394,-383.8607352726284,-0.439560439560438,35.0
0.17315669695381075,-400.0,177.88976977243874,-380.08299156846914,-0.73260073260073,35.0
0.17782520793844014,-400.0,175.95558805377877,-385.11998317401486,-0.6739926739926716,35.0
0.1830117399804294,-400.0,174.04338567283082,-385.11998317401486,-0.6153846153846132,35.0
0.1878839039709419,-400.0,172.153162629595,-385.539732474477,-0.6153846153846132,35.0
0.19213074492290616,-400.0,170.6146089897518,-386.37923107540126,-1.2600732600732556,35.0
0.19634300889447331,-400.0,168.9661586613484,-381.3422394698556,-1.1428571428571388,35.0
0.20069182198494673,-400.0,167.14187363124864,-385.11998317401486,-1.2014652014651972,35.0
0.2091599659761414,-400.0,164.43841509266704,-384.7002338735527,-0.5567765567765548,35.0
0.2099458419252187,-400.0,163.6691382727455,-386.7989803758634,-0.5567765567765548,35.0
0.21421215892769396,-400.0,162.10860529519027,-387.63847897678767,-0.2637362637362628,35.0
0.2189949759049341,-400.0,160.1744235765303,-388.47797757771195,-0.2637362637362628,35.0
0.2239939629798755,-400.0,158.21826252015822,-384.7002338735527,-0.2051282051282044,35.0
0.22896366892382503,-400.0,156.32803947692219,-386.7989803758634,-0.2637362637362628,35.0
0.23398987494874746,-400.0,154.39385775826221,-384.2804845730906,-0.146520146520146,35.0
0.23910548293497413,-400.0,152.45967603960224,-383.8607352726284,-0.146520146520146,35.0
0.2436271779006347,-400.0,150.56945299636632,-383.4409859721663,-0.2051282051282044,35.0
0.2499988789204508,-400.0,148.65725061541838,-382.18173807077983,-0.3809523809523796,35.0
0.2505614520050585,-400.0,147.90995313320886,-389.31747617863624,-1.2600732600732556,35.0
0.2549760569818318,-400.0,146.32744081794164,-381.3422394698556,-1.025641025641022,35.0
0.2600731949787587,-400.0,144.4152384369937,-387.21872967632555,-0.9670329670329636,35.0
0.2648688639746979,-400.0,142.52501539375785,-383.0212366717041,-0.9670329670329636,35.0
0.26994432392530143,-400.0,140.56885433738577,-383.0212366717041,-1.0842490842490804,35.0
0.2750787199474871,-400.0,138.59071394330175,-388.89772687817407,-1.0842490842490804,35.0
0.27947611291892827,-400.0,136.74444957548988,-385.539732474477,-1.025641025641022,35.0
0.28575979091692716,-400.0,134.8102678568299,-383.8607352726284,-1.0842490842490804,35.0
0.28996943100355566,-400.0,132.87608613816994,-387.63847897678767,-1.1428571428571388,35.0
0.2920826099580154,-400.0,132.15076799367245,-380.5027408689313,-0.6739926739926716,35.0
0.29638632596470416,-400.0,130.52429700298106,-385.9594817749391,-1.1428571428571388,35.0
0.3009313909569755,-400.0,128.67803263516927,-382.601487371242,-1.2600732600732556,35.0
0.3060339599614963,-400.0,126.72187157879729,-383.0212366717041,-1.1428571428571388,35.0
0.3108356510056183,-400.0,124.85362787327348,-382.18173807077983,-1.2014652014651972,35.0
0.31499919993802905,-400.0,123.3150742334303,-386.7989803758634,-1.1428571428571388,35.0
0.32002595195081085,-400.0,121.33693383934619,-388.05822827724984,-1.2014652014651972,35.0
0.32485657290089875,-400.0,119.46869013382238,-385.9594817749391,-1.2014652014651972,35.0
0.3299244539812207,-400.0,117.5125290774503,-389.31747617863624,-1.2600732600732556,35.0
0.3350086909485981,-400.0,115.5563680210783,-387.21872967632555,-1.2600732600732556,35.0
0.3398560769855976,-400.0,113.66614497784238,-384.2804845730906,-1.2014652014651972,35.0
0.3420030609704554,-400.0,112.85290948249678,-384.2804845730906,-0.2637362637362628,35.0
0.34618298697751015,-400.0,111.3143558426534,-384.2804845730906,-0.9084249084249052,35.0
0.35105100192595273,-400.0,109.46809147484161,-379.663242268007,-1.025641025641022,35.0
0.3580725429346785,-400.0,106.69869492312394,-382.18173807077983,-0.439560439560438,35.0
0.360195679939352,-400.0,105.97337677862645,-386.37923107540126,-1.3772893772893724,35.0
0.364388333982788,-400.0,104.43482313878326,-385.9594817749391,-0.9084249084249052,35.0
0.3689826879417524,-400.0,102.50064142012329,-382.18173807077983,-1.025641025641022,35.0
0.3739081029780209,-400.0,100.61041837688735,-382.601487371242,-1.025641025641022,35.0
0.3791974720079452,-400.0,98.63227798280334,-388.05822827724984,-1.0842490842490804,35.0
0.38348171196412295,-400.0,96.76403427727944,-384.2804845730906,-1.025641025641022,35.0
0.3856533939251676,-400.0,95.95079878193376,-385.11998317401486,-0.73260073260073,35.0
0.3899481719126925,-400.0,94.41224514209067,-385.539732474477,-1.2600732600732556,35.0
0.3950043199583888,-400.0,92.50004276114272,-384.7002338735527,-1.1428571428571388,35.0
0.3998811529017985,-400.0,90.6098197179068,-388.47797757771195,-1.2600732600732556,35.0
0.40684033499564976,-400.0,87.92834051703731,-381.7619887703177,-0.146520146520146,35.0
0.4089902709238231,-400.0,87.11510502169162,-386.7989803758634,-1.2014652014651972,35.0
0.41324860497843474,-400.0,85.62051005727258,-385.9594817749391,-0.4981684981684964,35.0
0.417889560922049,-400.0,83.68632833861251,-381.7619887703177,-0.439560439560438,35.0
0.42211977392435074,-400.0,82.14777469876942,-387.63847897678767,-0.2637362637362628,35.0
0.42635519593022764,-400.0,80.60922105892624,-383.8607352726284,-0.6153846153846132,35.0
0.4305957439355552,-400.0,79.07066741908305,-389.31747617863624,-1.2014652014651972,35.0
0.43686638690996915,-400.0,76.36720888050154,-382.601487371242,-0.2051282051282044,35.0
0.43900651298463345,-400.0,75.55397338515586,-387.63847897678767,-1.2600732600732556,35.0
0.443221797933802,-400.0,74.01541974531267,-385.11998317401486,-0.7912087912087884,35.0
0.4478837850037962,-400.0,72.12519670207674,-385.539732474477,-0.6739926739926716,35.0
0.45206856296863407,-400.0,70.60862239994567,-382.18173807077983,-0.2051282051282044,35.0
0.4562656939961016,-400.0,69.07006876010249,-384.2804845730906,-0.2637362637362628,35.0
0.4605071779806167,-400.0,67.5315151202593,-380.9224901693934,-0.9670329670329636,35.0
0.46702846698462963,-400.0,64.82805658167759,-391.41622268094704,-0.3809523809523796,35.0
0.46915945794899017,-400.0,64.03680042404392,-386.37923107540126,-1.318681318681314,35.0
0.4733332619071007,-400.0,62.49824678420084,-382.601487371242,-1.025641025641022,35.0
0.47789915394969285,-400.0,60.586044403252885,-385.9594817749391,-1.025641025641022,35.0
0.48298987094312906,-400.0,58.65186268459292,-386.7989803758634,-1.025641025641022,35.0
0.4878387649077922,-400.0,56.76163964135699,-390.15697477956064,-1.025641025641022,35.0
0.49207363498862833,-400.0,55.223086001513806,-384.7002338735527,-0.439560439560438,35.0
0.49630494392476976,-400.0,53.68453236167062,-380.08299156846914,-0.2637362637362628,35.0
0.5029470669105649,-400.0,50.981073823089105,-384.2804845730906,-1.0842490842490804,35.0
0.5050751769449562,-400.0,50.23377634087959,-380.08299156846914,-0.6153846153846132,35.0
0.5093001469504088,-400.0,48.6952227010364,-383.8607352726284,-1.2600732600732556,35.0
0.514018521993421,-400.0,46.76104098237643,-384.2804845730906,-1.1428571428571388,35.0
0.5189734739251435,-400.0,44.826859263716464,-384.2804845730906,-1.2600732600732556,35.0
0.5236554068978876,-400.0,42.91465688276851,-385.539732474477,-1.2600732600732556,35.0
0.5299696219153702,-400.0,41.04641317724461,-387.21872967632555,-1.318681318681314,35.0
0.5342040109680966,-400.0,39.419942186553335,-388.05822827724984,-1.2600732600732556,35.0
0.5384256999241188,-400.0,37.529719143317415,-384.7002338735527,-1.2014652014651972,35.0
0.5426209149882197,-400.0,35.9691861657622,-385.539732474477,-0.6739926739926716,35.0
0.5468174359994009,-400.0,34.05698378481426,-385.539732474477,-0.73260073260073,35.0
0.5519606649177149,-400.0,32.122802066154286,-385.9594817749391,-0.73260073260073,35.0
0.5564765529707074,-400.0,30.254558360630384,-381.3422394698556,-0.6739926739926716,35.0
0.5627893329365179,-400.0,28.298397304258394,-377.56449576569634,-0.9084249084249052,35.0
0.5670832169707865,-400.0,26.364215585598423,-383.0212366717041,-0.9084249084249052,35.0
0.5718187019228935,-400.0,24.49597188007462,-383.8607352726284,-0.8498168498168468,35.0
0.5739921359345317,-400.0,23.682736384728933,-385.9594817749391,-0.9084249084249052,35.0
0.578222609939985,-400.0,22.122203407173522,-384.2804845730906,-1.2600732600732556,35.0
0.5831355389673263,-400.0,20.25395970164972,-381.7619887703177,-1.318681318681314,35.0
0.5900487309554592,-400.0,17.528521825356083,-385.11998317401486,-0.3223443223443212,35.0
0.5921864319825545,-400.0,16.78122434314656,-383.4409859721663,-1.025641025641022,35.0
0.5964302519569173,-400.0,15.220691365591355,-384.2804845730906,-0.3809523809523796,35.0
0.6010321188950911,-400.0,13.286509646931387,-382.18173807077983,-0.3809523809523796,35.0
0.6058710959041491,-400.0,11.418265941407482,-383.8607352726284,-0.3223443223443212,35.0
0.6100772869540378,-400.0,9.857732963852273,-384.7002338735527,-0.2637362637362628,35.0
0.6150361549807712,-400.0,7.901571907480284,-382.18173807077983,-0.2051282051282044,35.0
0.6195791439386085,-400.0,6.011348864244358,-384.2804845730906,-0.3223443223443212,35.0
0.6259170629782602,-400.0,4.165084496432574,-382.601487371242,-0.2637362637362628,35.0
0.6288504039403051,-400.0,2.560592843453223,-387.21872967632555,-0.6153846153846132,35.0
0.6331177789252251,-400.0,1.022039203610138,-389.73722547909847,-1.2600732600732556,35.0
0.6379399289144203,-400.0,-0.934121852761953,-386.7989803758634,-1.1428571428571388,35.0
0.6429775109281763,-400.0,-2.912262246845963,-386.7989803758634,-1.025641025641022,35.0
0.6478577859234065,-400.0,-4.780505952369869,-385.9594817749391,-1.0842490842490804,35.0
0.6520915809087455,-400.0,-6.319059592213056,-382.601487371242,-1.0842490842490804,35.0
0.6563417159486562,-400.0,-7.923551245192305,-381.7619887703177,-0.9084249084249052,35.0
0.6610427129780874,-400.0,-9.901691639276416,-381.3422394698556,-0.9084249084249052,35.0
0.6659840239444748,-400.0,-11.791914682512344,-388.05822827724984,-1.0842490842490804,35.0
0.6710241090040654,-400.0,-13.638179050324128,-386.7989803758634,-0.9084249084249052,35.0
0.6756299230037257,-400.0,-15.506422755848034,-385.9594817749391,-0.7912087912087884,35.0
0.6840966969029978,-400.0,-18.209881294429543,-386.37923107540126,-0.9670329670329636,35.0
0.684943955973722,-400.0,-19.001137452063208,-384.7002338735527,-0.3223443223443212,35.0
0.6891682629939169,-400.0,-20.561670429618417,-382.18173807077983,-0.3809523809523796,35.0
0.693835782003589,-400.0,-22.45189347285424,-387.21872967632555,-0.2637362637362628,35.0
0.6980617579538375,-400.0,-24.01242645040945,-389.31747617863624,-0.73260073260073,35.0
0.7025925029302016,-400.0,-25.9246288313574,-383.4409859721663,-0.73260073260073,35.0
0.7069558319635689,-400.0,-27.485161808912604,-385.539732474477,-1.1428571428571388,35.0
0.7114856569096446,-400.0,-29.37538485214853,-385.11998317401486,-1.2014652014651972,35.0
0.7157512839185074,-400.0,-30.979876505127883,-385.9594817749391,-1.0842490842490804,35.0
0.7221338519593701,-400.0,-32.848120210651686,-388.05822827724984,-1.1428571428571388,35.0
0.7263619209406897,-400.0,-34.76032259159974,-387.63847897678767,-1.2014652014651972,35.0
0.7309525469318032,-400.0,-36.71648364797173,-385.9594817749391,-1.0842490842490804,35.0
0.7360906869871542,-400.0,-38.73858271747988,-389.31747617863624,-1.2600732600732556,35.0
0.7409764009062201,-400.0,-40.58484708529166,-385.11998317401486,-1.2014652014651972,35.0
0.745735153905116,-400.0,-42.54100814166375,-385.9594817749391,-1.2600732600732556,35.0
0.7499868969898671,-400.0,-43.63997502726602,-388.05822827724984,-0.0879120879120876,35.0
0.7563443469116464,-400.0,-46.40937157898369,-383.8607352726284,-1.2014652014651972,35.0
0.7584801579359919,-400.0,-47.15666906119321,-384.2804845730906,-0.2051282051282044,35.0
0.7627048409776762,-400.0,-48.6952227010364,-384.7002338735527,-0.7912087912087884,35.0
0.7670608889311552,-400.0,-50.62940441969637,-380.9224901693934,-0.8498168498168468,35.0
0.7715103299124166,-400.0,-52.497648125220174,-385.539732474477,-0.9084249084249052,35.0
0.7758213459746912,-400.0,-54.05818110277538,-384.7002338735527,-1.3772893772893724,35.0
0.7808842139784247,-400.0,-55.970383483723325,-388.47797757771195,-1.318681318681314,35.0
0.7859672089107335,-400.0,-57.92654454009542,-384.2804845730906,-1.3772893772893724,35.0
0.7910719329956919,-400.0,-59.88270559646751,-384.7002338735527,-1.2600732600732556,35.0
0.8017307319678366,-400.0,-64.05877976175604,-385.9594817749391,-0.6153846153846132,35.0
0.8061130119021982,-400.0,-65.20170532278244,-385.11998317401486,-1.0842490842490804,35.0
0.809004571987316,-400.0,-66.78421763804968,-382.18173807077983,-0.439560439560438,35.0
0.8140494329854846,-400.0,-68.74037869442166,-382.601487371242,-0.4981684981684964,35.0
0.8188567769248039,-400.0,-70.58664306223355,-382.18173807077983,-0.439560439560438,35.0
0.8239089848939329,-400.0,-72.56478345631756,-383.8607352726284,-0.5567765567765548,35.0
0.8286827619886026,-400.0,-74.45500649955349,-388.47797757771195,-0.5567765567765548,35.0
0.8350878149503842,-400.0,-76.36720888050144,-387.21872967632555,-0.6153846153846132,35.0
0.8358580799540505,-400.0,-77.13648570042298,-385.11998317401486,-1.2014652014651972,35.0
0.8401526279048994,-400.0,-78.67503934026617,-386.37923107540126,-1.2014652014651972,35.0
0.8468626909889281,-400.0,-81.4004772165599,-385.9594817749391,-0.3809523809523796,35.0
0.8489740389632061,-400.0,-82.16975403648145,-386.7989803758634,-0.73260073260073,35.0
0.853215200942941,-400.0,-83.7742456894607,-387.21872967632555,-0.2637362637362628,35.0
0.858063182909973,-400.0,-85.68644807040864,-386.37923107540126,-0.2051282051282044,35.0
0.8629636469995603,-400.0,-87.57667111364457,-383.0212366717041,-0.146520146520146,35.0
0.8672551239142194,-400.0,-89.15918342891179,-385.11998317401486,-0.146520146520146,35.0
0.8719535929849371,-400.0,-91.0274271344357,-379.24349296754485,-0.2051282051282044,35.0
0.8768909879727289,-400.0,-92.93962951538364,-384.2804845730906,-0.2637362637362628,35.0
0.8820854949299246,-400.0,-94.89579057175564,-385.11998317401486,-0.2051282051282044,35.0
0.8868880909867585,-400.0,-96.78601361499156,-389.31747617863624,-0.3223443223443212,35.0
0.8890800249064341,-400.0,-97.5552904349131,-386.7989803758634,-1.0842490842490804,35.0
0.893385192961432,-400.0,-99.15978208789235,-389.73722547909847,-0.5567765567765548,35.0
0.8978827759856358,-400.0,-101.02802579341626,-386.37923107540126,-0.4981684981684964,35.0
0.9030177249806002,-400.0,-103.00616618750037,-385.539732474477,-0.5567765567765548,35.0
0.907505260896869,-400.0,-104.8963892307363,-387.21872967632555,-0.5567765567765548,35.0
0.9117479699198157,-400.0,-106.41296353286737,-382.601487371242,-0.146520146520146,35.0
0.9202205649344251,-400.0,-109.18236008458514,-388.47797757771195,-1.318681318681314,35.0
0.9211099779931828,-400.0,-109.97361624221871,-381.7619887703177,-0.2637362637362628,35.0
0.9254067559959367,-400.0,-111.49019054434987,-384.2804845730906,-1.025641025641022,35.0
0.9300014559412375,-400.0,-113.38041358758569,-387.63847897678767,-1.025641025641022,35.0
0.9349055489292368,-400.0,-115.27063663082163,-385.539732474477,-1.025641025641022,35.0
0.9391408389201388,-400.0,-116.83116960837683,-384.7002338735527,-1.2600732600732556,35.0
0.944146752008237,-400.0,-118.83128934017296,-388.05822827724984,-1.318681318681314,35.0
0.9488604419166222,-400.0,-120.67755370798474,-381.7619887703177,-1.318681318681314,35.0
0.9540462439181283,-400.0,-122.63371476435684,-383.4409859721663,-1.2600732600732556,35.0
0.9589258409105241,-400.0,-124.54591714530478,-383.0212366717041,-1.1428571428571388,35.0
0.9611373899970204,-400.0,-125.31519396522643,-385.539732474477,-0.146520146520146,35.0
0.9654361339053139,-400.0,-126.89770628049367,-384.2804845730906,-0.5567765567765548,35.0
0.9699758909409866,-400.0,-128.7879293237296,-383.4409859721663,-0.6153846153846132,35.0
0.9749684769194573,-400.0,-130.6781523669654,-379.663242268007,-0.6739926739926716,35.0
0.9792399319121614,-400.0,-132.28264401994477,-387.21872967632555,-1.1428571428571388,35.0
0.9838861509924755,-400.0,-134.15088772546858,-386.37923107540126,-1.1428571428571388,35.0
0.9881040239706635,-400.0,-135.71142070302378,-389.73722547909847,-1.0842490842490804,35.0
0.9926021019928157,-400.0,-137.6016437462597,-383.8607352726284,-1.0842490842490804,35.0
0.9970525039825588,-400.0,-139.22811473695108,-386.7989803758634,-0.6739926739926716,35.0
1.0018886469770223,-400.0,-141.09635844247487,-389.31747617863624,-0.6153846153846132,35.0
1.006939162965864,-400.0,-143.074498836559,-385.11998317401486,-0.6153846153846132,35.0
1.0153974409913644,-400.0,-146.1076474408212,-385.539732474477,-0.3809523809523796,35.0
1.0197386048967019,-400.0,-148.06380849719332,-385.9594817749391,-0.3223443223443212,35.0
1.021908099995926,-400.0,-148.7891266416908,-382.601487371242,-0.6739926739926716,35.0
1.024025251972489,-400.0,-149.58038279932438,-386.7989803758634,-0.9084249084249052,35.0
1.0289559479570016,-400.0,-151.49258518027233,-385.9594817749391,-1.025641025641022,35.0
1.0339829929871485,-400.0,-153.4487462366444,-387.63847897678767,-0.8498168498168468,35.0
1.0386626459658146,-400.0,-155.36094861759227,-388.05822827724984,-0.8498168498168468,35.0
1.045124856987968,-400.0,-157.27315099854022,-385.11998317401486,-0.9670329670329636,35.0
1.048021010006778,-400.0,-158.85566331380753,-387.21872967632555,-1.2014652014651972,35.0
1.0529318829067051,-400.0,-160.76786569475547,-388.05822827724984,-1.318681318681314,35.0
1.0578998369164765,-400.0,-162.6580887379913,-383.8607352726284,-1.3772893772893724,35.0
1.060054651927203,-400.0,-163.493303571049,-385.9594817749391,-0.2051282051282044,35.0
1.0670274439034984,-400.0,-166.19676210963064,-382.18173807077983,-1.025641025641022,35.0
1.0691747919190675,-400.0,-166.94405959184016,-387.21872967632555,-0.5567765567765548,35.0
1.0733880999032408,-400.0,-168.4386545562592,-382.601487371242,-1.1428571428571388,35.0
1.0778802989516407,-400.0,-170.39481561263128,-382.601487371242,-1.1428571428571388,35.0
1.083010102971457,-400.0,-172.32899733129136,-386.7989803758634,-1.1428571428571388,35.0
1.0875750539125875,-400.0,-174.21922037452717,-385.11998317401486,-1.1428571428571388,35.0
1.0899955069180578,-400.0,-175.01047653216085,-387.63847897678767,-0.2637362637362628,35.0
1.0942348489770666,-400.0,-176.5270508342919,-383.8607352726284,-0.4981684981684964,35.0
1.0987897799350321,-400.0,-178.483211890664,-386.7989803758634,-0.439560439560438,35.0
1.1035206819651648,-400.0,-180.37343493389983,-385.539732474477,-0.5567765567765548,35.0
1.1097949160030112,-400.0,-182.395534003408,-384.7002338735527,-0.3809523809523796,35.0
1.1140091519337147,-400.0,-184.24179837121986,-385.9594817749391,-0.439560439560438,35.0
1.118260828894563,-400.0,-185.78035201106294,-385.539732474477,-1.025641025641022,35.0
1.1228304479736835,-400.0,-187.67057505429887,-379.24349296754485,-0.9670329670329636,35.0
1.12709124898538,-400.0,-189.20912869414207,-382.18173807077983,-1.318681318681314,35.0
1.1320943610044196,-400.0,-191.18726908822606,-380.08299156846914,-1.2600732600732556,35.0
1.1369471239158884,-400.0,-193.0774921314621,-384.7002338735527,-1.2600732600732556,35.0
1.141187340952456,-400.0,-194.63802510901732,-382.601487371242,-0.9670329670329636,35.0
1.146031285985373,-400.0,-196.55022748996527,-386.37923107540126,-0.9670329670329636,35.0
1.150965932989493,-400.0,-198.48440920862524,-388.47797757771195,-1.025641025641022,35.0
1.155956640955992,-400.0,-200.37463225186116,-385.539732474477,-1.025641025641022,35.0
1.1602289628935978,-400.0,-201.9791239048404,-385.539732474477,-0.439560439560438,35.0
1.1649228299502283,-400.0,-203.86934694807633,-385.9594817749391,-0.439560439560438,35.0
1.1691252219025046,-400.0,-205.40790058791953,-385.9594817749391,-0.2051282051282044,35.0
1.1739763289224356,-400.0,-207.3640616442915,-384.2804845730906,-0.146520146520146,35.0
1.1789006280014291,-400.0,-209.2323053498153,-383.4409859721663,-0.2051282051282044,35.0
1.1831496969098225,-400.0,-210.7928383273705,-382.601487371242,-0.6153846153846132,35.0
1.188060599961318,-400.0,-212.7489993837426,-387.63847897678767,-0.4981684981684964,35.0
1.1929258429445326,-400.0,-214.63922242697853,-389.31747617863624,-0.5567765567765548,35.0
1.1978760469937697,-400.0,-216.52944547021445,-383.0212366717041,-0.4981684981684964,35.0
1.2029206799343228,-400.0,-218.48560652658645,-387.21872967632555,-0.4981684981684964,35.0
1.208057251991704,-400.0,-220.44176758295845,-380.5027408689313,-0.4981684981684964,35.0
1.2129844829905778,-400.0,-222.33199062619437,-386.37923107540126,-0.439560439560438,35.0
1.2152203369187191,-400.0,-223.101267446116,-386.7989803758634,-0.7912087912087884,35.0
1.2219235789962113,-400.0,-225.78274664698552,-385.539732474477,-1.025641025641022,35.0
1.2240663829725236,-400.0,-226.53004412919503,-381.7619887703177,-0.0879120879120876,35.0
1.228285684948787,-400.0,-228.0685977690382,-381.7619887703177,-0.2637362637362628,35.0
1.2324537149397656,-400.0,-229.6071514088814,-382.18173807077983,-0.9670329670329636,35.0
1.2366509299026802,-400.0,-231.1676843864366,-385.11998317401486,-1.2600732600732556,35.0
1.2408718899823725,-400.0,-233.05790742967244,-383.8607352726284,-1.2600732600732556,35.0
1.2460427349433303,-400.0,-235.03604782375655,-382.601487371242,-1.2014652014651972,35.0
1.2509795780060813,-400.0,-236.9702295424166,-383.4409859721663,-1.2600732600732556,35.0
1.2558612358989194,-400.0,-238.8384732479404,-386.7989803758634,-1.318681318681314,35.0
1.2600865709828213,-400.0,-240.42098556320764,-391.41622268094704,-1.1428571428571388,35.0
1.264862829935737,-400.0,-242.33318794415558,-384.7002338735527,-0.9670329670329636,35.0
1.2691189349861816,-400.0,-243.87174158399878,-386.37923107540126,-0.4981684981684964,35.0
1.273881066008471,-400.0,-245.8498819780829,-383.4409859721663,-0.6153846153846132,35.0
1.278866968001239,-400.0,-247.7181256836067,-384.2804845730906,-0.3809523809523796,35.0
1.283102244953625,-400.0,-249.23469998573785,-385.11998317401486,-0.2051282051282044,35.0
1.2876204499043524,-400.0,-251.19086104210984,-384.2804845730906,-0.2051282051282044,35.0
1.2939842699561268,-400.0,-253.0151460722096,-380.08299156846914,-0.2051282051282044,35.0
1.2982083519455045,-400.0,-255.01526580400574,-384.7002338735527,-0.2637362637362628,35.0
1.3028296139091253,-400.0,-256.90548884724154,-384.7002338735527,-0.2637362637362628,35.0
1.307053695898503,-400.0,-258.46602182479677,-387.21872967632555,-0.6153846153846132,35.0
1.3112760999938473,-400.0,-260.0045754646401,-384.2804845730906,-1.2014652014651972,35.0
1.3160069009754807,-400.0,-261.916777845588,-383.4409859721663,-1.2014652014651972,35.0
1.3223987899255008,-400.0,-263.96085625280824,-388.05822827724984,-0.9084249084249052,35.0
1.3265655209543183,-400.0,-265.7631619451959,-379.24349296754485,-1.1428571428571388,35.0
1.330956285004504,-400.0,-267.6973436638559,-380.5027408689313,-1.025641025641022,35.0
1.3357454179786146,-400.0,-269.58756670709175,-381.3422394698556,-1.025641025641022,35.0
1.3380091959843412,-400.0,-270.3568435270134,-382.601487371242,-0.3223443223443212,35.0
1.3422511039534584,-400.0,-271.8514384914325,-380.5027408689313,-0.439560439560438,35.0
1.3469120109220967,-400.0,-273.7856202100924,-382.601487371242,-0.3809523809523796,35.0
1.3516287499805912,-400.0,-275.76376060417647,-383.8607352726284,-0.3223443223443212,35.0
1.357913120999001,-400.0,-277.6539836474124,-387.63847897678767,-0.3809523809523796,35.0
1.362328091985546,-400.0,-279.6101447037844,-382.601487371242,-0.3809523809523796,35.0
1.3669527888996527,-400.0,-281.5003677470204,-382.601487371242,-0.3809523809523796,35.0
1.3715005479753017,-400.0,-283.4125701279683,-386.37923107540126,-0.3223443223443212,35.0
1.3758848479483277,-400.0,-284.97310310552353,-387.63847897678767,-0.73260073260073,35.0
1.3809404209023342,-400.0,-286.8853054864715,-385.11998317401486,-0.6153846153846132,35.0
1.386039690929465,-400.0,-288.81948720513145,-382.601487371242,-0.5567765567765548,35.0
1.3905853289179504,-400.0,-290.7316895860794,-383.8607352726284,-0.73260073260073,35.0
1.3969663589959964,-400.0,-292.5779539538912,-382.18173807077983,-0.7912087912087884,35.0
1.4012107249582186,-400.0,-294.53411501026324,-386.7989803758634,-0.6739926739926716,35.0
1.4033320309827104,-400.0,-295.36932984332094,-384.2804845730906,-0.5567765567765548,35.0
1.4075042709009722,-400.0,-296.86392480774003,-381.7619887703177,-0.2637362637362628,35.0
1.4117160679306835,-400.0,-298.820085864112,-387.21872967632555,-0.2637362637362628,35.0
1.4180564449634403,-400.0,-300.71030890734795,-382.601487371242,-0.3223443223443212,35.0
1.420919697964564,-400.0,-302.2708418849032,-383.4409859721663,-0.4981684981684964,35.0
1.4260721149621531,-400.0,-304.22700294127526,-383.0212366717041,-0.439560439560438,35.0
1.431076843990013,-400.0,-306.0952466467991,-384.2804845730906,-0.4981684981684964,35.0
1.4355815359158441,-400.0,-308.02942836545907,-384.2804845730906,-0.3809523809523796,35.0
1.4419749329099432,-400.0,-309.87569273327085,-383.0212366717041,-0.5567765567765548,35.0
1.444877333007753,-400.0,-311.4362257108261,-384.7002338735527,-1.1428571428571388,35.0
1.449236968997866,-400.0,-312.9967586883813,-383.4409859721663,-1.318681318681314,35.0
1.4539708639495075,-400.0,-314.95291974475333,-385.539732474477,-1.318681318681314,35.0
1.4590340389404446,-400.0,-316.88710146341333,-384.7002338735527,-1.318681318681314,35.0
1.4639250779291615,-400.0,-318.7773245066492,-387.21872967632555,-1.2600732600732556,35.0
1.4681242159567773,-400.0,-320.31587814649237,-385.11998317401486,-1.025641025641022,35.0
1.4729255120037124,-400.0,-322.25005986515237,-386.7989803758634,-0.9084249084249052,35.0
1.4779708029236645,-400.0,-324.20622092152433,-387.21872967632555,-0.9670329670329636,35.0
1.483011381002143,-400.0,-326.1404026401844,-383.4409859721663,-1.025641025641022,35.0
1.4880558729637414,-400.0,-328.05260502113236,-381.3422394698556,-1.025641025641022,35.0
1.4928600939456373,-400.0,-329.92084872665623,-385.539732474477,-0.9670329670329636,35.0
1.4949645719025284,-400.0,-330.6461668711537,-381.3422394698556,-0.7912087912087884,35.0
1.4992204390000552,-400.0,-332.22867918642095,-384.7002338735527,-1.2600732600732556,35.0
1.5059977989876643,-400.0,-335.04203441356276,-382.18173807077983,-0.2637362637362628,35.0
1.5090038409689441,-400.0,-336.119021961453,-387.63847897678767,-1.2014652014651972,35.0
1.5132431259844452,-400.0,-337.61361692587207,-384.7002338735527,-1.0842490842490804,35.0
1.5180045339511707,-400.0,-339.5917573199561,-383.0212366717041,-1.1428571428571388,35.0
1.5230505699291825,-400.0,-341.52593903861606,-385.9594817749391,-1.1428571428571388,35.0
1.5275655629811808,-400.0,-343.3941827441399,-381.3422394698556,-1.0842490842490804,35.0
1.5339471319457516,-400.0,-345.2844057873758,-386.7989803758634,-1.025641025641022,35.0
1.538163946941495,-400.0,-347.26254618145987,-383.0212366717041,-1.2014652014651972,35.0
1.5429658569628373,-400.0,-349.1747485624079,-383.8607352726284,-1.2600732600732556,35.0
1.5478746199514717,-400.0,-351.0649716056438,-385.11998317401486,-1.2014652014651972,35.0
1.5500024179928005,-400.0,-351.87820710098947,-382.18173807077983,-0.3223443223443212,35.0
1.5569384719710797,-400.0,-354.55968630185896,-388.05822827724984,-0.7912087912087884,35.0
1.5591038019629195,-400.0,-355.30698378406856,-384.7002338735527,-1.025641025641022,35.0
1.5634431949583814,-400.0,-356.88949609933576,-387.21872967632555,-1.318681318681314,35.0
1.5677734379423782,-400.0,-358.38409106375485,-387.63847897678767,-0.9084249084249052,35.0
1.5741299618966877,-400.0,-361.0875496023364,-385.11998317401486,-0.9084249084249052,35.0
1.5762671258999035,-400.0,-361.92276443539413,-384.7002338735527,-0.3223443223443212,35.0
1.580462138983421,-400.0,-363.46131807523733,-385.9594817749391,-0.2637362637362628,35.0
1.5848945709876716,-400.0,-365.3515411184732,-389.73722547909847,-0.2051282051282044,35.0
1.5899527129950002,-400.0,-367.2857228371332,-381.3422394698556,-0.2051282051282044,35.0
1.5950289879692718,-400.0,-369.24188389350525,-382.601487371242,-0.2051282051282044,35.0
1.5994842319050804,-400.0,-371.066168923605,-380.5027408689313,-0.2051282051282044,35.0
1.6020296429051086,-400.0,-371.8794044189507,-386.7989803758634,-1.1428571428571388,35.0
1.6089617758989334,-400.0,-374.5608836198202,-382.18173807077983,-0.6153846153846132,35.0
1.611065114964731,-400.0,-375.3081811020297,-383.8607352726284,-0.439560439560438,35.0
1.6152959099272266,-400.0,-376.8467347418729,-379.24349296754485,-0.3223443223443212,35.0
1.6197509319754317,-400.0,-378.80289579824495,-389.31747617863624,-0.3223443223443212,35.0
1.624886929988861,-400.0,-380.6931188414809,-388.47797757771195,-0.2637362637362628,35.0
1.629148852895014,-400.0,-382.25365181903607,-384.2804845730906,-0.5567765567765548,35.0
1.6340046639088541,-400.0,-384.20981287540815,-384.7002338735527,-0.439560439560438,35.0
1.6385980519698933,-400.0,-386.122015256356,-385.539732474477,-0.3809523809523796,35.0
1.6450158909428865,-400.0,-387.9902589618799,-381.3422394698556,-0.4981684981684964,35.0
1.6492444949690253,-400.0,-389.9244406805399,-383.8607352726284,-0.3809523809523796,35.0
1.6539826249936596,-400.0,-391.8586223991999,-382.601487371242,-0.3223443223443212,35.0
1.6561569639015943,-400.0,-392.62789921912145,-386.7989803758634,-0.73260073260073,35.0
1.6603759789140895,-400.0,-394.16645285896465,-385.11998317401486,-0.2051282051282044,35.0
1.664986782008782,-400.0,-396.1226139153366,-387.21872967632555,-0.3223443223443212,35.0
1.6699326209491119,-400.0,-398.0348162962846,-385.11998317401486,-0.3223443223443212,35.0
1.6746722239768133,-400.0,-400.0129566903687,-389.73722547909847,-0.3223443223443212,35.0
1.6790370449889451,-400.0,-401.5515103302119,-385.11998317401486,-0.3809523809523796,35.0
1.6840281779877841,-400.0,-403.48569204887184,-388.47797757771195,-0.3223443223443212,35.0
1.6889722849009559,-400.0,-405.3978944298198,-389.31747617863624,-0.146520146520146,35.0
1.6939775709761307,-400.0,-407.31009681076773,-383.0212366717041,-0.146520146520146,35.0
1.6990239690057933,-400.0,-409.26625786713976,-385.11998317401486,-0.146520146520146,35.0
1.7038892589043826,-400.0,-411.11252223495154,-383.8607352726284,-0.2051282051282044,35.0
1.708102456992492,-400.0,-412.65107587479474,-383.8607352726284,-0.6153846153846132,35.0
1.7128175479592755,-400.0,-414.58525759345474,-385.539732474477,-0.6739926739926716,35.0
1.7191736679524183,-400.0,-416.54141864982677,-387.21872967632555,-0.5567765567765548,35.0
1.7195864859968424,-400.0,-417.28871613203626,-383.4409859721663,-0.5567765567765548,35.0
1.72397525398992,-400.0,-418.8492491095915,-388.05822827724984,-0.146520146520146,35.0
1.7288548978976905,-400.0,-420.73947215282743,-382.18173807077983,-0.2637362637362628,35.0
1.7357843049103394,-400.0,-423.48688936683305,-384.2804845730906,-1.2600732600732556,35.0
1.7379312759730965,-400.0,-424.2122075113306,-387.21872967632555,-0.439560439560438,35.0
1.742187651921995,-400.0,-425.7507611511738,-388.47797757771195,-1.0842490842490804,35.0
1.7464597569778562,-400.0,-427.31129412872895,-388.47797757771195,-1.2600732600732556,35.0
1.7508260189788416,-400.0,-429.20151717196484,-385.539732474477,-1.318681318681314,35.0
1.7550712419906631,-400.0,-430.78402948723215,-388.89772687817407,-0.9084249084249052,35.0
1.7595911199459806,-400.0,-432.69623186818006,-388.47797757771195,-0.9084249084249052,35.0
1.7660983339883387,-400.0,-434.586454911416,-386.37923107540126,-0.9084249084249052,35.0
1.7689624489285052,-400.0,-436.1689672266832,-389.31747617863624,-0.3809523809523796,35.0
1.7738199379527941,-400.0,-438.1471076207673,-387.21872967632555,-0.4981684981684964,35.0
1.778911042958498,-400.0,-440.0153513262911,-388.05822827724984,-0.439560439560438,35.0
1.7839613138930872,-400.0,-441.9275537072391,-385.539732474477,-0.3809523809523796,35.0
1.7882489809999242,-400.0,-443.5540246979304,-387.21872967632555,-0.2051282051282044,35.0
1.7930738619761541,-400.0,-445.4222684034543,-384.7002338735527,-0.146520146520146,35.0
1.7973500959342346,-400.0,-447.0047807187216,-383.0212366717041,-0.4981684981684964,35.0
1.8015849780058488,-400.0,-448.47739634542864,-383.4409859721663,-1.0842490842490804,35.0
1.8060569328954443,-400.0,-450.43355740180067,-382.601487371242,-1.0842490842490804,35.0
1.8109944129828364,-400.0,-452.34575978274853,-382.18173807077983,-1.0842490842490804,35.0
1.8159306619782,-400.0,-454.2579621636965,-384.2804845730906,-1.0842490842490804,35.0
1.821033539948985,-400.0,-456.2141232200686,-386.37923107540126,-1.0842490842490804,35.0
1.82572376600001,-400.0,-458.1483049387286,-385.9594817749391,-1.025641025641022,35.0
1.8321163268992677,-400.0,-460.0385279819644,-386.37923107540126,-1.025641025641022,35.0
1.8363951089559123,-400.0,-461.9507303629124,-385.539732474477,-1.0842490842490804,35.0
1.8409439749084413,-400.0,-463.9068914192845,-385.11998317401486,-0.9670329670329636,35.0
1.8459388959454373,-400.0,-465.7971144625203,-387.63847897678767,-0.9670329670329636,35.0
1.8480946469353512,-400.0,-466.632329295578,-385.9594817749391,-0.2637362637362628,35.0
1.8522860739612952,-400.0,-468.10494492228503,-383.4409859721663,-0.3223443223443212,35.0
1.8587382528930902,-400.0,-470.85236213629076,-383.8607352726284,-1.025641025641022,35.0
1.8630226439563558,-400.0,-471.9952876973171,-385.9594817749391,-0.2051282051282044,35.0
1.8694211789406836,-400.0,-474.6987462358986,-386.7989803758634,-1.0842490842490804,35.0
1.8715615608962253,-400.0,-475.4240643803962,-386.37923107540126,-0.73260073260073,35.0
1.875862127984874,-400.0,-476.98459735795143,-388.89772687817407,-1.2600732600732556,35.0
1.8800734039396048,-400.0,-478.9187790766114,-390.57672408002276,-1.318681318681314,35.0
1.8849209409672767,-400.0,-480.83098145755935,-390.9964733804849,-1.2600732600732556,35.0
1.8899937079986557,-400.0,-482.74318383850715,-383.4409859721663,-1.2600732600732556,35.0
1.8949228279525414,-400.0,-484.67736555716726,-388.47797757771195,-1.1428571428571388,35.0
1.899215878918767,-400.0,-486.25987787243446,-382.18173807077983,-1.0842490842490804,35.0
1.9038367529865354,-400.0,-488.19405959109446,-380.5027408689313,-1.2014652014651972,35.0
1.9102278489153832,-400.0,-490.1062619720424,-383.4409859721663,-1.2014652014651972,35.0
1.9144577659899369,-400.0,-492.1063817038385,-385.539732474477,-1.2600732600732556,35.0
1.9189780550077558,-400.0,-493.90868739622624,-387.63847897678767,-1.318681318681314,35.0
1.9211946309078485,-400.0,-494.6779642161478,-382.601487371242,-0.3809523809523796,35.0
1.925659675966017,-400.0,-496.3044352068392,-385.11998317401486,-0.9084249084249052,35.0
1.929944529896602,-400.0,-498.15069957465096,-381.7619887703177,-1.0842490842490804,35.0
1.9347875729436055,-400.0,-500.06290195559893,-384.2804845730906,-1.025641025641022,35.0
1.9399324249243364,-400.0,-501.9531249988348,-385.9594817749391,-1.0842490842490804,35.0
1.9442078509600833,-400.0,-503.5356373141021,-386.7989803758634,-1.318681318681314,35.0
1.9488466129405424,-400.0,-505.42586035733797,-381.7619887703177,-1.318681318681314,35.0
1.9531284709228203,-400.0,-506.96441399718117,-385.539732474477,-0.9084249084249052,35.0
1.9599579609930515,-400.0,-509.6898518734748,-383.4409859721663,-0.7912087912087884,35.0
1.9621121399104595,-400.0,-510.4151700179723,-385.539732474477,-0.3223443223443212,35.0
1.966383461956866,-400.0,-512.0416410086636,-383.0212366717041,-0.2051282051282044,35.0
1.9710090279113501,-400.0,-513.9318640518997,-387.63847897678767,-0.2637362637362628,35.0
1.9758778919931501,-400.0,-515.8001077574235,-387.21872967632555,-0.2051282051282044,35.0
1.9801382559817284,-400.0,-517.3606407349786,-384.2804845730906,-0.73260073260073,35.0
1.9844277629163116,-400.0,-518.8991943748218,-388.05822827724984,-1.318681318681314,35.0
1.991052392986603,-400.0,-521.6685909265395,-386.7989803758634,-0.2637362637362628,35.0
1.9931899189250544,-400.0,-522.437867746461,-388.89772687817407,-1.0842490842490804,35.0
1.9974982870044187,-400.0,-523.9324627108801,-384.7002338735527,-0.5567765567765548,35.0
2.0017226829659194,-400.0,-525.9106031049643,-384.7002338735527,-0.6153846153846132,35.0
2.0080278599634767,-400.0,-527.7788468104881,-385.539732474477,-0.4981684981684964,35.0
2.011040400946513,-400.0,-529.3174004503313,-385.539732474477,-0.146520146520146,35.0
2.0219815969467163,-400.0,-533.5594126287559,-383.8607352726284,-0.73260073260073,35.0
2.030415433924645,-400.0,-536.5925612330183,-385.539732474477,-0.439560439560438,35.0
2.032567275920883,-400.0,-537.427776066076,-385.9594817749391,-0.7912087912087884,35.0
2.03677958692424,-400.0,-538.9663297059192,-389.73722547909847,-0.2051282051282044,35.0
2.0410693859448656,-400.0,-540.9224907622912,-388.47797757771195,-0.2637362637362628,35.0
2.046092551900074,-400.0,-542.9006311563752,-383.8607352726284,-0.3809523809523796,35.0
2.0508839279646054,-400.0,-544.702936848763,-381.7619887703177,-0.2637362637362628,35.0
2.061395032913424,-400.0,-548.5273416106588,-384.2804845730906,-0.2637362637362628,35.0
2.065672159893438,-400.0,-550.1318332636382,-383.8607352726284,-0.2051282051282044,35.0
2.067830025916919,-400.0,-551.2527794869525,-382.601487371242,-1.2600732600732556,35.0
2.0721061339136213,-400.0,-552.7913331267956,-383.4409859721663,-1.1428571428571388,35.0
2.07710513996426,-400.0,-554.7474941831678,-389.31747617863624,-1.1428571428571388,35.0
2.081944405916147,-400.0,-556.6377172264035,-386.7989803758634,-1.0842490842490804,35.0
2.0865160200046375,-400.0,-558.5059609319275,-386.37923107540126,-1.025641025641022,35.0
2.090993744903244,-400.0,-560.0884732471947,-389.73722547909847,-0.4981684981684964,35.0
2.095533216954209,-400.0,-562.0226549658547,-384.7002338735527,-0.439560439560438,35.0
2.0997605229495093,-400.0,-563.605167281122,-385.9594817749391,-0.2637362637362628,35.0
2.1061059589264914,-400.0,-565.4734109866458,-385.9594817749391,-0.0879120879120876,35.0
2.1104301939485595,-400.0,-567.3636340298817,-381.3422394698556,-0.146520146520146,35.0
2.1148529140045866,-400.0,-569.3637537616778,-382.18173807077983,-0.146520146520146,35.0
2.1171387479407713,-400.0,-570.1769892570235,-381.3422394698556,-1.318681318681314,35.0
2.1214080199133605,-400.0,-571.6496048837306,-380.08299156846914,-0.7912087912087884,35.0
2.1257065020035952,-400.0,-573.5398279269664,-386.37923107540126,-0.6739926739926716,35.0
2.1341848470037803,-400.0,-576.26526580326,-385.9594817749391,-1.0842490842490804,35.0
2.134984510950744,-400.0,-577.0565219608937,-385.539732474477,-0.3223443223443212,35.0
2.1391761359991506,-400.0,-578.5291375876008,-387.21872967632555,-0.4981684981684964,35.0
2.143551643937826,-400.0,-580.4633193062607,-383.8607352726284,-0.439560439560438,35.0
2.1498779569519684,-400.0,-582.3315630117845,-385.539732474477,-0.5567765567765548,35.0
2.1542043059598655,-400.0,-584.3756414190048,-384.2804845730906,-0.2637362637362628,35.0
2.1589576039696112,-400.0,-586.2438851245287,-379.24349296754485,-0.3223443223443212,35.0
2.1639266449492425,-400.0,-588.1341081677645,-387.21872967632555,-0.3223443223443212,35.0
2.166070365929045,-400.0,-588.9033849876862,-380.5027408689313,-0.9084249084249052,35.0
2.1702638869173825,-400.0,-590.4419386275292,-383.4409859721663,-0.3223443223443212,35.0
2.175017453962937,-400.0,-592.3980996839014,-382.601487371242,-0.3809523809523796,35.0
2.1795254528988153,-400.0,-594.2883227271373,-385.11998317401486,-0.2637362637362628,35.0
2.183798540965654,-400.0,-595.8488557046925,-388.47797757771195,-0.3223443223443212,35.0
2.1888482879148796,-400.0,-597.7610580856405,-385.11998317401486,-0.2051282051282044,35.0
2.195233306963928,-400.0,-599.7172191420124,-385.11998317401486,-0.3223443223443212,35.0
2.1995174159528688,-400.0,-601.6953595360965,-384.7002338735527,-0.146520146520146,35.0
2.203843811992556,-400.0,-603.5636032416203,-382.601487371242,-0.2051282051282044,35.0
2.2103059799410403,-400.0,-605.5417436357044,-382.18173807077983,-0.0879120879120876,35.0
2.2146014069439843,-400.0,-607.4099873412282,-384.7002338735527,-0.0879120879120876,35.0
2.2189333589049056,-400.0,-609.3221897221762,-384.7002338735527,-0.146520146520146,35.0
2.2237319638952613,-400.0,-611.2563714408362,-380.9224901693934,-0.146520146520146,35.0
2.2301463169278577,-400.0,-613.1465944840721,-384.2804845730906,-0.146520146520146,35.0
2.234322144999169,-400.0,-615.0807762027321,-382.18173807077983,-0.2051282051282044,35.0
2.2364916160004213,-400.0,-615.8280736849416,-383.0212366717041,-1.2600732600732556,35.0
2.240819422993809,-400.0,-617.4105860002089,-384.2804845730906,-0.7912087912087884,35.0
2.2451498999726027,-400.0,-619.3008090434448,-384.2804845730906,-0.8498168498168468,35.0
2.249971063924022,-400.0,-621.3448874506649,-380.9224901693934,-1.0842490842490804,35.0
2.254875315935351,-400.0,-623.1471931430527,-382.601487371242,-0.8498168498168468,35.0
2.259905836894177,-400.0,-625.0593955240007,-384.7002338735527,-0.9084249084249052,35.0
2.2641494559356943,-400.0,-626.6199285015559,-380.5027408689313,-0.2051282051282044,35.0
2.269111952977255,-400.0,-628.5760895579278,-384.2804845730906,-0.3223443223443212,35.0
2.274069577921182,-400.0,-630.4663126011638,-384.7002338735527,-0.3809523809523796,35.0
2.27875886997208,-400.0,-632.3785149821117,-384.2804845730906,-0.3809523809523796,35.0
2.2852064199978486,-400.0,-634.3126967007718,-385.539732474477,-0.3223443223443212,35.0
2.285569072002545,-400.0,-635.0599941829812,-385.9594817749391,-1.2600732600732556,35.0
2.290005669929087,-400.0,-636.6425064982485,-385.11998317401486,-1.1428571428571388,35.0
2.294842040981166,-400.0,-638.5107502037724,-386.7989803758634,-1.025641025641022,35.0
2.2995265079662204,-400.0,-640.4449319224324,-384.7002338735527,-1.0842490842490804,35.0
2.306097977911122,-400.0,-642.3571343033803,-384.7002338735527,-1.025641025641022,35.0
2.310309220920317,-400.0,-644.2913160220403,-383.0212366717041,-1.025641025641022,35.0
2.3148897369392216,-400.0,-646.2914357538364,-383.4409859721663,-1.2014652014651972,35.0
2.3192122649634257,-400.0,-647.4123819771506,-383.8607352726284,-0.0879120879120876,35.0
2.32554294297006,-400.0,-650.1158405157323,-386.37923107540126,-1.2600732600732556,35.0
2.3297985929530114,-400.0,-651.962104883544,-385.9594817749391,-1.2600732600732556,35.0
2.3319636969827116,-400.0,-652.7753403788897,-386.7989803758634,-0.439560439560438,35.0
2.3363599779549986,-400.0,-654.2699353433089,-384.7002338735527,-1.1428571428571388,35.0
2.340975258965045,-400.0,-656.2260963996808,-383.4409859721663,-1.0842490842490804,35.0
2.3459330919431522,-400.0,-658.1163194429168,-385.9594817749391,-1.2014652014651972,35.0
2.3501868559978902,-400.0,-659.8087284467442,-386.7989803758634,-1.318681318681314,35.0
2.3549923569662496,-400.0,-661.6549928145562,-383.8607352726284,-1.318681318681314,35.0
2.3598473789170384,-400.0,-663.52323652008,-387.63847897678767,-1.2600732600732556,35.0
2.364133242983371,-400.0,-665.0617901599231,-386.7989803758634,-0.9084249084249052,35.0
2.3709995339158922,-400.0,-667.7872280362168,-385.539732474477,-0.7912087912087884,35.0
2.3731842898996547,-400.0,-668.6004635315625,-384.7002338735527,-0.3223443223443212,35.0
2.377433118992485,-400.0,-670.1390171714056,-381.3422394698556,-0.2051282051282044,35.0
2.3818175689084455,-400.0,-672.0292402146415,-384.2804845730906,-0.146520146520146,35.0
2.3861049849074334,-400.0,-673.6337318676208,-386.7989803758634,-0.6153846153846132,35.0
2.394678390934132,-400.0,-676.622921796459,-385.539732474477,-1.025641025641022,35.0
2.3968854079721496,-400.0,-677.3702192786685,-385.11998317401486,-0.73260073260073,35.0
2.3995514179114252,-400.0,-678.9307522562237,-386.7989803758634,-1.318681318681314,35.0
2.405899024917744,-400.0,-680.9088926503078,-384.2804845730906,-1.2600732600732556,35.0
2.410091840894893,-400.0,-682.7991156935436,-384.2804845730906,-1.2600732600732556,35.0
2.414380304981023,-400.0,-684.4475660219471,-384.7002338735527,-1.2014652014651972,35.0
2.4189130899030715,-400.0,-686.359768402895,-384.2804845730906,-1.2014652014651972,35.0
2.423875246895477,-400.0,-688.1840534329948,-379.24349296754485,-1.1428571428571388,35.0
2.4291129149496555,-400.0,-690.1402144893668,-381.3422394698556,-1.2014652014651972,35.0
2.4339593129698187,-400.0,-692.0304375326027,-381.7619887703177,-1.318681318681314,35.0
2.4390280779916793,-400.0,-693.9646192512627,-385.539732474477,-1.318681318681314,35.0
2.4439227209659293,-400.0,-695.8768216322106,-383.8607352726284,-1.318681318681314,35.0
2.4482139659812674,-400.0,-697.4153752720538,-384.2804845730906,-0.8498168498168468,35.0
2.4527505199657753,-400.0,-699.3495569907137,-383.0212366717041,-0.9670329670329636,35.0
2.4569432829739526,-400.0,-700.8661312928449,-387.63847897678767,-0.2051282051282044,35.0
2.4640433359891176,-400.0,-703.5695898314266,-384.7002338735527,-1.2600732600732556,35.0
2.466199942980893,-400.0,-704.3388666513481,-383.8607352726284,-0.2637362637362628,35.0
2.470390311907977,-400.0,-705.8774202911912,-383.0212366717041,-0.9084249084249052,35.0
2.4750427149701864,-400.0,-707.8116020098512,-384.2804845730906,-0.73260073260073,35.0
2.479834623984061,-400.0,-709.7457837285112,-379.663242268007,-0.73260073260073,35.0
2.484050727915019,-400.0,-711.3282960437786,-385.11998317401486,-1.2014652014651972,35.0
2.488853903952986,-400.0,-713.1745604115903,-385.9594817749391,-1.2014652014651972,35.0
2.4940739249577746,-400.0,-715.1307214679623,-388.47797757771195,-1.2014652014651972,35.0
2.4989713489776477,-400.0,-717.0429238489103,-385.9594817749391,-1.2600732600732556,35.0
2.50401894596871,-400.0,-718.9990849052823,-388.47797757771195,-1.2600732600732556,35.0
