host_monotonic_ns,host_dt_ms,sensor_ms,sensor_dt_ms,gravity_x,gravity_y,gravity_z,gravity_norm,gyro_x_dps,gyro_y_dps,gyro_z_dps,accel_x_mps2,accel_y_mps2,accel_z_mps2,qw,qx,qy,qz,roll_deg,pitch_deg,yaw_deg,temp_c
75997669096003,,35029.0,,-0.2466478,-0.07057191999999998,-0.96653388,1.0000016371612503,0.0,0.0,0.0,-2.42224255,0.6864655000000001,9.473223899999999,-0.6465,-0.1175,0.0541,-0.7519,4.176067233511821,-14.27923451904686,98.1002771729469,30.3
75997679167737,10.071734,35039.0,10.0,-0.2466478,-0.07057191999999998,-0.96653388,1.0000016371612503,0.0,0.0,0.0,-2.42224255,0.6864655000000001,9.483030549999999,-0.6465,-0.1175,0.0541,-0.7519,4.176067233511821,-14.27923451904686,98.1002771729469,30.3
75997689189401,10.021664,35049.0,10.0,-0.2466478,-0.07057191999999998,-0.96653388,1.0000016371612503,0.0,0.0,0.0,-2.40262925,0.6962721499999999,9.483030549999999,-0.6465,-0.1175,0.0541,-0.7519,4.176067233511821,-14.27923451904686,98.1002771729469,30.3
75997699069856,9.880455,35059.0,10.0,-0.2466478,-0.07057191999999998,-0.96653388,1.0000016371612503,0.0,0.0,0.0,-2.42224255,0.6864655000000001,9.473223899999999,-0.6465,-0.1175,0.0541,-0.7519,4.176067233511821,-14.27923451904686,98.1002771729469,30.3
75997709124128,10.054272,35069.0,10.0,-0.2466478,-0.07057191999999998,-0.96653388,1.0000016371612503,0.0,0.0,0.0,-2.4320492,0.6864655000000001,9.483030549999999,-0.6465,-0.1175,0.0541,-0.7519,4.176067233511821,-14.27923451904686,98.1002771729469,30.3
75997719173727,10.049599,35079.0,10.0,-0.2466478,-0.07057191999999998,-0.96653388,1.0000016371612503,0.0,0.0,0.0,-2.4320492,0.67665885,9.492837199999999,-0.6465,-0.1175,0.0541,-0.7519,4.176067233511821,-14.27923451904686,98.1002771729469,30.3
75997729111240,9.937513,35089.0,10.0,-0.2466478,-0.07057191999999998,-0.96653388,1.0000016371612503,0.0,0.0,0.0,-2.4124358999999997,0.6864655000000001,9.473223899999999,-0.6465,-0.1175,0.0541,-0.7519,4.176067233511821,-14.27923451904686,98.1002771729469,30.3
75997739114250,10.00301,35099.0,10.0,-0.2466478,-0.07057191999999998,-0.96653388,1.0000016371612503,0.0,0.0,0.0,-2.42224255,0.6864655000000001,9.492837199999999,-0.6465,-0.1175,0.0541,-0.7519,4.176067233511821,-14.27923451904686,98.1002771729469,30.3
75997749020758,9.906508,35109.0,10.0,-0.2466478,-0.07057191999999998,-0.96653388,1.0000016371612503,0.0,0.0,0.0,-2.42224255,0.6864655000000001,9.483030549999999,-0.6465,-0.1175,0.0541,-0.7519,4.176067233511821,-14.27923451904686,98.1002771729469,30.3
75997759054895,10.034137,35119.0,10.0,-0.2466478,-0.07057191999999998,-0.96653388,1.0000016371612503,0.0,0.0,0.0,-2.42224255,0.6962721499999999,9.483030549999999,-0.6465,-0.1175,0.0541,-0.7519,4.176067233511821,-14.27923451904686,98.1002771729469,30.3
75997769009729,9.954834,35129.0,10.0,-0.2466478,-0.07057191999999998,-0.96653388,1.0000016371612503,0.0,0.0,0.0,-2.42224255,0.6864655000000001,9.473223899999999,-0.6465,-0.1175,0.0541,-0.7519,4.176067233511821,-14.27923451904686,98.1002771729469,30.3
75997779056667,10.046938,35139.0,10.0,-0.2466478,-0.07057191999999998,-0.96653388,1.0000016371612503,0.0,0.0,0.0,-2.4320492,0.6962721499999999,9.473223899999999,-0.6465,-0.1175,0.0541,-0.7519,4.176067233511821,-14.27923451904686,98.1002771729469,30.3
75997789076251,10.019584,35149.0,10.0,-0.2466478,-0.07057191999999998,-0.96653388,1.0000016371612503,0.0,0.0,0.0,-2.42224255,0.7060787999999999,9.483030549999999,-0.6465,-0.1175,0.0541,-0.7519,4.176067233511821,-14.27923451904686,98.1002771729469,30.3
75997799093130,10.016879,35159.0,10.0,-0.2466478,-0.07057191999999998,-0.96653388,1.0000016371612503,0.0,0.0,0.0,-2.4124358999999997,0.7060787999999999,9.473223899999999,-0.6465,-0.1175,0.0541,-0.7519,4.176067233511821,-14.27923451904686,98.1002771729469,30.3
75997809168963,10.075833,35169.0,10.0,-0.2466478,-0.07057191999999998,-0.96653388,1.0000016371612503,0.0,0.0,0.0,-2.42224255,0.6962721499999999,9.483030549999999,-0.6465,-0.1175,0.0541,-0.7519,4.176067233511821,-14.27923451904686,98.1002771729469,30.3
75997819214150,10.045187,35179.0,10.0,-0.2466478,-0.07057191999999998,-0.96653388,1.0000016371612503,0.0,0.0,0.0,-2.42224255,0.6962721499999999,9.483030549999999,-0.6465,-0.1175,0.0541,-0.7519,4.176067233511821,-14.27923451904686,98.1002771729469,30.3
75997829254336,10.040186,35189.0,10.0,-0.2466478,-0.07057191999999998,-0.96653388,1.0000016371612503,0.0,0.0,0.0,-2.4320492,0.6864655000000001,9.473223899999999,-0.6465,-0.1175,0.0541,-0.7519,4.176067233511821,-14.27923451904686,98.1002771729469,30.3
75997839090248,9.835912,35199.0,10.0,-0.2466478,-0.07057191999999998,-0.96653388,1.0000016371612503,0.0,0.0,0.0,-2.42224255,0.6962721499999999,9.473223899999999,-0.6465,-0.1175,0.0541,-0.7519,4.176067233511821,-14.27923451904686,98.1002771729469,30.3
75997849265055,10.174807,35209.0,10.0,-0.2466478,-0.07057191999999998,-0.96653388,1.0000016371612503,0.0,0.0,0.0,-2.4124358999999997,0.6962721499999999,9.483030549999999,-0.6465,-0.1175,0.0541,-0.7519,4.176067233511821,-14.27923451904686,98.1002771729469,30.3
75997859302916,10.037861,35219.0,10.0,-0.2466478,-0.07057191999999998,-0.96653388,1.0000016371612503,0.0,0.0,0.0,-2.42224255,0.7060787999999999,9.473223899999999,-0.6465,-0.1175,0.0541,-0.7519,4.176067233511821,-14.27923451904686,98.1002771729469,30.3
75997869087330,9.784414,35229.0,10.0,-0.2466478,-0.07057191999999998,-0.96653388,1.0000016371612503,0.0,0.0,0.0,-2.40262925,0.6864655000000001,9.473223899999999,-0.6465,-0.1175,0.0541,-0.7519,4.176067233511821,-14.27923451904686,98.1002771729469,30.3
75997879271427,10.184097,35239.0,10.0,-0.2466478,-0.07057191999999998,-0.96653388,1.0000016371612503,0.0,0.0,0.0,-2.4124358999999997,0.6864655000000001,9.473223899999999,-0.6465,-0.1175,0.0541,-0.7519,4.176067233511821,-14.27923451904686,98.1002771729469,30.4
75997889208777,9.93735,35249.0,10.0,-0.2466478,-0.07057191999999998,-0.96653388,1.0000016371612503,0.0,0.0,0.0,-2.4124358999999997,0.6962721499999999,9.473223899999999,-0.6465,-0.1175,0.0541,-0.7519,4.176067233511821,-14.27923451904686,98.1002771729469,30.4
75997899128522,9.919745,35259.0,10.0,-0.2466478,-0.07057191999999998,-0.96653388,1.0000016371612503,0.0,0.0,0.0,-2.4124358999999997,0.6962721499999999,9.483030549999999,-0.6465,-0.1175,0.0541,-0.7519,4.176067233511821,-14.27923451904686,98.1002771729469,30.3
75997909188149,10.059627,35269.0,10.0,-0.2466478,-0.07057191999999998,-0.96653388,1.0000016371612503,0.0,0.0,0.0,-2.42224255,0.6962721499999999,9.492837199999999,-0.6465,-0.1175,0.0541,-0.7519,4.176067233511821,-14.27923451904686,98.1002771729469,30.3
75997919287085,10.098936,35279.0,10.0,-0.2466478,-0.07057191999999998,-0.96653388,1.0000016371612503,0.0,0.0,0.0,-2.4124358999999997,0.6962721499999999,9.483030549999999,-0.6465,-0.1175,0.0541,-0.7519,4.176067233511821,-14.27923451904686,98.1002771729469,30.3
75997929202424,9.915339,35289.0,10.0,-0.2466478,-0.07057191999999998,-0.96653388,1.0000016371612503,0.0,0.0,0.0,-2.42224255,0.6962721499999999,9.473223899999999,-0.6465,-0.1175,0.0541,-0.7519,4.176067233511821,-14.27923451904686,98.1002771729469,30.3
75997939045664,9.84324,35299.0,10.0,-0.2466478,-0.07057191999999998,-0.96653388,1.0000016371612503,0.0,0.0,0.0,-2.4124358999999997,0.6864655000000001,9.483030549999999,-0.6465,-0.1175,0.0541,-0.7519,4.176067233511821,-14.27923451904686,98.1002771729469,30.3
75997949159313,10.113649,35309.0,10.0,-0.2466478,-0.07057191999999998,-0.96653388,1.0000016371612503,0.0,0.0,0.0,-2.4124358999999997,0.7060787999999999,9.473223899999999,-0.6465,-0.1175,0.0541,-0.7519,4.176067233511821,-14.27923451904686,98.1002771729469,30.3
75997959203074,10.043761,35319.0,10.0,-0.2466478,-0.07057191999999998,-0.96653388,1.0000016371612503,0.0,0.0,0.0,-2.42224255,0.6962721499999999,9.483030549999999,-0.6465,-0.1175,0.0541,-0.7519,4.176067233511821,-14.27923451904686,98.1002771729469,30.3
75997969172515,9.969441,35329.0,10.0,-0.2466478,-0.07057191999999998,-0.96653388,1.0000016371612503,0.0,0.0,0.0,-2.42224255,0.7060787999999999,9.483030549999999,-0.6465,-0.1175,0.0541,-0.7519,4.176067233511821,-14.27923451904686,98.1002771729469,30.3
75997979179603,10.007088,35339.0,10.0,-0.2466478,-0.07057191999999998,-0.96653388,1.0000016371612503,0.0,0.0,0.0,-2.42224255,0.6962721499999999,9.483030549999999,-0.6465,-0.1175,0.0541,-0.7519,4.176067233511821,-14.27923451904686,98.1002771729469,30.3
75997989176954,9.997351,35349.0,10.0,-0.2466478,-0.07057191999999998,-0.96653388,1.0000016371612503,0.0,0.0,0.0,-2.4124358999999997,0.6962721499999999,9.473223899999999,-0.6465,-0.1175,0.0541,-0.7519,4.176067233511821,-14.27923451904686,98.1002771729469,30.3
75997999173399,9.996445,35359.0,10.0,-0.2466478,-0.07057191999999998,-0.96653388,1.0000016371612503,0.0,0.0,0.0,-2.4320492,0.6864655000000001,9.492837199999999,-0.6465,-0.1175,0.0541,-0.7519,4.176067233511821,-14.27923451904686,98.1002771729469,30.4
75998009220465,10.047066,35369.0,10.0,-0.2466478,-0.07057191999999998,-0.96653388,1.0000016371612503,0.0,0.0,0.0,-2.42224255,0.7060787999999999,9.483030549999999,-0.6465,-0.1175,0.0541,-0.7519,4.176067233511821,-14.27923451904686,98.1002771729469,30.4
75998019177637,9.957172,35379.0,10.0,-0.2466478,-0.07057191999999998,-0.96653388,1.0000016371612503,0.0,0.0,0.0,-2.42224255,0.6864655000000001,9.483030549999999,-0.6465,-0.1175,0.0541,-0.7519,4.176067233511821,-14.27923451904686,98.1002771729469,30.4
75998029191967,10.01433,35389.0,10.0,-0.2466478,-0.07057191999999998,-0.96653388,1.0000016371612503,0.0,0.0,0.0,-2.4124358999999997,0.6962721499999999,9.483030549999999,-0.6465,-0.1175,0.0541,-0.7519,4.176067233511821,-14.27923451904686,98.1002771729469,30.4
75998039259978,10.068011,35399.0,10.0,-0.2466478,-0.07057191999999998,-0.96653388,1.0000016371612503,0.0,0.0,0.0,-2.4124358999999997,0.6962721499999999,9.483030549999999,-0.6465,-0.1175,0.0541,-0.7519,4.176067233511821,-14.27923451904686,98.1002771729469,30.4
75998049265203,10.005225,35409.0,10.0,-0.2466478,-0.07057191999999998,-0.96653388,1.0000016371612503,0.0,0.0,0.0,-2.42224255,0.6864655000000001,9.483030549999999,-0.6465,-0.1175,0.0541,-0.7519,4.176067233511821,-14.27923451904686,98.1002771729469,30.4
75998059101294,9.836091,35419.0,10.0,-0.2466478,-0.07057191999999998,-0.96653388,1.0000016371612503,0.0,0.0,0.0,-2.4124358999999997,0.6864655000000001,9.492837199999999,-0.6465,-0.1175,0.0541,-0.7519,4.176067233511821,-14.27923451904686,98.1002771729469,30.3
75998069143487,10.042193,35429.0,10.0,-0.2466478,-0.07057191999999998,-0.96653388,1.0000016371612503,0.0,0.0,0.0,-2.42224255,0.6864655000000001,9.473223899999999,-0.6465,-0.1175,0.0541,-0.7519,4.176067233511821,-14.27923451904686,98.1002771729469,30.4
75998079202330,10.058843,35439.0,10.0,-0.2466478,-0.07057191999999998,-0.96653388,1.0000016371612503,0.0,0.0,0.0,-2.42224255,0.6962721499999999,9.46341725,-0.6465,-0.1175,0.0541,-0.7519,4.176067233511821,-14.27923451904686,98.1002771729469,30.4
75998089094396,9.892066,35449.0,10.0,-0.2466478,-0.07057191999999998,-0.96653388,1.0000016371612503,0.0,0.0,0.0,-2.4124358999999997,0.6962721499999999,9.483030549999999,-0.6465,-0.1175,0.0541,-0.7519,4.176067233511821,-14.27923451904686,98.1002771729469,30.3
75998099145555,10.051159,35459.0,10.0,-0.2466478,-0.07057191999999998,-0.96653388,1.0000016371612503,0.0,0.0,0.0,-2.4320492,0.7060787999999999,9.473223899999999,-0.6465,-0.1175,0.0541,-0.7519,4.176067233511821,-14.27923451904686,98.1002771729469,30.3
75998109071067,9.925512,35469.0,10.0,-0.2466478,-0.07057191999999998,-0.96653388,1.0000016371612503,0.0,0.0,0.0,-2.42224255,0.6864655000000001,9.483030549999999,-0.6465,-0.1175,0.0541,-0.7519,4.176067233511821,-14.27923451904686,98.1002771729469,30.3
75998119064883,9.993816,35479.0,10.0,-0.2466478,-0.07057191999999998,-0.96653388,1.0000016371612503,0.0,0.0,0.0,-2.4124358999999997,0.6962721499999999,9.492837199999999,-0.6465,-0.1175,0.0541,-0.7519,4.176067233511821,-14.27923451904686,98.1002771729469,30.3
75998129094573,10.02969,35489.0,10.0,-0.2466478,-0.07057191999999998,-0.96653388,1.0000016371612503,0.0,0.0,0.0,-2.4124358999999997,0.6864655000000001,9.483030549999999,-0.6465,-0.1175,0.0541,-0.7519,4.176067233511821,-14.27923451904686,98.1002771729469,30.3
75998139025742,9.931169,35499.0,10.0,-0.2466478,-0.07057191999999998,-0.96653388,1.0000016371612503,0.0,0.0,0.0,-2.4320492,0.7060787999999999,9.483030549999999,-0.6465,-0.1175,0.0541,-0.7519,4.176067233511821,-14.27923451904686,98.1002771729469,30.3
75998149218583,10.192841,35509.0,10.0,-0.2466478,-0.07057191999999998,-0.96653388,1.0000016371612503,0.0,0.0,0.0,-2.42224255,0.6962721499999999,9.483030549999999,-0.6465,-0.1175,0.0541,-0.7519,4.176067233511821,-14.27923451904686,98.1002771729469,30.4
75998159212755,9.994172,35519.0,10.0,-0.2466478,-0.07057191999999998,-0.96653388,1.0000016371612503,0.0,0.0,0.0,-2.42224255,0.6962721499999999,9.483030549999999,-0.6465,-0.1175,0.0541,-0.7519,4.176067233511821,-14.27923451904686,98.1002771729469,30.3
75998169205902,9.993147,35529.0,10.0,-0.2466478,-0.07057191999999998,-0.96653388,1.0000016371612503,0.0,0.0,0.0,-2.4124358999999997,0.6864655000000001,9.492837199999999,-0.6465,-0.1175,0.0541,-0.7519,4.176067233511821,-14.27923451904686,98.1002771729469,30.3
75998179145515,9.939613,35539.0,10.0,-0.2466478,-0.07057191999999998,-0.96653388,1.0000016371612503,0.0,0.0,0.0,-2.42224255,0.6962721499999999,9.483030549999999,-0.6465,-0.1175,0.0541,-0.7519,4.176067233511821,-14.27923451904686,98.1002771729469,30.3
75998189128405,9.98289,35549.0,10.0,-0.2466478,-0.07057191999999998,-0.96653388,1.0000016371612503,0.0,0.0,0.0,-2.42224255,0.6962721499999999,9.473223899999999,-0.6465,-0.1175,0.0541,-0.7519,4.176067233511821,-14.27923451904686,98.1002771729469,30.3
75998199082822,9.954417,35559.0,10.0,-0.2466478,-0.07057191999999998,-0.96653388,1.0000016371612503,0.0,0.0,0.0,-2.4320492,0.6864655000000001,9.483030549999999,-0.6465,-0.1175,0.0541,-0.7519,4.176067233511821,-14.27923451904686,98.1002771729469,30.3
75998209096716,10.013894,35569.0,10.0,-0.2466478,-0.07057191999999998,-0.96653388,1.0000016371612503,0.0,0.0,0.0,-2.42224255,0.6962721499999999,9.483030549999999,-0.6465,-0.1175,0.0541,-0.7519,4.176067233511821,-14.27923451904686,98.1002771729469,30.3
75998219080417,9.983701,35579.0,10.0,-0.2466478,-0.07057191999999998,-0.96653388,1.0000016371612503,0.0,0.0,0.0,-2.4124358999999997,0.6962721499999999,9.473223899999999,-0.6465,-0.1175,0.0541,-0.7519,4.176067233511821,-14.27923451904686,98.1002771729469,30.3
75998229030660,9.950243,35589.0,10.0,-0.2466478,-0.07057191999999998,-0.96653388,1.0000016371612503,0.0,0.0,0.0,-2.4320492,0.7060787999999999,9.483030549999999,-0.6465,-0.1175,0.0541,-0.7519,4.176067233511821,-14.27923451904686,98.1002771729469,30.4
75998239170249,10.139589,35599.0,10.0,-0.2466478,-0.07057191999999998,-0.96653388,1.0000016371612503,0.0,0.0,0.0,-2.40262925,0.6962721499999999,9.483030549999999,-0.6465,-0.1175,0.0541,-0.7519,4.176067233511821,-14.27923451904686,98.1002771729469,30.3
75998249158001,9.987752,35609.0,10.0,-0.2466478,-0.07057191999999998,-0.96653388,1.0000016371612503,0.0,0.0,0.0,-2.42224255,0.6864655000000001,9.483030549999999,-0.6465,-0.1175,0.0541,-0.7519,4.176067233511821,-14.27923451904686,98.1002771729469,30.3
75998259140790,9.982789,35619.0,10.0,-0.2466478,-0.07057191999999998,-0.96653388,1.0000016371612503,0.0,0.0,0.0,-2.4124358999999997,0.6962721499999999,9.473223899999999,-0.6465,-0.1175,0.0541,-0.7519,4.176067233511821,-14.27923451904686,98.1002771729469,30.3
75998269167793,10.027003,35629.0,10.0,-0.2466478,-0.07057191999999998,-0.96653388,1.0000016371612503,0.0,0.0,0.0,-2.42224255,0.6962721499999999,9.492837199999999,-0.6465,-0.1175,0.0541,-0.7519,4.176067233511821,-14.27923451904686,98.1002771729469,30.4
75998279018767,9.850974,35639.0,10.0,-0.2466478,-0.07057191999999998,-0.96653388,1.0000016371612503,0.0,0.0,0.0,-2.4320492,0.6962721499999999,9.473223899999999,-0.6465,-0.1175,0.0541,-0.7519,4.176067233511821,-14.27923451904686,98.1002771729469,30.4
75998289041517,10.02275,35649.0,10.0,-0.2466478,-0.07057191999999998,-0.96653388,1.0000016371612503,0.0,0.0,0.0,-2.4320492,0.6962721499999999,9.473223899999999,-0.6465,-0.1175,0.0541,-0.7519,4.176067233511821,-14.27923451904686,98.1002771729469,30.3
75998299107345,10.065828,35659.0,10.0,-0.2466478,-0.07057191999999998,-0.96653388,1.0000016371612503,0.0,0.0,0.0,-2.4320492,0.6962721499999999,9.473223899999999,-0.6465,-0.1175,0.0541,-0.7519,4.176067233511821,-14.27923451904686,98.1002771729469,30.3
75998309086967,9.979622,35669.0,10.0,-0.2466478,-0.07057191999999998,-0.96653388,1.0000016371612503,0.0,0.0,0.0,-2.4124358999999997,0.67665885,9.483030549999999,-0.6465,-0.1175,0.0541,-0.7519,4.176067233511821,-14.27923451904686,98.1002771729469,30.3
75998319179620,10.092653,35679.0,10.0,-0.2466478,-0.07057191999999998,-0.96653388,1.0000016371612503,0.0,0.0,0.0,-2.42224255,0.6962721499999999,9.46341725,-0.6465,-0.1175,0.0541,-0.7519,4.176067233511821,-14.27923451904686,98.1002771729469,30.3
75998329102301,9.922681,35689.0,10.0,-0.2466478,-0.07057191999999998,-0.96653388,1.0000016371612503,0.0,0.0,0.0,-2.40262925,0.6962721499999999,9.483030549999999,-0.6465,-0.1175,0.0541,-0.7519,4.176067233511821,-14.27923451904686,98.1002771729469,30.3
75998339155384,10.053083,35699.0,10.0,-0.2466478,-0.07057191999999998,-0.96653388,1.0000016371612503,0.0,0.0,0.0,-2.42224255,0.6962721499999999,9.483030549999999,-0.6465,-0.1175,0.0541,-0.7519,4.176067233511821,-14.27923451904686,98.1002771729469,30.3
75998349052246,9.896862,35709.0,10.0,-0.2466478,-0.07057191999999998,-0.96653388,1.0000016371612503,0.0,0.0,0.0,-2.4124358999999997,0.6864655000000001,9.483030549999999,-0.6465,-0.1175,0.0541,-0.7519,4.176067233511821,-14.27923451904686,98.1002771729469,30.3
75998359065282,10.013036,35719.0,10.0,-0.2466478,-0.07057191999999998,-0.96653388,1.0000016371612503,0.0,0.0,0.0,-2.42224255,0.6962721499999999,9.483030549999999,-0.6465,-0.1175,0.0541,-0.7519,4.176067233511821,-14.27923451904686,98.1002771729469,30.3
75998369076483,10.011201,35729.0,10.0,-0.2466478,-0.07057191999999998,-0.96653388,1.0000016371612503,0.0,0.0,0.0,-2.42224255,0.6962721499999999,9.473223899999999,-0.6465,-0.1175,0.0541,-0.7519,4.176067233511821,-14.27923451904686,98.1002771729469,30.4
75998379051042,9.974559,35739.0,10.0,-0.2466478,-0.07057191999999998,-0.96653388,1.0000016371612503,0.0,0.0,0.0,-2.4124358999999997,0.6962721499999999,9.483030549999999,-0.6465,-0.1175,0.0541,-0.7519,4.176067233511821,-14.27923451904686,98.1002771729469,30.4
75998389054650,10.003608,35749.0,10.0,-0.2466478,-0.07057191999999998,-0.96653388,1.0000016371612503,0.0,0.0,0.0,-2.42224255,0.6962721499999999,9.473223899999999,-0.6465,-0.1175,0.0541,-0.7519,4.176067233511821,-14.27923451904686,98.1002771729469,30.4
75998399071884,10.017234,35759.0,10.0,-0.2466478,-0.07057191999999998,-0.96653388,1.0000016371612503,0.0,0.0,0.0,-2.4124358999999997,0.6864655000000001,9.483030549999999,-0.6465,-0.1175,0.0541,-0.7519,4.176067233511821,-14.27923451904686,98.1002771729469,30.4
75998408989404,9.91752,35769.0,10.0,-0.2466478,-0.07057191999999998,-0.96653388,1.0000016371612503,0.0,0.0,0.0,-2.4124358999999997,0.67665885,9.483030549999999,-0.6465,-0.1175,0.0541,-0.7519,4.176067233511821,-14.27923451904686,98.1002771729469,30.3
75998419170197,10.180793,35779.0,10.0,-0.2466478,-0.07057191999999998,-0.96653388,1.0000016371612503,0.0,0.0,0.0,-2.42224255,0.6962721499999999,9.473223899999999,-0.6465,-0.1175,0.0541,-0.7519,4.176067233511821,-14.27923451904686,98.1002771729469,30.4
75998429156247,9.98605,35789.0,10.0,-0.2466478,-0.07057191999999998,-0.96653388,1.0000016371612503,0.0,0.0,0.0,-2.4124358999999997,0.6962721499999999,9.483030549999999,-0.6465,-0.1175,0.0541,-0.7519,4.176067233511821,-14.27923451904686,98.1002771729469,30.3
75998439164643,10.008396,35799.0,10.0,-0.2466478,-0.07057191999999998,-0.96653388,1.0000016371612503,0.0,0.0,0.0,-2.42224255,0.6962721499999999,9.492837199999999,-0.6465,-0.1175,0.0541,-0.7519,4.176067233511821,-14.27923451904686,98.1002771729469,30.3
75998449164852,10.000209,35809.0,10.0,-0.2466478,-0.07057191999999998,-0.96653388,1.0000016371612503,0.0,0.0,0.0,-2.42224255,0.6864655000000001,9.483030549999999,-0.6465,-0.1175,0.0541,-0.7519,4.176067233511821,-14.27923451904686,98.1002771729469,30.3
75998459143362,9.97851,35819.0,10.0,-0.2466478,-0.07057191999999998,-0.96653388,1.0000016371612503,0.0,0.0,0.0,-2.4124358999999997,0.6864655000000001,9.473223899999999,-0.6465,-0.1175,0.0541,-0.7519,4.176067233511821,-14.27923451904686,98.1002771729469,30.3
75998469162133,10.018771,35829.0,10.0,-0.2466478,-0.07057191999999998,-0.96653388,1.0000016371612503,0.0,0.0,0.0,-2.42224255,0.6962721499999999,9.483030549999999,-0.6465,-0.1175,0.0541,-0.7519,4.176067233511821,-14.27923451904686,98.1002771729469,30.3
75998479189144,10.027011,35839.0,10.0,-0.2466478,-0.07057191999999998,-0.96653388,1.0000016371612503,0.0,0.0,0.0,-2.42224255,0.67665885,9.483030549999999,-0.6465,-0.1175,0.0541,-0.7519,4.176067233511821,-14.27923451904686,98.1002771729469,30.3
75998489052052,9.862908,35849.0,10.0,-0.2466478,-0.07057191999999998,-0.96653388,1.0000016371612503,0.0,0.0,0.0,-2.40262925,0.6962721499999999,9.473223899999999,-0.6465,-0.1175,0.0541,-0.7519,4.176067233511821,-14.27923451904686,98.1002771729469,30.3
75998498992632,9.94058,35859.0,10.0,-0.2466478,-0.07057191999999998,-0.96653388,1.0000016371612503,0.0,0.0,0.0,-2.42224255,0.6864655000000001,9.483030549999999,-0.6465,-0.1175,0.0541,-0.7519,4.176067233511821,-14.27923451904686,98.1002771729469,30.4
75998508988182,9.99555,35869.0,10.0,-0.2466478,-0.07057191999999998,-0.96653388,1.0000016371612503,0.0,0.0,0.0,-2.42224255,0.6864655000000001,9.473223899999999,-0.6465,-0.1175,0.0541,-0.7519,4.176067233511821,-14.27923451904686,98.1002771729469,30.3
75998519156428,10.168246,35879.0,10.0,-0.2466478,-0.07057191999999998,-0.96653388,1.0000016371612503,0.0,0.0,0.0,-2.4320492,0.6864655000000001,9.483030549999999,-0.6465,-0.1175,0.0541,-0.7519,4.176067233511821,-14.27923451904686,98.1002771729469,30.3
75998529166933,10.010505,35889.0,10.0,-0.2466478,-0.07057191999999998,-0.96653388,1.0000016371612503,0.0,0.0,0.0,-2.4124358999999997,0.6864655000000001,9.483030549999999,-0.6465,-0.1175,0.0541,-0.7519,4.176067233511821,-14.27923451904686,98.1002771729469,30.3
75998539162925,9.995992,35899.0,10.0,-0.2466478,-0.07057191999999998,-0.96653388,1.0000016371612503,0.0,0.0,0.0,-2.4320492,0.6962721499999999,9.473223899999999,-0.6465,-0.1175,0.0541,-0.7519,4.176067233511821,-14.27923451904686,98.1002771729469,30.4
75998549160989,9.998064,35909.0,10.0,-0.2466478,-0.07057191999999998,-0.96653388,1.0000016371612503,0.0,0.0,0.0,-2.4124358999999997,0.6962721499999999,9.473223899999999,-0.6465,-0.1175,0.0541,-0.7519,4.176067233511821,-14.27923451904686,98.1002771729469,30.3
75998559168008,10.007019,35919.0,10.0,-0.2466478,-0.07057191999999998,-0.96653388,1.0000016371612503,0.0,0.0,0.0,-2.4124358999999997,0.6962721499999999,9.483030549999999,-0.6465,-0.1175,0.0541,-0.7519,4.176067233511821,-14.27923451904686,98.1002771729469,30.4
75998569161632,9.993624,35929.0,10.0,-0.2466478,-0.07057191999999998,-0.96653388,1.0000016371612503,0.0,0.0,0.0,-2.4124358999999997,0.6962721499999999,9.473223899999999,-0.6465,-0.1175,0.0541,-0.7519,4.176067233511821,-14.27923451904686,98.1002771729469,30.4
75998579153575,9.991943,35939.0,10.0,-0.2466478,-0.07057191999999998,-0.96653388,1.0000016371612503,0.0,0.0,0.0,-2.42224255,0.6962721499999999,9.483030549999999,-0.6465,-0.1175,0.0541,-0.7519,4.176067233511821,-14.27923451904686,98.1002771729469,30.3
75998588970223,9.816648,35949.0,10.0,-0.2466478,-0.07057191999999998,-0.96653388,1.0000016371612503,0.0,0.0,0.0,-2.42224255,0.6962721499999999,9.483030549999999,-0.6465,-0.1175,0.0541,-0.7519,4.176067233511821,-14.27923451904686,98.1002771729469,30.4
75998598961589,9.991366,35959.0,10.0,-0.2466478,-0.07057191999999998,-0.96653388,1.0000016371612503,0.0,0.0,0.0,-2.42224255,0.6962721499999999,9.483030549999999,-0.6465,-0.1175,0.0541,-0.7519,4.176067233511821,-14.27923451904686,98.1002771729469,30.4
75998608991714,10.030125,35969.0,10.0,-0.2466478,-0.07057191999999998,-0.96653388,1.0000016371612503,0.0,0.0,0.0,-2.42224255,0.67665885,9.473223899999999,-0.6465,-0.1175,0.0541,-0.7519,4.176067233511821,-14.27923451904686,98.1002771729469,30.4
75998619015900,10.024186,35979.0,10.0,-0.2466478,-0.07057191999999998,-0.96653388,1.0000016371612503,0.0,0.0,0.0,-2.42224255,0.6962721499999999,9.473223899999999,-0.6465,-0.1175,0.0541,-0.7519,4.176067233511821,-14.27923451904686,98.1002771729469,30.3
75998628993735,9.977835,35989.0,10.0,-0.2466478,-0.07057191999999998,-0.96653388,1.0000016371612503,0.0,0.0,0.0,-2.4124358999999997,0.6962721499999999,9.473223899999999,-0.6465,-0.1175,0.0541,-0.7519,4.176067233511821,-14.27923451904686,98.1002771729469,30.3
75998639173797,10.180062,35999.0,10.0,-0.2466478,-0.07057191999999998,-0.96653388,1.0000016371612503,0.0,0.0,0.0,-2.4124358999999997,0.6864655000000001,9.473223899999999,-0.6465,-0.1175,0.0541,-0.7519,4.176067233511821,-14.27923451904686,98.1002771729469,30.3
75998649152763,9.978966,36009.0,10.0,-0.2466478,-0.07057191999999998,-0.96653388,1.0000016371612503,0.0,0.0,0.0,-2.42224255,0.6962721499999999,9.483030549999999,-0.6465,-0.1175,0.0541,-0.7519,4.176067233511821,-14.27923451904686,98.1002771729469,30.3
75998659156372,10.003609,36019.0,10.0,-0.2466478,-0.07057191999999998,-0.96653388,1.0000016371612503,0.0,0.0,0.0,-2.42224255,0.6962721499999999,9.483030549999999,-0.6465,-0.1175,0.0541,-0.7519,4.176067233511821,-14.27923451904686,98.1002771729469,30.3
75998669166777,10.010405,36029.0,10.0,-0.2466478,-0.07057191999999998,-0.96653388,1.0000016371612503,0.0,0.0,0.0,-2.4124358999999997,0.6962721499999999,9.473223899999999,-0.6465,-0.1175,0.0541,-0.7519,4.176067233511821,-14.27923451904686,98.1002771729469,30.4
75998679080000,9.913223,36039.0,10.0,-0.2466478,-0.07057191999999998,-0.96653388,1.0000016371612503,0.0,0.0,0.0,-2.4320492,0.6962721499999999,9.473223899999999,-0.6465,-0.1175,0.0541,-0.7519,4.176067233511821,-14.27923451904686,98.1002771729469,30.4
75998688996834,9.916834,36049.0,10.0,-0.2466478,-0.07057191999999998,-0.96653388,1.0000016371612503,0.0,0.0,0.0,-2.4124358999999997,0.6864655000000001,9.473223899999999,-0.6465,-0.1175,0.0541,-0.7519,4.176067233511821,-14.27923451904686,98.1002771729469,30.4
75998699018160,10.021326,36059.0,10.0,-0.2466478,-0.07057191999999998,-0.96653388,1.0000016371612503,0.0,0.0,0.0,-2.42224255,0.6962721499999999,9.483030549999999,-0.6465,-0.1175,0.0541,-0.7519,4.176067233511821,-14.27923451904686,98.1002771729469,30.3
75998708993218,9.975058,36069.0,10.0,-0.2466478,-0.07057191999999998,-0.96653388,1.0000016371612503,0.0,0.0,0.0,-2.4320492,0.6962721499999999,9.483030549999999,-0.6465,-0.1175,0.0541,-0.7519,4.176067233511821,-14.27923451904686,98.1002771729469,30.3
75998719132806,10.139588,36079.0,10.0,-0.2466478,-0.07057191999999998,-0.96653388,1.0000016371612503,0.0,0.0,0.0,-2.42224255,0.6864655000000001,9.473223899999999,-0.6465,-0.1175,0.0541,-0.7519,4.176067233511821,-14.27923451904686,98.1002771729469,30.3
75998729176328,10.043522,36089.0,10.0,-0.2466478,-0.07057191999999998,-0.96653388,1.0000016371612503,0.0,0.0,0.0,-2.4320492,0.6962721499999999,9.483030549999999,-0.6465,-0.1175,0.0541,-0.7519,4.176067233511821,-14.27923451904686,98.1002771729469,30.3
75998739133773,9.957445,36099.0,10.0,-0.2466478,-0.07057191999999998,-0.96653388,1.0000016371612503,0.0,0.0,0.0,-2.4124358999999997,0.6962721499999999,9.483030549999999,-0.6465,-0.1175,0.0541,-0.7519,4.176067233511821,-14.27923451904686,98.1002771729469,30.3
75998749030951,9.897178,36109.0,10.0,-0.2466478,-0.07057191999999998,-0.96653388,1.0000016371612503,0.0,0.0,0.0,-2.42224255,0.6962721499999999,9.473223899999999,-0.6465,-0.1175,0.0541,-0.7519,4.176067233511821,-14.27923451904686,98.1002771729469,30.3
75998759164903,10.133952,36119.0,10.0,-0.2466478,-0.07057191999999998,-0.96653388,1.0000016371612503,0.0,0.0,0.0,-2.4124358999999997,0.6864655000000001,9.473223899999999,-0.6465,-0.1175,0.0541,-0.7519,4.176067233511821,-14.27923451904686,98.1002771729469,30.3
75998769161185,9.996282,36129.0,10.0,-0.2466478,-0.07057191999999998,-0.96653388,1.0000016371612503,0.0,0.0,0.0,-2.42224255,0.6864655000000001,9.483030549999999,-0.6465,-0.1175,0.0541,-0.7519,4.176067233511821,-14.27923451904686,98.1002771729469,30.3
75998779150460,9.989275,36139.0,10.0,-0.2466478,-0.07057191999999998,-0.96653388,1.0000016371612503,0.0,0.0,0.0,-2.4320492,0.6962721499999999,9.492837199999999,-0.6465,-0.1175,0.0541,-0.7519,4.176067233511821,-14.27923451904686,98.1002771729469,30.3
75998789022545,9.872085,36149.0,10.0,-0.2466478,-0.07057191999999998,-0.96653388,1.0000016371612503,0.0,0.0,0.0,-2.4320492,0.7060787999999999,9.483030549999999,-0.6465,-0.1175,0.0541,-0.7519,4.176067233511821,-14.27923451904686,98.1002771729469,30.3
75998798969664,9.947119,36159.0,10.0,-0.2466478,-0.07057191999999998,-0.96653388,1.0000016371612503,0.0,0.0,0.0,-2.4320492,0.6864655000000001,9.473223899999999,-0.6465,-0.1175,0.0541,-0.7519,4.176067233511821,-14.27923451904686,98.1002771729469,30.3
75998808990115,10.020451,36169.0,10.0,-0.2466478,-0.07057191999999998,-0.96653388,1.0000016371612503,0.0,0.0,0.0,-2.42224255,0.6864655000000001,9.483030549999999,-0.6465,-0.1175,0.0541,-0.7519,4.176067233511821,-14.27923451904686,98.1002771729469,30.3
75998819005707,10.015592,36179.0,10.0,-0.2466478,-0.07057191999999998,-0.96653388,1.0000016371612503,0.0,0.0,0.0,-2.42224255,0.6864655000000001,9.483030549999999,-0.6465,-0.1175,0.0541,-0.7519,4.176067233511821,-14.27923451904686,98.1002771729469,30.3
75998829140040,10.134333,36189.0,10.0,-0.2466478,-0.07057191999999998,-0.96653388,1.0000016371612503,0.0,0.0,0.0,-2.42224255,0.6864655000000001,9.483030549999999,-0.6465,-0.1175,0.0541,-0.7519,4.176067233511821,-14.27923451904686,98.1002771729469,30.4
75998839204443,10.064403,36199.0,10.0,-0.2466478,-0.07057191999999998,-0.96653388,1.0000016371612503,0.0,0.0,0.0,-2.42224255,0.6962721499999999,9.473223899999999,-0.6465,-0.1175,0.0541,-0.7519,4.176067233511821,-14.27923451904686,98.1002771729469,30.4
75998849136592,9.932149,36209.0,10.0,-0.2466478,-0.07057191999999998,-0.96653388,1.0000016371612503,0.0,0.0,0.0,-2.4124358999999997,0.6864655000000001,9.483030549999999,-0.6465,-0.1175,0.0541,-0.7519,4.176067233511821,-14.27923451904686,98.1002771729469,30.4
75998859165679,10.029087,36219.0,10.0,-0.2466478,-0.07057191999999998,-0.96653388,1.0000016371612503,0.0,0.0,0.0,-2.4320492,0.7060787999999999,9.473223899999999,-0.6465,-0.1175,0.0541,-0.7519,4.176067233511821,-14.27923451904686,98.1002771729469,30.4
75998869163909,9.99823,36229.0,10.0,-0.2466478,-0.07057191999999998,-0.96653388,1.0000016371612503,0.0,0.0,0.0,-2.4124358999999997,0.6962721499999999,9.473223899999999,-0.6465,-0.1175,0.0541,-0.7519,4.176067233511821,-14.27923451904686,98.1002771729469,30.4
75998879164515,10.000606,36239.0,10.0,-0.2466478,-0.07057191999999998,-0.96653388,1.0000016371612503,0.0,0.0,0.0,-2.4124358999999997,0.6864655000000001,9.483030549999999,-0.6465,-0.1175,0.0541,-0.7519,4.176067233511821,-14.27923451904686,98.1002771729469,30.4
75998888996915,9.8324,36249.0,10.0,-0.2466478,-0.07057191999999998,-0.96653388,1.0000016371612503,0.0,0.0,0.0,-2.40262925,0.6864655000000001,9.483030549999999,-0.6465,-0.1175,0.0541,-0.7519,4.176067233511821,-14.27923451904686,98.1002771729469,30.3
75998898980983,9.984068,36259.0,10.0,-0.2466478,-0.07057191999999998,-0.96653388,1.0000016371612503,0.0,0.0,0.0,-2.42224255,0.6962721499999999,9.483030549999999,-0.6465,-0.1175,0.0541,-0.7519,4.176067233511821,-14.27923451904686,98.1002771729469,30.3
75998909017116,10.036133,36269.0,10.0,-0.2466478,-0.07057191999999998,-0.96653388,1.0000016371612503,0.0,0.0,0.0,-2.4124358999999997,0.6962721499999999,9.483030549999999,-0.6465,-0.1175,0.0541,-0.7519,4.176067233511821,-14.27923451904686,98.1002771729469,30.3
75998919010718,9.993602,36279.0,10.0,-0.2466478,-0.07057191999999998,-0.96653388,1.0000016371612503,0.0,0.0,0.0,-2.4124358999999997,0.6962721499999999,9.483030549999999,-0.6465,-0.1175,0.0541,-0.7519,4.176067233511821,-14.27923451904686,98.1002771729469,30.3
75998928967691,9.956973,36289.0,10.0,-0.2466478,-0.07057191999999998,-0.96653388,1.0000016371612503,0.0,0.0,0.0,-2.42224255,0.6962721499999999,9.483030549999999,-0.6465,-0.1175,0.0541,-0.7519,4.176067233511821,-14.27923451904686,98.1002771729469,30.4
75998938941882,9.974191,36299.0,10.0,-0.2466478,-0.07057191999999998,-0.96653388,1.0000016371612503,0.0,0.0,0.0,-2.42224255,0.6962721499999999,9.46341725,-0.6465,-0.1175,0.0541,-0.7519,4.176067233511821,-14.27923451904686,98.1002771729469,30.4
75998948967169,10.025287,36309.0,10.0,-0.2466478,-0.07057191999999998,-0.96653388,1.0000016371612503,0.0,0.0,0.0,-2.42224255,0.6962721499999999,9.492837199999999,-0.6465,-0.1175,0.0541,-0.7519,4.176067233511821,-14.27923451904686,98.1002771729469,30.4
75998958969329,10.00216,36319.0,10.0,-0.2466478,-0.07057191999999998,-0.96653388,1.0000016371612503,0.0,0.0,0.0,-2.42224255,0.6962721499999999,9.483030549999999,-0.6465,-0.1175,0.0541,-0.7519,4.176067233511821,-14.27923451904686,98.1002771729469,30.4
75998968966086,9.996757,36329.0,10.0,-0.2466478,-0.07057191999999998,-0.96653388,1.0000016371612503,0.0,0.0,0.0,-2.42224255,0.6962721499999999,9.473223899999999,-0.6465,-0.1175,0.0541,-0.7519,4.176067233511821,-14.27923451904686,98.1002771729469,30.3
75998978965141,9.999055,36339.0,10.0,-0.2466478,-0.07057191999999998,-0.96653388,1.0000016371612503,0.0,0.0,0.0,-2.42224255,0.6962721499999999,9.483030549999999,-0.6465,-0.1175,0.0541,-0.7519,4.176067233511821,-14.27923451904686,98.1002771729469,30.4
75998989056597,10.091456,36349.0,10.0,-0.2466478,-0.07057191999999998,-0.96653388,1.0000016371612503,0.0,0.0,0.0,-2.42224255,0.7060787999999999,9.492837199999999,-0.6465,-0.1175,0.0541,-0.7519,4.176067233511821,-14.27923451904686,98.1002771729469,30.3
75998999010422,9.953825,36359.0,10.0,-0.2466478,-0.07057191999999998,-0.96653388,1.0000016371612503,0.0,0.0,0.0,-2.4320492,0.6864655000000001,9.473223899999999,-0.6465,-0.1175,0.0541,-0.7519,4.176067233511821,-14.27923451904686,98.1002771729469,30.3
75999008991428,9.981006,36369.0,10.0,-0.2466478,-0.07057191999999998,-0.96653388,1.0000016371612503,0.0,0.0,0.0,-2.42224255,0.6864655000000001,9.483030549999999,-0.6465,-0.1175,0.0541,-0.7519,4.176067233511821,-14.27923451904686,98.1002771729469,30.3
75999018993410,10.001982,36379.0,10.0,-0.2466478,-0.07057191999999998,-0.96653388,1.0000016371612503,0.0,0.0,0.0,-2.4124358999999997,0.6962721499999999,9.483030549999999,-0.6465,-0.1175,0.0541,-0.7519,4.176067233511821,-14.27923451904686,98.1002771729469,30.3
75999028992426,9.999016,36389.0,10.0,-0.2466478,-0.07057191999999998,-0.96653388,1.0000016371612503,0.0,0.0,0.0,-2.4124358999999997,0.6864655000000001,9.473223899999999,-0.6465,-0.1175,0.0541,-0.7519,4.176067233511821,-14.27923451904686,98.1002771729469,30.3
75999038944462,9.952036,36399.0,10.0,-0.2466478,-0.07057191999999998,-0.96653388,1.0000016371612503,0.0,0.0,0.0,-2.42224255,0.6864655000000001,9.483030549999999,-0.6465,-0.1175,0.0541,-0.7519,4.176067233511821,-14.27923451904686,98.1002771729469,30.3
75999048981989,10.037527,36409.0,10.0,-0.2466478,-0.07057191999999998,-0.96653388,1.0000016371612503,0.0,0.0,0.0,-2.42224255,0.6962721499999999,9.483030549999999,-0.6465,-0.1175,0.0541,-0.7519,4.176067233511821,-14.27923451904686,98.1002771729469,30.3
75999058981166,9.999177,36419.0,10.0,-0.2466478,-0.07057191999999998,-0.96653388,1.0000016371612503,0.0,0.0,0.0,-2.4124358999999997,0.6962721499999999,9.473223899999999,-0.6465,-0.1175,0.0541,-0.7519,4.176067233511821,-14.27923451904686,98.1002771729469,30.3
75999068971810,9.990644,36429.0,10.0,-0.2466478,-0.07057191999999998,-0.96653388,1.0000016371612503,0.0,0.0,0.0,-2.4124358999999997,0.6962721499999999,9.473223899999999,-0.6465,-0.1175,0.0541,-0.7519,4.176067233511821,-14.27923451904686,98.1002771729469,30.3
75999078955848,9.984038,36439.0,10.0,-0.2466478,-0.07057191999999998,-0.96653388,1.0000016371612503,0.0,0.0,0.0,-2.4124358999999997,0.6864655000000001,9.473223899999999,-0.6465,-0.1175,0.0541,-0.7519,4.176067233511821,-14.27923451904686,98.1002771729469,30.4
75999088962405,10.006557,36449.0,10.0,-0.2466478,-0.07057191999999998,-0.96653388,1.0000016371612503,0.0,0.0,0.0,-2.4124358999999997,0.6962721499999999,9.483030549999999,-0.6465,-0.1175,0.0541,-0.7519,4.176067233511821,-14.27923451904686,98.1002771729469,30.4
75999098945358,9.982953,36459.0,10.0,-0.2466478,-0.07057191999999998,-0.96653388,1.0000016371612503,0.0,0.0,0.0,-2.4124358999999997,0.6864655000000001,9.483030549999999,-0.6465,-0.1175,0.0541,-0.7519,4.176067233511821,-14.27923451904686,98.1002771729469,30.3
75999108972957,10.027599,36469.0,10.0,-0.2466478,-0.07057191999999998,-0.96653388,1.0000016371612503,0.0,0.0,0.0,-2.42224255,0.6864655000000001,9.473223899999999,-0.6465,-0.1175,0.0541,-0.7519,4.176067233511821,-14.27923451904686,98.1002771729469,30.3
75999118984296,10.011339,36479.0,10.0,-0.2466478,-0.07057191999999998,-0.96653388,1.0000016371612503,0.0,0.0,0.0,-2.4124358999999997,0.6962721499999999,9.473223899999999,-0.6465,-0.1175,0.0541,-0.7519,4.176067233511821,-14.27923451904686,98.1002771729469,30.3
75999128978263,9.993967,36489.0,10.0,-0.2466478,-0.07057191999999998,-0.96653388,1.0000016371612503,0.0,0.0,0.0,-2.42224255,0.6962721499999999,9.473223899999999,-0.6465,-0.1175,0.0541,-0.7519,4.176067233511821,-14.27923451904686,98.1002771729469,30.4
75999138958453,9.98019,36499.0,10.0,-0.2466478,-0.07057191999999998,-0.96653388,1.0000016371612503,0.0,0.0,0.0,-2.42224255,0.6962721499999999,9.483030549999999,-0.6465,-0.1175,0.0541,-0.7519,4.176067233511821,-14.27923451904686,98.1002771729469,30.3
75999148938370,9.979917,36509.0,10.0,-0.2466478,-0.07057191999999998,-0.96653388,1.0000016371612503,0.0,0.0,0.0,-2.42224255,0.6864655000000001,9.483030549999999,-0.6465,-0.1175,0.0541,-0.7519,4.176067233511821,-14.27923451904686,98.1002771729469,30.4
75999158994098,10.055728,36519.0,10.0,-0.2466478,-0.07057191999999998,-0.96653388,1.0000016371612503,0.0,0.0,0.0,-2.4320492,0.6962721499999999,9.492837199999999,-0.6465,-0.1175,0.0541,-0.7519,4.176067233511821,-14.27923451904686,98.1002771729469,30.4
75999168984433,9.990335,36529.0,10.0,-0.2466478,-0.07057191999999998,-0.96653388,1.0000016371612503,0.0,0.0,0.0,-2.4124358999999997,0.6864655000000001,9.46341725,-0.6465,-0.1175,0.0541,-0.7519,4.176067233511821,-14.27923451904686,98.1002771729469,30.4
75999178974524,9.990091,36539.0,10.0,-0.2466478,-0.07057191999999998,-0.96653388,1.0000016371612503,0.0,0.0,0.0,-2.4320492,0.6962721499999999,9.473223899999999,-0.6465,-0.1175,0.0541,-0.7519,4.176067233511821,-14.27923451904686,98.1002771729469,30.4
75999188983198,10.008674,36549.0,10.0,-0.2466478,-0.07057191999999998,-0.96653388,1.0000016371612503,0.0,0.0,0.0,-2.4124358999999997,0.67665885,9.483030549999999,-0.6465,-0.1175,0.0541,-0.7519,4.176067233511821,-14.27923451904686,98.1002771729469,30.4
75999198983681,10.000483,36559.0,10.0,-0.2466478,-0.07057191999999998,-0.96653388,1.0000016371612503,0.0,0.0,0.0,-2.4320492,0.6962721499999999,9.483030549999999,-0.6465,-0.1175,0.0541,-0.7519,4.176067233511821,-14.27923451904686,98.1002771729469,30.3
75999209046611,10.06293,36569.0,10.0,-0.2466478,-0.07057191999999998,-0.96653388,1.0000016371612503,0.0,0.0,0.0,-2.42224255,0.6962721499999999,9.473223899999999,-0.6465,-0.1175,0.0541,-0.7519,4.176067233511821,-14.27923451904686,98.1002771729469,30.3
75999219042150,9.995539,36579.0,10.0,-0.2466478,-0.07057191999999998,-0.96653388,1.0000016371612503,0.0,0.0,0.0,-2.42224255,0.6962721499999999,9.473223899999999,-0.6465,-0.1175,0.0541,-0.7519,4.176067233511821,-14.27923451904686,98.1002771729469,30.4
75999229041010,9.99886,36589.0,10.0,-0.2466478,-0.07057191999999998,-0.96653388,1.0000016371612503,0.0,0.0,0.0,-2.4124358999999997,0.6864655000000001,9.473223899999999,-0.6465,-0.1175,0.0541,-0.7519,4.176067233511821,-14.27923451904686,98.1002771729469,30.3
75999239033805,9.992795,36599.0,10.0,-0.2466478,-0.07057191999999998,-0.96653388,1.0000016371612503,0.0,0.0,0.0,-2.42224255,0.6962721499999999,9.492837199999999,-0.6465,-0.1175,0.0541,-0.7519,4.176067233511821,-14.27923451904686,98.1002771729469,30.3
75999249082029,10.048224,36609.0,10.0,-0.2466478,-0.07057191999999998,-0.96653388,1.0000016371612503,0.0,0.0,0.0,-2.4124358999999997,0.6864655000000001,9.483030549999999,-0.6465,-0.1175,0.0541,-0.7519,4.176067233511821,-14.27923451904686,98.1002771729469,30.3
75999259047970,9.965941,36619.0,10.0,-0.2466478,-0.07057191999999998,-0.96653388,1.0000016371612503,0.0,0.0,0.0,-2.42224255,0.6962721499999999,9.473223899999999,-0.6465,-0.1175,0.0541,-0.7519,4.176067233511821,-14.27923451904686,98.1002771729469,30.3
75999269018959,9.970989,36629.0,10.0,-0.2466478,-0.07057191999999998,-0.96653388,1.0000016371612503,0.0,0.0,0.0,-2.4124358999999997,0.6864655000000001,9.473223899999999,-0.6465,-0.1175,0.0541,-0.7519,4.176067233511821,-14.27923451904686,98.1002771729469,30.3
75999278976468,9.957509,36639.0,10.0,-0.2466478,-0.07057191999999998,-0.96653388,1.0000016371612503,0.0,0.0,0.0,-2.42224255,0.6864655000000001,9.483030549999999,-0.6465,-0.1175,0.0541,-0.7519,4.176067233511821,-14.27923451904686,98.1002771729469,30.3
75999289016988,10.04052,36649.0,10.0,-0.2466478,-0.07057191999999998,-0.96653388,1.0000016371612503,0.0,0.0,0.0,-2.42224255,0.6864655000000001,9.492837199999999,-0.6465,-0.1175,0.0541,-0.7519,4.176067233511821,-14.27923451904686,98.1002771729469,30.3
75999299040741,10.023753,36659.0,10.0,-0.2466478,-0.07057191999999998,-0.96653388,1.0000016371612503,0.0,0.0,0.0,-2.42224255,0.6962721499999999,9.473223899999999,-0.6465,-0.1175,0.0541,-0.7519,4.176067233511821,-14.27923451904686,98.1002771729469,30.3
75999308976043,9.935302,36669.0,10.0,-0.2466478,-0.07057191999999998,-0.96653388,1.0000016371612503,0.0,0.0,0.0,-2.4124358999999997,0.6962721499999999,9.473223899999999,-0.6465,-0.1175,0.0541,-0.7519,4.176067233511821,-14.27923451904686,98.1002771729469,30.4
75999318987071,10.011028,36679.0,10.0,-0.2466478,-0.07057191999999998,-0.96653388,1.0000016371612503,0.0,0.0,0.0,-2.4320492,0.6962721499999999,9.483030549999999,-0.6465,-0.1175,0.0541,-0.7519,4.176067233511821,-14.27923451904686,98.1002771729469,30.4
75999329016054,10.028983,36689.0,10.0,-0.2466478,-0.07057191999999998,-0.96653388,1.0000016371612503,0.0,0.0,0.0,-2.4124358999999997,0.6864655000000001,9.483030549999999,-0.6465,-0.1175,0.0541,-0.7519,4.176067233511821,-14.27923451904686,98.1002771729469,30.4
75999339022584,10.00653,36699.0,10.0,-0.2466478,-0.07057191999999998,-0.96653388,1.0000016371612503,0.0,0.0,0.0,-2.4320492,0.6864655000000001,9.483030549999999,-0.6465,-0.1175,0.0541,-0.7519,4.176067233511821,-14.27923451904686,98.1002771729469,30.4
75999349075792,10.053208,36709.0,10.0,-0.2466478,-0.07057191999999998,-0.96653388,1.0000016371612503,0.0,0.0,0.0,-2.4124358999999997,0.6962721499999999,9.483030549999999,-0.6465,-0.1175,0.0541,-0.7519,4.176067233511821,-14.27923451904686,98.1002771729469,30.4
75999359018596,9.942804,36719.0,10.0,-0.2466478,-0.07057191999999998,-0.96653388,1.0000016371612503,0.0,0.0,0.0,-2.4124358999999997,0.6962721499999999,9.483030549999999,-0.6465,-0.1175,0.0541,-0.7519,4.176067233511821,-14.27923451904686,98.1002771729469,30.4
75999369078145,10.059549,36729.0,10.0,-0.2466478,-0.07057191999999998,-0.96653388,1.0000016371612503,0.0,0.0,0.0,-2.42224255,0.6962721499999999,9.483030549999999,-0.6465,-0.1175,0.0541,-0.7519,4.176067233511821,-14.27923451904686,98.1002771729469,30.4
75999379042640,9.964495,36739.0,10.0,-0.2466478,-0.07057191999999998,-0.96653388,1.0000016371612503,0.0,0.0,0.0,-2.42224255,0.6864655000000001,9.473223899999999,-0.6465,-0.1175,0.0541,-0.7519,4.176067233511821,-14.27923451904686,98.1002771729469,30.4
75999389021619,9.978979,36749.0,10.0,-0.2466478,-0.07057191999999998,-0.96653388,1.0000016371612503,0.0,0.0,0.0,-2.4124358999999997,0.6864655000000001,9.473223899999999,-0.6465,-0.1175,0.0541,-0.7519,4.176067233511821,-14.27923451904686,98.1002771729469,30.4
75999399042862,10.021243,36759.0,10.0,-0.2466478,-0.07057191999999998,-0.96653388,1.0000016371612503,0.0,0.0,0.0,-2.42224255,0.6864655000000001,9.473223899999999,-0.6465,-0.1175,0.0541,-0.7519,4.176067233511821,-14.27923451904686,98.1002771729469,30.4
75999409091437,10.048575,36769.0,10.0,-0.2466478,-0.07057191999999998,-0.96653388,1.0000016371612503,0.0,0.0,0.0,-2.4320492,0.6864655000000001,9.473223899999999,-0.6465,-0.1175,0.0541,-0.7519,4.176067233511821,-14.27923451904686,98.1002771729469,30.3
75999419066644,9.975207,36779.0,10.0,-0.2466478,-0.07057191999999998,-0.96653388,1.0000016371612503,0.0,0.0,0.0,-2.4124358999999997,0.6864655000000001,9.483030549999999,-0.6465,-0.1175,0.0541,-0.7519,4.176067233511821,-14.27923451904686,98.1002771729469,30.3
75999429023224,9.95658,36789.0,10.0,-0.2466478,-0.07057191999999998,-0.96653388,1.0000016371612503,0.0,0.0,0.0,-2.42224255,0.6864655000000001,9.473223899999999,-0.6465,-0.1175,0.0541,-0.7519,4.176067233511821,-14.27923451904686,98.1002771729469,30.3
75999439012507,9.989283,36799.0,10.0,-0.2466478,-0.07057191999999998,-0.96653388,1.0000016371612503,0.0,0.0,0.0,-2.4124358999999997,0.6962721499999999,9.46341725,-0.6465,-0.1175,0.0541,-0.7519,4.176067233511821,-14.27923451904686,98.1002771729469,30.3
75999449155520,10.143013,36809.0,10.0,-0.2466478,-0.07057191999999998,-0.96653388,1.0000016371612503,0.0,0.0,0.0,-2.4320492,0.6962721499999999,9.492837199999999,-0.6465,-0.1175,0.0541,-0.7519,4.176067233511821,-14.27923451904686,98.1002771729469,30.4
75999459102676,9.947156,36819.0,10.0,-0.2466478,-0.07057191999999998,-0.96653388,1.0000016371612503,0.0,0.0,0.0,-2.42224255,0.6962721499999999,9.492837199999999,-0.6465,-0.1175,0.0541,-0.7519,4.176067233511821,-14.27923451904686,98.1002771729469,30.4
75999469129371,10.026695,36829.0,10.0,-0.2466478,-0.07057191999999998,-0.96653388,1.0000016371612503,0.0,0.0,0.0,-2.42224255,0.6864655000000001,9.483030549999999,-0.6465,-0.1175,0.0541,-0.7519,4.176067233511821,-14.27923451904686,98.1002771729469,30.4
75999479126480,9.997109,36839.0,10.0,-0.2466478,-0.07057191999999998,-0.96653388,1.0000016371612503,0.0,0.0,0.0,-2.42224255,0.6962721499999999,9.473223899999999,-0.6465,-0.1175,0.0541,-0.7519,4.176067233511821,-14.27923451904686,98.1002771729469,30.4
75999489046065,9.919585,36849.0,10.0,-0.2466478,-0.07057191999999998,-0.96653388,1.0000016371612503,0.0,0.0,0.0,-2.4124358999999997,0.7060787999999999,9.483030549999999,-0.6465,-0.1175,0.0541,-0.7519,4.176067233511821,-14.27923451904686,98.1002771729469,30.4
75999499082657,10.036592,36859.0,10.0,-0.2466478,-0.07057191999999998,-0.96653388,1.0000016371612503,0.0,0.0,0.0,-2.4320492,0.6864655000000001,9.483030549999999,-0.6465,-0.1175,0.0541,-0.7519,4.176067233511821,-14.27923451904686,98.1002771729469,30.4
75999509012032,9.929375,36869.0,10.0,-0.2466478,-0.07057191999999998,-0.96653388,1.0000016371612503,0.0,0.0,0.0,-2.4320492,0.6962721499999999,9.483030549999999,-0.6465,-0.1175,0.0541,-0.7519,4.176067233511821,-14.27923451904686,98.1002771729469,30.4
75999519054962,10.04293,36879.0,10.0,-0.2466478,-0.07057191999999998,-0.96653388,1.0000016371612503,0.0,0.0,0.0,-2.4124358999999997,0.7060787999999999,9.473223899999999,-0.6465,-0.1175,0.0541,-0.7519,4.176067233511821,-14.27923451904686,98.1002771729469,30.4
75999529108485,10.053523,36889.0,10.0,-0.2466478,-0.07057191999999998,-0.96653388,1.0000016371612503,0.0,0.0,0.0,-2.42224255,0.6962721499999999,9.492837199999999,-0.6465,-0.1175,0.0541,-0.7519,4.176067233511821,-14.27923451904686,98.1002771729469,30.4
75999539147754,10.039269,36899.0,10.0,-0.2466478,-0.07057191999999998,-0.96653388,1.0000016371612503,0.0,0.0,0.0,-2.4320492,0.6962721499999999,9.483030549999999,-0.6465,-0.1175,0.0541,-0.7519,4.176067233511821,-14.27923451904686,98.1002771729469,30.4
75999549136781,9.989027,36909.0,10.0,-0.2466478,-0.07057191999999998,-0.96653388,1.0000016371612503,0.0,0.0,0.0,-2.4124358999999997,0.6864655000000001,9.483030549999999,-0.6465,-0.1175,0.0541,-0.7519,4.176067233511821,-14.27923451904686,98.1002771729469,30.3
75999559152206,10.015425,36919.0,10.0,-0.2466478,-0.07057191999999998,-0.96653388,1.0000016371612503,0.0,0.0,0.0,-2.42224255,0.7060787999999999,9.473223899999999,-0.6465,-0.1175,0.0541,-0.7519,4.176067233511821,-14.27923451904686,98.1002771729469,30.4
75999569127406,9.9752,36929.0,10.0,-0.2466478,-0.07057191999999998,-0.96653388,1.0000016371612503,0.0,0.0,0.0,-2.42224255,0.6864655000000001,9.483030549999999,-0.6465,-0.1175,0.0541,-0.7519,4.176067233511821,-14.27923451904686,98.1002771729469,30.3
75999579137565,10.010159,36939.0,10.0,-0.2466478,-0.07057191999999998,-0.96653388,1.0000016371612503,0.0,0.0,0.0,-2.4124358999999997,0.6864655000000001,9.492837199999999,-0.6465,-0.1175,0.0541,-0.7519,4.176067233511821,-14.27923451904686,98.1002771729469,30.3
75999589037881,9.900316,36949.0,10.0,-0.2466478,-0.07057191999999998,-0.96653388,1.0000016371612503,0.0,0.0,0.0,-2.42224255,0.6962721499999999,9.492837199999999,-0.6465,-0.1175,0.0541,-0.7519,4.176067233511821,-14.27923451904686,98.1002771729469,30.3
75999599008998,9.971117,36959.0,10.0,-0.2466478,-0.07057191999999998,-0.96653388,1.0000016371612503,0.0,0.0,0.0,-2.42224255,0.6962721499999999,9.492837199999999,-0.6465,-0.1175,0.0541,-0.7519,4.176067233511821,-14.27923451904686,98.1002771729469,30.3
75999609031629,10.022631,36969.0,10.0,-0.2466478,-0.07057191999999998,-0.96653388,1.0000016371612503,0.0,0.0,0.0,-2.4124358999999997,0.6962721499999999,9.483030549999999,-0.6465,-0.1175,0.0541,-0.7519,4.176067233511821,-14.27923451904686,98.1002771729469,30.3
75999619106650,10.075021,36979.0,10.0,-0.2466478,-0.07057191999999998,-0.96653388,1.0000016371612503,0.0,0.0,0.0,-2.40262925,0.6864655000000001,9.492837199999999,-0.6465,-0.1175,0.0541,-0.7519,4.176067233511821,-14.27923451904686,98.1002771729469,30.3
75999629057439,9.950789,36989.0,10.0,-0.2466478,-0.07057191999999998,-0.96653388,1.0000016371612503,0.0,0.0,0.0,-2.42224255,0.6962721499999999,9.492837199999999,-0.6465,-0.1175,0.0541,-0.7519,4.176067233511821,-14.27923451904686,98.1002771729469,30.3
75999639110115,10.052676,36999.0,10.0,-0.2466478,-0.07057191999999998,-0.96653388,1.0000016371612503,0.0,0.0,0.0,-2.4320492,0.6962721499999999,9.483030549999999,-0.6465,-0.1175,0.0541,-0.7519,4.176067233511821,-14.27923451904686,98.1002771729469,30.3
75999649063277,9.953162,37009.0,10.0,-0.2466478,-0.07057191999999998,-0.96653388,1.0000016371612503,0.0,0.0,0.0,-2.4124358999999997,0.6962721499999999,9.483030549999999,-0.6465,-0.1175,0.0541,-0.7519,4.176067233511821,-14.27923451904686,98.1002771729469,30.3
75999659034703,9.971426,37019.0,10.0,-0.2466478,-0.07057191999999998,-0.96653388,1.0000016371612503,0.0,0.0,0.0,-2.42224255,0.6962721499999999,9.473223899999999,-0.6465,-0.1175,0.0541,-0.7519,4.176067233511821,-14.27923451904686,98.1002771729469,30.3
75999669165326,10.130623,37029.0,10.0,-0.2466478,-0.07057191999999998,-0.96653388,1.0000016371612503,0.0,0.0,0.0,-2.4124358999999997,0.6962721499999999,9.492837199999999,-0.6465,-0.1175,0.0541,-0.7519,4.176067233511821,-14.27923451904686,98.1002771729469,30.4
75999679244996,10.07967,37039.0,10.0,-0.2466478,-0.07057191999999998,-0.96653388,1.0000016371612503,0.0,0.0,0.0,-2.4124358999999997,0.6962721499999999,9.473223899999999,-0.6465,-0.1175,0.0541,-0.7519,4.176067233511821,-14.27923451904686,98.1002771729469,30.3
75999689114582,9.869586,37049.0,10.0,-0.2466478,-0.07057191999999998,-0.96653388,1.0000016371612503,0.0,0.0,0.0,-2.4124358999999997,0.6864655000000001,9.473223899999999,-0.6465,-0.1175,0.0541,-0.7519,4.176067233511821,-14.27923451904686,98.1002771729469,30.4
75999699148034,10.033452,37059.0,10.0,-0.2466478,-0.07057191999999998,-0.96653388,1.0000016371612503,0.0,0.0,0.0,-2.42224255,0.6864655000000001,9.483030549999999,-0.6465,-0.1175,0.0541,-0.7519,4.176067233511821,-14.27923451904686,98.1002771729469,30.4
75999709248588,10.100554,37069.0,10.0,-0.2466478,-0.07057191999999998,-0.96653388,1.0000016371612503,0.0,0.0,0.0,-2.42224255,0.6962721499999999,9.492837199999999,-0.6465,-0.1175,0.0541,-0.7519,4.176067233511821,-14.27923451904686,98.1002771729469,30.3
75999719167757,9.919169,37079.0,10.0,-0.2466478,-0.07057191999999998,-0.96653388,1.0000016371612503,0.0,0.0,0.0,-2.42224255,0.6864655000000001,9.483030549999999,-0.6465,-0.1175,0.0541,-0.7519,4.176067233511821,-14.27923451904686,98.1002771729469,30.3
75999729174117,10.00636,37089.0,10.0,-0.2466478,-0.07057191999999998,-0.96653388,1.0000016371612503,0.0,0.0,0.0,-2.42224255,0.6962721499999999,9.483030549999999,-0.6465,-0.1175,0.0541,-0.7519,4.176067233511821,-14.27923451904686,98.1002771729469,30.3
75999739087127,9.91301,37099.0,10.0,-0.2466478,-0.07057191999999998,-0.96653388,1.0000016371612503,0.0,0.0,0.0,-2.42224255,0.6962721499999999,9.473223899999999,-0.6465,-0.1175,0.0541,-0.7519,4.176067233511821,-14.27923451904686,98.1002771729469,30.3
75999749100565,10.013438,37109.0,10.0,-0.2466478,-0.07057191999999998,-0.96653388,1.0000016371612503,0.0,0.0,0.0,-2.4124358999999997,0.6864655000000001,9.483030549999999,-0.6465,-0.1175,0.0541,-0.7519,4.176067233511821,-14.27923451904686,98.1002771729469,30.3
75999759125390,10.024825,37119.0,10.0,-0.2466478,-0.07057191999999998,-0.96653388,1.0000016371612503,0.0,0.0,0.0,-2.4320492,0.6962721499999999,9.483030549999999,-0.6465,-0.1175,0.0541,-0.7519,4.176067233511821,-14.27923451904686,98.1002771729469,30.3
75999769131778,10.006388,37129.0,10.0,-0.2466478,-0.07057191999999998,-0.96653388,1.0000016371612503,0.0,0.0,0.0,-2.4124358999999997,0.6864655000000001,9.483030549999999,-0.6465,-0.1175,0.0541,-0.7519,4.176067233511821,-14.27923451904686,98.1002771729469,30.3
75999779108445,9.976667,37139.0,10.0,-0.2466478,-0.07057191999999998,-0.96653388,1.0000016371612503,0.0,0.0,0.0,-2.4320492,0.7060787999999999,9.46341725,-0.6465,-0.1175,0.0541,-0.7519,4.176067233511821,-14.27923451904686,98.1002771729469,30.4
75999789031280,9.922835,37149.0,10.0,-0.2466478,-0.07057191999999998,-0.96653388,1.0000016371612503,0.0,0.0,0.0,-2.42224255,0.6864655000000001,9.473223899999999,-0.6465,-0.1175,0.0541,-0.7519,4.176067233511821,-14.27923451904686,98.1002771729469,30.3
75999799078226,10.046946,37159.0,10.0,-0.2466478,-0.07057191999999998,-0.96653388,1.0000016371612503,0.0,0.0,0.0,-2.42224255,0.7060787999999999,9.492837199999999,-0.6465,-0.1175,0.0541,-0.7519,4.176067233511821,-14.27923451904686,98.1002771729469,30.3
75999809088081,10.009855,37169.0,10.0,-0.2466478,-0.07057191999999998,-0.96653388,1.0000016371612503,0.0,0.0,0.0,-2.4124358999999997,0.6864655000000001,9.483030549999999,-0.6465,-0.1175,0.0541,-0.7519,4.176067233511821,-14.27923451904686,98.1002771729469,30.4
75999819070448,9.982367,37179.0,10.0,-0.2466478,-0.07057191999999998,-0.96653388,1.0000016371612503,0.0,0.0,0.0,-2.42224255,0.6962721499999999,9.473223899999999,-0.6465,-0.1175,0.0541,-0.7519,4.176067233511821,-14.27923451904686,98.1002771729469,30.4
75999829067493,9.997045,37189.0,10.0,-0.2466478,-0.07057191999999998,-0.96653388,1.0000016371612503,0.0,0.0,0.0,-2.42224255,0.6864655000000001,9.473223899999999,-0.6465,-0.1175,0.0541,-0.7519,4.176067233511821,-14.27923451904686,98.1002771729469,30.4
75999839043938,9.976445,37199.0,10.0,-0.2466478,-0.07057191999999998,-0.96653388,1.0000016371612503,0.0,0.0,0.0,-2.4124358999999997,0.6864655000000001,9.473223899999999,-0.6465,-0.1175,0.0541,-0.7519,4.176067233511821,-14.27923451904686,98.1002771729469,30.4
75999849070311,10.026373,37209.0,10.0,-0.2466478,-0.07057191999999998,-0.96653388,1.0000016371612503,0.0,0.0,0.0,-2.40262925,0.6864655000000001,9.483030549999999,-0.6465,-0.1175,0.0541,-0.7519,4.176067233511821,-14.27923451904686,98.1002771729469,30.4
75999859059447,9.989136,37219.0,10.0,-0.2466478,-0.07057191999999998,-0.96653388,1.0000016371612503,0.0,0.0,0.0,-2.42224255,0.6962721499999999,9.473223899999999,-0.6465,-0.1175,0.0541,-0.7519,4.176067233511821,-14.27923451904686,98.1002771729469,30.3
75999869126171,10.066724,37229.0,10.0,-0.2466478,-0.07057191999999998,-0.96653388,1.0000016371612503,0.0,0.0,0.0,-2.4124358999999997,0.6864655000000001,9.46341725,-0.6465,-0.1175,0.0541,-0.7519,4.176067233511821,-14.27923451904686,98.1002771729469,30.4
75999879085580,9.959409,37239.0,10.0,-0.2466478,-0.07057191999999998,-0.96653388,1.0000016371612503,0.0,0.0,0.0,-2.4124358999999997,0.6962721499999999,9.483030549999999,-0.6465,-0.1175,0.0541,-0.7519,4.176067233511821,-14.27923451904686,98.1002771729469,30.4
75999889120447,10.034867,37249.0,10.0,-0.2466478,-0.07057191999999998,-0.96653388,1.0000016371612503,0.0,0.0,0.0,-2.42224255,0.6962721499999999,9.483030549999999,-0.6465,-0.1175,0.0541,-0.7519,4.176067233511821,-14.27923451904686,98.1002771729469,30.4
75999899091310,9.970863,37259.0,10.0,-0.2466478,-0.07057191999999998,-0.96653388,1.0000016371612503,0.0,0.0,0.0,-2.40262925,0.6962721499999999,9.473223899999999,-0.6465,-0.1175,0.0541,-0.7519,4.176067233511821,-14.27923451904686,98.1002771729469,30.4
75999909091477,10.000167,37269.0,10.0,-0.2466478,-0.07057191999999998,-0.96653388,1.0000016371612503,0.0,0.0,0.0,-2.42224255,0.6962721499999999,9.473223899999999,-0.6465,-0.1175,0.0541,-0.7519,4.176067233511821,-14.27923451904686,98.1002771729469,30.4
75999919085897,9.99442,37279.0,10.0,-0.2466478,-0.07057191999999998,-0.96653388,1.0000016371612503,0.0,0.0,0.0,-2.4124358999999997,0.6962721499999999,9.483030549999999,-0.6465,-0.1175,0.0541,-0.7519,4.176067233511821,-14.27923451904686,98.1002771729469,30.4
75999929069164,9.983267,37289.0,10.0,-0.2466478,-0.07057191999999998,-0.96653388,1.0000016371612503,0.0,0.0,0.0,-2.42224255,0.6962721499999999,9.473223899999999,-0.6465,-0.1175,0.0541,-0.7519,4.176067233511821,-14.27923451904686,98.1002771729469,30.3
75999939036082,9.966918,37299.0,10.0,-0.2466478,-0.07057191999999998,-0.96653388,1.0000016371612503,0.0,0.0,0.0,-2.4124358999999997,0.6962721499999999,9.473223899999999,-0.6465,-0.1175,0.0541,-0.7519,4.176067233511821,-14.27923451904686,98.1002771729469,30.4
75999949064124,10.028042,37309.0,10.0,-0.2466478,-0.07057191999999998,-0.96653388,1.0000016371612503,0.0,0.0,0.0,-2.4320492,0.6962721499999999,9.492837199999999,-0.6465,-0.1175,0.0541,-0.7519,4.176067233511821,-14.27923451904686,98.1002771729469,30.4
75999959109938,10.045814,37319.0,10.0,-0.2466478,-0.07057191999999998,-0.96653388,1.0000016371612503,0.0,0.0,0.0,-2.42224255,0.7060787999999999,9.492837199999999,-0.6465,-0.1175,0.0541,-0.7519,4.176067233511821,-14.27923451904686,98.1002771729469,30.4
75999969096423,9.986485,37329.0,10.0,-0.2466478,-0.07057191999999998,-0.96653388,1.0000016371612503,0.0,0.0,0.0,-2.4124358999999997,0.6962721499999999,9.483030549999999,-0.6465,-0.1175,0.0541,-0.7519,4.176067233511821,-14.27923451904686,98.1002771729469,30.4
75999979064236,9.967813,37339.0,10.0,-0.2466478,-0.07057191999999998,-0.96653388,1.0000016371612503,0.0,0.0,0.0,-2.42224255,0.7060787999999999,9.483030549999999,-0.6465,-0.1175,0.0541,-0.7519,4.176067233511821,-14.27923451904686,98.1002771729469,30.4
75999989038869,9.974633,37349.0,10.0,-0.2466478,-0.07057191999999998,-0.96653388,1.0000016371612503,0.0,0.0,0.0,-2.40262925,0.6962721499999999,9.473223899999999,-0.6465,-0.1175,0.0541,-0.7519,4.176067233511821,-14.27923451904686,98.1002771729469,30.4
75999999035706,9.996837,37359.0,10.0,-0.2466478,-0.07057191999999998,-0.96653388,1.0000016371612503,0.0,0.0,0.0,-2.4320492,0.6864655000000001,9.483030549999999,-0.6465,-0.1175,0.0541,-0.7519,4.176067233511821,-14.27923451904686,98.1002771729469,30.4
76000009125186,10.08948,37369.0,10.0,-0.2466478,-0.07057191999999998,-0.96653388,1.0000016371612503,0.0,0.0,0.0,-2.42224255,0.67665885,9.483030549999999,-0.6465,-0.1175,0.0541,-0.7519,4.176067233511821,-14.27923451904686,98.1002771729469,30.3
76000019159646,10.03446,37379.0,10.0,-0.2466478,-0.07057191999999998,-0.96653388,1.0000016371612503,0.0,0.0,0.0,-2.42224255,0.6864655000000001,9.483030549999999,-0.6465,-0.1175,0.0541,-0.7519,4.176067233511821,-14.27923451904686,98.1002771729469,30.3
76000029149449,9.989803,37389.0,10.0,-0.2466478,-0.07057191999999998,-0.96653388,1.0000016371612503,0.0,0.0,0.0,-2.4124358999999997,0.6864655000000001,9.473223899999999,-0.6465,-0.1175,0.0541,-0.7519,4.176067233511821,-14.27923451904686,98.1002771729469,30.3
76000039094619,9.94517,37399.0,10.0,-0.2466478,-0.07057191999999998,-0.96653388,1.0000016371612503,0.0,0.0,0.0,-2.4124358999999997,0.6864655000000001,9.483030549999999,-0.6465,-0.1175,0.0541,-0.7519,4.176067233511821,-14.27923451904686,98.1002771729469,30.3
76000049139043,10.044424,37409.0,10.0,-0.2466478,-0.07057191999999998,-0.96653388,1.0000016371612503,0.0,0.0,0.0,-2.42224255,0.7060787999999999,9.483030549999999,-0.6465,-0.1175,0.0541,-0.7519,4.176067233511821,-14.27923451904686,98.1002771729469,30.3
76000059158737,10.019694,37419.0,10.0,-0.2466478,-0.07057191999999998,-0.96653388,1.0000016371612503,0.0,0.0,0.0,-2.42224255,0.6962721499999999,9.483030549999999,-0.6465,-0.1175,0.0541,-0.7519,4.176067233511821,-14.27923451904686,98.1002771729469,30.3
76000069124559,9.965822,37429.0,10.0,-0.2466478,-0.07057191999999998,-0.96653388,1.0000016371612503,0.0,0.0,0.0,-2.4124358999999997,0.6962721499999999,9.473223899999999,-0.6465,-0.1175,0.0541,-0.7519,4.176067233511821,-14.27923451904686,98.1002771729469,30.4
76000079110779,9.98622,37439.0,10.0,-0.2466478,-0.07057191999999998,-0.96653388,1.0000016371612503,0.0,0.0,0.0,-2.4124358999999997,0.6962721499999999,9.483030549999999,-0.6465,-0.1175,0.0541,-0.7519,4.176067233511821,-14.27923451904686,98.1002771729469,30.4
76000089051800,9.941021,37449.0,10.0,-0.2466478,-0.07057191999999998,-0.96653388,1.0000016371612503,0.0,0.0,0.0,-2.40262925,0.6962721499999999,9.483030549999999,-0.6465,-0.1175,0.0541,-0.7519,4.176067233511821,-14.27923451904686,98.1002771729469,30.3
76000099077347,10.025547,37459.0,10.0,-0.2466478,-0.07057191999999998,-0.96653388,1.0000016371612503,0.0,0.0,0.0,-2.4124358999999997,0.6962721499999999,9.483030549999999,-0.6465,-0.1175,0.0541,-0.7519,4.176067233511821,-14.27923451904686,98.1002771729469,30.4
76000109080126,10.002779,37469.0,10.0,-0.2466478,-0.07057191999999998,-0.96653388,1.0000016371612503,0.0,0.0,0.0,-2.42224255,0.6962721499999999,9.473223899999999,-0.6465,-0.1175,0.0541,-0.7519,4.176067233511821,-14.27923451904686,98.1002771729469,30.4
76000119093804,10.013678,37479.0,10.0,-0.2466478,-0.07057191999999998,-0.96653388,1.0000016371612503,0.0,0.0,0.0,-2.42224255,0.6864655000000001,9.473223899999999,-0.6465,-0.1175,0.0541,-0.7519,4.176067233511821,-14.27923451904686,98.1002771729469,30.3
76000129039651,9.945847,37489.0,10.0,-0.2466478,-0.07057191999999998,-0.96653388,1.0000016371612503,0.0,0.0,0.0,-2.42224255,0.6962721499999999,9.473223899999999,-0.6465,-0.1175,0.0541,-0.7519,4.176067233511821,-14.27923451904686,98.1002771729469,30.4
76000139042980,10.003329,37499.0,10.0,-0.2466478,-0.07057191999999998,-0.96653388,1.0000016371612503,0.0,0.0,0.0,-2.4124358999999997,0.6962721499999999,9.473223899999999,-0.6465,-0.1175,0.0541,-0.7519,4.176067233511821,-14.27923451904686,98.1002771729469,30.3
76000149066695,10.023715,37509.0,10.0,-0.2466478,-0.07057191999999998,-0.96653388,1.0000016371612503,0.0,0.0,0.0,-2.42224255,0.6962721499999999,9.492837199999999,-0.6465,-0.1175,0.0541,-0.7519,4.176067233511821,-14.27923451904686,98.1002771729469,30.3
76000159067183,10.000488,37519.0,10.0,-0.2466478,-0.07057191999999998,-0.96653388,1.0000016371612503,0.0,0.0,0.0,-2.4124358999999997,0.7060787999999999,9.473223899999999,-0.6465,-0.1175,0.0541,-0.7519,4.176067233511821,-14.27923451904686,98.1002771729469,30.4
76000169064400,9.997217,37529.0,10.0,-0.2466478,-0.07057191999999998,-0.96653388,1.0000016371612503,0.0,0.0,0.0,-2.42224255,0.67665885,9.483030549999999,-0.6465,-0.1175,0.0541,-0.7519,4.176067233511821,-14.27923451904686,98.1002771729469,30.4
76000179099078,10.034678,37539.0,10.0,-0.2466478,-0.07057191999999998,-0.96653388,1.0000016371612503,0.0,0.0,0.0,-2.42224255,0.6962721499999999,9.473223899999999,-0.6465,-0.1175,0.0541,-0.7519,4.176067233511821,-14.27923451904686,98.1002771729469,30.4
76000189048905,9.949827,37549.0,10.0,-0.2466478,-0.07057191999999998,-0.96653388,1.0000016371612503,0.0,0.0,0.0,-2.42224255,0.6962721499999999,9.483030549999999,-0.6465,-0.1175,0.0541,-0.7519,4.176067233511821,-14.27923451904686,98.1002771729469,30.3
76000199031305,9.9824,37559.0,10.0,-0.2466478,-0.07057191999999998,-0.96653388,1.0000016371612503,0.0,0.0,0.0,-2.42224255,0.6864655000000001,9.483030549999999,-0.6465,-0.1175,0.0541,-0.7519,4.176067233511821,-14.27923451904686,98.1002771729469,30.3
76000209101585,10.07028,37569.0,10.0,-0.2466478,-0.07057191999999998,-0.96653388,1.0000016371612503,0.0,0.0,0.0,-2.4124358999999997,0.6962721499999999,9.483030549999999,-0.6465,-0.1175,0.0541,-0.7519,4.176067233511821,-14.27923451904686,98.1002771729469,30.3
76000219100108,9.998523,37579.0,10.0,-0.2466478,-0.07057191999999998,-0.96653388,1.0000016371612503,0.0,0.0,0.0,-2.42224255,0.6864655000000001,9.483030549999999,-0.6465,-0.1175,0.0541,-0.7519,4.176067233511821,-14.27923451904686,98.1002771729469,30.3
76000229040741,9.940633,37589.0,10.0,-0.2466478,-0.07057191999999998,-0.96653388,1.0000016371612503,0.0,0.0,0.0,-2.42224255,0.6962721499999999,9.483030549999999,-0.6465,-0.1175,0.0541,-0.7519,4.176067233511821,-14.27923451904686,98.1002771729469,30.3
76000239048182,10.007441,37599.0,10.0,-0.2466478,-0.07057191999999998,-0.96653388,1.0000016371612503,0.0,0.0,0.0,-2.42224255,0.6962721499999999,9.483030549999999,-0.6465,-0.1175,0.0541,-0.7519,4.176067233511821,-14.27923451904686,98.1002771729469,30.3
76000249152710,10.104528,37609.0,10.0,-0.2466478,-0.07057191999999998,-0.96653388,1.0000016371612503,0.0,0.0,0.0,-2.42224255,0.6962721499999999,9.483030549999999,-0.6465,-0.1175,0.0541,-0.7519,4.176067233511821,-14.27923451904686,98.1002771729469,30.3
76000259110355,9.957645,37619.0,10.0,-0.2466478,-0.07057191999999998,-0.96653388,1.0000016371612503,0.0,0.0,0.0,-2.42224255,0.6864655000000001,9.483030549999999,-0.6465,-0.1175,0.0541,-0.7519,4.176067233511821,-14.27923451904686,98.1002771729469,30.3
76000269045285,9.93493,37629.0,10.0,-0.2466478,-0.07057191999999998,-0.96653388,1.0000016371612503,0.0,0.0,0.0,-2.4320492,0.67665885,9.46341725,-0.6465,-0.1175,0.0541,-0.7519,4.176067233511821,-14.27923451904686,98.1002771729469,30.3
76000279041302,9.996017,37639.0,10.0,-0.2466478,-0.07057191999999998,-0.96653388,1.0000016371612503,0.0,0.0,0.0,-2.42224255,0.6864655000000001,9.473223899999999,-0.6465,-0.1175,0.0541,-0.7519,4.176067233511821,-14.27923451904686,98.1002771729469,30.3
76000289033639,9.992337,37649.0,10.0,-0.2466478,-0.07057191999999998,-0.96653388,1.0000016371612503,0.0,0.0,0.0,-2.42224255,0.6864655000000001,9.483030549999999,-0.6465,-0.1175,0.0541,-0.7519,4.176067233511821,-14.27923451904686,98.1002771729469,30.3
76000299123435,10.089796,37659.0,10.0,-0.2466478,-0.07057191999999998,-0.96653388,1.0000016371612503,0.0,0.0,0.0,-2.42224255,0.6962721499999999,9.483030549999999,-0.6465,-0.1175,0.0541,-0.7519,4.176067233511821,-14.27923451904686,98.1002771729469,30.3
76000309135235,10.0118,37669.0,10.0,-0.2466478,-0.07057191999999998,-0.96653388,1.0000016371612503,0.0,0.0,0.0,-2.4124358999999997,0.6962721499999999,9.473223899999999,-0.6465,-0.1175,0.0541,-0.7519,4.176067233511821,-14.27923451904686,98.1002771729469,30.3
76000319100719,9.965484,37679.0,10.0,-0.2466478,-0.07057191999999998,-0.96653388,1.0000016371612503,0.0,0.0,0.0,-2.4124358999999997,0.6864655000000001,9.473223899999999,-0.6465,-0.1175,0.0541,-0.7519,4.176067233511821,-14.27923451904686,98.1002771729469,30.3
76000329102467,10.001748,37689.0,10.0,-0.2466478,-0.07057191999999998,-0.96653388,1.0000016371612503,0.0,0.0,0.0,-2.42224255,0.6962721499999999,9.483030549999999,-0.6465,-0.1175,0.0541,-0.7519,4.176067233511821,-14.27923451904686,98.1002771729469,30.3
76000339034573,9.932106,37699.0,10.0,-0.2466478,-0.07057191999999998,-0.96653388,1.0000016371612503,0.0,0.0,0.0,-2.42224255,0.6962721499999999,9.483030549999999,-0.6465,-0.1175,0.0541,-0.7519,4.176067233511821,-14.27923451904686,98.1002771729469,30.3
76000348981610,9.947037,37709.0,10.0,-0.2466478,-0.07057191999999998,-0.96653388,1.0000016371612503,0.0,0.0,0.0,-2.42224255,0.6864655000000001,9.483030549999999,-0.6465,-0.1175,0.0541,-0.7519,4.176067233511821,-14.27923451904686,98.1002771729469,30.3
76000358979076,9.997466,37719.0,10.0,-0.2466478,-0.07057191999999998,-0.96653388,1.0000016371612503,0.0,0.0,0.0,-2.42224255,0.6962721499999999,9.483030549999999,-0.6465,-0.1175,0.0541,-0.7519,4.176067233511821,-14.27923451904686,98.1002771729469,30.3
76000368953134,9.974058,37729.0,10.0,-0.2466478,-0.07057191999999998,-0.96653388,1.0000016371612503,0.0,0.0,0.0,-2.4320492,0.6962721499999999,9.483030549999999,-0.6465,-0.1175,0.0541,-0.7519,4.176067233511821,-14.27923451904686,98.1002771729469,30.3
76000378971799,10.018665,37739.0,10.0,-0.2466478,-0.07057191999999998,-0.96653388,1.0000016371612503,0.0,0.0,0.0,-2.42224255,0.67665885,9.483030549999999,-0.6465,-0.1175,0.0541,-0.7519,4.176067233511821,-14.27923451904686,98.1002771729469,30.4
76000388995992,10.024193,37749.0,10.0,-0.2466478,-0.07057191999999998,-0.96653388,1.0000016371612503,0.0,0.0,0.0,-2.4124358999999997,0.6864655000000001,9.483030549999999,-0.6465,-0.1175,0.0541,-0.7519,4.176067233511821,-14.27923451904686,98.1002771729469,30.4
76000398987395,9.991403,37759.0,10.0,-0.2466478,-0.07057191999999998,-0.96653388,1.0000016371612503,0.0,0.0,0.0,-2.4124358999999997,0.6864655000000001,9.473223899999999,-0.6465,-0.1175,0.0541,-0.7519,4.176067233511821,-14.27923451904686,98.1002771729469,30.4
76000409090856,10.103461,37769.0,10.0,-0.2466478,-0.07057191999999998,-0.96653388,1.0000016371612503,0.0,0.0,0.0,-2.42224255,0.6962721499999999,9.483030549999999,-0.6465,-0.1175,0.0541,-0.7519,4.176067233511821,-14.27923451904686,98.1002771729469,30.4
76000419036813,9.945957,37779.0,10.0,-0.2466478,-0.07057191999999998,-0.96653388,1.0000016371612503,0.0,0.0,0.0,-2.4320492,0.6962721499999999,9.483030549999999,-0.6465,-0.1175,0.0541,-0.7519,4.176067233511821,-14.27923451904686,98.1002771729469,30.4
76000429075064,10.038251,37789.0,10.0,-0.2466478,-0.07057191999999998,-0.96653388,1.0000016371612503,0.0,0.0,0.0,-2.42224255,0.6962721499999999,9.473223899999999,-0.6465,-0.1175,0.0541,-0.7519,4.176067233511821,-14.27923451904686,98.1002771729469,30.3
76000439068655,9.993591,37799.0,10.0,-0.2466478,-0.07057191999999998,-0.96653388,1.0000016371612503,0.0,0.0,0.0,-2.4124358999999997,0.6864655000000001,9.473223899999999,-0.6465,-0.1175,0.0541,-0.7519,4.176067233511821,-14.27923451904686,98.1002771729469,30.3
76000449036218,9.967563,37809.0,10.0,-0.2466478,-0.07057191999999998,-0.96653388,1.0000016371612503,0.0,0.0,0.0,-2.42224255,0.6962721499999999,9.473223899999999,-0.6465,-0.1175,0.0541,-0.7519,4.176067233511821,-14.27923451904686,98.1002771729469,30.3
76000459017204,9.980986,37819.0,10.0,-0.2466478,-0.07057191999999998,-0.96653388,1.0000016371612503,0.0,0.0,0.0,-2.4320492,0.6864655000000001,9.483030549999999,-0.6465,-0.1175,0.0541,-0.7519,4.176067233511821,-14.27923451904686,98.1002771729469,30.4
76000469097142,10.079938,37829.0,10.0,-0.2466478,-0.07057191999999998,-0.96653388,1.0000016371612503,0.0,0.0,0.0,-2.4124358999999997,0.6962721499999999,9.483030549999999,-0.6465,-0.1175,0.0541,-0.7519,4.176067233511821,-14.27923451904686,98.1002771729469,30.4
76000479038303,9.941161,37839.0,10.0,-0.2466478,-0.07057191999999998,-0.96653388,1.0000016371612503,0.0,0.0,0.0,-2.4124358999999997,0.6864655000000001,9.473223899999999,-0.6465,-0.1175,0.0541,-0.7519,4.176067233511821,-14.27923451904686,98.1002771729469,30.4
76000489014039,9.975736,37849.0,10.0,-0.2466478,-0.07057191999999998,-0.96653388,1.0000016371612503,0.0,0.0,0.0,-2.4124358999999997,0.6864655000000001,9.483030549999999,-0.6465,-0.1175,0.0541,-0.7519,4.176067233511821,-14.27923451904686,98.1002771729469,30.3
76000499024156,10.010117,37859.0,10.0,-0.2466478,-0.07057191999999998,-0.96653388,1.0000016371612503,0.0,0.0,0.0,-2.42224255,0.67665885,9.483030549999999,-0.6465,-0.1175,0.0541,-0.7519,4.176067233511821,-14.27923451904686,98.1002771729469,30.3
76000509078146,10.05399,37869.0,10.0,-0.2466478,-0.07057191999999998,-0.96653388,1.0000016371612503,0.0,0.0,0.0,-2.42224255,0.6864655000000001,9.483030549999999,-0.6465,-0.1175,0.0541,-0.7519,4.176067233511821,-14.27923451904686,98.1002771729469,30.3
76000519088956,10.01081,37879.0,10.0,-0.2466478,-0.07057191999999998,-0.96653388,1.0000016371612503,0.0,0.0,0.0,-2.4124358999999997,0.6962721499999999,9.483030549999999,-0.6465,-0.1175,0.0541,-0.7519,4.176067233511821,-14.27923451904686,98.1002771729469,30.3
76000529071775,9.982819,37889.0,10.0,-0.2466478,-0.07057191999999998,-0.96653388,1.0000016371612503,0.0,0.0,0.0,-2.42224255,0.6864655000000001,9.473223899999999,-0.6465,-0.1175,0.0541,-0.7519,4.176067233511821,-14.27923451904686,98.1002771729469,30.3
76000539083493,10.011718,37899.0,10.0,-0.2466478,-0.07057191999999998,-0.96653388,1.0000016371612503,0.0,0.0,0.0,-2.4124358999999997,0.6962721499999999,9.473223899999999,-0.6465,-0.1175,0.0541,-0.7519,4.176067233511821,-14.27923451904686,98.1002771729469,30.3
76000549076946,9.993453,37909.0,10.0,-0.2466478,-0.07057191999999998,-0.96653388,1.0000016371612503,0.0,0.0,0.0,-2.4124358999999997,0.6962721499999999,9.483030549999999,-0.6465,-0.1175,0.0541,-0.7519,4.176067233511821,-14.27923451904686,98.1002771729469,30.4
76000559076983,10.000037,37919.0,10.0,-0.2466478,-0.07057191999999998,-0.96653388,1.0000016371612503,0.0,0.0,0.0,-2.4124358999999997,0.6962721499999999,9.473223899999999,-0.6465,-0.1175,0.0541,-0.7519,4.176067233511821,-14.27923451904686,98.1002771729469,30.3
76000569080436,10.003453,37929.0,10.0,-0.2466478,-0.07057191999999998,-0.96653388,1.0000016371612503,0.0,0.0,0.0,-2.4124358999999997,0.6962721499999999,9.473223899999999,-0.6465,-0.1175,0.0541,-0.7519,4.176067233511821,-14.27923451904686,98.1002771729469,30.4
76000579040566,9.96013,37939.0,10.0,-0.2466478,-0.07057191999999998,-0.96653388,1.0000016371612503,0.0,0.0,0.0,-2.42224255,0.6864655000000001,9.473223899999999,-0.6465,-0.1175,0.0541,-0.7519,4.176067233511821,-14.27923451904686,98.1002771729469,30.3
76000588994401,9.953835,37949.0,10.0,-0.2466478,-0.07057191999999998,-0.96653388,1.0000016371612503,0.0,0.0,0.0,-2.42224255,0.6962721499999999,9.483030549999999,-0.6465,-0.1175,0.0541,-0.7519,4.176067233511821,-14.27923451904686,98.1002771729469,30.4
76000599092242,10.097841,37959.0,10.0,-0.2466478,-0.07057191999999998,-0.96653388,1.0000016371612503,0.0,0.0,0.0,-2.4124358999999997,0.6864655000000001,9.473223899999999,-0.6465,-0.1175,0.0541,-0.7519,4.176067233511821,-14.27923451904686,98.1002771729469,30.4
76000609040908,9.948666,37969.0,10.0,-0.2466478,-0.07057191999999998,-0.96653388,1.0000016371612503,0.0,0.0,0.0,-2.42224255,0.67665885,9.483030549999999,-0.6465,-0.1175,0.0541,-0.7519,4.176067233511821,-14.27923451904686,98.1002771729469,30.4
76000619090397,10.049489,37979.0,10.0,-0.2466478,-0.07057191999999998,-0.96653388,1.0000016371612503,0.0,0.0,0.0,-2.4124358999999997,0.6864655000000001,9.473223899999999,-0.6465,-0.1175,0.0541,-0.7519,4.176067233511821,-14.27923451904686,98.1002771729469,30.3
76000629085744,9.995347,37989.0,10.0,-0.2466478,-0.07057191999999998,-0.96653388,1.0000016371612503,0.0,0.0,0.0,-2.42224255,0.6864655000000001,9.483030549999999,-0.6465,-0.1175,0.0541,-0.7519,4.176067233511821,-14.27923451904686,98.1002771729469,30.3
76000639075225,9.989481,37999.0,10.0,-0.2466478,-0.07057191999999998,-0.96653388,1.0000016371612503,0.0,0.0,0.0,-2.4124358999999997,0.6962721499999999,9.473223899999999,-0.6465,-0.1175,0.0541,-0.7519,4.176067233511821,-14.27923451904686,98.1002771729469,30.3
76000649076944,10.001719,38009.0,10.0,-0.2466478,-0.07057191999999998,-0.96653388,1.0000016371612503,0.0,0.0,0.0,-2.42224255,0.6864655000000001,9.473223899999999,-0.6465,-0.1175,0.0541,-0.7519,4.176067233511821,-14.27923451904686,98.1002771729469,30.3
76000659055957,9.979013,38019.0,10.0,-0.2466478,-0.07057191999999998,-0.96653388,1.0000016371612503,0.0,0.0,0.0,-2.42224255,0.6864655000000001,9.483030549999999,-0.6465,-0.1175,0.0541,-0.7519,4.176067233511821,-14.27923451904686,98.1002771729469,30.3
76000669024890,9.968933,38029.0,10.0,-0.2466478,-0.07057191999999998,-0.96653388,1.0000016371612503,0.0,0.0,0.0,-2.42224255,0.6962721499999999,9.473223899999999,-0.6465,-0.1175,0.0541,-0.7519,4.176067233511821,-14.27923451904686,98.1002771729469,30.3
76000679039392,10.014502,38039.0,10.0,-0.2466478,-0.07057191999999998,-0.96653388,1.0000016371612503,0.0,0.0,0.0,-2.4124358999999997,0.6864655000000001,9.483030549999999,-0.6465,-0.1175,0.0541,-0.7519,4.176067233511821,-14.27923451904686,98.1002771729469,30.3
76000689042674,10.003282,38049.0,10.0,-0.2466478,-0.07057191999999998,-0.96653388,1.0000016371612503,0.0,0.0,0.0,-2.42224255,0.6864655000000001,9.46341725,-0.6465,-0.1175,0.0541,-0.7519,4.176067233511821,-14.27923451904686,98.1002771729469,30.3
76000699083120,10.040446,38059.0,10.0,-0.2466478,-0.07057191999999998,-0.96653388,1.0000016371612503,0.0,0.0,0.0,-2.4124358999999997,0.6864655000000001,9.483030549999999,-0.6465,-0.1175,0.0541,-0.7519,4.176067233511821,-14.27923451904686,98.1002771729469,30.3
76000709081611,9.998491,38069.0,10.0,-0.2466478,-0.07057191999999998,-0.96653388,1.0000016371612503,0.0,0.0,0.0,-2.4124358999999997,0.6864655000000001,9.483030549999999,-0.6465,-0.1175,0.0541,-0.7519,4.176067233511821,-14.27923451904686,98.1002771729469,30.3
76000719082769,10.001158,38079.0,10.0,-0.2466478,-0.07057191999999998,-0.96653388,1.0000016371612503,0.0,0.0,0.0,-2.4124358999999997,0.6962721499999999,9.483030549999999,-0.6465,-0.1175,0.0541,-0.7519,4.176067233511821,-14.27923451904686,98.1002771729469,30.3
76000729129387,10.046618,38089.0,10.0,-0.2466478,-0.07057191999999998,-0.96653388,1.0000016371612503,0.0,0.0,0.0,-2.42224255,0.6962721499999999,9.492837199999999,-0.6465,-0.1175,0.0541,-0.7519,4.176067233511821,-14.27923451904686,98.1002771729469,30.4
76000739238411,10.109024,38099.0,10.0,-0.2466478,-0.07057191999999998,-0.96653388,1.0000016371612503,0.0,0.0,0.0,-2.4320492,0.6864655000000001,9.483030549999999,-0.6465,-0.1175,0.0541,-0.7519,4.176067233511821,-14.27923451904686,98.1002771729469,30.3
76000749123440,9.885029,38109.0,10.0,-0.2466478,-0.07057191999999998,-0.96653388,1.0000016371612503,0.0,0.0,0.0,-2.42224255,0.6864655000000001,9.473223899999999,-0.6465,-0.1175,0.0541,-0.7519,4.176067233511821,-14.27923451904686,98.1002771729469,30.3
76000759125026,10.001586,38119.0,10.0,-0.2466478,-0.07057191999999998,-0.96653388,1.0000016371612503,0.0,0.0,0.0,-2.4320492,0.6962721499999999,9.473223899999999,-0.6465,-0.1175,0.0541,-0.7519,4.176067233511821,-14.27923451904686,98.1002771729469,30.3
76000769116189,9.991163,38129.0,10.0,-0.2466478,-0.07057191999999998,-0.96653388,1.0000016371612503,0.0,0.0,0.0,-2.4124358999999997,0.7060787999999999,9.473223899999999,-0.6465,-0.1175,0.0541,-0.7519,4.176067233511821,-14.27923451904686,98.1002771729469,30.3
76000779135728,10.019539,38139.0,10.0,-0.2466478,-0.07057191999999998,-0.96653388,1.0000016371612503,0.0,0.0,0.0,-2.4320492,0.6864655000000001,9.483030549999999,-0.6465,-0.1175,0.0541,-0.7519,4.176067233511821,-14.27923451904686,98.1002771729469,30.3
76000789041804,9.906076,38149.0,10.0,-0.2466478,-0.07057191999999998,-0.96653388,1.0000016371612503,0.0,0.0,0.0,-2.4320492,0.6962721499999999,9.473223899999999,-0.6465,-0.1175,0.0541,-0.7519,4.176067233511821,-14.27923451904686,98.1002771729469,30.3
76000799043536,10.001732,38159.0,10.0,-0.2466478,-0.07057191999999998,-0.96653388,1.0000016371612503,0.0,0.0,0.0,-2.44185585,0.6962721499999999,9.473223899999999,-0.6465,-0.1175,0.0541,-0.7519,4.176067233511821,-14.27923451904686,98.1002771729469,30.3
76000809085275,10.041739,38169.0,10.0,-0.2466478,-0.07057191999999998,-0.96653388,1.0000016371612503,0.0,0.0,0.0,-2.42224255,0.6962721499999999,9.483030549999999,-0.6465,-0.1175,0.0541,-0.7519,4.176067233511821,-14.27923451904686,98.1002771729469,30.3
76000819054567,9.969292,38179.0,10.0,-0.2466478,-0.07057191999999998,-0.96653388,1.0000016371612503,0.0,0.0,0.0,-2.4320492,0.6864655000000001,9.473223899999999,-0.6465,-0.1175,0.0541,-0.7519,4.176067233511821,-14.27923451904686,98.1002771729469,30.4
76000829028925,9.974358,38189.0,10.0,-0.2466478,-0.07057191999999998,-0.96653388,1.0000016371612503,0.0,0.0,0.0,-2.44185585,0.6962721499999999,9.473223899999999,-0.6465,-0.1175,0.0541,-0.7519,4.176067233511821,-14.27923451904686,98.1002771729469,30.3
76000838973255,9.94433,38199.0,10.0,-0.2466478,-0.07057191999999998,-0.96653388,1.0000016371612503,0.0,0.0,0.0,-2.40262925,0.6962721499999999,9.483030549999999,-0.6465,-0.1175,0.0541,-0.7519,4.176067233511821,-14.27923451904686,98.1002771729469,30.3
76000849095515,10.12226,38209.0,10.0,-0.2466478,-0.07057191999999998,-0.96653388,1.0000016371612503,0.0,0.0,0.0,-2.4124358999999997,0.6962721499999999,9.483030549999999,-0.6465,-0.1175,0.0541,-0.7519,4.176067233511821,-14.27923451904686,98.1002771729469,30.4
76000859039720,9.944205,38219.0,10.0,-0.2466478,-0.07057191999999998,-0.96653388,1.0000016371612503,0.0,0.0,0.0,-2.4320492,0.6864655000000001,9.473223899999999,-0.6465,-0.1175,0.0541,-0.7519,4.176067233511821,-14.27923451904686,98.1002771729469,30.4
76000869079915,10.040195,38229.0,10.0,-0.2466478,-0.07057191999999998,-0.96653388,1.0000016371612503,0.0,0.0,0.0,-2.42224255,0.6864655000000001,9.483030549999999,-0.6465,-0.1175,0.0541,-0.7519,4.176067233511821,-14.27923451904686,98.1002771729469,30.4
76000879074109,9.994194,38239.0,10.0,-0.2466478,-0.07057191999999998,-0.96653388,1.0000016371612503,0.0,0.0,0.0,-2.4124358999999997,0.6962721499999999,9.492837199999999,-0.6465,-0.1175,0.0541,-0.7519,4.176067233511821,-14.27923451904686,98.1002771729469,30.4
76000889020211,9.946102,38249.0,10.0,-0.2466478,-0.07057191999999998,-0.96653388,1.0000016371612503,0.0,0.0,0.0,-2.44185585,0.6864655000000001,9.483030549999999,-0.6465,-0.1175,0.0541,-0.7519,4.176067233511821,-14.27923451904686,98.1002771729469,30.3
76000899061562,10.041351,38259.0,10.0,-0.2466478,-0.07057191999999998,-0.96653388,1.0000016371612503,0.0,0.0,0.0,-2.4124358999999997,0.67665885,9.483030549999999,-0.6465,-0.1175,0.0541,-0.7519,4.176067233511821,-14.27923451904686,98.1002771729469,30.3
76000909031985,9.970423,38269.0,10.0,-0.2466478,-0.07057191999999998,-0.96653388,1.0000016371612503,0.0,0.0,0.0,-2.4124358999999997,0.6962721499999999,9.483030549999999,-0.6465,-0.1175,0.0541,-0.7519,4.176067233511821,-14.27923451904686,98.1002771729469,30.3
76000919078932,10.046947,38279.0,10.0,-0.2466478,-0.07057191999999998,-0.96653388,1.0000016371612503,0.0,0.0,0.0,-2.4124358999999997,0.6864655000000001,9.46341725,-0.6465,-0.1175,0.0541,-0.7519,4.176067233511821,-14.27923451904686,98.1002771729469,30.4
76000929078885,9.999953,38289.0,10.0,-0.2466478,-0.07057191999999998,-0.96653388,1.0000016371612503,0.0,0.0,0.0,-2.4320492,0.6962721499999999,9.483030549999999,-0.6465,-0.1175,0.0541,-0.7519,4.176067233511821,-14.27923451904686,98.1002771729469,30.3
76000939077043,9.998158,38299.0,10.0,-0.2466478,-0.07057191999999998,-0.96653388,1.0000016371612503,0.0,0.0,0.0,-2.4320492,0.6864655000000001,9.473223899999999,-0.6465,-0.1175,0.0541,-0.7519,4.176067233511821,-14.27923451904686,98.1002771729469,30.3
76000949018084,9.941041,38309.0,10.0,-0.2466478,-0.07057191999999998,-0.96653388,1.0000016371612503,0.0,0.0,0.0,-2.42224255,0.6962721499999999,9.483030549999999,-0.6465,-0.1175,0.0541,-0.7519,4.176067233511821,-14.27923451904686,98.1002771729469,30.4
76000959082672,10.064588,38319.0,10.0,-0.2466478,-0.07057191999999998,-0.96653388,1.0000016371612503,0.0,0.0,0.0,-2.4124358999999997,0.6864655000000001,9.483030549999999,-0.6465,-0.1175,0.0541,-0.7519,4.176067233511821,-14.27923451904686,98.1002771729469,30.3
76000969081911,9.999239,38329.0,10.0,-0.2466478,-0.07057191999999998,-0.96653388,1.0000016371612503,0.0,0.0,0.0,-2.4124358999999997,0.6864655000000001,9.483030549999999,-0.6465,-0.1175,0.0541,-0.7519,4.176067233511821,-14.27923451904686,98.1002771729469,30.3
76000979118892,10.036981,38339.0,10.0,-0.2466478,-0.07057191999999998,-0.96653388,1.0000016371612503,0.0,0.0,0.0,-2.4124358999999997,0.6864655000000001,9.492837199999999,-0.6465,-0.1175,0.0541,-0.7519,4.176067233511821,-14.27923451904686,98.1002771729469,30.4
76000989028524,9.909632,38349.0,10.0,-0.2466478,-0.07057191999999998,-0.96653388,1.0000016371612503,0.0,0.0,0.0,-2.42224255,0.6864655000000001,9.492837199999999,-0.6465,-0.1175,0.0541,-0.7519,4.176067233511821,-14.27923451904686,98.1002771729469,30.3
76000999013211,9.984687,38359.0,10.0,-0.2466478,-0.07057191999999998,-0.96653388,1.0000016371612503,0.0,0.0,0.0,-2.42224255,0.6962721499999999,9.492837199999999,-0.6465,-0.1175,0.0541,-0.7519,4.176067233511821,-14.27923451904686,98.1002771729469,30.4
76001009057648,10.044437,38369.0,10.0,-0.2466478,-0.07057191999999998,-0.96653388,1.0000016371612503,0.0,0.0,0.0,-2.42224255,0.6962721499999999,9.492837199999999,-0.6465,-0.1175,0.0541,-0.7519,4.176067233511821,-14.27923451904686,98.1002771729469,30.4
76001019106136,10.048488,38379.0,10.0,-0.2466478,-0.07057191999999998,-0.96653388,1.0000016371612503,0.0,0.0,0.0,-2.4320492,0.6864655000000001,9.483030549999999,-0.6465,-0.1175,0.0541,-0.7519,4.176067233511821,-14.27923451904686,98.1002771729469,30.4
76001029085012,9.978876,38389.0,10.0,-0.2466478,-0.07057191999999998,-0.96653388,1.0000016371612503,0.0,0.0,0.0,-2.42224255,0.6962721499999999,9.483030549999999,-0.6465,-0.1175,0.0541,-0.7519,4.176067233511821,-14.27923451904686,98.1002771729469,30.4
76001039080036,9.995024,38399.0,10.0,-0.2466478,-0.07057191999999998,-0.96653388,1.0000016371612503,0.0,0.0,0.0,-2.40262925,0.6864655000000001,9.473223899999999,-0.6465,-0.1175,0.0541,-0.7519,4.176067233511821,-14.27923451904686,98.1002771729469,30.3
76001049100247,10.020211,38409.0,10.0,-0.2466478,-0.07057191999999998,-0.96653388,1.0000016371612503,0.0,0.0,0.0,-2.42224255,0.7060787999999999,9.483030549999999,-0.6465,-0.1175,0.0541,-0.7519,4.176067233511821,-14.27923451904686,98.1002771729469,30.4
76001059087349,9.987102,38419.0,10.0,-0.2466478,-0.07057191999999998,-0.96653388,1.0000016371612503,0.0,0.0,0.0,-2.4124358999999997,0.6864655000000001,9.492837199999999,-0.6465,-0.1175,0.0541,-0.7519,4.176067233511821,-14.27923451904686,98.1002771729469,30.4
76001069089599,10.00225,38429.0,10.0,-0.2466478,-0.07057191999999998,-0.96653388,1.0000016371612503,0.0,0.0,0.0,-2.42224255,0.6962721499999999,9.483030549999999,-0.6465,-0.1175,0.0541,-0.7519,4.176067233511821,-14.27923451904686,98.1002771729469,30.3
76001079060678,9.971079,38439.0,10.0,-0.2466478,-0.07057191999999998,-0.96653388,1.0000016371612503,0.0,0.0,0.0,-2.4320492,0.6864655000000001,9.473223899999999,-0.6465,-0.1175,0.0541,-0.7519,4.176067233511821,-14.27923451904686,98.1002771729469,30.4
76001089087936,10.027258,38449.0,10.0,-0.2466478,-0.07057191999999998,-0.96653388,1.0000016371612503,0.0,0.0,0.0,-2.42224255,0.6864655000000001,9.483030549999999,-0.6465,-0.1175,0.0541,-0.7519,4.176067233511821,-14.27923451904686,98.1002771729469,30.4
76001099063317,9.975381,38459.0,10.0,-0.2466478,-0.07057191999999998,-0.96653388,1.0000016371612503,0.0,0.0,0.0,-2.4124358999999997,0.6864655000000001,9.492837199999999,-0.6465,-0.1175,0.0541,-0.7519,4.176067233511821,-14.27923451904686,98.1002771729469,30.4
76001109090776,10.027459,38469.0,10.0,-0.2466478,-0.07057191999999998,-0.96653388,1.0000016371612503,0.0,0.0,0.0,-2.42224255,0.6864655000000001,9.483030549999999,-0.6465,-0.1175,0.0541,-0.7519,4.176067233511821,-14.27923451904686,98.1002771729469,30.4
76001119085882,9.995106,38479.0,10.0,-0.2466478,-0.07057191999999998,-0.96653388,1.0000016371612503,0.0,0.0,0.0,-2.42224255,0.6864655000000001,9.473223899999999,-0.6465,-0.1175,0.0541,-0.7519,4.176067233511821,-14.27923451904686,98.1002771729469,30.4
76001129107255,10.021373,38489.0,10.0,-0.2466478,-0.07057191999999998,-0.96653388,1.0000016371612503,0.0,0.0,0.0,-2.42224255,0.6962721499999999,9.473223899999999,-0.6465,-0.1175,0.0541,-0.7519,4.176067233511821,-14.27923451904686,98.1002771729469,30.4
76001139061239,9.953984,38499.0,10.0,-0.2466478,-0.07057191999999998,-0.96653388,1.0000016371612503,0.0,0.0,0.0,-2.42224255,0.6962721499999999,9.473223899999999,-0.6465,-0.1175,0.0541,-0.7519,4.176067233511821,-14.27923451904686,98.1002771729469,30.4
76001149069034,10.007795,38509.0,10.0,-0.2466478,-0.07057191999999998,-0.96653388,1.0000016371612503,0.0,0.0,0.0,-2.4124358999999997,0.6962721499999999,9.483030549999999,-0.6465,-0.1175,0.0541,-0.7519,4.176067233511821,-14.27923451904686,98.1002771729469,30.4
76001159136791,10.067757,38519.0,10.0,-0.2466478,-0.07057191999999998,-0.96653388,1.0000016371612503,0.0,0.0,0.0,-2.42224255,0.6962721499999999,9.473223899999999,-0.6465,-0.1175,0.0541,-0.7519,4.176067233511821,-14.27923451904686,98.1002771729469,30.4
76001169100755,9.963964,38529.0,10.0,-0.2466478,-0.07057191999999998,-0.96653388,1.0000016371612503,0.0,0.0,0.0,-2.4124358999999997,0.6962721499999999,9.473223899999999,-0.6465,-0.1175,0.0541,-0.7519,4.176067233511821,-14.27923451904686,98.1002771729469,30.4
76001179140272,10.039517,38539.0,10.0,-0.2466478,-0.07057191999999998,-0.96653388,1.0000016371612503,0.0,0.0,0.0,-2.42224255,0.6864655000000001,9.492837199999999,-0.6465,-0.1175,0.0541,-0.7519,4.176067233511821,-14.27923451904686,98.1002771729469,30.4
76001189113792,9.97352,38549.0,10.0,-0.2466478,-0.07057191999999998,-0.96653388,1.0000016371612503,0.0,0.0,0.0,-2.4124358999999997,0.6962721499999999,9.483030549999999,-0.6465,-0.1175,0.0541,-0.7519,4.176067233511821,-14.27923451904686,98.1002771729469,30.4
76001199081742,9.96795,38559.0,10.0,-0.2466478,-0.07057191999999998,-0.96653388,1.0000016371612503,0.0,0.0,0.0,-2.4124358999999997,0.6962721499999999,9.483030549999999,-0.6465,-0.1175,0.0541,-0.7519,4.176067233511821,-14.27923451904686,98.1002771729469,30.4
76001209092713,10.010971,38569.0,10.0,-0.2466478,-0.07057191999999998,-0.96653388,1.0000016371612503,0.0,0.0,0.0,-2.42224255,0.6864655000000001,9.46341725,-0.6465,-0.1175,0.0541,-0.7519,4.176067233511821,-14.27923451904686,98.1002771729469,30.3
76001219049034,9.956321,38579.0,10.0,-0.2466478,-0.07057191999999998,-0.96653388,1.0000016371612503,0.0,0.0,0.0,-2.4124358999999997,0.6962721499999999,9.483030549999999,-0.6465,-0.1175,0.0541,-0.7519,4.176067233511821,-14.27923451904686,98.1002771729469,30.3
76001229029931,9.980897,38589.0,10.0,-0.2466478,-0.07057191999999998,-0.96653388,1.0000016371612503,0.0,0.0,0.0,-2.4320492,0.6962721499999999,9.483030549999999,-0.6465,-0.1175,0.0541,-0.7519,4.176067233511821,-14.27923451904686,98.1002771729469,30.3
76001239051669,10.021738,38599.0,10.0,-0.2466478,-0.07057191999999998,-0.96653388,1.0000016371612503,0.0,0.0,0.0,-2.42224255,0.6864655000000001,9.483030549999999,-0.6465,-0.1175,0.0541,-0.7519,4.176067233511821,-14.27923451904686,98.1002771729469,30.4
76001249076220,10.024551,38609.0,10.0,-0.2466478,-0.07057191999999998,-0.96653388,1.0000016371612503,0.0,0.0,0.0,-2.4124358999999997,0.6864655000000001,9.473223899999999,-0.6465,-0.1175,0.0541,-0.7519,4.176067233511821,-14.27923451904686,98.1002771729469,30.4
76001259065036,9.988816,38619.0,10.0,-0.2466478,-0.07057191999999998,-0.96653388,1.0000016371612503,0.0,0.0,0.0,-2.42224255,0.6864655000000001,9.492837199999999,-0.6465,-0.1175,0.0541,-0.7519,4.176067233511821,-14.27923451904686,98.1002771729469,30.4
76001269011657,9.946621,38629.0,10.0,-0.2466478,-0.07057191999999998,-0.96653388,1.0000016371612503,0.0,0.0,0.0,-2.42224255,0.7060787999999999,9.483030549999999,-0.6465,-0.1175,0.0541,-0.7519,4.176067233511821,-14.27923451904686,98.1002771729469,30.3
76001279023501,10.011844,38639.0,10.0,-0.2466478,-0.07057191999999998,-0.96653388,1.0000016371612503,0.0,0.0,0.0,-2.4124358999999997,0.7060787999999999,9.483030549999999,-0.6465,-0.1175,0.0541,-0.7519,4.176067233511821,-14.27923451904686,98.1002771729469,30.3
76001288985039,9.961538,38649.0,10.0,-0.2466478,-0.07057191999999998,-0.96653388,1.0000016371612503,0.0,0.0,0.0,-2.4124358999999997,0.7060787999999999,9.473223899999999,-0.6465,-0.1175,0.0541,-0.7519,4.176067233511821,-14.27923451904686,98.1002771729469,30.4
76001299024528,10.039489,38659.0,10.0,-0.2466478,-0.07057191999999998,-0.96653388,1.0000016371612503,0.0,0.0,0.0,-2.42224255,0.6864655000000001,9.483030549999999,-0.6465,-0.1175,0.0541,-0.7519,4.176067233511821,-14.27923451904686,98.1002771729469,30.3
76001309063779,10.039251,38669.0,10.0,-0.2466478,-0.07057191999999998,-0.96653388,1.0000016371612503,0.0,0.0,0.0,-2.42224255,0.6962721499999999,9.483030549999999,-0.6465,-0.1175,0.0541,-0.7519,4.176067233511821,-14.27923451904686,98.1002771729469,30.3
76001319100545,10.036766,38679.0,10.0,-0.2466478,-0.07057191999999998,-0.96653388,1.0000016371612503,0.0,0.0,0.0,-2.4320492,0.7060787999999999,9.473223899999999,-0.6465,-0.1175,0.0541,-0.7519,4.176067233511821,-14.27923451904686,98.1002771729469,30.4
76001329054443,9.953898,38689.0,10.0,-0.2466478,-0.07057191999999998,-0.96653388,1.0000016371612503,0.0,0.0,0.0,-2.4124358999999997,0.6962721499999999,9.473223899999999,-0.6465,-0.1175,0.0541,-0.7519,4.176067233511821,-14.27923451904686,98.1002771729469,30.4
76001339059355,10.004912,38699.0,10.0,-0.2466478,-0.07057191999999998,-0.96653388,1.0000016371612503,0.0,0.0,0.0,-2.42224255,0.67665885,9.502643849999998,-0.6465,-0.1175,0.0541,-0.7519,4.176067233511821,-14.27923451904686,98.1002771729469,30.4
76001349021203,9.961848,38709.0,10.0,-0.2466478,-0.07057191999999998,-0.96653388,1.0000016371612503,0.0,0.0,0.0,-2.4124358999999997,0.6864655000000001,9.473223899999999,-0.6465,-0.1175,0.0541,-0.7519,4.176067233511821,-14.27923451904686,98.1002771729469,30.4
76001359105671,10.084468,38719.0,10.0,-0.2466478,-0.07057191999999998,-0.96653388,1.0000016371612503,0.0,0.0,0.0,-2.4124358999999997,0.6962721499999999,9.473223899999999,-0.6465,-0.1175,0.0541,-0.7519,4.176067233511821,-14.27923451904686,98.1002771729469,30.4
76001369075700,9.970029,38729.0,10.0,-0.2466478,-0.07057191999999998,-0.96653388,1.0000016371612503,0.0,0.0,0.0,-2.40262925,0.6962721499999999,9.473223899999999,-0.6465,-0.1175,0.0541,-0.7519,4.176067233511821,-14.27923451904686,98.1002771729469,30.4
76001379038359,9.962659,38739.0,10.0,-0.2466478,-0.07057191999999998,-0.96653388,1.0000016371612503,0.0,0.0,0.0,-2.40262925,0.6962721499999999,9.473223899999999,-0.6465,-0.1175,0.0541,-0.7519,4.176067233511821,-14.27923451904686,98.1002771729469,30.4
76001388997076,9.958717,38749.0,10.0,-0.2466478,-0.07057191999999998,-0.96653388,1.0000016371612503,0.0,0.0,0.0,-2.40262925,0.6962721499999999,9.46341725,-0.6465,-0.1175,0.0541,-0.7519,4.176067233511821,-14.27923451904686,98.1002771729469,30.4
76001399060775,10.063699,38759.0,10.0,-0.2466478,-0.07057191999999998,-0.96653388,1.0000016371612503,0.0,0.0,0.0,-2.42224255,0.6864655000000001,9.473223899999999,-0.6465,-0.1175,0.0541,-0.7519,4.176067233511821,-14.27923451904686,98.1002771729469,30.4
76001409073082,10.012307,38769.0,10.0,-0.2466478,-0.07057191999999998,-0.96653388,1.0000016371612503,0.0,0.0,0.0,-2.4124358999999997,0.6962721499999999,9.483030549999999,-0.6465,-0.1175,0.0541,-0.7519,4.176067233511821,-14.27923451904686,98.1002771729469,30.4
76001419081311,10.008229,38779.0,10.0,-0.2466478,-0.07057191999999998,-0.96653388,1.0000016371612503,0.0,0.0,0.0,-2.42224255,0.6962721499999999,9.483030549999999,-0.6465,-0.1175,0.0541,-0.7519,4.176067233511821,-14.27923451904686,98.1002771729469,30.4
76001429020753,9.939442,38789.0,10.0,-0.2466478,-0.07057191999999998,-0.96653388,1.0000016371612503,0.0,0.0,0.0,-2.42224255,0.6864655000000001,9.483030549999999,-0.6465,-0.1175,0.0541,-0.7519,4.176067233511821,-14.27923451904686,98.1002771729469,30.4
76001439063203,10.04245,38799.0,10.0,-0.2466478,-0.07057191999999998,-0.96653388,1.0000016371612503,0.0,0.0,0.0,-2.42224255,0.6962721499999999,9.483030549999999,-0.6465,-0.1175,0.0541,-0.7519,4.176067233511821,-14.27923451904686,98.1002771729469,30.4
76001449070925,10.007722,38809.0,10.0,-0.2466478,-0.07057191999999998,-0.96653388,1.0000016371612503,0.0,0.0,0.0,-2.4124358999999997,0.7060787999999999,9.483030549999999,-0.6465,-0.1175,0.0541,-0.7519,4.176067233511821,-14.27923451904686,98.1002771729469,30.4
76001459062163,9.991238,38819.0,10.0,-0.2466478,-0.07057191999999998,-0.96653388,1.0000016371612503,0.0,0.0,0.0,-2.4124358999999997,0.6962721499999999,9.46341725,-0.6465,-0.1175,0.0541,-0.7519,4.176067233511821,-14.27923451904686,98.1002771729469,30.4
76001469033772,9.971609,38829.0,10.0,-0.2466478,-0.07057191999999998,-0.96653388,1.0000016371612503,0.0,0.0,0.0,-2.42224255,0.6962721499999999,9.483030549999999,-0.6465,-0.1175,0.0541,-0.7519,4.176067233511821,-14.27923451904686,98.1002771729469,30.3
76001479026539,9.992767,38839.0,10.0,-0.2466478,-0.07057191999999998,-0.96653388,1.0000016371612503,0.0,0.0,0.0,-2.4320492,0.6962721499999999,9.483030549999999,-0.6465,-0.1175,0.0541,-0.7519,4.176067233511821,-14.27923451904686,98.1002771729469,30.3
76001489044789,10.01825,38849.0,10.0,-0.2466478,-0.07057191999999998,-0.96653388,1.0000016371612503,0.0,0.0,0.0,-2.4320492,0.7060787999999999,9.483030549999999,-0.6465,-0.1175,0.0541,-0.7519,4.176067233511821,-14.27923451904686,98.1002771729469,30.4
76001499037230,9.992441,38859.0,10.0,-0.2466478,-0.07057191999999998,-0.96653388,1.0000016371612503,0.0,0.0,0.0,-2.4124358999999997,0.6962721499999999,9.483030549999999,-0.6465,-0.1175,0.0541,-0.7519,4.176067233511821,-14.27923451904686,98.1002771729469,30.4
76001509106569,10.069339,38869.0,10.0,-0.2466478,-0.07057191999999998,-0.96653388,1.0000016371612503,0.0,0.0,0.0,-2.4320492,0.6962721499999999,9.483030549999999,-0.6465,-0.1175,0.0541,-0.7519,4.176067233511821,-14.27923451904686,98.1002771729469,30.4
76001519046524,9.939955,38879.0,10.0,-0.2466478,-0.07057191999999998,-0.96653388,1.0000016371612503,0.0,0.0,0.0,-2.42224255,0.6962721499999999,9.473223899999999,-0.6465,-0.1175,0.0541,-0.7519,4.176067233511821,-14.27923451904686,98.1002771729469,30.4
76001529010759,9.964235,38889.0,10.0,-0.2466478,-0.07057191999999998,-0.96653388,1.0000016371612503,0.0,0.0,0.0,-2.42224255,0.6962721499999999,9.483030549999999,-0.6465,-0.1175,0.0541,-0.7519,4.176067233511821,-14.27923451904686,98.1002771729469,30.4
76001539086114,10.075355,38899.0,10.0,-0.2466478,-0.07057191999999998,-0.96653388,1.0000016371612503,0.0,0.0,0.0,-2.4124358999999997,0.6962721499999999,9.473223899999999,-0.6465,-0.1175,0.0541,-0.7519,4.176067233511821,-14.27923451904686,98.1002771729469,30.4
76001549018357,9.932243,38909.0,10.0,-0.2466478,-0.07057191999999998,-0.96653388,1.0000016371612503,0.0,0.0,0.0,-2.4124358999999997,0.6962721499999999,9.473223899999999,-0.6465,-0.1175,0.0541,-0.7519,4.176067233511821,-14.27923451904686,98.1002771729469,30.4
76001559168465,10.150108,38919.0,10.0,-0.2466478,-0.07057191999999998,-0.96653388,1.0000016371612503,0.0,0.0,0.0,-2.40262925,0.6962721499999999,9.483030549999999,-0.6465,-0.1175,0.0541,-0.7519,4.176067233511821,-14.27923451904686,98.1002771729469,30.4
76001569172796,10.004331,38929.0,10.0,-0.2466478,-0.07057191999999998,-0.96653388,1.0000016371612503,0.0,0.0,0.0,-2.42224255,0.6864655000000001,9.483030549999999,-0.6465,-0.1175,0.0541,-0.7519,4.176067233511821,-14.27923451904686,98.1002771729469,30.3
76001579123691,9.950895,38939.0,10.0,-0.2466478,-0.07057191999999998,-0.96653388,1.0000016371612503,0.0,0.0,0.0,-2.4124358999999997,0.67665885,9.483030549999999,-0.6465,-0.1175,0.0541,-0.7519,4.176067233511821,-14.27923451904686,98.1002771729469,30.4
76001589174427,10.050736,38949.0,10.0,-0.2466478,-0.07057191999999998,-0.96653388,1.0000016371612503,0.0,0.0,0.0,-2.42224255,0.6864655000000001,9.483030549999999,-0.6465,-0.1175,0.0541,-0.7519,4.176067233511821,-14.27923451904686,98.1002771729469,30.4
76001599061056,9.886629,38959.0,10.0,-0.2466478,-0.07057191999999998,-0.96653388,1.0000016371612503,0.0,0.0,0.0,-2.42224255,0.6962721499999999,9.46341725,-0.6465,-0.1175,0.0541,-0.7519,4.176067233511821,-14.27923451904686,98.1002771729469,30.4
76001608991977,9.930921,38969.0,10.0,-0.2466478,-0.07057191999999998,-0.96653388,1.0000016371612503,0.0,0.0,0.0,-2.4320492,0.6864655000000001,9.473223899999999,-0.6465,-0.1175,0.0541,-0.7519,4.176067233511821,-14.27923451904686,98.1002771729469,30.4
76001619063414,10.071437,38979.0,10.0,-0.2466478,-0.07057191999999998,-0.96653388,1.0000016371612503,0.0,0.0,0.0,-2.40262925,0.6962721499999999,9.483030549999999,-0.6465,-0.1175,0.0541,-0.7519,4.176067233511821,-14.27923451904686,98.1002771729469,30.4
76001629014962,9.951548,38989.0,10.0,-0.2466478,-0.07057191999999998,-0.96653388,1.0000016371612503,0.0,0.0,0.0,-2.42224255,0.7060787999999999,9.492837199999999,-0.6465,-0.1175,0.0541,-0.7519,4.176067233511821,-14.27923451904686,98.1002771729469,30.4
76001639048013,10.033051,38999.0,10.0,-0.2466478,-0.07057191999999998,-0.96653388,1.0000016371612503,0.0,0.0,0.0,-2.42224255,0.6962721499999999,9.483030549999999,-0.6465,-0.1175,0.0541,-0.7519,4.176067233511821,-14.27923451904686,98.1002771729469,30.3
76001649066279,10.018266,39009.0,10.0,-0.2466478,-0.07057191999999998,-0.96653388,1.0000016371612503,0.0,0.0,0.0,-2.42224255,0.6962721499999999,9.483030549999999,-0.6465,-0.1175,0.0541,-0.7519,4.176067233511821,-14.27923451904686,98.1002771729469,30.3
76001659067001,10.000722,39019.0,10.0,-0.2466478,-0.07057191999999998,-0.96653388,1.0000016371612503,0.0,0.0,0.0,-2.4320492,0.6864655000000001,9.46341725,-0.6465,-0.1175,0.0541,-0.7519,4.176067233511821,-14.27923451904686,98.1002771729469,30.4
76001669062120,9.995119,39029.0,10.0,-0.2466478,-0.07057191999999998,-0.96653388,1.0000016371612503,0.0,0.0,0.0,-2.4124358999999997,0.6864655000000001,9.483030549999999,-0.6465,-0.1175,0.0541,-0.7519,4.176067233511821,-14.27923451904686,98.1002771729469,30.4
76001678984589,9.922469,39039.0,10.0,-0.2466478,-0.07057191999999998,-0.96653388,1.0000016371612503,0.0,0.0,0.0,-2.4124358999999997,0.6864655000000001,9.473223899999999,-0.6465,-0.1175,0.0541,-0.7519,4.176067233511821,-14.27923451904686,98.1002771729469,30.4
76001689069214,10.084625,39049.0,10.0,-0.2466478,-0.07057191999999998,-0.96653388,1.0000016371612503,0.0,0.0,0.0,-2.42224255,0.6962721499999999,9.473223899999999,-0.6465,-0.1175,0.0541,-0.7519,4.176067233511821,-14.27923451904686,98.1002771729469,30.4
76001699035068,9.965854,39059.0,10.0,-0.2466478,-0.07057191999999998,-0.96653388,1.0000016371612503,0.0,0.0,0.0,-2.42224255,0.6864655000000001,9.46341725,-0.6465,-0.1175,0.0541,-0.7519,4.176067233511821,-14.27923451904686,98.1002771729469,30.4
76001709031061,9.995993,39069.0,10.0,-0.2466478,-0.07057191999999998,-0.96653388,1.0000016371612503,0.0,0.0,0.0,-2.42224255,0.6864655000000001,9.492837199999999,-0.6465,-0.1175,0.0541,-0.7519,4.176067233511821,-14.27923451904686,98.1002771729469,30.4
76001718993830,9.962769,39079.0,10.0,-0.2466478,-0.07057191999999998,-0.96653388,1.0000016371612503,0.0,0.0,0.0,-2.40262925,0.6962721499999999,9.483030549999999,-0.6465,-0.1175,0.0541,-0.7519,4.176067233511821,-14.27923451904686,98.1002771729469,30.4
76001729022000,10.02817,39089.0,10.0,-0.2466478,-0.07057191999999998,-0.96653388,1.0000016371612503,0.0,0.0,0.0,-2.42224255,0.6864655000000001,9.46341725,-0.6465,-0.1175,0.0541,-0.7519,4.176067233511821,-14.27923451904686,98.1002771729469,30.4
76001739063944,10.041944,39099.0,10.0,-0.2466478,-0.07057191999999998,-0.96653388,1.0000016371612503,0.0,0.0,0.0,-2.4124358999999997,0.6962721499999999,9.473223899999999,-0.6465,-0.1175,0.0541,-0.7519,4.176067233511821,-14.27923451904686,98.1002771729469,30.3
76001749038927,9.974983,39109.0,10.0,-0.2466478,-0.07057191999999998,-0.96653388,1.0000016371612503,0.0,0.0,0.0,-2.42224255,0.6864655000000001,9.473223899999999,-0.6465,-0.1175,0.0541,-0.7519,4.176067233511821,-14.27923451904686,98.1002771729469,30.4
76001759044669,10.005742,39119.0,10.0,-0.2466478,-0.07057191999999998,-0.96653388,1.0000016371612503,0.0,0.0,0.0,-2.4320492,0.6864655000000001,9.492837199999999,-0.6465,-0.1175,0.0541,-0.7519,4.176067233511821,-14.27923451904686,98.1002771729469,30.3
76001769033967,9.989298,39129.0,10.0,-0.2466478,-0.07057191999999998,-0.96653388,1.0000016371612503,0.0,0.0,0.0,-2.4124358999999997,0.6962721499999999,9.483030549999999,-0.6465,-0.1175,0.0541,-0.7519,4.176067233511821,-14.27923451904686,98.1002771729469,30.3
76001779039732,10.005765,39139.0,10.0,-0.2466478,-0.07057191999999998,-0.96653388,1.0000016371612503,0.0,0.0,0.0,-2.4124358999999997,0.6962721499999999,9.473223899999999,-0.6465,-0.1175,0.0541,-0.7519,4.176067233511821,-14.27923451904686,98.1002771729469,30.3
76001789011703,9.971971,39149.0,10.0,-0.2466478,-0.07057191999999998,-0.96653388,1.0000016371612503,0.0,0.0,0.0,-2.4320492,0.6864655000000001,9.473223899999999,-0.6465,-0.1175,0.0541,-0.7519,4.176067233511821,-14.27923451904686,98.1002771729469,30.4
76001799070825,10.059122,39159.0,10.0,-0.2466478,-0.07057191999999998,-0.96653388,1.0000016371612503,0.0,0.0,0.0,-2.4320492,0.6962721499999999,9.473223899999999,-0.6465,-0.1175,0.0541,-0.7519,4.176067233511821,-14.27923451904686,98.1002771729469,30.3
76001809065763,9.994938,39169.0,10.0,-0.2466478,-0.07057191999999998,-0.96653388,1.0000016371612503,0.0,0.0,0.0,-2.4124358999999997,0.6962721499999999,9.483030549999999,-0.6465,-0.1175,0.0541,-0.7519,4.176067233511821,-14.27923451904686,98.1002771729469,30.3
76001819045458,9.979695,39179.0,10.0,-0.2466478,-0.07057191999999998,-0.96653388,1.0000016371612503,0.0,0.0,0.0,-2.4124358999999997,0.6864655000000001,9.473223899999999,-0.6465,-0.1175,0.0541,-0.7519,4.176067233511821,-14.27923451904686,98.1002771729469,30.4
76001829039192,9.993734,39189.0,10.0,-0.2466478,-0.07057191999999998,-0.96653388,1.0000016371612503,0.0,0.0,0.0,-2.4320492,0.6962721499999999,9.492837199999999,-0.6465,-0.1175,0.0541,-0.7519,4.176067233511821,-14.27923451904686,98.1002771729469,30.4
76001839038439,9.999247,39199.0,10.0,-0.2466478,-0.07057191999999998,-0.96653388,1.0000016371612503,0.0,0.0,0.0,-2.4124358999999997,0.6962721499999999,9.473223899999999,-0.6465,-0.1175,0.0541,-0.7519,4.176067233511821,-14.27923451904686,98.1002771729469,30.4
76001849048389,10.00995,39209.0,10.0,-0.2466478,-0.07057191999999998,-0.96653388,1.0000016371612503,0.0,0.0,0.0,-2.42224255,0.6962721499999999,9.483030549999999,-0.6465,-0.1175,0.0541,-0.7519,4.176067233511821,-14.27923451904686,98.1002771729469,30.4
76001859014509,9.96612,39219.0,10.0,-0.2466478,-0.07057191999999998,-0.96653388,1.0000016371612503,0.0,0.0,0.0,-2.4124358999999997,0.6962721499999999,9.483030549999999,-0.6465,-0.1175,0.0541,-0.7519,4.176067233511821,-14.27923451904686,98.1002771729469,30.4
76001869039368,10.024859,39229.0,10.0,-0.2466478,-0.07057191999999998,-0.96653388,1.0000016371612503,0.0,0.0,0.0,-2.42224255,0.6962721499999999,9.473223899999999,-0.6465,-0.1175,0.0541,-0.7519,4.176067233511821,-14.27923451904686,98.1002771729469,30.4
76001878958316,9.918948,39239.0,10.0,-0.2466478,-0.07057191999999998,-0.96653388,1.0000016371612503,0.0,0.0,0.0,-2.4124358999999997,0.6962721499999999,9.473223899999999,-0.6465,-0.1175,0.0541,-0.7519,4.176067233511821,-14.27923451904686,98.1002771729469,30.4
76001889016035,10.057719,39249.0,10.0,-0.2466478,-0.07057191999999998,-0.96653388,1.0000016371612503,0.0,0.0,0.0,-2.4124358999999997,0.67665885,9.473223899999999,-0.6465,-0.1175,0.0541,-0.7519,4.176067233511821,-14.27923451904686,98.1002771729469,30.3
76001899092158,10.076123,39259.0,10.0,-0.2466478,-0.07057191999999998,-0.96653388,1.0000016371612503,0.0,0.0,0.0,-2.42224255,0.6962721499999999,9.473223899999999,-0.6465,-0.1175,0.0541,-0.7519,4.176067233511821,-14.27923451904686,98.1002771729469,30.3
76001909085285,9.993127,39269.0,10.0,-0.2466478,-0.07057191999999998,-0.96653388,1.0000016371612503,0.0,0.0,0.0,-2.4320492,0.6962721499999999,9.483030549999999,-0.6465,-0.1175,0.0541,-0.7519,4.176067233511821,-14.27923451904686,98.1002771729469,30.4
76001919038126,9.952841,39279.0,10.0,-0.2466478,-0.07057191999999998,-0.96653388,1.0000016371612503,0.0,0.0,0.0,-2.42224255,0.6962721499999999,9.473223899999999,-0.6465,-0.1175,0.0541,-0.7519,4.176067233511821,-14.27923451904686,98.1002771729469,30.4
76001929044203,10.006077,39289.0,10.0,-0.2466478,-0.07057191999999998,-0.96653388,1.0000016371612503,0.0,0.0,0.0,-2.42224255,0.6962721499999999,9.473223899999999,-0.6465,-0.1175,0.0541,-0.7519,4.176067233511821,-14.27923451904686,98.1002771729469,30.3
76001938998051,9.953848,39299.0,10.0,-0.2466478,-0.07057191999999998,-0.96653388,1.0000016371612503,0.0,0.0,0.0,-2.42224255,0.6864655000000001,9.473223899999999,-0.6465,-0.1175,0.0541,-0.7519,4.176067233511821,-14.27923451904686,98.1002771729469,30.3
76001949047553,10.049502,39309.0,10.0,-0.2466478,-0.07057191999999998,-0.96653388,1.0000016371612503,0.0,0.0,0.0,-2.4124358999999997,0.6962721499999999,9.492837199999999,-0.6465,-0.1175,0.0541,-0.7519,4.176067233511821,-14.27923451904686,98.1002771729469,30.3
76001959045210,9.997657,39319.0,10.0,-0.2466478,-0.07057191999999998,-0.96653388,1.0000016371612503,0.0,0.0,0.0,-2.4124358999999997,0.6962721499999999,9.473223899999999,-0.6465,-0.1175,0.0541,-0.7519,4.176067233511821,-14.27923451904686,98.1002771729469,30.3
76001968970925,9.925715,39329.0,10.0,-0.2466478,-0.07057191999999998,-0.96653388,1.0000016371612503,0.0,0.0,0.0,-2.42224255,0.6962721499999999,9.473223899999999,-0.6465,-0.1175,0.0541,-0.7519,4.176067233511821,-14.27923451904686,98.1002771729469,30.3
76001978978711,10.007786,39339.0,10.0,-0.2466478,-0.07057191999999998,-0.96653388,1.0000016371612503,0.0,0.0,0.0,-2.42224255,0.6864655000000001,9.473223899999999,-0.6465,-0.1175,0.0541,-0.7519,4.176067233511821,-14.27923451904686,98.1002771729469,30.4
76001989048958,10.070247,39349.0,10.0,-0.2466478,-0.07057191999999998,-0.96653388,1.0000016371612503,0.0,0.0,0.0,-2.4124358999999997,0.6962721499999999,9.483030549999999,-0.6465,-0.1175,0.0541,-0.7519,4.176067233511821,-14.27923451904686,98.1002771729469,30.3
76001998998526,9.949568,39359.0,10.0,-0.2466478,-0.07057191999999998,-0.96653388,1.0000016371612503,0.0,0.0,0.0,-2.4320492,0.7060787999999999,9.483030549999999,-0.6465,-0.1175,0.0541,-0.7519,4.176067233511821,-14.27923451904686,98.1002771729469,30.3
76002009046228,10.047702,39369.0,10.0,-0.2466478,-0.07057191999999998,-0.96653388,1.0000016371612503,0.0,0.0,0.0,-2.4124358999999997,0.6962721499999999,9.473223899999999,-0.6465,-0.1175,0.0541,-0.7519,4.176067233511821,-14.27923451904686,98.1002771729469,30.3
76002019067998,10.02177,39379.0,10.0,-0.2466478,-0.07057191999999998,-0.96653388,1.0000016371612503,0.0,0.0,0.0,-2.42224255,0.6962721499999999,9.483030549999999,-0.6465,-0.1175,0.0541,-0.7519,4.176067233511821,-14.27923451904686,98.1002771729469,30.4
76002029038836,9.970838,39389.0,10.0,-0.2466478,-0.07057191999999998,-0.96653388,1.0000016371612503,0.0,0.0,0.0,-2.42224255,0.6962721499999999,9.473223899999999,-0.6465,-0.1175,0.0541,-0.7519,4.176067233511821,-14.27923451904686,98.1002771729469,30.4
76002039070632,10.031796,39399.0,10.0,-0.2466478,-0.07057191999999998,-0.96653388,1.0000016371612503,0.0,0.0,0.0,-2.42224255,0.6962721499999999,9.483030549999999,-0.6465,-0.1175,0.0541,-0.7519,4.176067233511821,-14.27923451904686,98.1002771729469,30.3
76002049037227,9.966595,39409.0,10.0,-0.2466478,-0.07057191999999998,-0.96653388,1.0000016371612503,0.0,0.0,0.0,-2.42224255,0.7060787999999999,9.483030549999999,-0.6465,-0.1175,0.0541,-0.7519,4.176067233511821,-14.27923451904686,98.1002771729469,30.4
76002059009021,9.971794,39419.0,10.0,-0.2466478,-0.07057191999999998,-0.96653388,1.0000016371612503,0.0,0.0,0.0,-2.42224255,0.6864655000000001,9.492837199999999,-0.6465,-0.1175,0.0541,-0.7519,4.176067233511821,-14.27923451904686,98.1002771729469,30.4
76002068975747,9.966726,39429.0,10.0,-0.2466478,-0.07057191999999998,-0.96653388,1.0000016371612503,0.0,0.0,0.0,-2.42224255,0.6864655000000001,9.46341725,-0.6465,-0.1175,0.0541,-0.7519,4.176067233511821,-14.27923451904686,98.1002771729469,30.4
76002079011397,10.03565,39439.0,10.0,-0.2466478,-0.07057191999999998,-0.96653388,1.0000016371612503,0.0,0.0,0.0,-2.42224255,0.6962721499999999,9.483030549999999,-0.6465,-0.1175,0.0541,-0.7519,4.176067233511821,-14.27923451904686,98.1002771729469,30.4
76002089013165,10.001768,39449.0,10.0,-0.2466478,-0.07057191999999998,-0.96653388,1.0000016371612503,0.0,0.0,0.0,-2.4124358999999997,0.6962721499999999,9.483030549999999,-0.6465,-0.1175,0.0541,-0.7519,4.176067233511821,-14.27923451904686,98.1002771729469,30.4
76002099013136,9.999971,39459.0,10.0,-0.2466478,-0.07057191999999998,-0.96653388,1.0000016371612503,0.0,0.0,0.0,-2.4320492,0.6962721499999999,9.483030549999999,-0.6465,-0.1175,0.0541,-0.7519,4.176067233511821,-14.27923451904686,98.1002771729469,30.4
76002109036713,10.023577,39469.0,10.0,-0.2466478,-0.07057191999999998,-0.96653388,1.0000016371612503,0.0,0.0,0.0,-2.42224255,0.6864655000000001,9.483030549999999,-0.6465,-0.1175,0.0541,-0.7519,4.176067233511821,-14.27923451904686,98.1002771729469,30.4
76002119031857,9.995144,39479.0,10.0,-0.2466478,-0.07057191999999998,-0.96653388,1.0000016371612503,0.0,0.0,0.0,-2.42224255,0.6962721499999999,9.483030549999999,-0.6465,-0.1175,0.0541,-0.7519,4.176067233511821,-14.27923451904686,98.1002771729469,30.4
76002129045902,10.014045,39489.0,10.0,-0.2466478,-0.07057191999999998,-0.96653388,1.0000016371612503,0.0,0.0,0.0,-2.42224255,0.6864655000000001,9.483030549999999,-0.6465,-0.1175,0.0541,-0.7519,4.176067233511821,-14.27923451904686,98.1002771729469,30.4
76002139066419,10.020517,39499.0,10.0,-0.2466478,-0.07057191999999998,-0.96653388,1.0000016371612503,0.0,0.0,0.0,-2.4320492,0.6962721499999999,9.483030549999999,-0.6465,-0.1175,0.0541,-0.7519,4.176067233511821,-14.27923451904686,98.1002771729469,30.4
76002149061936,9.995517,39509.0,10.0,-0.2466478,-0.07057191999999998,-0.96653388,1.0000016371612503,0.0,0.0,0.0,-2.4320492,0.7060787999999999,9.483030549999999,-0.6465,-0.1175,0.0541,-0.7519,4.176067233511821,-14.27923451904686,98.1002771729469,30.3
76002158984662,9.922726,39519.0,10.0,-0.2466478,-0.07057191999999998,-0.96653388,1.0000016371612503,0.0,0.0,0.0,-2.4320492,0.6962721499999999,9.483030549999999,-0.6465,-0.1175,0.0541,-0.7519,4.176067233511821,-14.27923451904686,98.1002771729469,30.4
76002169036883,10.052221,39529.0,10.0,-0.2466478,-0.07057191999999998,-0.96653388,1.0000016371612503,0.0,0.0,0.0,-2.42224255,0.6962721499999999,9.483030549999999,-0.6465,-0.1175,0.0541,-0.7519,4.176067233511821,-14.27923451904686,98.1002771729469,30.4
76002179017307,9.980424,39539.0,10.0,-0.2466478,-0.07057191999999998,-0.96653388,1.0000016371612503,0.0,0.0,0.0,-2.4124358999999997,0.6864655000000001,9.483030549999999,-0.6465,-0.1175,0.0541,-0.7519,4.176067233511821,-14.27923451904686,98.1002771729469,30.4
76002188995743,9.978436,39549.0,10.0,-0.2466478,-0.07057191999999998,-0.96653388,1.0000016371612503,0.0,0.0,0.0,-2.42224255,0.7060787999999999,9.473223899999999,-0.6465,-0.1175,0.0541,-0.7519,4.176067233511821,-14.27923451904686,98.1002771729469,30.3
76002199007425,10.011682,39559.0,10.0,-0.2466478,-0.07057191999999998,-0.96653388,1.0000016371612503,0.0,0.0,0.0,-2.4124358999999997,0.7060787999999999,9.473223899999999,-0.6465,-0.1175,0.0541,-0.7519,4.176067233511821,-14.27923451904686,98.1002771729469,30.4
76002209048884,10.041459,39569.0,10.0,-0.2466478,-0.07057191999999998,-0.96653388,1.0000016371612503,0.0,0.0,0.0,-2.4320492,0.6962721499999999,9.483030549999999,-0.6465,-0.1175,0.0541,-0.7519,4.176067233511821,-14.27923451904686,98.1002771729469,30.4
76002219006788,9.957904,39579.0,10.0,-0.2466478,-0.07057191999999998,-0.96653388,1.0000016371612503,0.0,0.0,0.0,-2.42224255,0.6864655000000001,9.473223899999999,-0.6465,-0.1175,0.0541,-0.7519,4.176067233511821,-14.27923451904686,98.1002771729469,30.4
76002229037553,10.030765,39589.0,10.0,-0.2466478,-0.07057191999999998,-0.96653388,1.0000016371612503,0.0,0.0,0.0,-2.42224255,0.6962721499999999,9.473223899999999,-0.6465,-0.1175,0.0541,-0.7519,4.176067233511821,-14.27923451904686,98.1002771729469,30.4
76002239034863,9.99731,39599.0,10.0,-0.2466478,-0.07057191999999998,-0.96653388,1.0000016371612503,0.0,0.0,0.0,-2.42224255,0.6962721499999999,9.492837199999999,-0.6465,-0.1175,0.0541,-0.7519,4.176067233511821,-14.27923451904686,98.1002771729469,30.4
76002249057894,10.023031,39609.0,10.0,-0.2466478,-0.07057191999999998,-0.96653388,1.0000016371612503,0.0,0.0,0.0,-2.42224255,0.6864655000000001,9.483030549999999,-0.6465,-0.1175,0.0541,-0.7519,4.176067233511821,-14.27923451904686,98.1002771729469,30.4
76002259062499,10.004605,39619.0,10.0,-0.2466478,-0.07057191999999998,-0.96653388,1.0000016371612503,0.0,0.0,0.0,-2.44185585,0.6962721499999999,9.473223899999999,-0.6465,-0.1175,0.0541,-0.7519,4.176067233511821,-14.27923451904686,98.1002771729469,30.4
76002269044859,9.98236,39629.0,10.0,-0.2466478,-0.07057191999999998,-0.96653388,1.0000016371612503,0.0,0.0,0.0,-2.42224255,0.6962721499999999,9.483030549999999,-0.6465,-0.1175,0.0541,-0.7519,4.176067233511821,-14.27923451904686,98.1002771729469,30.4
76002278991393,9.946534,39639.0,10.0,-0.2466478,-0.07057191999999998,-0.96653388,1.0000016371612503,0.0,0.0,0.0,-2.42224255,0.6864655000000001,9.473223899999999,-0.6465,-0.1175,0.0541,-0.7519,4.176067233511821,-14.27923451904686,98.1002771729469,30.4
76002289054851,10.063458,39649.0,10.0,-0.2466478,-0.07057191999999998,-0.96653388,1.0000016371612503,0.0,0.0,0.0,-2.4124358999999997,0.6962721499999999,9.46341725,-0.6465,-0.1175,0.0541,-0.7519,4.176067233511821,-14.27923451904686,98.1002771729469,30.4
76002299066017,10.011166,39659.0,10.0,-0.2466478,-0.07057191999999998,-0.96653388,1.0000016371612503,0.0,0.0,0.0,-2.4320492,0.6864655000000001,9.473223899999999,-0.6465,-0.1175,0.0541,-0.7519,4.176067233511821,-14.27923451904686,98.1002771729469,30.4
76002309049330,9.983313,39669.0,10.0,-0.2466478,-0.07057191999999998,-0.96653388,1.0000016371612503,0.0,0.0,0.0,-2.4124358999999997,0.6962721499999999,9.473223899999999,-0.6465,-0.1175,0.0541,-0.7519,4.176067233511821,-14.27923451904686,98.1002771729469,30.4
76002319020034,9.970704,39679.0,10.0,-0.2466478,-0.07057191999999998,-0.96653388,1.0000016371612503,0.0,0.0,0.0,-2.4124358999999997,0.6962721499999999,9.483030549999999,-0.6465,-0.1175,0.0541,-0.7519,4.176067233511821,-14.27923451904686,98.1002771729469,30.4
76002328983918,9.963884,39689.0,10.0,-0.2466478,-0.07057191999999998,-0.96653388,1.0000016371612503,0.0,0.0,0.0,-2.4124358999999997,0.6864655000000001,9.483030549999999,-0.6465,-0.1175,0.0541,-0.7519,4.176067233511821,-14.27923451904686,98.1002771729469,30.4
76002338953818,9.9699,39699.0,10.0,-0.2466478,-0.07057191999999998,-0.96653388,1.0000016371612503,0.0,0.0,0.0,-2.4124358999999997,0.6962721499999999,9.483030549999999,-0.6465,-0.1175,0.0541,-0.7519,4.176067233511821,-14.27923451904686,98.1002771729469,30.4
76002348979328,10.02551,39709.0,10.0,-0.2466478,-0.07057191999999998,-0.96653388,1.0000016371612503,0.0,0.0,0.0,-2.4320492,0.7060787999999999,9.483030549999999,-0.6465,-0.1175,0.0541,-0.7519,4.176067233511821,-14.27923451904686,98.1002771729469,30.4
76002359026565,10.047237,39719.0,10.0,-0.2466478,-0.07057191999999998,-0.96653388,1.0000016371612503,0.0,0.0,0.0,-2.4124358999999997,0.6962721499999999,9.483030549999999,-0.6465,-0.1175,0.0541,-0.7519,4.176067233511821,-14.27923451904686,98.1002771729469,30.4
76002368970395,9.94383,39729.0,10.0,-0.2466478,-0.07057191999999998,-0.96653388,1.0000016371612503,0.0,0.0,0.0,-2.4124358999999997,0.6864655000000001,9.483030549999999,-0.6465,-0.1175,0.0541,-0.7519,4.176067233511821,-14.27923451904686,98.1002771729469,30.3
76002378984222,10.013827,39739.0,10.0,-0.2466478,-0.07057191999999998,-0.96653388,1.0000016371612503,0.0,0.0,0.0,-2.4124358999999997,0.6864655000000001,9.473223899999999,-0.6465,-0.1175,0.0541,-0.7519,4.176067233511821,-14.27923451904686,98.1002771729469,30.3
76002388971950,9.987728,39749.0,10.0,-0.2466478,-0.07057191999999998,-0.96653388,1.0000016371612503,0.0,0.0,0.0,-2.4124358999999997,0.6962721499999999,9.483030549999999,-0.6465,-0.1175,0.0541,-0.7519,4.176067233511821,-14.27923451904686,98.1002771729469,30.3
76002398957075,9.985125,39759.0,10.0,-0.2466478,-0.07057191999999998,-0.96653388,1.0000016371612503,0.0,0.0,0.0,-2.42224255,0.6962721499999999,9.483030549999999,-0.6465,-0.1175,0.0541,-0.7519,4.176067233511821,-14.27923451904686,98.1002771729469,30.4
76002408992520,10.035445,39769.0,10.0,-0.2466478,-0.07057191999999998,-0.96653388,1.0000016371612503,0.0,0.0,0.0,-2.4320492,0.6864655000000001,9.473223899999999,-0.6465,-0.1175,0.0541,-0.7519,4.176067233511821,-14.27923451904686,98.1002771729469,30.4
76002418980417,9.987897,39779.0,10.0,-0.2466478,-0.07057191999999998,-0.96653388,1.0000016371612503,0.0,0.0,0.0,-2.4320492,0.6962721499999999,9.473223899999999,-0.6465,-0.1175,0.0541,-0.7519,4.176067233511821,-14.27923451904686,98.1002771729469,30.4
76002428964387,9.98397,39789.0,10.0,-0.2466478,-0.07057191999999998,-0.96653388,1.0000016371612503,0.0,0.0,0.0,-2.4124358999999997,0.6864655000000001,9.492837199999999,-0.6465,-0.1175,0.0541,-0.7519,4.176067233511821,-14.27923451904686,98.1002771729469,30.4
76002438970369,10.005982,39799.0,10.0,-0.2466478,-0.07057191999999998,-0.96653388,1.0000016371612503,0.0,0.0,0.0,-2.4124358999999997,0.6962721499999999,9.492837199999999,-0.6465,-0.1175,0.0541,-0.7519,4.176067233511821,-14.27923451904686,98.1002771729469,30.4
76002448973617,10.003248,39809.0,10.0,-0.2466478,-0.07057191999999998,-0.96653388,1.0000016371612503,0.0,0.0,0.0,-2.4320492,0.67665885,9.483030549999999,-0.6465,-0.1175,0.0541,-0.7519,4.176067233511821,-14.27923451904686,98.1002771729469,30.3
76002458972706,9.999089,39819.0,10.0,-0.2466478,-0.07057191999999998,-0.96653388,1.0000016371612503,0.0,0.0,0.0,-2.42224255,0.7060787999999999,9.46341725,-0.6465,-0.1175,0.0541,-0.7519,4.176067233511821,-14.27923451904686,98.1002771729469,30.4
76002468987258,10.014552,39829.0,10.0,-0.2466478,-0.07057191999999998,-0.96653388,1.0000016371612503,0.0,0.0,0.0,-2.42224255,0.6962721499999999,9.473223899999999,-0.6465,-0.1175,0.0541,-0.7519,4.176067233511821,-14.27923451904686,98.1002771729469,30.4
76002478970465,9.983207,39839.0,10.0,-0.2466478,-0.07057191999999998,-0.96653388,1.0000016371612503,0.0,0.0,0.0,-2.4124358999999997,0.6962721499999999,9.492837199999999,-0.6465,-0.1175,0.0541,-0.7519,4.176067233511821,-14.27923451904686,98.1002771729469,30.4
76002488974443,10.003978,39849.0,10.0,-0.2466478,-0.07057191999999998,-0.96653388,1.0000016371612503,0.0,0.0,0.0,-2.42224255,0.6962721499999999,9.473223899999999,-0.6465,-0.1175,0.0541,-0.7519,4.176067233511821,-14.27923451904686,98.1002771729469,30.4
76002498973322,9.998879,39859.0,10.0,-0.2466478,-0.07057191999999998,-0.96653388,1.0000016371612503,0.0,0.0,0.0,-2.40262925,0.6962721499999999,9.473223899999999,-0.6465,-0.1175,0.0541,-0.7519,4.176067233511821,-14.27923451904686,98.1002771729469,30.3
76002509022429,10.049107,39869.0,10.0,-0.2466478,-0.07057191999999998,-0.96653388,1.0000016371612503,0.0,0.0,0.0,-2.42224255,0.6864655000000001,9.473223899999999,-0.6465,-0.1175,0.0541,-0.7519,4.176067233511821,-14.27923451904686,98.1002771729469,30.4
76002519031587,10.009158,39879.0,10.0,-0.2466478,-0.07057191999999998,-0.96653388,1.0000016371612503,0.0,0.0,0.0,-2.42224255,0.7060787999999999,9.473223899999999,-0.6465,-0.1175,0.0541,-0.7519,4.176067233511821,-14.27923451904686,98.1002771729469,30.4
76002528994578,9.962991,39889.0,10.0,-0.2466478,-0.07057191999999998,-0.96653388,1.0000016371612503,0.0,0.0,0.0,-2.4124358999999997,0.6864655000000001,9.483030549999999,-0.6465,-0.1175,0.0541,-0.7519,4.176067233511821,-14.27923451904686,98.1002771729469,30.4
76002538988995,9.994417,39899.0,10.0,-0.2466478,-0.07057191999999998,-0.96653388,1.0000016371612503,0.0,0.0,0.0,-2.42224255,0.6962721499999999,9.473223899999999,-0.6465,-0.1175,0.0541,-0.7519,4.176067233511821,-14.27923451904686,98.1002771729469,30.4
76002548988886,9.999891,39909.0,10.0,-0.2466478,-0.07057191999999998,-0.96653388,1.0000016371612503,0.0,0.0,0.0,-2.42224255,0.6864655000000001,9.483030549999999,-0.6465,-0.1175,0.0541,-0.7519,4.176067233511821,-14.27923451904686,98.1002771729469,30.4
76002559068020,10.079134,39919.0,10.0,-0.2466478,-0.07057191999999998,-0.96653388,1.0000016371612503,0.0,0.0,0.0,-2.42224255,0.6962721499999999,9.483030549999999,-0.6465,-0.1175,0.0541,-0.7519,4.176067233511821,-14.27923451904686,98.1002771729469,30.4
76002569150328,10.082308,39929.0,10.0,-0.2466478,-0.07057191999999998,-0.96653388,1.0000016371612503,0.0,0.0,0.0,-2.4320492,0.6864655000000001,9.483030549999999,-0.6465,-0.1175,0.0541,-0.7519,4.176067233511821,-14.27923451904686,98.1002771729469,30.4
76002579139264,9.988936,39939.0,10.0,-0.2466478,-0.07057191999999998,-0.96653388,1.0000016371612503,0.0,0.0,0.0,-2.4320492,0.6962721499999999,9.483030549999999,-0.6465,-0.1175,0.0541,-0.7519,4.176067233511821,-14.27923451904686,98.1002771729469,30.4
76002589135602,9.996338,39949.0,10.0,-0.2466478,-0.07057191999999998,-0.96653388,1.0000016371612503,0.0,0.0,0.0,-2.42224255,0.6962721499999999,9.483030549999999,-0.6465,-0.1175,0.0541,-0.7519,4.176067233511821,-14.27923451904686,98.1002771729469,30.4
76002599031531,9.895929,39959.0,10.0,-0.2466478,-0.07057191999999998,-0.96653388,1.0000016371612503,0.0,0.0,0.0,-2.4124358999999997,0.6962721499999999,9.46341725,-0.6465,-0.1175,0.0541,-0.7519,4.176067233511821,-14.27923451904686,98.1002771729469,30.3
76002608977752,9.946221,39969.0,10.0,-0.2466478,-0.07057191999999998,-0.96653388,1.0000016371612503,0.0,0.0,0.0,-2.4124358999999997,0.6962721499999999,9.483030549999999,-0.6465,-0.1175,0.0541,-0.7519,4.176067233511821,-14.27923451904686,98.1002771729469,30.4
76002619018366,10.040614,39979.0,10.0,-0.2466478,-0.07057191999999998,-0.96653388,1.0000016371612503,0.0,0.0,0.0,-2.4124358999999997,0.6962721499999999,9.473223899999999,-0.6465,-0.1175,0.0541,-0.7519,4.176067233511821,-14.27923451904686,98.1002771729469,30.3
76002629014487,9.996121,39989.0,10.0,-0.2466478,-0.07057191999999998,-0.96653388,1.0000016371612503,0.0,0.0,0.0,-2.42224255,0.6962721499999999,9.4536106,-0.6465,-0.1175,0.0541,-0.7519,4.176067233511821,-14.27923451904686,98.1002771729469,30.4
76002638984404,9.969917,39999.0,10.0,-0.2466478,-0.07057191999999998,-0.96653388,1.0000016371612503,0.0,0.0,0.0,-2.4124358999999997,0.6864655000000001,9.483030549999999,-0.6465,-0.1175,0.0541,-0.7519,4.176067233511821,-14.27923451904686,98.1002771729469,30.4
76002649130914,10.14651,40009.0,10.0,-0.2466478,-0.07057191999999998,-0.96653388,1.0000016371612503,0.0,0.0,0.0,-2.4320492,0.6962721499999999,9.492837199999999,-0.6465,-0.1175,0.0541,-0.7519,4.176067233511821,-14.27923451904686,98.1002771729469,30.4
76002659137486,10.006572,40019.0,10.0,-0.2466478,-0.07057191999999998,-0.96653388,1.0000016371612503,0.0,0.0,0.0,-2.4124358999999997,0.6962721499999999,9.492837199999999,-0.6465,-0.1175,0.0541,-0.7519,4.176067233511821,-14.27923451904686,98.1002771729469,30.4
76002669135781,9.998295,40029.0,10.0,-0.2466478,-0.07057191999999998,-0.96653388,1.0000016371612503,0.0,0.0,0.0,-2.40262925,0.6864655000000001,9.483030549999999,-0.6465,-0.1175,0.0541,-0.7519,4.176067233511821,-14.27923451904686,98.1002771729469,30.4
76002679012476,9.876695,40039.0,10.0,-0.2466478,-0.07057191999999998,-0.96653388,1.0000016371612503,0.0,0.0,0.0,-2.4320492,0.6864655000000001,9.483030549999999,-0.6465,-0.1175,0.0541,-0.7519,4.176067233511821,-14.27923451904686,98.1002771729469,30.4
76002689009474,9.996998,40049.0,10.0,-0.2466478,-0.07057191999999998,-0.96653388,1.0000016371612503,0.0,0.0,0.0,-2.4124358999999997,0.6962721499999999,9.473223899999999,-0.6465,-0.1175,0.0541,-0.7519,4.176067233511821,-14.27923451904686,98.1002771729469,30.4
76002699005918,9.996444,40059.0,10.0,-0.2466478,-0.07057191999999998,-0.96653388,1.0000016371612503,0.0,0.0,0.0,-2.4124358999999997,0.6864655000000001,9.483030549999999,-0.6465,-0.1175,0.0541,-0.7519,4.176067233511821,-14.27923451904686,98.1002771729469,30.4
76002709012346,10.006428,40069.0,10.0,-0.2466478,-0.07057191999999998,-0.96653388,1.0000016371612503,0.0,0.0,0.0,-2.42224255,0.6962721499999999,9.473223899999999,-0.6465,-0.1175,0.0541,-0.7519,4.176067233511821,-14.27923451904686,98.1002771729469,30.4
76002718960269,9.947923,40079.0,10.0,-0.2466478,-0.07057191999999998,-0.96653388,1.0000016371612503,0.0,0.0,0.0,-2.42224255,0.6864655000000001,9.46341725,-0.6465,-0.1175,0.0541,-0.7519,4.176067233511821,-14.27923451904686,98.1002771729469,30.4
76002728971688,10.011419,40089.0,10.0,-0.2466478,-0.07057191999999998,-0.96653388,1.0000016371612503,0.0,0.0,0.0,-2.42224255,0.6962721499999999,9.46341725,-0.6465,-0.1175,0.0541,-0.7519,4.176067233511821,-14.27923451904686,98.1002771729469,30.4
76002738995457,10.023769,40099.0,10.0,-0.2466478,-0.07057191999999998,-0.96653388,1.0000016371612503,0.0,0.0,0.0,-2.42224255,0.7060787999999999,9.473223899999999,-0.6465,-0.1175,0.0541,-0.7519,4.176067233511821,-14.27923451904686,98.1002771729469,30.4
76002748961742,9.966285,40109.0,10.0,-0.2466478,-0.07057191999999998,-0.96653388,1.0000016371612503,0.0,0.0,0.0,-2.4124358999999997,0.67665885,9.473223899999999,-0.6465,-0.1175,0.0541,-0.7519,4.176067233511821,-14.27923451904686,98.1002771729469,30.4
76002758976899,10.015157,40119.0,10.0,-0.2466478,-0.07057191999999998,-0.96653388,1.0000016371612503,0.0,0.0,0.0,-2.42224255,0.6962721499999999,9.473223899999999,-0.6465,-0.1175,0.0541,-0.7519,4.176067233511821,-14.27923451904686,98.1002771729469,30.4
76002768993759,10.01686,40129.0,10.0,-0.2466478,-0.07057191999999998,-0.96653388,1.0000016371612503,0.0,0.0,0.0,-2.42224255,0.6962721499999999,9.46341725,-0.6465,-0.1175,0.0541,-0.7519,4.176067233511821,-14.27923451904686,98.1002771729469,30.4
76002778995386,10.001627,40139.0,10.0,-0.2466478,-0.07057191999999998,-0.96653388,1.0000016371612503,0.0,0.0,0.0,-2.4124358999999997,0.6864655000000001,9.492837199999999,-0.6465,-0.1175,0.0541,-0.7519,4.176067233511821,-14.27923451904686,98.1002771729469,30.4
76002789142482,10.147096,40149.0,10.0,-0.2466478,-0.07057191999999998,-0.96653388,1.0000016371612503,0.0,0.0,0.0,-2.4124358999999997,0.6962721499999999,9.502643849999998,-0.6465,-0.1175,0.0541,-0.7519,4.176067233511821,-14.27923451904686,98.1002771729469,30.4
76002799023781,9.881299,40159.0,10.0,-0.2466478,-0.07057191999999998,-0.96653388,1.0000016371612503,0.0,0.0,0.0,-2.4320492,0.6864655000000001,9.46341725,-0.6465,-0.1175,0.0541,-0.7519,4.176067233511821,-14.27923451904686,98.1002771729469,30.4
76002809010298,9.986517,40169.0,10.0,-0.2466478,-0.07057191999999998,-0.96653388,1.0000016371612503,0.0,0.0,0.0,-2.4124358999999997,0.6962721499999999,9.473223899999999,-0.6465,-0.1175,0.0541,-0.7519,4.176067233511821,-14.27923451904686,98.1002771729469,30.4
76002818995589,9.985291,40179.0,10.0,-0.2466478,-0.07057191999999998,-0.96653388,1.0000016371612503,0.0,0.0,0.0,-2.4124358999999997,0.6962721499999999,9.492837199999999,-0.6465,-0.1175,0.0541,-0.7519,4.176067233511821,-14.27923451904686,98.1002771729469,30.4
76002828992503,9.996914,40189.0,10.0,-0.2466478,-0.07057191999999998,-0.96653388,1.0000016371612503,0.0,0.0,0.0,-2.4124358999999997,0.6962721499999999,9.483030549999999,-0.6465,-0.1175,0.0541,-0.7519,4.176067233511821,-14.27923451904686,98.1002771729469,30.4
76002838989574,9.997071,40199.0,10.0,-0.2466478,-0.07057191999999998,-0.96653388,1.0000016371612503,0.0,0.0,0.0,-2.4320492,0.6864655000000001,9.46341725,-0.6465,-0.1175,0.0541,-0.7519,4.176067233511821,-14.27923451904686,98.1002771729469,30.4
76002849147921,10.158347,40209.0,10.0,-0.2466478,-0.07057191999999998,-0.96653388,1.0000016371612503,0.0,0.0,0.0,-2.4124358999999997,0.6962721499999999,9.483030549999999,-0.6465,-0.1175,0.0541,-0.7519,4.176067233511821,-14.27923451904686,98.1002771729469,30.4
76002859015995,9.868074,40219.0,10.0,-0.2466478,-0.07057191999999998,-0.96653388,1.0000016371612503,0.0,0.0,0.0,-2.4320492,0.6962721499999999,9.473223899999999,-0.6465,-0.1175,0.0541,-0.7519,4.176067233511821,-14.27923451904686,98.1002771729469,30.4
76002869143626,10.127631,40229.0,10.0,-0.2466478,-0.07057191999999998,-0.96653388,1.0000016371612503,0.0,0.0,0.0,-2.42224255,0.6864655000000001,9.483030549999999,-0.6465,-0.1175,0.0541,-0.7519,4.176067233511821,-14.27923451904686,98.1002771729469,30.4
76002879103965,9.960339,40239.0,10.0,-0.2466478,-0.07057191999999998,-0.96653388,1.0000016371612503,0.0,0.0,0.0,-2.42224255,0.6864655000000001,9.483030549999999,-0.6465,-0.1175,0.0541,-0.7519,4.176067233511821,-14.27923451904686,98.1002771729469,30.4
76002889153930,10.049965,40249.0,10.0,-0.2466478,-0.07057191999999998,-0.96653388,1.0000016371612503,0.0,0.0,0.0,-2.4320492,0.6962721499999999,9.473223899999999,-0.6465,-0.1175,0.0541,-0.7519,4.176067233511821,-14.27923451904686,98.1002771729469,30.4
76002899029476,9.875546,40259.0,10.0,-0.2466478,-0.07057191999999998,-0.96653388,1.0000016371612503,0.0,0.0,0.0,-2.40262925,0.6962721499999999,9.483030549999999,-0.6465,-0.1175,0.0541,-0.7519,4.176067233511821,-14.27923451904686,98.1002771729469,30.4
76002909010362,9.980886,40269.0,10.0,-0.2466478,-0.07057191999999998,-0.96653388,1.0000016371612503,0.0,0.0,0.0,-2.42224255,0.6864655000000001,9.473223899999999,-0.6465,-0.1175,0.0541,-0.7519,4.176067233511821,-14.27923451904686,98.1002771729469,30.4
76002918987329,9.976967,40279.0,10.0,-0.2466478,-0.07057191999999998,-0.96653388,1.0000016371612503,0.0,0.0,0.0,-2.42224255,0.6962721499999999,9.483030549999999,-0.6465,-0.1175,0.0541,-0.7519,4.176067233511821,-14.27923451904686,98.1002771729469,30.4
76002929019932,10.032603,40289.0,10.0,-0.2466478,-0.07057191999999998,-0.96653388,1.0000016371612503,0.0,0.0,0.0,-2.4124358999999997,0.6962721499999999,9.483030549999999,-0.6465,-0.1175,0.0541,-0.7519,4.176067233511821,-14.27923451904686,98.1002771729469,30.4
76002939015661,9.995729,40299.0,10.0,-0.2466478,-0.07057191999999998,-0.96653388,1.0000016371612503,0.0,0.0,0.0,-2.42224255,0.6864655000000001,9.483030549999999,-0.6465,-0.1175,0.0541,-0.7519,4.176067233511821,-14.27923451904686,98.1002771729469,30.4
76002948989899,9.974238,40309.0,10.0,-0.2466478,-0.07057191999999998,-0.96653388,1.0000016371612503,0.0,0.0,0.0,-2.42224255,0.6962721499999999,9.483030549999999,-0.6465,-0.1175,0.0541,-0.7519,4.176067233511821,-14.27923451904686,98.1002771729469,30.4
76002958986206,9.996307,40319.0,10.0,-0.2466478,-0.07057191999999998,-0.96653388,1.0000016371612503,0.0,0.0,0.0,-2.4320492,0.6864655000000001,9.483030549999999,-0.6465,-0.1175,0.0541,-0.7519,4.176067233511821,-14.27923451904686,98.1002771729469,30.4
76002968969528,9.983322,40329.0,10.0,-0.2466478,-0.07057191999999998,-0.96653388,1.0000016371612503,0.0,0.0,0.0,-2.4124358999999997,0.6864655000000001,9.483030549999999,-0.6465,-0.1175,0.0541,-0.7519,4.176067233511821,-14.27923451904686,98.1002771729469,30.3
76002978988558,10.01903,40339.0,10.0,-0.2466478,-0.07057191999999998,-0.96653388,1.0000016371612503,0.0,0.0,0.0,-2.4124358999999997,0.7060787999999999,9.483030549999999,-0.6465,-0.1175,0.0541,-0.7519,4.176067233511821,-14.27923451904686,98.1002771729469,30.3
76002989040073,10.051515,40349.0,10.0,-0.2466478,-0.07057191999999998,-0.96653388,1.0000016371612503,0.0,0.0,0.0,-2.4124358999999997,0.6962721499999999,9.483030549999999,-0.6465,-0.1175,0.0541,-0.7519,4.176067233511821,-14.27923451904686,98.1002771729469,30.4
76002998989083,9.94901,40359.0,10.0,-0.2466478,-0.07057191999999998,-0.96653388,1.0000016371612503,0.0,0.0,0.0,-2.4124358999999997,0.6864655000000001,9.4536106,-0.6465,-0.1175,0.0541,-0.7519,4.176067233511821,-14.27923451904686,98.1002771729469,30.4
76003008975277,9.986194,40369.0,10.0,-0.2466478,-0.07057191999999998,-0.96653388,1.0000016371612503,0.0,0.0,0.0,-2.4124358999999997,0.6864655000000001,9.483030549999999,-0.6465,-0.1175,0.0541,-0.7519,4.176067233511821,-14.27923451904686,98.1002771729469,30.4
76003018993436,10.018159,40379.0,10.0,-0.2466478,-0.07057191999999998,-0.96653388,1.0000016371612503,0.0,0.0,0.0,-2.42224255,0.6962721499999999,9.483030549999999,-0.6465,-0.1175,0.0541,-0.7519,4.176067233511821,-14.27923451904686,98.1002771729469,30.4
76003029005805,10.012369,40389.0,10.0,-0.2466478,-0.07057191999999998,-0.96653388,1.0000016371612503,0.0,0.0,0.0,-2.4124358999999997,0.6962721499999999,9.483030549999999,-0.6465,-0.1175,0.0541,-0.7519,4.176067233511821,-14.27923451904686,98.1002771729469,30.4
76003039017021,10.011216,40399.0,10.0,-0.2466478,-0.07057191999999998,-0.96653388,1.0000016371612503,0.0,0.0,0.0,-2.42224255,0.6962721499999999,9.492837199999999,-0.6465,-0.1175,0.0541,-0.7519,4.176067233511821,-14.27923451904686,98.1002771729469,30.4
76003048960482,9.943461,40409.0,10.0,-0.2466478,-0.07057191999999998,-0.96653388,1.0000016371612503,0.0,0.0,0.0,-2.4124358999999997,0.6962721499999999,9.483030549999999,-0.6465,-0.1175,0.0541,-0.7519,4.176067233511821,-14.27923451904686,98.1002771729469,30.4
76003058964559,10.004077,40419.0,10.0,-0.2466478,-0.07057191999999998,-0.96653388,1.0000016371612503,0.0,0.0,0.0,-2.4124358999999997,0.6864655000000001,9.46341725,-0.6465,-0.1175,0.0541,-0.7519,4.176067233511821,-14.27923451904686,98.1002771729469,30.4
76003068957570,9.993011,40429.0,10.0,-0.2466478,-0.07057191999999998,-0.96653388,1.0000016371612503,0.0,0.0,0.0,-2.4320492,0.6864655000000001,9.502643849999998,-0.6465,-0.1175,0.0541,-0.7519,4.176067233511821,-14.27923451904686,98.1002771729469,30.4
76003079041310,10.08374,40439.0,10.0,-0.2466478,-0.07057191999999998,-0.96653388,1.0000016371612503,0.0,0.0,0.0,-2.42224255,0.6864655000000001,9.473223899999999,-0.6465,-0.1175,0.0541,-0.7519,4.176067233511821,-14.27923451904686,98.1002771729469,30.4
76003089017825,9.976515,40449.0,10.0,-0.2466478,-0.07057191999999998,-0.96653388,1.0000016371612503,0.0,0.0,0.0,-2.4124358999999997,0.6864655000000001,9.4536106,-0.6465,-0.1175,0.0541,-0.7519,4.176067233511821,-14.27923451904686,98.1002771729469,30.4
76003098997034,9.979209,40459.0,10.0,-0.2466478,-0.07057191999999998,-0.96653388,1.0000016371612503,0.0,0.0,0.0,-2.4320492,0.6864655000000001,9.492837199999999,-0.6465,-0.1175,0.0541,-0.7519,4.176067233511821,-14.27923451904686,98.1002771729469,30.4
76003109048727,10.051693,40469.0,10.0,-0.2466478,-0.07057191999999998,-0.96653388,1.0000016371612503,0.0,0.0,0.0,-2.42224255,0.6962721499999999,9.492837199999999,-0.6465,-0.1175,0.0541,-0.7519,4.176067233511821,-14.27923451904686,98.1002771729469,30.4
76003118993928,9.945201,40479.0,10.0,-0.2466478,-0.07057191999999998,-0.96653388,1.0000016371612503,0.0,0.0,0.0,-2.4320492,0.6864655000000001,9.473223899999999,-0.6465,-0.1175,0.0541,-0.7519,4.176067233511821,-14.27923451904686,98.1002771729469,30.4
76003128991692,9.997764,40489.0,10.0,-0.2466478,-0.07057191999999998,-0.96653388,1.0000016371612503,0.0,0.0,0.0,-2.42224255,0.6864655000000001,9.483030549999999,-0.6465,-0.1175,0.0541,-0.7519,4.176067233511821,-14.27923451904686,98.1002771729469,30.4
76003138972465,9.980773,40499.0,10.0,-0.2466478,-0.07057191999999998,-0.96653388,1.0000016371612503,0.0,0.0,0.0,-2.42224255,0.6962721499999999,9.492837199999999,-0.6465,-0.1175,0.0541,-0.7519,4.176067233511821,-14.27923451904686,98.1002771729469,30.4
76003148981986,10.009521,40509.0,10.0,-0.2466478,-0.07057191999999998,-0.96653388,1.0000016371612503,0.0,0.0,0.0,-2.4320492,0.6962721499999999,9.492837199999999,-0.6465,-0.1175,0.0541,-0.7519,4.176067233511821,-14.27923451904686,98.1002771729469,30.3
76003158983924,10.001938,40519.0,10.0,-0.2466478,-0.07057191999999998,-0.96653388,1.0000016371612503,0.0,0.0,0.0,-2.4124358999999997,0.6962721499999999,9.4536106,-0.6465,-0.1175,0.0541,-0.7519,4.176067233511821,-14.27923451904686,98.1002771729469,30.3
76003169005309,10.021385,40529.0,10.0,-0.2466478,-0.07057191999999998,-0.96653388,1.0000016371612503,0.0,0.0,0.0,-2.42224255,0.6864655000000001,9.473223899999999,-0.6465,-0.1175,0.0541,-0.7519,4.176067233511821,-14.27923451904686,98.1002771729469,30.4
76003179026127,10.020818,40539.0,10.0,-0.2466478,-0.07057191999999998,-0.96653388,1.0000016371612503,0.0,0.0,0.0,-2.4320492,0.7060787999999999,9.502643849999998,-0.6465,-0.1175,0.0541,-0.7519,4.176067233511821,-14.27923451904686,98.1002771729469,30.4
76003189041505,10.015378,40549.0,10.0,-0.2466478,-0.07057191999999998,-0.96653388,1.0000016371612503,0.0,0.0,0.0,-2.4124358999999997,0.6962721499999999,9.473223899999999,-0.6465,-0.1175,0.0541,-0.7519,4.176067233511821,-14.27923451904686,98.1002771729469,30.4
76003198992477,9.950972,40559.0,10.0,-0.2466478,-0.07057191999999998,-0.96653388,1.0000016371612503,0.0,0.0,0.0,-2.42224255,0.6864655000000001,9.46341725,-0.6465,-0.1175,0.0541,-0.7519,4.176067233511821,-14.27923451904686,98.1002771729469,30.4
76003209017318,10.024841,40569.0,10.0,-0.2466478,-0.07057191999999998,-0.96653388,1.0000016371612503,0.0,0.0,0.0,-2.4320492,0.6962721499999999,9.473223899999999,-0.6465,-0.1175,0.0541,-0.7519,4.176067233511821,-14.27923451904686,98.1002771729469,30.4
76003218978543,9.961225,40579.0,10.0,-0.2466478,-0.07057191999999998,-0.96653388,1.0000016371612503,0.0,0.0,0.0,-2.4124358999999997,0.6962721499999999,9.483030549999999,-0.6465,-0.1175,0.0541,-0.7519,4.176067233511821,-14.27923451904686,98.1002771729469,30.4
76003228965386,9.986843,40589.0,10.0,-0.2466478,-0.07057191999999998,-0.96653388,1.0000016371612503,0.0,0.0,0.0,-2.42224255,0.6864655000000001,9.502643849999998,-0.6465,-0.1175,0.0541,-0.7519,4.176067233511821,-14.27923451904686,98.1002771729469,30.4
76003239019321,10.053935,40599.0,10.0,-0.2466478,-0.07057191999999998,-0.96653388,1.0000016371612503,0.0,0.0,0.0,-2.4124358999999997,0.6962721499999999,9.492837199999999,-0.6465,-0.1175,0.0541,-0.7519,4.176067233511821,-14.27923451904686,98.1002771729469,30.3
76003248991092,9.971771,40609.0,10.0,-0.2466478,-0.07057191999999998,-0.96653388,1.0000016371612503,0.0,0.0,0.0,-2.42224255,0.67665885,9.473223899999999,-0.6465,-0.1175,0.0541,-0.7519,4.176067233511821,-14.27923451904686,98.1002771729469,30.4
76003259097426,10.106334,40619.0,10.0,-0.2466478,-0.07057191999999998,-0.96653388,1.0000016371612503,0.0,0.0,0.0,-2.4124358999999997,0.6962721499999999,9.473223899999999,-0.6465,-0.1175,0.0541,-0.7519,4.176067233511821,-14.27923451904686,98.1002771729469,30.4
76003269018893,9.921467,40629.0,10.0,-0.2466478,-0.07057191999999998,-0.96653388,1.0000016371612503,0.0,0.0,0.0,-2.42224255,0.6962721499999999,9.492837199999999,-0.6465,-0.1175,0.0541,-0.7519,4.176067233511821,-14.27923451904686,98.1002771729469,30.4
76003278970560,9.951667,40639.0,10.0,-0.2466478,-0.07057191999999998,-0.96653388,1.0000016371612503,0.0,0.0,0.0,-2.4320492,0.6864655000000001,9.483030549999999,-0.6465,-0.1175,0.0541,-0.7519,4.176067233511821,-14.27923451904686,98.1002771729469,30.3
76003289058893,10.088333,40649.0,10.0,-0.2466478,-0.07057191999999998,-0.96653388,1.0000016371612503,0.0,0.0,0.0,-2.4320492,0.6864655000000001,9.473223899999999,-0.6465,-0.1175,0.0541,-0.7519,4.176067233511821,-14.27923451904686,98.1002771729469,30.3
76003299013808,9.954915,40659.0,10.0,-0.2466478,-0.07057191999999998,-0.96653388,1.0000016371612503,0.0,0.0,0.0,-2.4124358999999997,0.6962721499999999,9.492837199999999,-0.6465,-0.1175,0.0541,-0.7519,4.176067233511821,-14.27923451904686,98.1002771729469,30.3
76003309022908,10.0091,40669.0,10.0,-0.2466478,-0.07057191999999998,-0.96653388,1.0000016371612503,0.0,0.0,0.0,-2.4124358999999997,0.6962721499999999,9.483030549999999,-0.6465,-0.1175,0.0541,-0.7519,4.176067233511821,-14.27923451904686,98.1002771729469,30.4
76003318989464,9.966556,40679.0,10.0,-0.2466478,-0.07057191999999998,-0.96653388,1.0000016371612503,0.0,0.0,0.0,-2.4124358999999997,0.6962721499999999,9.46341725,-0.6465,-0.1175,0.0541,-0.7519,4.176067233511821,-14.27923451904686,98.1002771729469,30.3
76003328997731,10.008267,40689.0,10.0,-0.2466478,-0.07057191999999998,-0.96653388,1.0000016371612503,0.0,0.0,0.0,-2.4124358999999997,0.6864655000000001,9.473223899999999,-0.6465,-0.1175,0.0541,-0.7519,4.176067233511821,-14.27923451904686,98.1002771729469,30.4
76003339085179,10.087448,40699.0,10.0,-0.2466478,-0.07057191999999998,-0.96653388,1.0000016371612503,0.0,0.0,0.0,-2.42224255,0.6962721499999999,9.473223899999999,-0.6465,-0.1175,0.0541,-0.7519,4.176067233511821,-14.27923451904686,98.1002771729469,30.4
76003349095663,10.010484,40709.0,10.0,-0.2466478,-0.07057191999999998,-0.96653388,1.0000016371612503,0.0,0.0,0.0,-2.42224255,0.6962721499999999,9.492837199999999,-0.6465,-0.1175,0.0541,-0.7519,4.176067233511821,-14.27923451904686,98.1002771729469,30.4
76003359086485,9.990822,40719.0,10.0,-0.2466478,-0.07057191999999998,-0.96653388,1.0000016371612503,0.0,0.0,0.0,-2.42224255,0.6864655000000001,9.483030549999999,-0.6465,-0.1175,0.0541,-0.7519,4.176067233511821,-14.27923451904686,98.1002771729469,30.4
76003369084992,9.998507,40729.0,10.0,-0.2466478,-0.07057191999999998,-0.96653388,1.0000016371612503,0.0,0.0,0.0,-2.4124358999999997,0.6962721499999999,9.46341725,-0.6465,-0.1175,0.0541,-0.7519,4.176067233511821,-14.27923451904686,98.1002771729469,30.3
76003379096505,10.011513,40739.0,10.0,-0.2466478,-0.07057191999999998,-0.96653388,1.0000016371612503,0.0,0.0,0.0,-2.4124358999999997,0.7060787999999999,9.492837199999999,-0.6465,-0.1175,0.0541,-0.7519,4.176067233511821,-14.27923451904686,98.1002771729469,30.4
76003389040407,9.943902,40749.0,10.0,-0.2466478,-0.07057191999999998,-0.96653388,1.0000016371612503,0.0,0.0,0.0,-2.42224255,0.6864655000000001,9.492837199999999,-0.6465,-0.1175,0.0541,-0.7519,4.176067233511821,-14.27923451904686,98.1002771729469,30.4
76003399013292,9.972885,40759.0,10.0,-0.2466478,-0.07057191999999998,-0.96653388,1.0000016371612503,0.0,0.0,0.0,-2.42224255,0.6864655000000001,9.46341725,-0.6465,-0.1175,0.0541,-0.7519,4.176067233511821,-14.27923451904686,98.1002771729469,30.4
76003409021312,10.00802,40769.0,10.0,-0.2466478,-0.07057191999999998,-0.96653388,1.0000016371612503,0.0,0.0,0.0,-2.4320492,0.6864655000000001,9.46341725,-0.6465,-0.1175,0.0541,-0.7519,4.176067233511821,-14.27923451904686,98.1002771729469,30.4
76003419018279,9.996967,40779.0,10.0,-0.2466478,-0.07057191999999998,-0.96653388,1.0000016371612503,0.0,0.0,0.0,-2.4320492,0.6864655000000001,9.483030549999999,-0.6465,-0.1175,0.0541,-0.7519,4.176067233511821,-14.27923451904686,98.1002771729469,30.4
76003429074782,10.056503,40789.0,10.0,-0.2466478,-0.07057191999999998,-0.96653388,1.0000016371612503,0.0,0.0,0.0,-2.42224255,0.6962721499999999,9.483030549999999,-0.6465,-0.1175,0.0541,-0.7519,4.176067233511821,-14.27923451904686,98.1002771729469,30.3
76003439137611,10.062829,40799.0,10.0,-0.2466478,-0.07057191999999998,-0.96653388,1.0000016371612503,0.0,0.0,0.0,-2.42224255,0.6864655000000001,9.483030549999999,-0.6465,-0.1175,0.0541,-0.7519,4.176067233511821,-14.27923451904686,98.1002771729469,30.3
76003449011053,9.873442,40809.0,10.0,-0.2466478,-0.07057191999999998,-0.96653388,1.0000016371612503,0.0,0.0,0.0,-2.42224255,0.67665885,9.46341725,-0.6465,-0.1175,0.0541,-0.7519,4.176067233511821,-14.27923451904686,98.1002771729469,30.3
76003459016939,10.005886,40819.0,10.0,-0.2466478,-0.07057191999999998,-0.96653388,1.0000016371612503,0.0,0.0,0.0,-2.4320492,0.6864655000000001,9.483030549999999,-0.6465,-0.1175,0.0541,-0.7519,4.176067233511821,-14.27923451904686,98.1002771729469,30.4
76003469014028,9.997089,40829.0,10.0,-0.2466478,-0.07057191999999998,-0.96653388,1.0000016371612503,0.0,0.0,0.0,-2.42224255,0.6962721499999999,9.483030549999999,-0.6465,-0.1175,0.0541,-0.7519,4.176067233511821,-14.27923451904686,98.1002771729469,30.4
76003479014228,10.0002,40839.0,10.0,-0.2466478,-0.07057191999999998,-0.96653388,1.0000016371612503,0.0,0.0,0.0,-2.4320492,0.6864655000000001,9.473223899999999,-0.6465,-0.1175,0.0541,-0.7519,4.176067233511821,-14.27923451904686,98.1002771729469,30.4
76003489030683,10.016455,40849.0,10.0,-0.2466478,-0.07057191999999998,-0.96653388,1.0000016371612503,0.0,0.0,0.0,-2.42224255,0.6864655000000001,9.46341725,-0.6465,-0.1175,0.0541,-0.7519,4.176067233511821,-14.27923451904686,98.1002771729469,30.4
76003498990010,9.959327,40859.0,10.0,-0.2466478,-0.07057191999999998,-0.96653388,1.0000016371612503,0.0,0.0,0.0,-2.42224255,0.6864655000000001,9.492837199999999,-0.6465,-0.1175,0.0541,-0.7519,4.176067233511821,-14.27923451904686,98.1002771729469,30.4
76003509026687,10.036677,40869.0,10.0,-0.2466478,-0.07057191999999998,-0.96653388,1.0000016371612503,0.0,0.0,0.0,-2.4124358999999997,0.6962721499999999,9.502643849999998,-0.6465,-0.1175,0.0541,-0.7519,4.176067233511821,-14.27923451904686,98.1002771729469,30.4
76003519019547,9.99286,40879.0,10.0,-0.2466478,-0.07057191999999998,-0.96653388,1.0000016371612503,0.0,0.0,0.0,-2.4124358999999997,0.6864655000000001,9.492837199999999,-0.6465,-0.1175,0.0541,-0.7519,4.176067233511821,-14.27923451904686,98.1002771729469,30.4
76003529036619,10.017072,40889.0,10.0,-0.2466478,-0.07057191999999998,-0.96653388,1.0000016371612503,0.0,0.0,0.0,-2.42224255,0.6864655000000001,9.483030549999999,-0.6465,-0.1175,0.0541,-0.7519,4.176067233511821,-14.27923451904686,98.1002771729469,30.4
76003539026797,9.990178,40899.0,10.0,-0.2466478,-0.07057191999999998,-0.96653388,1.0000016371612503,0.0,0.0,0.0,-2.4124358999999997,0.6864655000000001,9.46341725,-0.6465,-0.1175,0.0541,-0.7519,4.176067233511821,-14.27923451904686,98.1002771729469,30.4
76003549017048,9.990251,40909.0,10.0,-0.2466478,-0.07057191999999998,-0.96653388,1.0000016371612503,0.0,0.0,0.0,-2.42224255,0.6864655000000001,9.492837199999999,-0.6465,-0.1175,0.0541,-0.7519,4.176067233511821,-14.27923451904686,98.1002771729469,30.4
76003559025201,10.008153,40919.0,10.0,-0.2466478,-0.07057191999999998,-0.96653388,1.0000016371612503,0.0,0.0,0.0,-2.4320492,0.7060787999999999,9.483030549999999,-0.6465,-0.1175,0.0541,-0.7519,4.176067233511821,-14.27923451904686,98.1002771729469,30.4
76003569103586,10.078385,40929.0,10.0,-0.2466478,-0.07057191999999998,-0.96653388,1.0000016371612503,0.0,0.0,0.0,-2.42224255,0.6864655000000001,9.46341725,-0.6465,-0.1175,0.0541,-0.7519,4.176067233511821,-14.27923451904686,98.1002771729469,30.3
76003579062946,9.95936,40939.0,10.0,-0.2466478,-0.07057191999999998,-0.96653388,1.0000016371612503,0.0,0.0,0.0,-2.4320492,0.6962721499999999,9.473223899999999,-0.6465,-0.1175,0.0541,-0.7519,4.176067233511821,-14.27923451904686,98.1002771729469,30.4
76003589054829,9.991883,40949.0,10.0,-0.2466478,-0.07057191999999998,-0.96653388,1.0000016371612503,0.0,0.0,0.0,-2.42224255,0.6864655000000001,9.483030549999999,-0.6465,-0.1175,0.0541,-0.7519,4.176067233511821,-14.27923451904686,98.1002771729469,30.4
76003599010554,9.955725,40959.0,10.0,-0.2466478,-0.07057191999999998,-0.96653388,1.0000016371612503,0.0,0.0,0.0,-2.40262925,0.6962721499999999,9.473223899999999,-0.6465,-0.1175,0.0541,-0.7519,4.176067233511821,-14.27923451904686,98.1002771729469,30.4
76003609063672,10.053118,40969.0,10.0,-0.2466478,-0.07057191999999998,-0.96653388,1.0000016371612503,0.0,0.0,0.0,-2.42224255,0.6864655000000001,9.483030549999999,-0.6465,-0.1175,0.0541,-0.7519,4.176067233511821,-14.27923451904686,98.1002771729469,30.4
76003619049982,9.98631,40979.0,10.0,-0.2466478,-0.07057191999999998,-0.96653388,1.0000016371612503,0.0,0.0,0.0,-2.4124358999999997,0.6864655000000001,9.473223899999999,-0.6465,-0.1175,0.0541,-0.7519,4.176067233511821,-14.27923451904686,98.1002771729469,30.4
76003629006907,9.956925,40989.0,10.0,-0.2466478,-0.07057191999999998,-0.96653388,1.0000016371612503,0.0,0.0,0.0,-2.42224255,0.6962721499999999,9.502643849999998,-0.6465,-0.1175,0.0541,-0.7519,4.176067233511821,-14.27923451904686,98.1002771729469,30.4
76003639054443,10.047536,40999.0,10.0,-0.2466478,-0.07057191999999998,-0.96653388,1.0000016371612503,0.0,0.0,0.0,-2.40262925,0.6864655000000001,9.483030549999999,-0.6465,-0.1175,0.0541,-0.7519,4.176067233511821,-14.27923451904686,98.1002771729469,30.4
76003649024792,9.970349,41009.0,10.0,-0.2466478,-0.07057191999999998,-0.96653388,1.0000016371612503,0.0,0.0,0.0,-2.4320492,0.6864655000000001,9.483030549999999,-0.6465,-0.1175,0.0541,-0.7519,4.176067233511821,-14.27923451904686,98.1002771729469,30.4
76003659009351,9.984559,41019.0,10.0,-0.2466478,-0.07057191999999998,-0.96653388,1.0000016371612503,0.0,0.0,0.0,-2.4124358999999997,0.6864655000000001,9.483030549999999,-0.6465,-0.1175,0.0541,-0.7519,4.176067233511821,-14.27923451904686,98.1002771729469,30.4
76003669012027,10.002676,41029.0,10.0,-0.2466478,-0.07057191999999998,-0.96653388,1.0000016371612503,0.0,0.0,0.0,-2.42224255,0.67665885,9.483030549999999,-0.6465,-0.1175,0.0541,-0.7519,4.176067233511821,-14.27923451904686,98.1002771729469,30.4
76003678995265,9.983238,41039.0,10.0,-0.2466478,-0.07057191999999998,-0.96653388,1.0000016371612503,0.0,0.0,0.0,-2.40262925,0.6962721499999999,9.483030549999999,-0.6465,-0.1175,0.0541,-0.7519,4.176067233511821,-14.27923451904686,98.1002771729469,30.3
76003689011113,10.015848,41049.0,10.0,-0.2466478,-0.07057191999999998,-0.96653388,1.0000016371612503,0.0,0.0,0.0,-2.4124358999999997,0.6962721499999999,9.483030549999999,-0.6465,-0.1175,0.0541,-0.7519,4.176067233511821,-14.27923451904686,98.1002771729469,30.4
76003699018138,10.007025,41059.0,10.0,-0.2466478,-0.07057191999999998,-0.96653388,1.0000016371612503,0.0,0.0,0.0,-2.4124358999999997,0.6962721499999999,9.483030549999999,-0.6465,-0.1175,0.0541,-0.7519,4.176067233511821,-14.27923451904686,98.1002771729469,30.4
76003709024463,10.006325,41069.0,10.0,-0.2466478,-0.07057191999999998,-0.96653388,1.0000016371612503,0.0,0.0,0.0,-2.4124358999999997,0.6962721499999999,9.483030549999999,-0.6465,-0.1175,0.0541,-0.7519,4.176067233511821,-14.27923451904686,98.1002771729469,30.3
76003719019663,9.9952,41079.0,10.0,-0.2466478,-0.07057191999999998,-0.96653388,1.0000016371612503,0.0,0.0,0.0,-2.4124358999999997,0.6962721499999999,9.46341725,-0.6465,-0.1175,0.0541,-0.7519,4.176067233511821,-14.27923451904686,98.1002771729469,30.3
76003729043139,10.023476,41089.0,10.0,-0.2466478,-0.07057191999999998,-0.96653388,1.0000016371612503,0.0,0.0,0.0,-2.4124358999999997,0.6864655000000001,9.492837199999999,-0.6465,-0.1175,0.0541,-0.7519,4.176067233511821,-14.27923451904686,98.1002771729469,30.4
76003739025456,9.982317,41099.0,10.0,-0.2466478,-0.07057191999999998,-0.96653388,1.0000016371612503,0.0,0.0,0.0,-2.42224255,0.6864655000000001,9.473223899999999,-0.6465,-0.1175,0.0541,-0.7519,4.176067233511821,-14.27923451904686,98.1002771729469,30.4
76003749038536,10.01308,41109.0,10.0,-0.2466478,-0.07057191999999998,-0.96653388,1.0000016371612503,0.0,0.0,0.0,-2.4320492,0.67665885,9.483030549999999,-0.6465,-0.1175,0.0541,-0.7519,4.176067233511821,-14.27923451904686,98.1002771729469,30.3
76003759028834,9.990298,41119.0,10.0,-0.2466478,-0.07057191999999998,-0.96653388,1.0000016371612503,0.0,0.0,0.0,-2.44185585,0.6962721499999999,9.483030549999999,-0.6465,-0.1175,0.0541,-0.7519,4.176067233511821,-14.27923451904686,98.1002771729469,30.3
76003769016076,9.987242,41129.0,10.0,-0.2466478,-0.07057191999999998,-0.96653388,1.0000016371612503,0.0,0.0,0.0,-2.4124358999999997,0.6864655000000001,9.473223899999999,-0.6465,-0.1175,0.0541,-0.7519,4.176067233511821,-14.27923451904686,98.1002771729469,30.3
76003779035917,10.019841,41139.0,10.0,-0.2466478,-0.07057191999999998,-0.96653388,1.0000016371612503,0.0,0.0,0.0,-2.42224255,0.7060787999999999,9.473223899999999,-0.6465,-0.1175,0.0541,-0.7519,4.176067233511821,-14.27923451904686,98.1002771729469,30.3
76003789119319,10.083402,41149.0,10.0,-0.2466478,-0.07057191999999998,-0.96653388,1.0000016371612503,0.0,0.0,0.0,-2.40262925,0.6962721499999999,9.473223899999999,-0.6465,-0.1175,0.0541,-0.7519,4.176067233511821,-14.27923451904686,98.1002771729469,30.4
76003799010973,9.891654,41159.0,10.0,-0.2466478,-0.07057191999999998,-0.96653388,1.0000016371612503,0.0,0.0,0.0,-2.42224255,0.6962721499999999,9.483030549999999,-0.6465,-0.1175,0.0541,-0.7519,4.176067233511821,-14.27923451904686,98.1002771729469,30.4
76003809040809,10.029836,41169.0,10.0,-0.2466478,-0.07057191999999998,-0.96653388,1.0000016371612503,0.0,0.0,0.0,-2.42224255,0.6962721499999999,9.46341725,-0.6465,-0.1175,0.0541,-0.7519,4.176067233511821,-14.27923451904686,98.1002771729469,30.3
76003819116715,10.075906,41179.0,10.0,-0.2466478,-0.07057191999999998,-0.96653388,1.0000016371612503,0.0,0.0,0.0,-2.40262925,0.6962721499999999,9.483030549999999,-0.6465,-0.1175,0.0541,-0.7519,4.176067233511821,-14.27923451904686,98.1002771729469,30.3
76003829107975,9.99126,41189.0,10.0,-0.2466478,-0.07057191999999998,-0.96653388,1.0000016371612503,0.0,0.0,0.0,-2.4320492,0.6864655000000001,9.483030549999999,-0.6465,-0.1175,0.0541,-0.7519,4.176067233511821,-14.27923451904686,98.1002771729469,30.3
76003839094369,9.986394,41199.0,10.0,-0.2466478,-0.07057191999999998,-0.96653388,1.0000016371612503,0.0,0.0,0.0,-2.4124358999999997,0.6962721499999999,9.483030549999999,-0.6465,-0.1175,0.0541,-0.7519,4.176067233511821,-14.27923451904686,98.1002771729469,30.4
76003849085637,9.991268,41209.0,10.0,-0.2466478,-0.07057191999999998,-0.96653388,1.0000016371612503,0.0,0.0,0.0,-2.42224255,0.6962721499999999,9.473223899999999,-0.6465,-0.1175,0.0541,-0.7519,4.176067233511821,-14.27923451904686,98.1002771729469,30.4
76003859057351,9.971714,41219.0,10.0,-0.2466478,-0.07057191999999998,-0.96653388,1.0000016371612503,0.0,0.0,0.0,-2.4124358999999997,0.6962721499999999,9.483030549999999,-0.6465,-0.1175,0.0541,-0.7519,4.176067233511821,-14.27923451904686,98.1002771729469,30.4
76003869063359,10.006008,41229.0,10.0,-0.2466478,-0.07057191999999998,-0.96653388,1.0000016371612503,0.0,0.0,0.0,-2.4124358999999997,0.7060787999999999,9.473223899999999,-0.6465,-0.1175,0.0541,-0.7519,4.176067233511821,-14.27923451904686,98.1002771729469,30.4
76003879024316,9.960957,41239.0,10.0,-0.2466478,-0.07057191999999998,-0.96653388,1.0000016371612503,0.0,0.0,0.0,-2.4124358999999997,0.6962721499999999,9.473223899999999,-0.6465,-0.1175,0.0541,-0.7519,4.176067233511821,-14.27923451904686,98.1002771729469,30.4
76003889042035,10.017719,41249.0,10.0,-0.2466478,-0.07057191999999998,-0.96653388,1.0000016371612503,0.0,0.0,0.0,-2.4124358999999997,0.6962721499999999,9.473223899999999,-0.6465,-0.1175,0.0541,-0.7519,4.176067233511821,-14.27923451904686,98.1002771729469,30.3
76003899027990,9.985955,41259.0,10.0,-0.2466478,-0.07057191999999998,-0.96653388,1.0000016371612503,0.0,0.0,0.0,-2.4124358999999997,0.6864655000000001,9.483030549999999,-0.6465,-0.1175,0.0541,-0.7519,4.176067233511821,-14.27923451904686,98.1002771729469,30.3
76003909113841,10.085851,41269.0,10.0,-0.2466478,-0.07057191999999998,-0.96653388,1.0000016371612503,0.0,0.0,0.0,-2.4124358999999997,0.6864655000000001,9.483030549999999,-0.6465,-0.1175,0.0541,-0.7519,4.176067233511821,-14.27923451904686,98.1002771729469,30.4
76003919053686,9.939845,41279.0,10.0,-0.2466478,-0.07057191999999998,-0.96653388,1.0000016371612503,0.0,0.0,0.0,-2.42224255,0.6864655000000001,9.46341725,-0.6465,-0.1175,0.0541,-0.7519,4.176067233511821,-14.27923451904686,98.1002771729469,30.4
76003929039489,9.985803,41289.0,10.0,-0.2466478,-0.07057191999999998,-0.96653388,1.0000016371612503,0.0,0.0,0.0,-2.4124358999999997,0.6962721499999999,9.483030549999999,-0.6465,-0.1175,0.0541,-0.7519,4.176067233511821,-14.27923451904686,98.1002771729469,30.4
76003939021216,9.981727,41299.0,10.0,-0.2466478,-0.07057191999999998,-0.96653388,1.0000016371612503,0.0,0.0,0.0,-2.42224255,0.6962721499999999,9.473223899999999,-0.6465,-0.1175,0.0541,-0.7519,4.176067233511821,-14.27923451904686,98.1002771729469,30.4
76003949026763,10.005547,41309.0,10.0,-0.2466478,-0.07057191999999998,-0.96653388,1.0000016371612503,0.0,0.0,0.0,-2.42224255,0.6962721499999999,9.483030549999999,-0.6465,-0.1175,0.0541,-0.7519,4.176067233511821,-14.27923451904686,98.1002771729469,30.4
76003959022905,9.996142,41319.0,10.0,-0.2466478,-0.07057191999999998,-0.96653388,1.0000016371612503,0.0,0.0,0.0,-2.42224255,0.6962721499999999,9.483030549999999,-0.6465,-0.1175,0.0541,-0.7519,4.176067233511821,-14.27923451904686,98.1002771729469,30.4
76003969020266,9.997361,41329.0,10.0,-0.2466478,-0.07057191999999998,-0.96653388,1.0000016371612503,0.0,0.0,0.0,-2.42224255,0.6864655000000001,9.473223899999999,-0.6465,-0.1175,0.0541,-0.7519,4.176067233511821,-14.27923451904686,98.1002771729469,30.4
76003979052252,10.031986,41339.0,10.0,-0.2466478,-0.07057191999999998,-0.96653388,1.0000016371612503,0.0,0.0,0.0,-2.42224255,0.6962721499999999,9.473223899999999,-0.6465,-0.1175,0.0541,-0.7519,4.176067233511821,-14.27923451904686,98.1002771729469,30.4
76003989031088,9.978836,41349.0,10.0,-0.2466478,-0.07057191999999998,-0.96653388,1.0000016371612503,0.0,0.0,0.0,-2.42224255,0.6962721499999999,9.473223899999999,-0.6465,-0.1175,0.0541,-0.7519,4.176067233511821,-14.27923451904686,98.1002771729469,30.4
76003999023425,9.992337,41359.0,10.0,-0.2466478,-0.07057191999999998,-0.96653388,1.0000016371612503,0.0,0.0,0.0,-2.4124358999999997,0.6962721499999999,9.473223899999999,-0.6465,-0.1175,0.0541,-0.7519,4.176067233511821,-14.27923451904686,98.1002771729469,30.4
76004009032794,10.009369,41369.0,10.0,-0.2466478,-0.07057191999999998,-0.96653388,1.0000016371612503,0.0,0.0,0.0,-2.42224255,0.6864655000000001,9.473223899999999,-0.6465,-0.1175,0.0541,-0.7519,4.176067233511821,-14.27923451904686,98.1002771729469,30.4
76004019009814,9.97702,41379.0,10.0,-0.2466478,-0.07057191999999998,-0.96653388,1.0000016371612503,0.0,0.0,0.0,-2.42224255,0.6962721499999999,9.483030549999999,-0.6465,-0.1175,0.0541,-0.7519,4.176067233511821,-14.27923451904686,98.1002771729469,30.4
76004028984076,9.974262,41389.0,10.0,-0.2466478,-0.07057191999999998,-0.96653388,1.0000016371612503,0.0,0.0,0.0,-2.40262925,0.6962721499999999,9.473223899999999,-0.6465,-0.1175,0.0541,-0.7519,4.176067233511821,-14.27923451904686,98.1002771729469,30.4
76004039023053,10.038977,41399.0,10.0,-0.2466478,-0.07057191999999998,-0.96653388,1.0000016371612503,0.0,0.0,0.0,-2.4124358999999997,0.6864655000000001,9.483030549999999,-0.6465,-0.1175,0.0541,-0.7519,4.176067233511821,-14.27923451904686,98.1002771729469,30.4
76004049030050,10.006997,41409.0,10.0,-0.2466478,-0.07057191999999998,-0.96653388,1.0000016371612503,0.0,0.0,0.0,-2.4124358999999997,0.6864655000000001,9.473223899999999,-0.6465,-0.1175,0.0541,-0.7519,4.176067233511821,-14.27923451904686,98.1002771729469,30.3
76004059048133,10.018083,41419.0,10.0,-0.2466478,-0.07057191999999998,-0.96653388,1.0000016371612503,0.0,0.0,0.0,-2.42224255,0.7060787999999999,9.473223899999999,-0.6465,-0.1175,0.0541,-0.7519,4.176067233511821,-14.27923451904686,98.1002771729469,30.4
76004069017644,9.969511,41429.0,10.0,-0.2466478,-0.07057191999999998,-0.96653388,1.0000016371612503,0.0,0.0,0.0,-2.42224255,0.6962721499999999,9.483030549999999,-0.6465,-0.1175,0.0541,-0.7519,4.176067233511821,-14.27923451904686,98.1002771729469,30.4
76004079021041,10.003397,41439.0,10.0,-0.2466478,-0.07057191999999998,-0.96653388,1.0000016371612503,0.0,0.0,0.0,-2.4124358999999997,0.6864655000000001,9.473223899999999,-0.6465,-0.1175,0.0541,-0.7519,4.176067233511821,-14.27923451904686,98.1002771729469,30.4
76004089034245,10.013204,41449.0,10.0,-0.2466478,-0.07057191999999998,-0.96653388,1.0000016371612503,0.0,0.0,0.0,-2.42224255,0.6962721499999999,9.492837199999999,-0.6465,-0.1175,0.0541,-0.7519,4.176067233511821,-14.27923451904686,98.1002771729469,30.4
76004099020645,9.9864,41459.0,10.0,-0.2466478,-0.07057191999999998,-0.96653388,1.0000016371612503,0.0,0.0,0.0,-2.4320492,0.6962721499999999,9.483030549999999,-0.6465,-0.1175,0.0541,-0.7519,4.176067233511821,-14.27923451904686,98.1002771729469,30.4
76004108989278,9.968633,41469.0,10.0,-0.2466478,-0.07057191999999998,-0.96653388,1.0000016371612503,0.0,0.0,0.0,-2.42224255,0.7060787999999999,9.483030549999999,-0.6465,-0.1175,0.0541,-0.7519,4.176067233511821,-14.27923451904686,98.1002771729469,30.4
76004119025864,10.036586,41479.0,10.0,-0.2466478,-0.07057191999999998,-0.96653388,1.0000016371612503,0.0,0.0,0.0,-2.42224255,0.6962721499999999,9.473223899999999,-0.6465,-0.1175,0.0541,-0.7519,4.176067233511821,-14.27923451904686,98.1002771729469,30.4
76004129016510,9.990646,41489.0,10.0,-0.2466478,-0.07057191999999998,-0.96653388,1.0000016371612503,0.0,0.0,0.0,-2.40262925,0.67665885,9.473223899999999,-0.6465,-0.1175,0.0541,-0.7519,4.176067233511821,-14.27923451904686,98.1002771729469,30.4
76004139018470,10.00196,41499.0,10.0,-0.2466478,-0.07057191999999998,-0.96653388,1.0000016371612503,0.0,0.0,0.0,-2.42224255,0.6864655000000001,9.483030549999999,-0.6465,-0.1175,0.0541,-0.7519,4.176067233511821,-14.27923451904686,98.1002771729469,30.4
76004149011868,9.993398,41509.0,10.0,-0.2466478,-0.07057191999999998,-0.96653388,1.0000016371612503,0.0,0.0,0.0,-2.4124358999999997,0.6962721499999999,9.483030549999999,-0.6465,-0.1175,0.0541,-0.7519,4.176067233511821,-14.27923451904686,98.1002771729469,30.4
76004158991212,9.979344,41519.0,10.0,-0.2466478,-0.07057191999999998,-0.96653388,1.0000016371612503,0.0,0.0,0.0,-2.42224255,0.6864655000000001,9.483030549999999,-0.6465,-0.1175,0.0541,-0.7519,4.176067233511821,-14.27923451904686,98.1002771729469,30.4
76004169017326,10.026114,41529.0,10.0,-0.2466478,-0.07057191999999998,-0.96653388,1.0000016371612503,0.0,0.0,0.0,-2.42224255,0.6962721499999999,9.473223899999999,-0.6465,-0.1175,0.0541,-0.7519,4.176067233511821,-14.27923451904686,98.1002771729469,30.4
76004178980563,9.963237,41539.0,10.0,-0.2466478,-0.07057191999999998,-0.96653388,1.0000016371612503,0.0,0.0,0.0,-2.42224255,0.6864655000000001,9.483030549999999,-0.6465,-0.1175,0.0541,-0.7519,4.176067233511821,-14.27923451904686,98.1002771729469,30.4
76004188992929,10.012366,41549.0,10.0,-0.2466478,-0.07057191999999998,-0.96653388,1.0000016371612503,0.0,0.0,0.0,-2.42224255,0.6962721499999999,9.473223899999999,-0.6465,-0.1175,0.0541,-0.7519,4.176067233511821,-14.27923451904686,98.1002771729469,30.4
76004199026939,10.03401,41559.0,10.0,-0.2466478,-0.07057191999999998,-0.96653388,1.0000016371612503,0.0,0.0,0.0,-2.42224255,0.7060787999999999,9.483030549999999,-0.6465,-0.1175,0.0541,-0.7519,4.176067233511821,-14.27923451904686,98.1002771729469,30.4
76004209059151,10.032212,41569.0,10.0,-0.2466478,-0.07057191999999998,-0.96653388,1.0000016371612503,0.0,0.0,0.0,-2.4124358999999997,0.6864655000000001,9.473223899999999,-0.6465,-0.1175,0.0541,-0.7519,4.176067233511821,-14.27923451904686,98.1002771729469,30.3
76004219042092,9.982941,41579.0,10.0,-0.2466478,-0.07057191999999998,-0.96653388,1.0000016371612503,0.0,0.0,0.0,-2.4124358999999997,0.6962721499999999,9.483030549999999,-0.6465,-0.1175,0.0541,-0.7519,4.176067233511821,-14.27923451904686,98.1002771729469,30.4
76004229027185,9.985093,41589.0,10.0,-0.2466478,-0.07057191999999998,-0.96653388,1.0000016371612503,0.0,0.0,0.0,-2.42224255,0.6962721499999999,9.473223899999999,-0.6465,-0.1175,0.0541,-0.7519,4.176067233511821,-14.27923451904686,98.1002771729469,30.4
76004239031131,10.003946,41599.0,10.0,-0.2466478,-0.07057191999999998,-0.96653388,1.0000016371612503,0.0,0.0,0.0,-2.44185585,0.6864655000000001,9.473223899999999,-0.6465,-0.1175,0.0541,-0.7519,4.176067233511821,-14.27923451904686,98.1002771729469,30.4
76004249020001,9.98887,41609.0,10.0,-0.2466478,-0.07057191999999998,-0.96653388,1.0000016371612503,0.0,0.0,0.0,-2.40262925,0.6962721499999999,9.483030549999999,-0.6465,-0.1175,0.0541,-0.7519,4.176067233511821,-14.27923451904686,98.1002771729469,30.4
76004259067673,10.047672,41619.0,10.0,-0.2466478,-0.07057191999999998,-0.96653388,1.0000016371612503,0.0,0.0,0.0,-2.4320492,0.7060787999999999,9.483030549999999,-0.6465,-0.1175,0.0541,-0.7519,4.176067233511821,-14.27923451904686,98.1002771729469,30.4
76004268992912,9.925239,41629.0,10.0,-0.2466478,-0.07057191999999998,-0.96653388,1.0000016371612503,0.0,0.0,0.0,-2.42224255,0.6962721499999999,9.483030549999999,-0.6465,-0.1175,0.0541,-0.7519,4.176067233511821,-14.27923451904686,98.1002771729469,30.4
76004279006764,10.013852,41639.0,10.0,-0.2466478,-0.07057191999999998,-0.96653388,1.0000016371612503,0.0,0.0,0.0,-2.42224255,0.6962721499999999,9.473223899999999,-0.6465,-0.1175,0.0541,-0.7519,4.176067233511821,-14.27923451904686,98.1002771729469,30.4
76004289032872,10.026108,41649.0,10.0,-0.2466478,-0.07057191999999998,-0.96653388,1.0000016371612503,0.0,0.0,0.0,-2.42224255,0.6864655000000001,9.492837199999999,-0.6465,-0.1175,0.0541,-0.7519,4.176067233511821,-14.27923451904686,98.1002771729469,30.4
76004299033543,10.000671,41659.0,10.0,-0.2466478,-0.07057191999999998,-0.96653388,1.0000016371612503,0.0,0.0,0.0,-2.4124358999999997,0.6864655000000001,9.483030549999999,-0.6465,-0.1175,0.0541,-0.7519,4.176067233511821,-14.27923451904686,98.1002771729469,30.4
76004309070663,10.03712,41669.0,10.0,-0.2466478,-0.07057191999999998,-0.96653388,1.0000016371612503,0.0,0.0,0.0,-2.42224255,0.6962721499999999,9.483030549999999,-0.6465,-0.1175,0.0541,-0.7519,4.176067233511821,-14.27923451904686,98.1002771729469,30.4
76004319045686,9.975023,41679.0,10.0,-0.2466478,-0.07057191999999998,-0.96653388,1.0000016371612503,0.0,0.0,0.0,-2.4320492,0.6864655000000001,9.473223899999999,-0.6465,-0.1175,0.0541,-0.7519,4.176067233511821,-14.27923451904686,98.1002771729469,30.4
76004329056744,10.011058,41689.0,10.0,-0.2466478,-0.07057191999999998,-0.96653388,1.0000016371612503,0.0,0.0,0.0,-2.4124358999999997,0.7060787999999999,9.473223899999999,-0.6465,-0.1175,0.0541,-0.7519,4.176067233511821,-14.27923451904686,98.1002771729469,30.4
76004339038757,9.982013,41699.0,10.0,-0.2466478,-0.07057191999999998,-0.96653388,1.0000016371612503,0.0,0.0,0.0,-2.42224255,0.6962721499999999,9.483030549999999,-0.6465,-0.1175,0.0541,-0.7519,4.176067233511821,-14.27923451904686,98.1002771729469,30.4
76004349011831,9.973074,41709.0,10.0,-0.2466478,-0.07057191999999998,-0.96653388,1.0000016371612503,0.0,0.0,0.0,-2.42224255,0.6962721499999999,9.473223899999999,-0.6465,-0.1175,0.0541,-0.7519,4.176067233511821,-14.27923451904686,98.1002771729469,30.4
76004359153417,10.141586,41719.0,10.0,-0.2466478,-0.07057191999999998,-0.96653388,1.0000016371612503,0.0,0.0,0.0,-2.4320492,0.6864655000000001,9.483030549999999,-0.6465,-0.1175,0.0541,-0.7519,4.176067233511821,-14.27923451904686,98.1002771729469,30.4
76004369166796,10.013379,41729.0,10.0,-0.2466478,-0.07057191999999998,-0.96653388,1.0000016371612503,0.0,0.0,0.0,-2.42224255,0.7060787999999999,9.483030549999999,-0.6465,-0.1175,0.0541,-0.7519,4.176067233511821,-14.27923451904686,98.1002771729469,30.4
76004379048943,9.882147,41739.0,10.0,-0.2466478,-0.07057191999999998,-0.96653388,1.0000016371612503,0.0,0.0,0.0,-2.4124358999999997,0.6962721499999999,9.483030549999999,-0.6465,-0.1175,0.0541,-0.7519,4.176067233511821,-14.27923451904686,98.1002771729469,30.4
76004389017537,9.968594,41749.0,10.0,-0.2466478,-0.07057191999999998,-0.96653388,1.0000016371612503,0.0,0.0,0.0,-2.4124358999999997,0.6864655000000001,9.492837199999999,-0.6465,-0.1175,0.0541,-0.7519,4.176067233511821,-14.27923451904686,98.1002771729469,30.4
76004399023611,10.006074,41759.0,10.0,-0.2466478,-0.07057191999999998,-0.96653388,1.0000016371612503,0.0,0.0,0.0,-2.4320492,0.6962721499999999,9.473223899999999,-0.6465,-0.1175,0.0541,-0.7519,4.176067233511821,-14.27923451904686,98.1002771729469,30.4
76004409024272,10.000661,41769.0,10.0,-0.2466478,-0.07057191999999998,-0.96653388,1.0000016371612503,0.0,0.0,0.0,-2.40262925,0.6864655000000001,9.473223899999999,-0.6465,-0.1175,0.0541,-0.7519,4.176067233511821,-14.27923451904686,98.1002771729469,30.4
76004419024010,9.999738,41779.0,10.0,-0.2466478,-0.07057191999999998,-0.96653388,1.0000016371612503,0.0,0.0,0.0,-2.42224255,0.6864655000000001,9.473223899999999,-0.6465,-0.1175,0.0541,-0.7519,4.176067233511821,-14.27923451904686,98.1002771729469,30.4
76004429047524,10.023514,41789.0,10.0,-0.2466478,-0.07057191999999998,-0.96653388,1.0000016371612503,0.0,0.0,0.0,-2.4320492,0.6962721499999999,9.473223899999999,-0.6465,-0.1175,0.0541,-0.7519,4.176067233511821,-14.27923451904686,98.1002771729469,30.4
76004439051420,10.003896,41799.0,10.0,-0.2466478,-0.07057191999999998,-0.96653388,1.0000016371612503,0.0,0.0,0.0,-2.4124358999999997,0.6864655000000001,9.492837199999999,-0.6465,-0.1175,0.0541,-0.7519,4.176067233511821,-14.27923451904686,98.1002771729469,30.4
76004449068505,10.017085,41809.0,10.0,-0.2466478,-0.07057191999999998,-0.96653388,1.0000016371612503,0.0,0.0,0.0,-2.42224255,0.6962721499999999,9.492837199999999,-0.6465,-0.1175,0.0541,-0.7519,4.176067233511821,-14.27923451904686,98.1002771729469,30.3
76004459121030,10.052525,41819.0,10.0,-0.2466478,-0.07057191999999998,-0.96653388,1.0000016371612503,0.0,0.0,0.0,-2.42224255,0.6962721499999999,9.473223899999999,-0.6465,-0.1175,0.0541,-0.7519,4.176067233511821,-14.27923451904686,98.1002771729469,30.4
76004469072757,9.951727,41829.0,10.0,-0.2466478,-0.07057191999999998,-0.96653388,1.0000016371612503,0.0,0.0,0.0,-2.4124358999999997,0.6864655000000001,9.473223899999999,-0.6465,-0.1175,0.0541,-0.7519,4.176067233511821,-14.27923451904686,98.1002771729469,30.4
76004479101502,10.028745,41839.0,10.0,-0.2466478,-0.07057191999999998,-0.96653388,1.0000016371612503,0.0,0.0,0.0,-2.4124358999999997,0.6864655000000001,9.483030549999999,-0.6465,-0.1175,0.0541,-0.7519,4.176067233511821,-14.27923451904686,98.1002771729469,30.4
76004489079445,9.977943,41849.0,10.0,-0.2466478,-0.07057191999999998,-0.96653388,1.0000016371612503,0.0,0.0,0.0,-2.4124358999999997,0.7060787999999999,9.483030549999999,-0.6465,-0.1175,0.0541,-0.7519,4.176067233511821,-14.27923451904686,98.1002771729469,30.4
76004498995247,9.915802,41859.0,10.0,-0.2466478,-0.07057191999999998,-0.96653388,1.0000016371612503,0.0,0.0,0.0,-2.4124358999999997,0.6962721499999999,9.483030549999999,-0.6465,-0.1175,0.0541,-0.7519,4.176067233511821,-14.27923451904686,98.1002771729469,30.4
76004509039822,10.044575,41869.0,10.0,-0.2466478,-0.07057191999999998,-0.96653388,1.0000016371612503,0.0,0.0,0.0,-2.42224255,0.7060787999999999,9.473223899999999,-0.6465,-0.1175,0.0541,-0.7519,4.176067233511821,-14.27923451904686,98.1002771729469,30.4
76004519022515,9.982693,41879.0,10.0,-0.2466478,-0.07057191999999998,-0.96653388,1.0000016371612503,0.0,0.0,0.0,-2.4124358999999997,0.6962721499999999,9.473223899999999,-0.6465,-0.1175,0.0541,-0.7519,4.176067233511821,-14.27923451904686,98.1002771729469,30.4
76004529045453,10.022938,41889.0,10.0,-0.2466478,-0.07057191999999998,-0.96653388,1.0000016371612503,0.0,0.0,0.0,-2.4124358999999997,0.6864655000000001,9.483030549999999,-0.6465,-0.1175,0.0541,-0.7519,4.176067233511821,-14.27923451904686,98.1002771729469,30.4
76004539070282,10.024829,41899.0,10.0,-0.2466478,-0.07057191999999998,-0.96653388,1.0000016371612503,0.0,0.0,0.0,-2.4124358999999997,0.6962721499999999,9.473223899999999,-0.6465,-0.1175,0.0541,-0.7519,4.176067233511821,-14.27923451904686,98.1002771729469,30.4
76004549084027,10.013745,41909.0,10.0,-0.2466478,-0.07057191999999998,-0.96653388,1.0000016371612503,0.0,0.0,0.0,-2.4320492,0.6962721499999999,9.483030549999999,-0.6465,-0.1175,0.0541,-0.7519,4.176067233511821,-14.27923451904686,98.1002771729469,30.4
76004559073071,9.989044,41919.0,10.0,-0.2466478,-0.07057191999999998,-0.96653388,1.0000016371612503,0.0,0.0,0.0,-2.42224255,0.6962721499999999,9.483030549999999,-0.6465,-0.1175,0.0541,-0.7519,4.176067233511821,-14.27923451904686,98.1002771729469,30.4
76004569069966,9.996895,41929.0,10.0,-0.2466478,-0.07057191999999998,-0.96653388,1.0000016371612503,0.0,0.0,0.0,-2.4124358999999997,0.6864655000000001,9.492837199999999,-0.6465,-0.1175,0.0541,-0.7519,4.176067233511821,-14.27923451904686,98.1002771729469,30.4
76004579039068,9.969102,41939.0,10.0,-0.2466478,-0.07057191999999998,-0.96653388,1.0000016371612503,0.0,0.0,0.0,-2.4124358999999997,0.6962721499999999,9.473223899999999,-0.6465,-0.1175,0.0541,-0.7519,4.176067233511821,-14.27923451904686,98.1002771729469,30.4
76004588986240,9.947172,41949.0,10.0,-0.2466478,-0.07057191999999998,-0.96653388,1.0000016371612503,0.0,0.0,0.0,-2.4320492,0.6962721499999999,9.483030549999999,-0.6465,-0.1175,0.0541,-0.7519,4.176067233511821,-14.27923451904686,98.1002771729469,30.4
76004599021115,10.034875,41959.0,10.0,-0.2466478,-0.07057191999999998,-0.96653388,1.0000016371612503,0.0,0.0,0.0,-2.4124358999999997,0.6962721499999999,9.483030549999999,-0.6465,-0.1175,0.0541,-0.7519,4.176067233511821,-14.27923451904686,98.1002771729469,30.3
76004609058167,10.037052,41969.0,10.0,-0.2466478,-0.07057191999999998,-0.96653388,1.0000016371612503,0.0,0.0,0.0,-2.42224255,0.6864655000000001,9.473223899999999,-0.6465,-0.1175,0.0541,-0.7519,4.176067233511821,-14.27923451904686,98.1002771729469,30.3
76004619034789,9.976622,41979.0,10.0,-0.2466478,-0.07057191999999998,-0.96653388,1.0000016371612503,0.0,0.0,0.0,-2.4124358999999997,0.6962721499999999,9.473223899999999,-0.6465,-0.1175,0.0541,-0.7519,4.176067233511821,-14.27923451904686,98.1002771729469,30.4
76004628996973,9.962184,41989.0,10.0,-0.2466478,-0.07057191999999998,-0.96653388,1.0000016371612503,0.0,0.0,0.0,-2.4124358999999997,0.6864655000000001,9.473223899999999,-0.6465,-0.1175,0.0541,-0.7519,4.176067233511821,-14.27923451904686,98.1002771729469,30.4
76004639072449,10.075476,41999.0,10.0,-0.2466478,-0.07057191999999998,-0.96653388,1.0000016371612503,0.0,0.0,0.0,-2.4124358999999997,0.6962721499999999,9.483030549999999,-0.6465,-0.1175,0.0541,-0.7519,4.176067233511821,-14.27923451904686,98.1002771729469,30.4
76004649058904,9.986455,42009.0,10.0,-0.2466478,-0.07057191999999998,-0.96653388,1.0000016371612503,0.0,0.0,0.0,-2.4124358999999997,0.6962721499999999,9.483030549999999,-0.6465,-0.1175,0.0541,-0.7519,4.176067233511821,-14.27923451904686,98.1002771729469,30.4
76004659058429,9.999525,42019.0,10.0,-0.2466478,-0.07057191999999998,-0.96653388,1.0000016371612503,0.0,0.0,0.0,-2.42224255,0.6864655000000001,9.483030549999999,-0.6465,-0.1175,0.0541,-0.7519,4.176067233511821,-14.27923451904686,98.1002771729469,30.3
76004669027241,9.968812,42029.0,10.0,-0.2466478,-0.07057191999999998,-0.96653388,1.0000016371612503,0.0,0.0,0.0,-2.42224255,0.6962721499999999,9.483030549999999,-0.6465,-0.1175,0.0541,-0.7519,4.176067233511821,-14.27923451904686,98.1002771729469,30.3
76004679048749,10.021508,42039.0,10.0,-0.2466478,-0.07057191999999998,-0.96653388,1.0000016371612503,0.0,0.0,0.0,-2.4124358999999997,0.7060787999999999,9.483030549999999,-0.6465,-0.1175,0.0541,-0.7519,4.176067233511821,-14.27923451904686,98.1002771729469,30.4
76004689074847,10.026098,42049.0,10.0,-0.2466478,-0.07057191999999998,-0.96653388,1.0000016371612503,0.0,0.0,0.0,-2.42224255,0.6962721499999999,9.473223899999999,-0.6465,-0.1175,0.0541,-0.7519,4.176067233511821,-14.27923451904686,98.1002771729469,30.4
76004699021458,9.946611,42059.0,10.0,-0.2466478,-0.07057191999999998,-0.96653388,1.0000016371612503,0.0,0.0,0.0,-2.42224255,0.6962721499999999,9.483030549999999,-0.6465,-0.1175,0.0541,-0.7519,4.176067233511821,-14.27923451904686,98.1002771729469,30.4
76004709040897,10.019439,42069.0,10.0,-0.2466478,-0.07057191999999998,-0.96653388,1.0000016371612503,0.0,0.0,0.0,-2.4124358999999997,0.6864655000000001,9.473223899999999,-0.6465,-0.1175,0.0541,-0.7519,4.176067233511821,-14.27923451904686,98.1002771729469,30.4
76004719053173,10.012276,42079.0,10.0,-0.2466478,-0.07057191999999998,-0.96653388,1.0000016371612503,0.0,0.0,0.0,-2.42224255,0.6962721499999999,9.473223899999999,-0.6465,-0.1175,0.0541,-0.7519,4.176067233511821,-14.27923451904686,98.1002771729469,30.4
76004728987060,9.933887,42089.0,10.0,-0.2466478,-0.07057191999999998,-0.96653388,1.0000016371612503,0.0,0.0,0.0,-2.42224255,0.6962721499999999,9.483030549999999,-0.6465,-0.1175,0.0541,-0.7519,4.176067233511821,-14.27923451904686,98.1002771729469,30.4
76004739025105,10.038045,42099.0,10.0,-0.2466478,-0.07057191999999998,-0.96653388,1.0000016371612503,0.0,0.0,0.0,-2.42224255,0.6864655000000001,9.473223899999999,-0.6465,-0.1175,0.0541,-0.7519,4.176067233511821,-14.27923451904686,98.1002771729469,30.4
76004749019070,9.993965,42109.0,10.0,-0.2466478,-0.07057191999999998,-0.96653388,1.0000016371612503,0.0,0.0,0.0,-2.42224255,0.6864655000000001,9.473223899999999,-0.6465,-0.1175,0.0541,-0.7519,4.176067233511821,-14.27923451904686,98.1002771729469,30.4
76004759015662,9.996592,42119.0,10.0,-0.2466478,-0.07057191999999998,-0.96653388,1.0000016371612503,0.0,0.0,0.0,-2.42224255,0.6864655000000001,9.483030549999999,-0.6465,-0.1175,0.0541,-0.7519,4.176067233511821,-14.27923451904686,98.1002771729469,30.4
76004769076961,10.061299,42129.0,10.0,-0.2466478,-0.07057191999999998,-0.96653388,1.0000016371612503,0.0,0.0,0.0,-2.40262925,0.6962721499999999,9.46341725,-0.6465,-0.1175,0.0541,-0.7519,4.176067233511821,-14.27923451904686,98.1002771729469,30.4
76004779053620,9.976659,42139.0,10.0,-0.2466478,-0.07057191999999998,-0.96653388,1.0000016371612503,0.0,0.0,0.0,-2.40262925,0.6962721499999999,9.492837199999999,-0.6465,-0.1175,0.0541,-0.7519,4.176067233511821,-14.27923451904686,98.1002771729469,30.4
76004789011381,9.957761,42149.0,10.0,-0.2466478,-0.07057191999999998,-0.96653388,1.0000016371612503,0.0,0.0,0.0,-2.42224255,0.6962721499999999,9.483030549999999,-0.6465,-0.1175,0.0541,-0.7519,4.176067233511821,-14.27923451904686,98.1002771729469,30.4
76004799042696,10.031315,42159.0,10.0,-0.2466478,-0.07057191999999998,-0.96653388,1.0000016371612503,0.0,0.0,0.0,-2.4124358999999997,0.6962721499999999,9.492837199999999,-0.6465,-0.1175,0.0541,-0.7519,4.176067233511821,-14.27923451904686,98.1002771729469,30.4
76004809068485,10.025789,42169.0,10.0,-0.2466478,-0.07057191999999998,-0.96653388,1.0000016371612503,0.0,0.0,0.0,-2.4320492,0.6864655000000001,9.483030549999999,-0.6465,-0.1175,0.0541,-0.7519,4.176067233511821,-14.27923451904686,98.1002771729469,30.4
76004819034131,9.965646,42179.0,10.0,-0.2466478,-0.07057191999999998,-0.96653388,1.0000016371612503,0.0,0.0,0.0,-2.4320492,0.7060787999999999,9.483030549999999,-0.6465,-0.1175,0.0541,-0.7519,4.176067233511821,-14.27923451904686,98.1002771729469,30.4
76004829020663,9.986532,42189.0,10.0,-0.2466478,-0.07057191999999998,-0.96653388,1.0000016371612503,0.0,0.0,0.0,-2.42224255,0.6864655000000001,9.483030549999999,-0.6465,-0.1175,0.0541,-0.7519,4.176067233511821,-14.27923451904686,98.1002771729469,30.4
76004839058013,10.03735,42199.0,10.0,-0.2466478,-0.07057191999999998,-0.96653388,1.0000016371612503,0.0,0.0,0.0,-2.4124358999999997,0.6962721499999999,9.483030549999999,-0.6465,-0.1175,0.0541,-0.7519,4.176067233511821,-14.27923451904686,98.1002771729469,30.4
76004848994191,9.936178,42209.0,10.0,-0.2466478,-0.07057191999999998,-0.96653388,1.0000016371612503,0.0,0.0,0.0,-2.42224255,0.6864655000000001,9.492837199999999,-0.6465,-0.1175,0.0541,-0.7519,4.176067233511821,-14.27923451904686,98.1002771729469,30.4
76004858987920,9.993729,42219.0,10.0,-0.2466478,-0.07057191999999998,-0.96653388,1.0000016371612503,0.0,0.0,0.0,-2.4320492,0.6962721499999999,9.473223899999999,-0.6465,-0.1175,0.0541,-0.7519,4.176067233511821,-14.27923451904686,98.1002771729469,30.4
76004868969138,9.981218,42229.0,10.0,-0.2466478,-0.07057191999999998,-0.96653388,1.0000016371612503,0.0,0.0,0.0,-2.42224255,0.6962721499999999,9.483030549999999,-0.6465,-0.1175,0.0541,-0.7519,4.176067233511821,-14.27923451904686,98.1002771729469,30.3
76004878977471,10.008333,42239.0,10.0,-0.2466478,-0.07057191999999998,-0.96653388,1.0000016371612503,0.0,0.0,0.0,-2.4124358999999997,0.6864655000000001,9.473223899999999,-0.6465,-0.1175,0.0541,-0.7519,4.176067233511821,-14.27923451904686,98.1002771729469,30.4
76004888976895,9.999424,42249.0,10.0,-0.2466478,-0.07057191999999998,-0.96653388,1.0000016371612503,0.0,0.0,0.0,-2.4320492,0.6864655000000001,9.473223899999999,-0.6465,-0.1175,0.0541,-0.7519,4.176067233511821,-14.27923451904686,98.1002771729469,30.4
76004899016948,10.040053,42259.0,10.0,-0.2466478,-0.07057191999999998,-0.96653388,1.0000016371612503,0.0,0.0,0.0,-2.42224255,0.6864655000000001,9.483030549999999,-0.6465,-0.1175,0.0541,-0.7519,4.176067233511821,-14.27923451904686,98.1002771729469,30.4
76004909043616,10.026668,42269.0,10.0,-0.2466478,-0.07057191999999998,-0.96653388,1.0000016371612503,0.0,0.0,0.0,-2.42224255,0.6962721499999999,9.483030549999999,-0.6465,-0.1175,0.0541,-0.7519,4.176067233511821,-14.27923451904686,98.1002771729469,30.4
76004919027804,9.984188,42279.0,10.0,-0.2466478,-0.07057191999999998,-0.96653388,1.0000016371612503,0.0,0.0,0.0,-2.42224255,0.6962721499999999,9.483030549999999,-0.6465,-0.1175,0.0541,-0.7519,4.176067233511821,-14.27923451904686,98.1002771729469,30.4
76004929022778,9.994974,42289.0,10.0,-0.2466478,-0.07057191999999998,-0.96653388,1.0000016371612503,0.0,0.0,0.0,-2.42224255,0.7060787999999999,9.46341725,-0.6465,-0.1175,0.0541,-0.7519,4.176067233511821,-14.27923451904686,98.1002771729469,30.4
76004939009692,9.986914,42299.0,10.0,-0.2466478,-0.07057191999999998,-0.96653388,1.0000016371612503,0.0,0.0,0.0,-2.42224255,0.6962721499999999,9.473223899999999,-0.6465,-0.1175,0.0541,-0.7519,4.176067233511821,-14.27923451904686,98.1002771729469,30.4
76004949066977,10.057285,42309.0,10.0,-0.2466478,-0.07057191999999998,-0.96653388,1.0000016371612503,0.0,0.0,0.0,-2.42224255,0.6962721499999999,9.473223899999999,-0.6465,-0.1175,0.0541,-0.7519,4.176067233511821,-14.27923451904686,98.1002771729469,30.4
76004959062636,9.995659,42319.0,10.0,-0.2466478,-0.07057191999999998,-0.96653388,1.0000016371612503,0.0,0.0,0.0,-2.4320492,0.6962721499999999,9.483030549999999,-0.6465,-0.1175,0.0541,-0.7519,4.176067233511821,-14.27923451904686,98.1002771729469,30.4
76004969034802,9.972166,42329.0,10.0,-0.2466478,-0.07057191999999998,-0.96653388,1.0000016371612503,0.0,0.0,0.0,-2.42224255,0.6962721499999999,9.492837199999999,-0.6465,-0.1175,0.0541,-0.7519,4.176067233511821,-14.27923451904686,98.1002771729469,30.4
76004979048191,10.013389,42339.0,10.0,-0.2466478,-0.07057191999999998,-0.96653388,1.0000016371612503,0.0,0.0,0.0,-2.42224255,0.6962721499999999,9.473223899999999,-0.6465,-0.1175,0.0541,-0.7519,4.176067233511821,-14.27923451904686,98.1002771729469,30.4
76004989043304,9.995113,42349.0,10.0,-0.2466478,-0.07057191999999998,-0.96653388,1.0000016371612503,0.0,0.0,0.0,-2.4124358999999997,0.6962721499999999,9.473223899999999,-0.6465,-0.1175,0.0541,-0.7519,4.176067233511821,-14.27923451904686,98.1002771729469,30.4
76004999020541,9.977237,42359.0,10.0,-0.2466478,-0.07057191999999998,-0.96653388,1.0000016371612503,0.0,0.0,0.0,-2.4124358999999997,0.6962721499999999,9.492837199999999,-0.6465,-0.1175,0.0541,-0.7519,4.176067233511821,-14.27923451904686,98.1002771729469,30.4
76005009021020,10.000479,42369.0,10.0,-0.2466478,-0.07057191999999998,-0.96653388,1.0000016371612503,0.0,0.0,0.0,-2.4124358999999997,0.7060787999999999,9.473223899999999,-0.6465,-0.1175,0.0541,-0.7519,4.176067233511821,-14.27923451904686,98.1002771729469,30.3
76005019060979,10.039959,42379.0,10.0,-0.2466478,-0.07057191999999998,-0.96653388,1.0000016371612503,0.0,0.0,0.0,-2.4320492,0.6962721499999999,9.473223899999999,-0.6465,-0.1175,0.0541,-0.7519,4.176067233511821,-14.27923451904686,98.1002771729469,30.4
76005029051931,9.990952,42389.0,10.0,-0.2466478,-0.07057191999999998,-0.96653388,1.0000016371612503,0.0,0.0,0.0,-2.42224255,0.67665885,9.483030549999999,-0.6465,-0.1175,0.0541,-0.7519,4.176067233511821,-14.27923451904686,98.1002771729469,30.4
76005039053276,10.001345,42399.0,10.0,-0.2466478,-0.07057191999999998,-0.96653388,1.0000016371612503,0.0,0.0,0.0,-2.42224255,0.6864655000000001,9.492837199999999,-0.6465,-0.1175,0.0541,-0.7519,4.176067233511821,-14.27923451904686,98.1002771729469,30.3
76005049054294,10.001018,42409.0,10.0,-0.2466478,-0.07057191999999998,-0.96653388,1.0000016371612503,0.0,0.0,0.0,-2.4124358999999997,0.7060787999999999,9.483030549999999,-0.6465,-0.1175,0.0541,-0.7519,4.176067233511821,-14.27923451904686,98.1002771729469,30.3
76005059026188,9.971894,42419.0,10.0,-0.2466478,-0.07057191999999998,-0.96653388,1.0000016371612503,0.0,0.0,0.0,-2.42224255,0.7060787999999999,9.473223899999999,-0.6465,-0.1175,0.0541,-0.7519,4.176067233511821,-14.27923451904686,98.1002771729469,30.4
76005068988377,9.962189,42429.0,10.0,-0.2466478,-0.07057191999999998,-0.96653388,1.0000016371612503,0.0,0.0,0.0,-2.42224255,0.6962721499999999,9.473223899999999,-0.6465,-0.1175,0.0541,-0.7519,4.176067233511821,-14.27923451904686,98.1002771729469,30.4
76005079059242,10.070865,42439.0,10.0,-0.2466478,-0.07057191999999998,-0.96653388,1.0000016371612503,0.0,0.0,0.0,-2.4124358999999997,0.6962721499999999,9.483030549999999,-0.6465,-0.1175,0.0541,-0.7519,4.176067233511821,-14.27923451904686,98.1002771729469,30.4
76005089054305,9.995063,42449.0,10.0,-0.2466478,-0.07057191999999998,-0.96653388,1.0000016371612503,0.0,0.0,0.0,-2.42224255,0.6864655000000001,9.492837199999999,-0.6465,-0.1175,0.0541,-0.7519,4.176067233511821,-14.27923451904686,98.1002771729469,30.4
76005099028996,9.974691,42459.0,10.0,-0.2466478,-0.07057191999999998,-0.96653388,1.0000016371612503,0.0,0.0,0.0,-2.4124358999999997,0.6962721499999999,9.483030549999999,-0.6465,-0.1175,0.0541,-0.7519,4.176067233511821,-14.27923451904686,98.1002771729469,30.4
76005109038412,10.009416,42469.0,10.0,-0.2466478,-0.07057191999999998,-0.96653388,1.0000016371612503,0.0,0.0,0.0,-2.4124358999999997,0.6864655000000001,9.473223899999999,-0.6465,-0.1175,0.0541,-0.7519,4.176067233511821,-14.27923451904686,98.1002771729469,30.4
76005119069356,10.030944,42479.0,10.0,-0.2466478,-0.07057191999999998,-0.96653388,1.0000016371612503,0.0,0.0,0.0,-2.42224255,0.6962721499999999,9.473223899999999,-0.6465,-0.1175,0.0541,-0.7519,4.176067233511821,-14.27923451904686,98.1002771729469,30.4
76005129073751,10.004395,42489.0,10.0,-0.2466478,-0.07057191999999998,-0.96653388,1.0000016371612503,0.0,0.0,0.0,-2.42224255,0.6962721499999999,9.483030549999999,-0.6465,-0.1175,0.0541,-0.7519,4.176067233511821,-14.27923451904686,98.1002771729469,30.4
76005138985433,9.911682,42499.0,10.0,-0.2466478,-0.07057191999999998,-0.96653388,1.0000016371612503,0.0,0.0,0.0,-2.4124358999999997,0.6864655000000001,9.473223899999999,-0.6465,-0.1175,0.0541,-0.7519,4.176067233511821,-14.27923451904686,98.1002771729469,30.4
76005149008154,10.022721,42509.0,10.0,-0.2466478,-0.07057191999999998,-0.96653388,1.0000016371612503,0.0,0.0,0.0,-2.42224255,0.6962721499999999,9.492837199999999,-0.6465,-0.1175,0.0541,-0.7519,4.176067233511821,-14.27923451904686,98.1002771729469,30.4
76005159094964,10.08681,42519.0,10.0,-0.2466478,-0.07057191999999998,-0.96653388,1.0000016371612503,0.0,0.0,0.0,-2.4320492,0.6962721499999999,9.473223899999999,-0.6465,-0.1175,0.0541,-0.7519,4.176067233511821,-14.27923451904686,98.1002771729469,30.4
76005169072055,9.977091,42529.0,10.0,-0.2466478,-0.07057191999999998,-0.96653388,1.0000016371612503,0.0,0.0,0.0,-2.42224255,0.67665885,9.483030549999999,-0.6465,-0.1175,0.0541,-0.7519,4.176067233511821,-14.27923451904686,98.1002771729469,30.4
76005179059233,9.987178,42539.0,10.0,-0.2466478,-0.07057191999999998,-0.96653388,1.0000016371612503,0.0,0.0,0.0,-2.4320492,0.6962721499999999,9.473223899999999,-0.6465,-0.1175,0.0541,-0.7519,4.176067233511821,-14.27923451904686,98.1002771729469,30.4
76005189049662,9.990429,42549.0,10.0,-0.2466478,-0.07057191999999998,-0.96653388,1.0000016371612503,0.0,0.0,0.0,-2.42224255,0.6962721499999999,9.473223899999999,-0.6465,-0.1175,0.0541,-0.7519,4.176067233511821,-14.27923451904686,98.1002771729469,30.4
76005198992403,9.942741,42559.0,10.0,-0.2466478,-0.07057191999999998,-0.96653388,1.0000016371612503,0.0,0.0,0.0,-2.4124358999999997,0.6962721499999999,9.483030549999999,-0.6465,-0.1175,0.0541,-0.7519,4.176067233511821,-14.27923451904686,98.1002771729469,30.3
76005208994861,10.002458,42569.0,10.0,-0.2466478,-0.07057191999999998,-0.96653388,1.0000016371612503,0.0,0.0,0.0,-2.40262925,0.6864655000000001,9.473223899999999,-0.6465,-0.1175,0.0541,-0.7519,4.176067233511821,-14.27923451904686,98.1002771729469,30.4
76005219050320,10.055459,42579.0,10.0,-0.2466478,-0.07057191999999998,-0.96653388,1.0000016371612503,0.0,0.0,0.0,-2.4124358999999997,0.6962721499999999,9.483030549999999,-0.6465,-0.1175,0.0541,-0.7519,4.176067233511821,-14.27923451904686,98.1002771729469,30.4
76005228995492,9.945172,42589.0,10.0,-0.2466478,-0.07057191999999998,-0.96653388,1.0000016371612503,0.0,0.0,0.0,-2.42224255,0.67665885,9.492837199999999,-0.6465,-0.1175,0.0541,-0.7519,4.176067233511821,-14.27923451904686,98.1002771729469,30.4
76005239037128,10.041636,42599.0,10.0,-0.2466478,-0.07057191999999998,-0.96653388,1.0000016371612503,0.0,0.0,0.0,-2.4320492,0.6962721499999999,9.483030549999999,-0.6465,-0.1175,0.0541,-0.7519,4.176067233511821,-14.27923451904686,98.1002771729469,30.4
76005249011351,9.974223,42609.0,10.0,-0.2466478,-0.07057191999999998,-0.96653388,1.0000016371612503,0.0,0.0,0.0,-2.4124358999999997,0.6864655000000001,9.483030549999999,-0.6465,-0.1175,0.0541,-0.7519,4.176067233511821,-14.27923451904686,98.1002771729469,30.4
76005259060111,10.04876,42619.0,10.0,-0.2466478,-0.07057191999999998,-0.96653388,1.0000016371612503,0.0,0.0,0.0,-2.42224255,0.6962721499999999,9.483030549999999,-0.6465,-0.1175,0.0541,-0.7519,4.176067233511821,-14.27923451904686,98.1002771729469,30.4
76005269064564,10.004453,42629.0,10.0,-0.2466478,-0.07057191999999998,-0.96653388,1.0000016371612503,0.0,0.0,0.0,-2.42224255,0.6962721499999999,9.473223899999999,-0.6465,-0.1175,0.0541,-0.7519,4.176067233511821,-14.27923451904686,98.1002771729469,30.4
76005279040130,9.975566,42639.0,10.0,-0.2466478,-0.07057191999999998,-0.96653388,1.0000016371612503,0.0,0.0,0.0,-2.42224255,0.6864655000000001,9.473223899999999,-0.6465,-0.1175,0.0541,-0.7519,4.176067233511821,-14.27923451904686,98.1002771729469,30.4
76005289069026,10.028896,42649.0,10.0,-0.2466478,-0.07057191999999998,-0.96653388,1.0000016371612503,0.0,0.0,0.0,-2.4124358999999997,0.6962721499999999,9.473223899999999,-0.6465,-0.1175,0.0541,-0.7519,4.176067233511821,-14.27923451904686,98.1002771729469,30.4
76005299015663,9.946637,42659.0,10.0,-0.2466478,-0.07057191999999998,-0.96653388,1.0000016371612503,0.0,0.0,0.0,-2.4320492,0.6864655000000001,9.473223899999999,-0.6465,-0.1175,0.0541,-0.7519,4.176067233511821,-14.27923451904686,98.1002771729469,30.4
76005309087902,10.072239,42669.0,10.0,-0.2466478,-0.07057191999999998,-0.96653388,1.0000016371612503,0.0,0.0,0.0,-2.42224255,0.6962721499999999,9.483030549999999,-0.6465,-0.1175,0.0541,-0.7519,4.176067233511821,-14.27923451904686,98.1002771729469,30.4
76005319011821,9.923919,42679.0,10.0,-0.2466478,-0.07057191999999998,-0.96653388,1.0000016371612503,0.0,0.0,0.0,-2.4320492,0.6864655000000001,9.483030549999999,-0.6465,-0.1175,0.0541,-0.7519,4.176067233511821,-14.27923451904686,98.1002771729469,30.4
76005329009000,9.997179,42689.0,10.0,-0.2466478,-0.07057191999999998,-0.96653388,1.0000016371612503,0.0,0.0,0.0,-2.4320492,0.6864655000000001,9.483030549999999,-0.6465,-0.1175,0.0541,-0.7519,4.176067233511821,-14.27923451904686,98.1002771729469,30.4
76005338990122,9.981122,42699.0,10.0,-0.2466478,-0.07057191999999998,-0.96653388,1.0000016371612503,0.0,0.0,0.0,-2.4320492,0.7060787999999999,9.483030549999999,-0.6465,-0.1175,0.0541,-0.7519,4.176067233511821,-14.27923451904686,98.1002771729469,30.4
76005349007445,10.017323,42709.0,10.0,-0.2466478,-0.07057191999999998,-0.96653388,1.0000016371612503,0.0,0.0,0.0,-2.42224255,0.6864655000000001,9.483030549999999,-0.6465,-0.1175,0.0541,-0.7519,4.176067233511821,-14.27923451904686,98.1002771729469,30.4
76005359027722,10.020277,42719.0,10.0,-0.2466478,-0.07057191999999998,-0.96653388,1.0000016371612503,0.0,0.0,0.0,-2.4320492,0.6962721499999999,9.483030549999999,-0.6465,-0.1175,0.0541,-0.7519,4.176067233511821,-14.27923451904686,98.1002771729469,30.4
76005368987480,9.959758,42729.0,10.0,-0.2466243,-0.07058273999999999,-0.96653388,0.9999966048563624,0.0,0.0,0.0,-2.4124358999999997,0.6864655000000001,9.473223899999999,-0.6465,-0.1175,0.0541,-0.7518,4.176705237321635,-14.277845148024644,98.08374934433456,30.3
76005379043172,10.055692,42739.0,10.0,-0.2466478,-0.07057191999999998,-0.96653388,1.0000016371612503,0.0,0.0,0.0,-2.42224255,0.6962721499999999,9.483030549999999,-0.6465,-0.1175,0.0541,-0.7519,4.176067233511821,-14.27923451904686,98.1002771729469,30.4
76005389025943,9.982771,42749.0,10.0,-0.2466243,-0.07058273999999999,-0.96653388,0.9999966048563624,0.0,0.0,0.0,-2.40262925,0.6962721499999999,9.473223899999999,-0.6465,-0.1175,0.0541,-0.7518,4.176705237321635,-14.277845148024644,98.08374934433456,30.4
76005398989424,9.963481,42759.0,10.0,-0.2466243,-0.07058273999999999,-0.96653388,0.9999966048563624,0.0,0.0,0.0,-2.4124358999999997,0.6962721499999999,9.473223899999999,-0.6465,-0.1175,0.0541,-0.7518,4.176705237321635,-14.277845148024644,98.08374934433456,30.4
76005409010935,10.021511,42769.0,10.0,-0.2466243,-0.07058273999999999,-0.96653388,0.9999966048563624,0.0,0.0,0.0,-2.4320492,0.6962721499999999,9.473223899999999,-0.6465,-0.1175,0.0541,-0.7518,4.176705237321635,-14.277845148024644,98.08374934433456,30.4
76005419010305,9.99937,42779.0,10.0,-0.2466243,-0.07058273999999999,-0.96653388,0.9999966048563624,0.0,0.0,0.0,-2.42224255,0.6962721499999999,9.483030549999999,-0.6465,-0.1175,0.0541,-0.7518,4.176705237321635,-14.277845148024644,98.08374934433456,30.4
76005429018843,10.008538,42789.0,10.0,-0.2466243,-0.07058273999999999,-0.96653388,0.9999966048563624,0.0,0.0,0.0,-2.42224255,0.6962721499999999,9.483030549999999,-0.6465,-0.1175,0.0541,-0.7518,4.176705237321635,-14.277845148024644,98.08374934433456,30.3
76005439032244,10.013401,42799.0,10.0,-0.2466243,-0.07058273999999999,-0.96653388,0.9999966048563624,0.0,0.0,0.0,-2.42224255,0.6962721499999999,9.473223899999999,-0.6465,-0.1175,0.0541,-0.7518,4.176705237321635,-14.277845148024644,98.08374934433456,30.4
76005449055923,10.023679,42809.0,10.0,-0.2466243,-0.07058273999999999,-0.96653388,0.9999966048563624,0.0,0.0,0.0,-2.4124358999999997,0.6962721499999999,9.473223899999999,-0.6465,-0.1175,0.0541,-0.7518,4.176705237321635,-14.277845148024644,98.08374934433456,30.4
76005459008273,9.95235,42819.0,10.0,-0.2466243,-0.07058273999999999,-0.96653388,0.9999966048563624,0.0,0.0,0.0,-2.40262925,0.6962721499999999,9.483030549999999,-0.6465,-0.1175,0.0541,-0.7518,4.176705237321635,-14.277845148024644,98.08374934433456,30.4
76005469008516,10.000243,42829.0,10.0,-0.2466243,-0.07058273999999999,-0.96653388,0.9999966048563624,0.0,0.0,0.0,-2.42224255,0.6864655000000001,9.46341725,-0.6465,-0.1175,0.0541,-0.7518,4.176705237321635,-14.277845148024644,98.08374934433456,30.4
76005479055513,10.046997,42839.0,10.0,-0.2466243,-0.07058273999999999,-0.96653388,0.9999966048563624,0.0,0.0,0.0,-2.4124358999999997,0.6962721499999999,9.492837199999999,-0.6465,-0.1175,0.0541,-0.7518,4.176705237321635,-14.277845148024644,98.08374934433456,30.4
76005489032666,9.977153,42849.0,10.0,-0.2466243,-0.07058273999999999,-0.96653388,0.9999966048563624,0.0,0.0,0.0,-2.4320492,0.6962721499999999,9.483030549999999,-0.6465,-0.1175,0.0541,-0.7518,4.176705237321635,-14.277845148024644,98.08374934433456,30.4
76005499028967,9.996301,42859.0,10.0,-0.2466243,-0.07058273999999999,-0.96653388,0.9999966048563624,0.0,0.0,0.0,-2.4320492,0.6864655000000001,9.473223899999999,-0.6465,-0.1175,0.0541,-0.7518,4.176705237321635,-14.277845148024644,98.08374934433456,30.4
76005509084150,10.055183,42869.0,10.0,-0.2466243,-0.07058273999999999,-0.96653388,0.9999966048563624,0.0,0.0,0.0,-2.4124358999999997,0.6864655000000001,9.46341725,-0.6465,-0.1175,0.0541,-0.7518,4.176705237321635,-14.277845148024644,98.08374934433456,30.4
76005519101393,10.017243,42879.0,10.0,-0.2466243,-0.07058273999999999,-0.96653388,0.9999966048563624,0.0,0.0,0.0,-2.42224255,0.6962721499999999,9.483030549999999,-0.6465,-0.1175,0.0541,-0.7518,4.176705237321635,-14.277845148024644,98.08374934433456,30.4
76005529074630,9.973237,42889.0,10.0,-0.2466243,-0.07058273999999999,-0.96653388,0.9999966048563624,0.0,0.0,0.0,-2.42224255,0.67665885,9.473223899999999,-0.6465,-0.1175,0.0541,-0.7518,4.176705237321635,-14.277845148024644,98.08374934433456,30.4
76005539095422,10.020792,42899.0,10.0,-0.2466243,-0.07058273999999999,-0.96653388,0.9999966048563624,0.0,0.0,0.0,-2.42224255,0.6864655000000001,9.473223899999999,-0.6465,-0.1175,0.0541,-0.7518,4.176705237321635,-14.277845148024644,98.08374934433456,30.4
76005549102753,10.007331,42909.0,10.0,-0.2466243,-0.07058273999999999,-0.96653388,0.9999966048563624,0.0,0.0,0.0,-2.42224255,0.6962721499999999,9.473223899999999,-0.6465,-0.1175,0.0541,-0.7518,4.176705237321635,-14.277845148024644,98.08374934433456,30.4
76005559045816,9.943063,42919.0,10.0,-0.2466478,-0.07057191999999998,-0.96653388,1.0000016371612503,0.0,0.0,0.0,-2.42224255,0.6962721499999999,9.492837199999999,-0.6465,-0.1175,0.0541,-0.7519,4.176067233511821,-14.27923451904686,98.1002771729469,30.4
76005569101373,10.055557,42929.0,10.0,-0.2466243,-0.07058273999999999,-0.96653388,0.9999966048563624,0.0,0.0,0.0,-2.42224255,0.6962721499999999,9.483030549999999,-0.6465,-0.1175,0.0541,-0.7518,4.176705237321635,-14.277845148024644,98.08374934433456,30.4
76005578974324,9.872951,42939.0,10.0,-0.2466243,-0.07058273999999999,-0.96653388,0.9999966048563624,0.0,0.0,0.0,-2.4124358999999997,0.6962721499999999,9.483030549999999,-0.6465,-0.1175,0.0541,-0.7518,4.176705237321635,-14.277845148024644,98.08374934433456,30.4
76005589021803,10.047479,42949.0,10.0,-0.2466243,-0.07058273999999999,-0.96653388,0.9999966048563624,0.0,0.0,0.0,-2.42224255,0.6864655000000001,9.46341725,-0.6465,-0.1175,0.0541,-0.7518,4.176705237321635,-14.277845148024644,98.08374934433456,30.4
76005599020480,9.998677,42959.0,10.0,-0.2466243,-0.07058273999999999,-0.96653388,0.9999966048563624,0.0,0.0,0.0,-2.42224255,0.6864655000000001,9.483030549999999,-0.6465,-0.1175,0.0541,-0.7518,4.176705237321635,-14.277845148024644,98.08374934433456,30.4
76005609102409,10.081929,42969.0,10.0,-0.2466243,-0.07058273999999999,-0.96653388,0.9999966048563624,0.0,0.0,0.0,-2.42224255,0.6962721499999999,9.483030549999999,-0.6465,-0.1175,0.0541,-0.7518,4.176705237321635,-14.277845148024644,98.08374934433456,30.4
76005619037603,9.935194,42979.0,10.0,-0.2466243,-0.07058273999999999,-0.96653388,0.9999966048563624,0.0,0.0,0.0,-2.42224255,0.6962721499999999,9.483030549999999,-0.6465,-0.1175,0.0541,-0.7518,4.176705237321635,-14.277845148024644,98.08374934433456,30.4
76005629021416,9.983813,42989.0,10.0,-0.2466243,-0.07058273999999999,-0.96653388,0.9999966048563624,0.0,0.0,0.0,-2.4124358999999997,0.6864655000000001,9.473223899999999,-0.6465,-0.1175,0.0541,-0.7518,4.176705237321635,-14.277845148024644,98.08374934433456,30.3
76005639051296,10.02988,42999.0,10.0,-0.2466243,-0.07058273999999999,-0.96653388,0.9999966048563624,0.0,0.0,0.0,-2.42224255,0.6962721499999999,9.483030549999999,-0.6465,-0.1175,0.0541,-0.7518,4.176705237321635,-14.277845148024644,98.08374934433456,30.3
76005649104107,10.052811,43009.0,10.0,-0.2466243,-0.07058273999999999,-0.96653388,0.9999966048563624,0.0,0.0,0.0,-2.4124358999999997,0.7060787999999999,9.483030549999999,-0.6465,-0.1175,0.0541,-0.7518,4.176705237321635,-14.277845148024644,98.08374934433456,30.4
76005659056107,9.952,43019.0,10.0,-0.2466243,-0.07058273999999999,-0.96653388,0.9999966048563624,0.0,0.0,0.0,-2.4124358999999997,0.6962721499999999,9.483030549999999,-0.6465,-0.1175,0.0541,-0.7518,4.176705237321635,-14.277845148024644,98.08374934433456,30.4
76005669067413,10.011306,43029.0,10.0,-0.2466243,-0.07058273999999999,-0.96653388,0.9999966048563624,0.0,0.0,0.0,-2.42224255,0.67665885,9.473223899999999,-0.6465,-0.1175,0.0541,-0.7518,4.176705237321635,-14.277845148024644,98.08374934433456,30.4
76005679094769,10.027356,43039.0,10.0,-0.2466243,-0.07058273999999999,-0.96653388,0.9999966048563624,0.0,0.0,0.0,-2.42224255,0.6962721499999999,9.473223899999999,-0.6465,-0.1175,0.0541,-0.7518,4.176705237321635,-14.277845148024644,98.08374934433456,30.4
76005689103559,10.00879,43049.0,10.0,-0.2466243,-0.07058273999999999,-0.96653388,0.9999966048563624,0.0,0.0,0.0,-2.4320492,0.6962721499999999,9.483030549999999,-0.6465,-0.1175,0.0541,-0.7518,4.176705237321635,-14.277845148024644,98.08374934433456,30.4
76005699065764,9.962205,43059.0,10.0,-0.2466243,-0.07058273999999999,-0.96653388,0.9999966048563624,0.0,0.0,0.0,-2.4124358999999997,0.6864655000000001,9.473223899999999,-0.6465,-0.1175,0.0541,-0.7518,4.176705237321635,-14.277845148024644,98.08374934433456,30.4
76005709088653,10.022889,43069.0,10.0,-0.2466243,-0.07058273999999999,-0.96653388,0.9999966048563624,0.0,0.0,0.0,-2.42224255,0.67665885,9.483030549999999,-0.6465,-0.1175,0.0541,-0.7518,4.176705237321635,-14.277845148024644,98.08374934433456,30.4
76005719140468,10.051815,43079.0,10.0,-0.2466243,-0.07058273999999999,-0.96653388,0.9999966048563624,0.0,0.0,0.0,-2.4124358999999997,0.6962721499999999,9.483030549999999,-0.6465,-0.1175,0.0541,-0.7518,4.176705237321635,-14.277845148024644,98.08374934433456,30.4
76005729113551,9.973083,43089.0,10.0,-0.2466243,-0.07058273999999999,-0.96653388,0.9999966048563624,0.0,0.0,0.0,-2.42224255,0.67665885,9.483030549999999,-0.6465,-0.1175,0.0541,-0.7518,4.176705237321635,-14.277845148024644,98.08374934433456,30.3
76005739108351,9.9948,43099.0,10.0,-0.2466243,-0.07058273999999999,-0.96653388,0.9999966048563624,0.0,0.0,0.0,-2.42224255,0.6864655000000001,9.483030549999999,-0.6465,-0.1175,0.0541,-0.7518,4.176705237321635,-14.277845148024644,98.08374934433456,30.4
76005749093781,9.98543,43109.0,10.0,-0.2466243,-0.07058273999999999,-0.96653388,0.9999966048563624,0.0,0.0,0.0,-2.4320492,0.6962721499999999,9.473223899999999,-0.6465,-0.1175,0.0541,-0.7518,4.176705237321635,-14.277845148024644,98.08374934433456,30.4
76005759094643,10.000862,43119.0,10.0,-0.2466243,-0.07058273999999999,-0.96653388,0.9999966048563624,0.0,0.0,0.0,-2.42224255,0.6864655000000001,9.483030549999999,-0.6465,-0.1175,0.0541,-0.7518,4.176705237321635,-14.277845148024644,98.08374934433456,30.4
76005769094798,10.000155,43129.0,10.0,-0.2466243,-0.07058273999999999,-0.96653388,0.9999966048563624,0.0,0.0,0.0,-2.42224255,0.6864655000000001,9.483030549999999,-0.6465,-0.1175,0.0541,-0.7518,4.176705237321635,-14.277845148024644,98.08374934433456,30.4
76005779105903,10.011105,43139.0,10.0,-0.2466243,-0.07058273999999999,-0.96653388,0.9999966048563624,0.0,0.0,0.0,-2.42224255,0.6962721499999999,9.492837199999999,-0.6465,-0.1175,0.0541,-0.7518,4.176705237321635,-14.277845148024644,98.08374934433456,30.3
76005789197112,10.091209,43149.0,10.0,-0.2466243,-0.07058273999999999,-0.96653388,0.9999966048563624,0.0,0.0,0.0,-2.4124358999999997,0.6962721499999999,9.483030549999999,-0.6465,-0.1175,0.0541,-0.7518,4.176705237321635,-14.277845148024644,98.08374934433456,30.4
76005799249919,10.052807,43159.0,10.0,-0.2466243,-0.07058273999999999,-0.96653388,0.9999966048563624,0.0,0.0,0.0,-2.4320492,0.6962721499999999,9.483030549999999,-0.6465,-0.1175,0.0541,-0.7518,4.176705237321635,-14.277845148024644,98.08374934433456,30.4
76005809242771,9.992852,43169.0,10.0,-0.2466243,-0.07058273999999999,-0.96653388,0.9999966048563624,0.0,0.0,0.0,-2.42224255,0.6864655000000001,9.473223899999999,-0.6465,-0.1175,0.0541,-0.7518,4.176705237321635,-14.277845148024644,98.08374934433456,30.4
76005819127066,9.884295,43179.0,10.0,-0.2466243,-0.07058273999999999,-0.96653388,0.9999966048563624,0.0,0.0,0.0,-2.4124358999999997,0.6864655000000001,9.483030549999999,-0.6465,-0.1175,0.0541,-0.7518,4.176705237321635,-14.277845148024644,98.08374934433456,30.4
76005829130454,10.003388,43189.0,10.0,-0.2466243,-0.07058273999999999,-0.96653388,0.9999966048563624,0.0,0.0,0.0,-2.42224255,0.6962721499999999,9.483030549999999,-0.6465,-0.1175,0.0541,-0.7518,4.176705237321635,-14.277845148024644,98.08374934433456,30.4
76005838988864,9.85841,43199.0,10.0,-0.2466478,-0.07057191999999998,-0.96653388,1.0000016371612503,0.0,0.0,0.0,-2.42224255,0.6962721499999999,9.473223899999999,-0.6465,-0.1175,0.0541,-0.7519,4.176067233511821,-14.27923451904686,98.1002771729469,30.4
76005849032443,10.043579,43209.0,10.0,-0.2466243,-0.07058273999999999,-0.96653388,0.9999966048563624,0.0,0.0,0.0,-2.42224255,0.6864655000000001,9.473223899999999,-0.6465,-0.1175,0.0541,-0.7518,4.176705237321635,-14.277845148024644,98.08374934433456,30.4
76005859117214,10.084771,43219.0,10.0,-0.2466243,-0.07058273999999999,-0.96653388,0.9999966048563624,0.0,0.0,0.0,-2.4124358999999997,0.6962721499999999,9.492837199999999,-0.6465,-0.1175,0.0541,-0.7518,4.176705237321635,-14.277845148024644,98.08374934433456,30.4
76005868991338,9.874124,43229.0,10.0,-0.2466243,-0.07058273999999999,-0.96653388,0.9999966048563624,0.0,0.0,0.0,-2.42224255,0.6962721499999999,9.483030549999999,-0.6465,-0.1175,0.0541,-0.7518,4.176705237321635,-14.277845148024644,98.08374934433456,30.4
76005879088394,10.097056,43239.0,10.0,-0.2466243,-0.07058273999999999,-0.96653388,0.9999966048563624,0.0,0.0,0.0,-2.4320492,0.6864655000000001,9.473223899999999,-0.6465,-0.1175,0.0541,-0.7518,4.176705237321635,-14.277845148024644,98.08374934433456,30.4
76005888990928,9.902534,43249.0,10.0,-0.2466243,-0.07058273999999999,-0.96653388,0.9999966048563624,0.0,0.0,0.0,-2.40262925,0.6962721499999999,9.483030549999999,-0.6465,-0.1175,0.0541,-0.7518,4.176705237321635,-14.277845148024644,98.08374934433456,30.3
76005899010231,10.019303,43259.0,10.0,-0.2466478,-0.07057191999999998,-0.96653388,1.0000016371612503,0.0,0.0,0.0,-2.42224255,0.6962721499999999,9.483030549999999,-0.6465,-0.1175,0.0541,-0.7519,4.176067233511821,-14.27923451904686,98.1002771729469,30.3
76005909090056,10.079825,43269.0,10.0,-0.2466478,-0.07057191999999998,-0.96653388,1.0000016371612503,0.0,0.0,0.0,-2.42224255,0.6962721499999999,9.483030549999999,-0.6465,-0.1175,0.0541,-0.7519,4.176067233511821,-14.27923451904686,98.1002771729469,30.4
76005919105934,10.015878,43279.0,10.0,-0.2466243,-0.07058273999999999,-0.96653388,0.9999966048563624,0.0,0.0,0.0,-2.42224255,0.6962721499999999,9.492837199999999,-0.6465,-0.1175,0.0541,-0.7518,4.176705237321635,-14.277845148024644,98.08374934433456,30.4
76005929052720,9.946786,43289.0,10.0,-0.2466478,-0.07057191999999998,-0.96653388,1.0000016371612503,0.0,0.0,0.0,-2.42224255,0.6962721499999999,9.483030549999999,-0.6465,-0.1175,0.0541,-0.7519,4.176067233511821,-14.27923451904686,98.1002771729469,30.4
76005939065328,10.012608,43299.0,10.0,-0.2466243,-0.07058273999999999,-0.96653388,0.9999966048563624,0.0,0.0,0.0,-2.42224255,0.6962721499999999,9.483030549999999,-0.6465,-0.1175,0.0541,-0.7518,4.176705237321635,-14.277845148024644,98.08374934433456,30.4
76005949076881,10.011553,43309.0,10.0,-0.2466243,-0.07058273999999999,-0.96653388,0.9999966048563624,0.0,0.0,0.0,-2.42224255,0.6962721499999999,9.483030549999999,-0.6465,-0.1175,0.0541,-0.7518,4.176705237321635,-14.277845148024644,98.08374934433456,30.4
76005959096955,10.020074,43319.0,10.0,-0.2466243,-0.07058273999999999,-0.96653388,0.9999966048563624,0.0,0.0,0.0,-2.4124358999999997,0.6962721499999999,9.483030549999999,-0.6465,-0.1175,0.0541,-0.7518,4.176705237321635,-14.277845148024644,98.08374934433456,30.4
76005969093092,9.996137,43329.0,10.0,-0.2466243,-0.07058273999999999,-0.96653388,0.9999966048563624,0.0,0.0,0.0,-2.42224255,0.7060787999999999,9.473223899999999,-0.6465,-0.1175,0.0541,-0.7518,4.176705237321635,-14.277845148024644,98.08374934433456,30.4
76005979101743,10.008651,43339.0,10.0,-0.2466243,-0.07058273999999999,-0.96653388,0.9999966048563624,0.0,0.0,0.0,-2.42224255,0.6864655000000001,9.483030549999999,-0.6465,-0.1175,0.0541,-0.7518,4.176705237321635,-14.277845148024644,98.08374934433456,30.4
76005989128333,10.02659,43349.0,10.0,-0.2466243,-0.07058273999999999,-0.96653388,0.9999966048563624,0.0,0.0,0.0,-2.42224255,0.6962721499999999,9.473223899999999,-0.6465,-0.1175,0.0541,-0.7518,4.176705237321635,-14.277845148024644,98.08374934433456,30.4
76005999057150,9.928817,43359.0,10.0,-0.2466243,-0.07058273999999999,-0.96653388,0.9999966048563624,0.0,0.0,0.0,-2.42224255,0.6864655000000001,9.483030549999999,-0.6465,-0.1175,0.0541,-0.7518,4.176705237321635,-14.277845148024644,98.08374934433456,30.4
76006009070306,10.013156,43369.0,10.0,-0.2466243,-0.07058273999999999,-0.96653388,0.9999966048563624,0.0,0.0,0.0,-2.42224255,0.6962721499999999,9.473223899999999,-0.6465,-0.1175,0.0541,-0.7518,4.176705237321635,-14.277845148024644,98.08374934433456,30.4
76006019095917,10.025611,43379.0,10.0,-0.2466243,-0.07058273999999999,-0.96653388,0.9999966048563624,0.0,0.0,0.0,-2.42224255,0.67665885,9.483030549999999,-0.6465,-0.1175,0.0541,-0.7518,4.176705237321635,-14.277845148024644,98.08374934433456,30.4
76006029079415,9.983498,43389.0,10.0,-0.2466243,-0.07058273999999999,-0.96653388,0.9999966048563624,0.0,0.0,0.0,-2.4124358999999997,0.6962721499999999,9.473223899999999,-0.6465,-0.1175,0.0541,-0.7518,4.176705237321635,-14.277845148024644,98.08374934433456,30.4
76006039087294,10.007879,43399.0,10.0,-0.2466243,-0.07058273999999999,-0.96653388,0.9999966048563624,0.0,0.0,0.0,-2.4124358999999997,0.6864655000000001,9.473223899999999,-0.6465,-0.1175,0.0541,-0.7518,4.176705237321635,-14.277845148024644,98.08374934433456,30.4
76006049112637,10.025343,43409.0,10.0,-0.2466243,-0.07058273999999999,-0.96653388,0.9999966048563624,0.0,0.0,0.0,-2.42224255,0.6864655000000001,9.483030549999999,-0.6465,-0.1175,0.0541,-0.7518,4.176705237321635,-14.277845148024644,98.08374934433456,30.4
76006059187162,10.074525,43419.0,10.0,-0.2466243,-0.07058273999999999,-0.96653388,0.9999966048563624,0.0,0.0,0.0,-2.42224255,0.67665885,9.483030549999999,-0.6465,-0.1175,0.0541,-0.7518,4.176705237321635,-14.277845148024644,98.08374934433456,30.4
76006069108781,9.921619,43429.0,10.0,-0.2466243,-0.07058273999999999,-0.96653388,0.9999966048563624,0.0,0.0,0.0,-2.4124358999999997,0.6962721499999999,9.483030549999999,-0.6465,-0.1175,0.0541,-0.7518,4.176705237321635,-14.277845148024644,98.08374934433456,30.4
76006079210195,10.101414,43439.0,10.0,-0.2466243,-0.07058273999999999,-0.96653388,0.9999966048563624,0.0,0.0,0.0,-2.42224255,0.6962721499999999,9.473223899999999,-0.6465,-0.1175,0.0541,-0.7518,4.176705237321635,-14.277845148024644,98.08374934433456,30.4
76006089113853,9.903658,43449.0,10.0,-0.2466243,-0.07058273999999999,-0.96653388,0.9999966048563624,0.0,0.0,0.0,-2.42224255,0.6962721499999999,9.473223899999999,-0.6465,-0.1175,0.0541,-0.7518,4.176705237321635,-14.277845148024644,98.08374934433456,30.4
76006099082376,9.968523,43459.0,10.0,-0.2466243,-0.07058273999999999,-0.96653388,0.9999966048563624,0.0,0.0,0.0,-2.42224255,0.6864655000000001,9.473223899999999,-0.6465,-0.1175,0.0541,-0.7518,4.176705237321635,-14.277845148024644,98.08374934433456,30.4
76006109105877,10.023501,43469.0,10.0,-0.2466243,-0.07058273999999999,-0.96653388,0.9999966048563624,0.0,0.0,0.0,-2.42224255,0.6864655000000001,9.483030549999999,-0.6465,-0.1175,0.0541,-0.7518,4.176705237321635,-14.277845148024644,98.08374934433456,30.4
76006119088613,9.982736,43479.0,10.0,-0.2466243,-0.07058273999999999,-0.96653388,0.9999966048563624,0.0,0.0,0.0,-2.4124358999999997,0.6962721499999999,9.483030549999999,-0.6465,-0.1175,0.0541,-0.7518,4.176705237321635,-14.277845148024644,98.08374934433456,30.4
76006129062428,9.973815,43489.0,10.0,-0.2466243,-0.07058273999999999,-0.96653388,0.9999966048563624,0.0,0.0,0.0,-2.4124358999999997,0.6962721499999999,9.483030549999999,-0.6465,-0.1175,0.0541,-0.7518,4.176705237321635,-14.277845148024644,98.08374934433456,30.4
76006139058310,9.995882,43499.0,10.0,-0.2466243,-0.07058273999999999,-0.96653388,0.9999966048563624,0.0,0.0,0.0,-2.4320492,0.6864655000000001,9.473223899999999,-0.6465,-0.1175,0.0541,-0.7518,4.176705237321635,-14.277845148024644,98.08374934433456,30.3
76006149078687,10.020377,43509.0,10.0,-0.2466243,-0.07058273999999999,-0.96653388,0.9999966048563624,0.0,0.0,0.0,-2.42224255,0.6962721499999999,9.483030549999999,-0.6465,-0.1175,0.0541,-0.7518,4.176705237321635,-14.277845148024644,98.08374934433456,30.4
76006159116915,10.038228,43519.0,10.0,-0.2466243,-0.07058273999999999,-0.96653388,0.9999966048563624,0.0,0.0,0.0,-2.4124358999999997,0.6864655000000001,9.483030549999999,-0.6465,-0.1175,0.0541,-0.7518,4.176705237321635,-14.277845148024644,98.08374934433456,30.4
76006169108135,9.99122,43529.0,10.0,-0.2466243,-0.07058273999999999,-0.96653388,0.9999966048563624,0.0,0.0,0.0,-2.4124358999999997,0.6962721499999999,9.473223899999999,-0.6465,-0.1175,0.0541,-0.7518,4.176705237321635,-14.277845148024644,98.08374934433456,30.4
76006179063773,9.955638,43539.0,10.0,-0.2466243,-0.07058273999999999,-0.96653388,0.9999966048563624,0.0,0.0,0.0,-2.4124358999999997,0.6962721499999999,9.492837199999999,-0.6465,-0.1175,0.0541,-0.7518,4.176705237321635,-14.277845148024644,98.08374934433456,30.4
76006189106857,10.043084,43549.0,10.0,-0.2466243,-0.07058273999999999,-0.96653388,0.9999966048563624,0.0,0.0,0.0,-2.40262925,0.7060787999999999,9.483030549999999,-0.6465,-0.1175,0.0541,-0.7518,4.176705237321635,-14.277845148024644,98.08374934433456,30.4
76006199092507,9.98565,43559.0,10.0,-0.2466243,-0.07058273999999999,-0.96653388,0.9999966048563624,0.0,0.0,0.0,-2.42224255,0.7060787999999999,9.483030549999999,-0.6465,-0.1175,0.0541,-0.7518,4.176705237321635,-14.277845148024644,98.08374934433456,30.3
76006209108118,10.015611,43569.0,10.0,-0.2466243,-0.07058273999999999,-0.96653388,0.9999966048563624,0.0,0.0,0.0,-2.42224255,0.6864655000000001,9.483030549999999,-0.6465,-0.1175,0.0541,-0.7518,4.176705237321635,-14.277845148024644,98.08374934433456,30.4
76006219101049,9.992931,43579.0,10.0,-0.2466243,-0.07058273999999999,-0.96653388,0.9999966048563624,0.0,0.0,0.0,-2.42224255,0.6962721499999999,9.483030549999999,-0.6465,-0.1175,0.0541,-0.7518,4.176705237321635,-14.277845148024644,98.08374934433456,30.4
76006229090745,9.989696,43589.0,10.0,-0.2466243,-0.07058273999999999,-0.96653388,0.9999966048563624,0.0,0.0,0.0,-2.42224255,0.6962721499999999,9.473223899999999,-0.6465,-0.1175,0.0541,-0.7518,4.176705237321635,-14.277845148024644,98.08374934433456,30.4
76006239056957,9.966212,43599.0,10.0,-0.2466243,-0.07058273999999999,-0.96653388,0.9999966048563624,0.0,0.0,0.0,-2.4124358999999997,0.6962721499999999,9.492837199999999,-0.6465,-0.1175,0.0541,-0.7518,4.176705237321635,-14.277845148024644,98.08374934433456,30.4
76006249099305,10.042348,43609.0,10.0,-0.2466243,-0.07058273999999999,-0.96653388,0.9999966048563624,0.0,0.0,0.0,-2.4320492,0.6864655000000001,9.483030549999999,-0.6465,-0.1175,0.0541,-0.7518,4.176705237321635,-14.277845148024644,98.08374934433456,30.4
76006259103281,10.003976,43619.0,10.0,-0.2466243,-0.07058273999999999,-0.96653388,0.9999966048563624,0.0,0.0,0.0,-2.42224255,0.6962721499999999,9.492837199999999,-0.6465,-0.1175,0.0541,-0.7518,4.176705237321635,-14.277845148024644,98.08374934433456,30.4
76006269123510,10.020229,43629.0,10.0,-0.2466243,-0.07058273999999999,-0.96653388,0.9999966048563624,0.0,0.0,0.0,-2.42224255,0.6962721499999999,9.483030549999999,-0.6465,-0.1175,0.0541,-0.7518,4.176705237321635,-14.277845148024644,98.08374934433456,30.4
76006279061958,9.938448,43639.0,10.0,-0.2466243,-0.07058273999999999,-0.96653388,0.9999966048563624,0.0,0.0,0.0,-2.42224255,0.6962721499999999,9.483030549999999,-0.6465,-0.1175,0.0541,-0.7518,4.176705237321635,-14.277845148024644,98.08374934433456,30.3
76006289109314,10.047356,43649.0,10.0,-0.2466243,-0.07058273999999999,-0.96653388,0.9999966048563624,0.0,0.0,0.0,-2.4320492,0.6864655000000001,9.483030549999999,-0.6465,-0.1175,0.0541,-0.7518,4.176705237321635,-14.277845148024644,98.08374934433456,30.4
76006299109633,10.000319,43659.0,10.0,-0.2466243,-0.07058273999999999,-0.96653388,0.9999966048563624,0.0,0.0,0.0,-2.4124358999999997,0.6864655000000001,9.483030549999999,-0.6465,-0.1175,0.0541,-0.7518,4.176705237321635,-14.277845148024644,98.08374934433456,30.4
76006309105574,9.995941,43669.0,10.0,-0.2466243,-0.07058273999999999,-0.96653388,0.9999966048563624,0.0,0.0,0.0,-2.4124358999999997,0.6864655000000001,9.473223899999999,-0.6465,-0.1175,0.0541,-0.7518,4.176705237321635,-14.277845148024644,98.08374934433456,30.4
76006319102555,9.996981,43679.0,10.0,-0.2466243,-0.07058273999999999,-0.96653388,0.9999966048563624,0.0,0.0,0.0,-2.4124358999999997,0.6864655000000001,9.483030549999999,-0.6465,-0.1175,0.0541,-0.7518,4.176705237321635,-14.277845148024644,98.08374934433456,30.4
76006329056113,9.953558,43689.0,10.0,-0.2466243,-0.07058273999999999,-0.96653388,0.9999966048563624,0.0,0.0,0.0,-2.4124358999999997,0.6864655000000001,9.483030549999999,-0.6465,-0.1175,0.0541,-0.7518,4.176705237321635,-14.277845148024644,98.08374934433456,30.4
76006339069638,10.013525,43699.0,10.0,-0.2466243,-0.07058273999999999,-0.96653388,0.9999966048563624,0.0,0.0,0.0,-2.42224255,0.67665885,9.46341725,-0.6465,-0.1175,0.0541,-0.7518,4.176705237321635,-14.277845148024644,98.08374934433456,30.3
76006349087927,10.018289,43709.0,10.0,-0.2466243,-0.07058273999999999,-0.96653388,0.9999966048563624,0.0,0.0,0.0,-2.4320492,0.7060787999999999,9.473223899999999,-0.6465,-0.1175,0.0541,-0.7518,4.176705237321635,-14.277845148024644,98.08374934433456,30.4
76006359095521,10.007594,43719.0,10.0,-0.2466243,-0.07058273999999999,-0.96653388,0.9999966048563624,0.0,0.0,0.0,-2.42224255,0.6962721499999999,9.473223899999999,-0.6465,-0.1175,0.0541,-0.7518,4.176705237321635,-14.277845148024644,98.08374934433456,30.4
76006369082672,9.987151,43729.0,10.0,-0.2466243,-0.07058273999999999,-0.96653388,0.9999966048563624,0.0,0.0,0.0,-2.42224255,0.6864655000000001,9.483030549999999,-0.6465,-0.1175,0.0541,-0.7518,4.176705237321635,-14.277845148024644,98.08374934433456,30.4
76006379087800,10.005128,43739.0,10.0,-0.2466243,-0.07058273999999999,-0.96653388,0.9999966048563624,0.0,0.0,0.0,-2.42224255,0.7060787999999999,9.473223899999999,-0.6465,-0.1175,0.0541,-0.7518,4.176705237321635,-14.277845148024644,98.08374934433456,30.4
76006389093444,10.005644,43749.0,10.0,-0.2466243,-0.07058273999999999,-0.96653388,0.9999966048563624,0.0,0.0,0.0,-2.4320492,0.6864655000000001,9.473223899999999,-0.6465,-0.1175,0.0541,-0.7518,4.176705237321635,-14.277845148024644,98.08374934433456,30.4
76006399075505,9.982061,43759.0,10.0,-0.2466243,-0.07058273999999999,-0.96653388,0.9999966048563624,0.0,0.0,0.0,-2.42224255,0.6864655000000001,9.483030549999999,-0.6465,-0.1175,0.0541,-0.7518,4.176705237321635,-14.277845148024644,98.08374934433456,30.4
76006409053120,9.977615,43769.0,10.0,-0.2466243,-0.07058273999999999,-0.96653388,0.9999966048563624,0.0,0.0,0.0,-2.42224255,0.6962721499999999,9.483030549999999,-0.6465,-0.1175,0.0541,-0.7518,4.176705237321635,-14.277845148024644,98.08374934433456,30.4
76006419113728,10.060608,43779.0,10.0,-0.2466243,-0.07058273999999999,-0.96653388,0.9999966048563624,0.0,0.0,0.0,-2.4124358999999997,0.6864655000000001,9.473223899999999,-0.6465,-0.1175,0.0541,-0.7518,4.176705237321635,-14.277845148024644,98.08374934433456,30.4
76006429086849,9.973121,43789.0,10.0,-0.2466243,-0.07058273999999999,-0.96653388,0.9999966048563624,0.0,0.0,0.0,-2.42224255,0.6864655000000001,9.473223899999999,-0.6465,-0.1175,0.0541,-0.7518,4.176705237321635,-14.277845148024644,98.08374934433456,30.4
76006439078569,9.99172,43799.0,10.0,-0.2466243,-0.07058273999999999,-0.96653388,0.9999966048563624,0.0,0.0,0.0,-2.4124358999999997,0.7060787999999999,9.473223899999999,-0.6465,-0.1175,0.0541,-0.7518,4.176705237321635,-14.277845148024644,98.08374934433456,30.4
76006449100012,10.021443,43809.0,10.0,-0.2466243,-0.07058273999999999,-0.96653388,0.9999966048563624,0.0,0.0,0.0,-2.42224255,0.6962721499999999,9.483030549999999,-0.6465,-0.1175,0.0541,-0.7518,4.176705237321635,-14.277845148024644,98.08374934433456,30.4
76006459078426,9.978414,43819.0,10.0,-0.2466243,-0.07058273999999999,-0.96653388,0.9999966048563624,0.0,0.0,0.0,-2.42224255,0.6962721499999999,9.473223899999999,-0.6465,-0.1175,0.0541,-0.7518,4.176705237321635,-14.277845148024644,98.08374934433456,30.4
76006469073643,9.995217,43829.0,10.0,-0.2466243,-0.07058273999999999,-0.96653388,0.9999966048563624,0.0,0.0,0.0,-2.42224255,0.6962721499999999,9.473223899999999,-0.6465,-0.1175,0.0541,-0.7518,4.176705237321635,-14.277845148024644,98.08374934433456,30.4
76006479092011,10.018368,43839.0,10.0,-0.2466243,-0.07058273999999999,-0.96653388,0.9999966048563624,0.0,0.0,0.0,-2.4124358999999997,0.6864655000000001,9.492837199999999,-0.6465,-0.1175,0.0541,-0.7518,4.176705237321635,-14.277845148024644,98.08374934433456,30.4
76006489082329,9.990318,43849.0,10.0,-0.2466243,-0.07058273999999999,-0.96653388,0.9999966048563624,0.0,0.0,0.0,-2.4320492,0.6962721499999999,9.473223899999999,-0.6465,-0.1175,0.0541,-0.7518,4.176705237321635,-14.277845148024644,98.08374934433456,30.4
76006499039664,9.957335,43859.0,10.0,-0.2466243,-0.07058273999999999,-0.96653388,0.9999966048563624,0.0,0.0,0.0,-2.42224255,0.6962721499999999,9.46341725,-0.6465,-0.1175,0.0541,-0.7518,4.176705237321635,-14.277845148024644,98.08374934433456,30.4
76006509064822,10.025158,43869.0,10.0,-0.2466243,-0.07058273999999999,-0.96653388,0.9999966048563624,0.0,0.0,0.0,-2.42224255,0.6864655000000001,9.473223899999999,-0.6465,-0.1175,0.0541,-0.7518,4.176705237321635,-14.277845148024644,98.08374934433456,30.4
76006519086661,10.021839,43879.0,10.0,-0.2466243,-0.07058273999999999,-0.96653388,0.9999966048563624,0.0,0.0,0.0,-2.42224255,0.6864655000000001,9.492837199999999,-0.6465,-0.1175,0.0541,-0.7518,4.176705237321635,-14.277845148024644,98.08374934433456,30.4
76006529085950,9.999289,43889.0,10.0,-0.2466243,-0.07058273999999999,-0.96653388,0.9999966048563624,0.0,0.0,0.0,-2.42224255,0.6864655000000001,9.483030549999999,-0.6465,-0.1175,0.0541,-0.7518,4.176705237321635,-14.277845148024644,98.08374934433456,30.4
76006539096791,10.010841,43899.0,10.0,-0.2466243,-0.07058273999999999,-0.96653388,0.9999966048563624,0.0,0.0,0.0,-2.4124358999999997,0.6962721499999999,9.492837199999999,-0.6465,-0.1175,0.0541,-0.7518,4.176705237321635,-14.277845148024644,98.08374934433456,30.4
76006549127133,10.030342,43909.0,10.0,-0.2466243,-0.07058273999999999,-0.96653388,0.9999966048563624,0.0,0.0,0.0,-2.42224255,0.6962721499999999,9.483030549999999,-0.6465,-0.1175,0.0541,-0.7518,4.176705237321635,-14.277845148024644,98.08374934433456,30.4
76006559119491,9.992358,43919.0,10.0,-0.2466243,-0.07058273999999999,-0.96653388,0.9999966048563624,0.0,0.0,0.0,-2.42224255,0.6962721499999999,9.473223899999999,-0.6465,-0.1175,0.0541,-0.7518,4.176705237321635,-14.277845148024644,98.08374934433456,30.4
76006569130178,10.010687,43929.0,10.0,-0.2466243,-0.07058273999999999,-0.96653388,0.9999966048563624,0.0,0.0,0.0,-2.42224255,0.6962721499999999,9.492837199999999,-0.6465,-0.1175,0.0541,-0.7518,4.176705237321635,-14.277845148024644,98.08374934433456,30.4
76006579179416,10.049238,43939.0,10.0,-0.2466243,-0.07058273999999999,-0.96653388,0.9999966048563624,0.0,0.0,0.0,-2.4124358999999997,0.6864655000000001,9.483030549999999,-0.6465,-0.1175,0.0541,-0.7518,4.176705237321635,-14.277845148024644,98.08374934433456,30.4
76006589151585,9.972169,43949.0,10.0,-0.2466243,-0.07058273999999999,-0.96653388,0.9999966048563624,0.0,0.0,0.0,-2.40262925,0.6962721499999999,9.483030549999999,-0.6465,-0.1175,0.0541,-0.7518,4.176705237321635,-14.277845148024644,98.08374934433456,30.4
76006599084217,9.932632,43959.0,10.0,-0.2466243,-0.07058273999999999,-0.96653388,0.9999966048563624,0.0,0.0,0.0,-2.42224255,0.6864655000000001,9.483030549999999,-0.6465,-0.1175,0.0541,-0.7518,4.176705237321635,-14.277845148024644,98.08374934433456,30.4
76006609105989,10.021772,43969.0,10.0,-0.2466243,-0.07058273999999999,-0.96653388,0.9999966048563624,0.0,0.0,0.0,-2.42224255,0.6962721499999999,9.473223899999999,-0.6465,-0.1175,0.0541,-0.7518,4.176705237321635,-14.277845148024644,98.08374934433456,30.4
76006619102512,9.996523,43979.0,10.0,-0.2466243,-0.07058273999999999,-0.96653388,0.9999966048563624,0.0,0.0,0.0,-2.4124358999999997,0.6962721499999999,9.483030549999999,-0.6465,-0.1175,0.0541,-0.7518,4.176705237321635,-14.277845148024644,98.08374934433456,30.4
76006629104579,10.002067,43989.0,10.0,-0.2466243,-0.07058273999999999,-0.96653388,0.9999966048563624,0.0,0.0,0.0,-2.42224255,0.6962721499999999,9.473223899999999,-0.6465,-0.1175,0.0541,-0.7518,4.176705237321635,-14.277845148024644,98.08374934433456,30.4
76006639084909,9.98033,43999.0,10.0,-0.2466243,-0.07058273999999999,-0.96653388,0.9999966048563624,0.0,0.0,0.0,-2.4124358999999997,0.6962721499999999,9.492837199999999,-0.6465,-0.1175,0.0541,-0.7518,4.176705237321635,-14.277845148024644,98.08374934433456,30.4
76006649064190,9.979281,44009.0,10.0,-0.2466243,-0.07058273999999999,-0.96653388,0.9999966048563624,0.0,0.0,0.0,-2.42224255,0.6962721499999999,9.483030549999999,-0.6465,-0.1175,0.0541,-0.7518,4.176705237321635,-14.277845148024644,98.08374934433456,30.4
76006659046743,9.982553,44019.0,10.0,-0.2466243,-0.07058273999999999,-0.96653388,0.9999966048563624,0.0,0.0,0.0,-2.4124358999999997,0.6962721499999999,9.473223899999999,-0.6465,-0.1175,0.0541,-0.7518,4.176705237321635,-14.277845148024644,98.08374934433456,30.4
76006669046369,9.999626,44029.0,10.0,-0.2466243,-0.07058273999999999,-0.96653388,0.9999966048563624,0.0,0.0,0.0,-2.40262925,0.6962721499999999,9.483030549999999,-0.6465,-0.1175,0.0541,-0.7518,4.176705237321635,-14.277845148024644,98.08374934433456,30.4
76006679164246,10.117877,44039.0,10.0,-0.2466243,-0.07058273999999999,-0.96653388,0.9999966048563624,0.0,0.0,0.0,-2.42224255,0.6962721499999999,9.483030549999999,-0.6465,-0.1175,0.0541,-0.7518,4.176705237321635,-14.277845148024644,98.08374934433456,30.4
76006689212025,10.047779,44049.0,10.0,-0.2466243,-0.07058273999999999,-0.96653388,0.9999966048563624,0.0,0.0,0.0,-2.42224255,0.6864655000000001,9.483030549999999,-0.6465,-0.1175,0.0541,-0.7518,4.176705237321635,-14.277845148024644,98.08374934433456,30.4
76006699132739,9.920714,44059.0,10.0,-0.2466243,-0.07058273999999999,-0.96653388,0.9999966048563624,0.0,0.0,0.0,-2.42224255,0.6962721499999999,9.483030549999999,-0.6465,-0.1175,0.0541,-0.7518,4.176705237321635,-14.277845148024644,98.08374934433456,30.4
76006709077089,9.94435,44069.0,10.0,-0.2466243,-0.07058273999999999,-0.96653388,0.9999966048563624,0.0,0.0,0.0,-2.42224255,0.6864655000000001,9.483030549999999,-0.6465,-0.1175,0.0541,-0.7518,4.176705237321635,-14.277845148024644,98.08374934433456,30.4
76006719092957,10.015868,44079.0,10.0,-0.2466243,-0.07058273999999999,-0.96653388,0.9999966048563624,0.0,0.0,0.0,-2.4124358999999997,0.6962721499999999,9.473223899999999,-0.6465,-0.1175,0.0541,-0.7518,4.176705237321635,-14.277845148024644,98.08374934433456,30.4
76006729092612,9.999655,44089.0,10.0,-0.2466243,-0.07058273999999999,-0.96653388,0.9999966048563624,0.0,0.0,0.0,-2.4124358999999997,0.6864655000000001,9.483030549999999,-0.6465,-0.1175,0.0541,-0.7518,4.176705237321635,-14.277845148024644,98.08374934433456,30.4
76006739081337,9.988725,44099.0,10.0,-0.2466243,-0.07058273999999999,-0.96653388,0.9999966048563624,0.0,0.0,0.0,-2.4124358999999997,0.6864655000000001,9.483030549999999,-0.6465,-0.1175,0.0541,-0.7518,4.176705237321635,-14.277845148024644,98.08374934433456,30.4
76006749077850,9.996513,44109.0,10.0,-0.2466243,-0.07058273999999999,-0.96653388,0.9999966048563624,0.0,0.0,0.0,-2.42224255,0.6864655000000001,9.473223899999999,-0.6465,-0.1175,0.0541,-0.7518,4.176705237321635,-14.277845148024644,98.08374934433456,30.4
76006759076581,9.998731,44119.0,10.0,-0.2466243,-0.07058273999999999,-0.96653388,0.9999966048563624,0.0,0.0,0.0,-2.4124358999999997,0.7060787999999999,9.483030549999999,-0.6465,-0.1175,0.0541,-0.7518,4.176705237321635,-14.277845148024644,98.08374934433456,30.4
76006769069583,9.993002,44129.0,10.0,-0.2466243,-0.07058273999999999,-0.96653388,0.9999966048563624,0.0,0.0,0.0,-2.42224255,0.6864655000000001,9.473223899999999,-0.6465,-0.1175,0.0541,-0.7518,4.176705237321635,-14.277845148024644,98.08374934433456,30.4
76006779152172,10.082589,44139.0,10.0,-0.2466243,-0.07058273999999999,-0.96653388,0.9999966048563624,0.0,0.0,0.0,-2.4124358999999997,0.6864655000000001,9.473223899999999,-0.6465,-0.1175,0.0541,-0.7518,4.176705237321635,-14.277845148024644,98.08374934433456,30.4
76006789090894,9.938722,44149.0,10.0,-0.2466243,-0.07058273999999999,-0.96653388,0.9999966048563624,0.0,0.0,0.0,-2.4320492,0.7060787999999999,9.473223899999999,-0.6465,-0.1175,0.0541,-0.7518,4.176705237321635,-14.277845148024644,98.08374934433456,30.4
76006799080273,9.989379,44159.0,10.0,-0.2466243,-0.07058273999999999,-0.96653388,0.9999966048563624,0.0,0.0,0.0,-2.42224255,0.6962721499999999,9.473223899999999,-0.6465,-0.1175,0.0541,-0.7518,4.176705237321635,-14.277845148024644,98.08374934433456,30.4
76006809094167,10.013894,44169.0,10.0,-0.2466243,-0.07058273999999999,-0.96653388,0.9999966048563624,0.0,0.0,0.0,-2.42224255,0.6864655000000001,9.483030549999999,-0.6465,-0.1175,0.0541,-0.7518,4.176705237321635,-14.277845148024644,98.08374934433456,30.4
76006819101324,10.007157,44179.0,10.0,-0.2466243,-0.07058273999999999,-0.96653388,0.9999966048563624,0.0,0.0,0.0,-2.42224255,0.6864655000000001,9.492837199999999,-0.6465,-0.1175,0.0541,-0.7518,4.176705237321635,-14.277845148024644,98.08374934433456,30.4
76006829111409,10.010085,44189.0,10.0,-0.2466243,-0.07058273999999999,-0.96653388,0.9999966048563624,0.0,0.0,0.0,-2.42224255,0.6864655000000001,9.483030549999999,-0.6465,-0.1175,0.0541,-0.7518,4.176705237321635,-14.277845148024644,98.08374934433456,30.4
76006839084956,9.973547,44199.0,10.0,-0.2466243,-0.07058273999999999,-0.96653388,0.9999966048563624,0.0,0.0,0.0,-2.4320492,0.6864655000000001,9.483030549999999,-0.6465,-0.1175,0.0541,-0.7518,4.176705237321635,-14.277845148024644,98.08374934433456,30.4
76006849093334,10.008378,44209.0,10.0,-0.2466243,-0.07058273999999999,-0.96653388,0.9999966048563624,0.0,0.0,0.0,-2.4320492,0.6864655000000001,9.483030549999999,-0.6465,-0.1175,0.0541,-0.7518,4.176705237321635,-14.277845148024644,98.08374934433456,30.4
76006859070743,9.977409,44219.0,10.0,-0.2466243,-0.07058273999999999,-0.96653388,0.9999966048563624,0.0,0.0,0.0,-2.4124358999999997,0.6962721499999999,9.473223899999999,-0.6465,-0.1175,0.0541,-0.7518,4.176705237321635,-14.277845148024644,98.08374934433456,30.4
76006869079518,10.008775,44229.0,10.0,-0.2466243,-0.07058273999999999,-0.96653388,0.9999966048563624,0.0,0.0,0.0,-2.4124358999999997,0.6864655000000001,9.483030549999999,-0.6465,-0.1175,0.0541,-0.7518,4.176705237321635,-14.277845148024644,98.08374934433456,30.4
76006879081825,10.002307,44239.0,10.0,-0.2466243,-0.07058273999999999,-0.96653388,0.9999966048563624,0.0,0.0,0.0,-2.42224255,0.6962721499999999,9.473223899999999,-0.6465,-0.1175,0.0541,-0.7518,4.176705237321635,-14.277845148024644,98.08374934433456,30.4
76006889113276,10.031451,44249.0,10.0,-0.2466243,-0.07058273999999999,-0.96653388,0.9999966048563624,0.0,0.0,0.0,-2.4320492,0.6962721499999999,9.483030549999999,-0.6465,-0.1175,0.0541,-0.7518,4.176705237321635,-14.277845148024644,98.08374934433456,30.4
76006899085323,9.972047,44259.0,10.0,-0.2466243,-0.07058273999999999,-0.96653388,0.9999966048563624,0.0,0.0,0.0,-2.4124358999999997,0.6864655000000001,9.473223899999999,-0.6465,-0.1175,0.0541,-0.7518,4.176705237321635,-14.277845148024644,98.08374934433456,30.4
76006909100846,10.015523,44269.0,10.0,-0.2466243,-0.07058273999999999,-0.96653388,0.9999966048563624,0.0,0.0,0.0,-2.42224255,0.6962721499999999,9.492837199999999,-0.6465,-0.1175,0.0541,-0.7518,4.176705237321635,-14.277845148024644,98.08374934433456,30.4
76006919080620,9.979774,44279.0,10.0,-0.2466243,-0.07058273999999999,-0.96653388,0.9999966048563624,0.0,0.0,0.0,-2.4124358999999997,0.6962721499999999,9.473223899999999,-0.6465,-0.1175,0.0541,-0.7518,4.176705237321635,-14.277845148024644,98.08374934433456,30.4
76006929013906,9.933286,44289.0,10.0,-0.2466243,-0.07058273999999999,-0.96653388,0.9999966048563624,0.0,0.0,0.0,-2.42224255,0.6962721499999999,9.473223899999999,-0.6465,-0.1175,0.0541,-0.7518,4.176705237321635,-14.277845148024644,98.08374934433456,30.4
76006939095217,10.081311,44299.0,10.0,-0.2466243,-0.07058273999999999,-0.96653388,0.9999966048563624,0.0,0.0,0.0,-2.42224255,0.6864655000000001,9.473223899999999,-0.6465,-0.1175,0.0541,-0.7518,4.176705237321635,-14.277845148024644,98.08374934433456,30.4
76006949094116,9.998899,44309.0,10.0,-0.2466243,-0.07058273999999999,-0.96653388,0.9999966048563624,0.0,0.0,0.0,-2.4124358999999997,0.6864655000000001,9.483030549999999,-0.6465,-0.1175,0.0541,-0.7518,4.176705237321635,-14.277845148024644,98.08374934433456,30.4
76006959084110,9.989994,44319.0,10.0,-0.2466243,-0.07058273999999999,-0.96653388,0.9999966048563624,0.0,0.0,0.0,-2.44185585,0.6962721499999999,9.483030549999999,-0.6465,-0.1175,0.0541,-0.7518,4.176705237321635,-14.277845148024644,98.08374934433456,30.4
76006969101729,10.017619,44329.0,10.0,-0.2466243,-0.07058273999999999,-0.96653388,0.9999966048563624,0.0,0.0,0.0,-2.42224255,0.6864655000000001,9.483030549999999,-0.6465,-0.1175,0.0541,-0.7518,4.176705237321635,-14.277845148024644,98.08374934433456,30.4
76006979125511,10.023782,44339.0,10.0,-0.2466243,-0.07058273999999999,-0.96653388,0.9999966048563624,0.0,0.0,0.0,-2.42224255,0.6962721499999999,9.473223899999999,-0.6465,-0.1175,0.0541,-0.7518,4.176705237321635,-14.277845148024644,98.08374934433456,30.4
76006989102832,9.977321,44349.0,10.0,-0.2466243,-0.07058273999999999,-0.96653388,0.9999966048563624,0.0,0.0,0.0,-2.4124358999999997,0.6962721499999999,9.483030549999999,-0.6465,-0.1175,0.0541,-0.7518,4.176705237321635,-14.277845148024644,98.08374934433456,30.3
76006999092205,9.989373,44359.0,10.0,-0.2466243,-0.07058273999999999,-0.96653388,0.9999966048563624,0.0,0.0,0.0,-2.42224255,0.6864655000000001,9.473223899999999,-0.6465,-0.1175,0.0541,-0.7518,4.176705237321635,-14.277845148024644,98.08374934433456,30.4
76007009117787,10.025582,44369.0,10.0,-0.2466243,-0.07058273999999999,-0.96653388,0.9999966048563624,0.0,0.0,0.0,-2.42224255,0.6962721499999999,9.483030549999999,-0.6465,-0.1175,0.0541,-0.7518,4.176705237321635,-14.277845148024644,98.08374934433456,30.4
76007019094373,9.976586,44379.0,10.0,-0.2466243,-0.07058273999999999,-0.96653388,0.9999966048563624,0.0,0.0,0.0,-2.4124358999999997,0.6962721499999999,9.473223899999999,-0.6465,-0.1175,0.0541,-0.7518,4.176705237321635,-14.277845148024644,98.08374934433456,30.4
76007029059799,9.965426,44389.0,10.0,-0.2466243,-0.07058273999999999,-0.96653388,0.9999966048563624,0.0,0.0,0.0,-2.4320492,0.6864655000000001,9.473223899999999,-0.6465,-0.1175,0.0541,-0.7518,4.176705237321635,-14.277845148024644,98.08374934433456,30.4
76007039079031,10.019232,44399.0,10.0,-0.2466243,-0.07058273999999999,-0.96653388,0.9999966048563624,0.0,0.0,0.0,-2.42224255,0.6962721499999999,9.483030549999999,-0.6465,-0.1175,0.0541,-0.7518,4.176705237321635,-14.277845148024644,98.08374934433456,30.4
76007049088809,10.009778,44409.0,10.0,-0.2466243,-0.07058273999999999,-0.96653388,0.9999966048563624,0.0,0.0,0.0,-2.4124358999999997,0.7060787999999999,9.46341725,-0.6465,-0.1175,0.0541,-0.7518,4.176705237321635,-14.277845148024644,98.08374934433456,30.4
76007059086527,9.997718,44419.0,10.0,-0.2466243,-0.07058273999999999,-0.96653388,0.9999966048563624,0.0,0.0,0.0,-2.4320492,0.6864655000000001,9.483030549999999,-0.6465,-0.1175,0.0541,-0.7518,4.176705237321635,-14.277845148024644,98.08374934433456,30.4
76007069100591,10.014064,44429.0,10.0,-0.2466243,-0.07058273999999999,-0.96653388,0.9999966048563624,0.0,0.0,0.0,-2.42224255,0.6962721499999999,9.483030549999999,-0.6465,-0.1175,0.0541,-0.7518,4.176705237321635,-14.277845148024644,98.08374934433456,30.4
76007079090638,9.990047,44439.0,10.0,-0.2466243,-0.07058273999999999,-0.96653388,0.9999966048563624,0.0,0.0,0.0,-2.4320492,0.6962721499999999,9.492837199999999,-0.6465,-0.1175,0.0541,-0.7518,4.176705237321635,-14.277845148024644,98.08374934433456,30.4
76007089093465,10.002827,44449.0,10.0,-0.2466243,-0.07058273999999999,-0.96653388,0.9999966048563624,0.0,0.0,0.0,-2.42224255,0.6962721499999999,9.483030549999999,-0.6465,-0.1175,0.0541,-0.7518,4.176705237321635,-14.277845148024644,98.08374934433456,30.4
76007099092603,9.999138,44459.0,10.0,-0.2466243,-0.07058273999999999,-0.96653388,0.9999966048563624,0.0,0.0,0.0,-2.42224255,0.6864655000000001,9.473223899999999,-0.6465,-0.1175,0.0541,-0.7518,4.176705237321635,-14.277845148024644,98.08374934433456,30.4
76007109100773,10.00817,44469.0,10.0,-0.2466243,-0.07058273999999999,-0.96653388,0.9999966048563624,0.0,0.0,0.0,-2.42224255,0.6962721499999999,9.483030549999999,-0.6465,-0.1175,0.0541,-0.7518,4.176705237321635,-14.277845148024644,98.08374934433456,30.4
76007119102510,10.001737,44479.0,10.0,-0.2466243,-0.07058273999999999,-0.96653388,0.9999966048563624,0.0,0.0,0.0,-2.4124358999999997,0.6962721499999999,9.483030549999999,-0.6465,-0.1175,0.0541,-0.7518,4.176705237321635,-14.277845148024644,98.08374934433456,30.4
76007129058309,9.955799,44489.0,10.0,-0.2466243,-0.07058273999999999,-0.96653388,0.9999966048563624,0.0,0.0,0.0,-2.4320492,0.6962721499999999,9.483030549999999,-0.6465,-0.1175,0.0541,-0.7518,4.176705237321635,-14.277845148024644,98.08374934433456,30.4
76007139084997,10.026688,44499.0,10.0,-0.2466243,-0.07058273999999999,-0.96653388,0.9999966048563624,0.0,0.0,0.0,-2.42224255,0.6962721499999999,9.473223899999999,-0.6465,-0.1175,0.0541,-0.7518,4.176705237321635,-14.277845148024644,98.08374934433456,30.4
76007149091214,10.006217,44509.0,10.0,-0.2466243,-0.07058273999999999,-0.96653388,0.9999966048563624,0.0,0.0,0.0,-2.42224255,0.6962721499999999,9.473223899999999,-0.6465,-0.1175,0.0541,-0.7518,4.176705237321635,-14.277845148024644,98.08374934433456,30.4
76007159094597,10.003383,44519.0,10.0,-0.2466243,-0.07058273999999999,-0.96653388,0.9999966048563624,0.0,0.0,0.0,-2.42224255,0.6864655000000001,9.483030549999999,-0.6465,-0.1175,0.0541,-0.7518,4.176705237321635,-14.277845148024644,98.08374934433456,30.4
76007169103074,10.008477,44529.0,10.0,-0.2466243,-0.07058273999999999,-0.96653388,0.9999966048563624,0.0,0.0,0.0,-2.4124358999999997,0.6962721499999999,9.483030549999999,-0.6465,-0.1175,0.0541,-0.7518,4.176705237321635,-14.277845148024644,98.08374934433456,30.4
76007179061233,9.958159,44539.0,10.0,-0.2466243,-0.07058273999999999,-0.96653388,0.9999966048563624,0.0,0.0,0.0,-2.4124358999999997,0.6864655000000001,9.473223899999999,-0.6465,-0.1175,0.0541,-0.7518,4.176705237321635,-14.277845148024644,98.08374934433456,30.4
76007189083971,10.022738,44549.0,10.0,-0.2466243,-0.07058273999999999,-0.96653388,0.9999966048563624,0.0,0.0,0.0,-2.42224255,0.6962721499999999,9.46341725,-0.6465,-0.1175,0.0541,-0.7518,4.176705237321635,-14.277845148024644,98.08374934433456,30.4
76007199092387,10.008416,44559.0,10.0,-0.2466243,-0.07058273999999999,-0.96653388,0.9999966048563624,0.0,0.0,0.0,-2.42224255,0.6962721499999999,9.473223899999999,-0.6465,-0.1175,0.0541,-0.7518,4.176705237321635,-14.277845148024644,98.08374934433456,30.4
76007209069694,9.977307,44569.0,10.0,-0.2466243,-0.07058273999999999,-0.96653388,0.9999966048563624,0.0,0.0,0.0,-2.4124358999999997,0.6962721499999999,9.483030549999999,-0.6465,-0.1175,0.0541,-0.7518,4.176705237321635,-14.277845148024644,98.08374934433456,30.4
76007219096997,10.027303,44579.0,10.0,-0.2466243,-0.07058273999999999,-0.96653388,0.9999966048563624,0.0,0.0,0.0,-2.4320492,0.6962721499999999,9.473223899999999,-0.6465,-0.1175,0.0541,-0.7518,4.176705237321635,-14.277845148024644,98.08374934433456,30.4
76007229056763,9.959766,44589.0,10.0,-0.2466243,-0.07058273999999999,-0.96653388,0.9999966048563624,0.0,0.0,0.0,-2.4124358999999997,0.6962721499999999,9.473223899999999,-0.6465,-0.1175,0.0541,-0.7518,4.176705237321635,-14.277845148024644,98.08374934433456,30.4
76007239093126,10.036363,44599.0,10.0,-0.2466243,-0.07058273999999999,-0.96653388,0.9999966048563624,0.0,0.0,0.0,-2.4124358999999997,0.6962721499999999,9.473223899999999,-0.6465,-0.1175,0.0541,-0.7518,4.176705237321635,-14.277845148024644,98.08374934433456,30.4
76007249088994,9.995868,44609.0,10.0,-0.2466243,-0.07058273999999999,-0.96653388,0.9999966048563624,0.0,0.0,0.0,-2.4124358999999997,0.6962721499999999,9.483030549999999,-0.6465,-0.1175,0.0541,-0.7518,4.176705237321635,-14.277845148024644,98.08374934433456,30.4
76007259080867,9.991873,44619.0,10.0,-0.2466243,-0.07058273999999999,-0.96653388,0.9999966048563624,0.0,0.0,0.0,-2.4124358999999997,0.6864655000000001,9.473223899999999,-0.6465,-0.1175,0.0541,-0.7518,4.176705237321635,-14.277845148024644,98.08374934433456,30.4
76007269087724,10.006857,44629.0,10.0,-0.2466243,-0.07058273999999999,-0.96653388,0.9999966048563624,0.0,0.0,0.0,-2.4320492,0.6864655000000001,9.473223899999999,-0.6465,-0.1175,0.0541,-0.7518,4.176705237321635,-14.277845148024644,98.08374934433456,30.4
76007279072181,9.984457,44639.0,10.0,-0.2466243,-0.07058273999999999,-0.96653388,0.9999966048563624,0.0,0.0,0.0,-2.4124358999999997,0.6962721499999999,9.473223899999999,-0.6465,-0.1175,0.0541,-0.7518,4.176705237321635,-14.277845148024644,98.08374934433456,30.4
76007289086687,10.014506,44649.0,10.0,-0.2466243,-0.07058273999999999,-0.96653388,0.9999966048563624,0.0,0.0,0.0,-2.42224255,0.6864655000000001,9.483030549999999,-0.6465,-0.1175,0.0541,-0.7518,4.176705237321635,-14.277845148024644,98.08374934433456,30.4
76007299059235,9.972548,44659.0,10.0,-0.2466243,-0.07058273999999999,-0.96653388,0.9999966048563624,0.0,0.0,0.0,-2.4124358999999997,0.6962721499999999,9.473223899999999,-0.6465,-0.1175,0.0541,-0.7518,4.176705237321635,-14.277845148024644,98.08374934433456,30.4
76007309020859,9.961624,44669.0,10.0,-0.2466243,-0.07058273999999999,-0.96653388,0.9999966048563624,0.0,0.0,0.0,-2.42224255,0.6962721499999999,9.483030549999999,-0.6465,-0.1175,0.0541,-0.7518,4.176705237321635,-14.277845148024644,98.08374934433456,30.4
76007319065879,10.04502,44679.0,10.0,-0.2466243,-0.07058273999999999,-0.96653388,0.9999966048563624,0.0,0.0,0.0,-2.4124358999999997,0.6864655000000001,9.483030549999999,-0.6465,-0.1175,0.0541,-0.7518,4.176705237321635,-14.277845148024644,98.08374934433456,30.4
76007329103086,10.037207,44689.0,10.0,-0.2466243,-0.07058273999999999,-0.96653388,0.9999966048563624,0.0,0.0,0.0,-2.40262925,0.6962721499999999,9.473223899999999,-0.6465,-0.1175,0.0541,-0.7518,4.176705237321635,-14.277845148024644,98.08374934433456,30.4
76007339030349,9.927263,44699.0,10.0,-0.2466243,-0.07058273999999999,-0.96653388,0.9999966048563624,0.0,0.0,0.0,-2.42224255,0.6864655000000001,9.473223899999999,-0.6465,-0.1175,0.0541,-0.7518,4.176705237321635,-14.277845148024644,98.08374934433456,30.4
76007349066225,10.035876,44709.0,10.0,-0.2466243,-0.07058273999999999,-0.96653388,0.9999966048563624,0.0,0.0,0.0,-2.4124358999999997,0.6864655000000001,9.473223899999999,-0.6465,-0.1175,0.0541,-0.7518,4.176705237321635,-14.277845148024644,98.08374934433456,30.4
76007359040298,9.974073,44719.0,10.0,-0.2466243,-0.07058273999999999,-0.96653388,0.9999966048563624,0.0,0.0,0.0,-2.42224255,0.6864655000000001,9.473223899999999,-0.6465,-0.1175,0.0541,-0.7518,4.176705237321635,-14.277845148024644,98.08374934433456,30.4
76007368994824,9.954526,44729.0,10.0,-0.2466243,-0.07058273999999999,-0.96653388,0.9999966048563624,0.0,0.0,0.0,-2.42224255,0.6962721499999999,9.473223899999999,-0.6465,-0.1175,0.0541,-0.7518,4.176705237321635,-14.277845148024644,98.08374934433456,30.4
76007379043348,10.048524,44739.0,10.0,-0.2466243,-0.07058273999999999,-0.96653388,0.9999966048563624,0.0,0.0,0.0,-2.4124358999999997,0.6962721499999999,9.492837199999999,-0.6465,-0.1175,0.0541,-0.7518,4.176705237321635,-14.277845148024644,98.08374934433456,30.4
76007389071473,10.028125,44749.0,10.0,-0.2466243,-0.07058273999999999,-0.96653388,0.9999966048563624,0.0,0.0,0.0,-2.42224255,0.6962721499999999,9.473223899999999,-0.6465,-0.1175,0.0541,-0.7518,4.176705237321635,-14.277845148024644,98.08374934433456,30.4
76007398979989,9.908516,44759.0,10.0,-0.2466243,-0.07058273999999999,-0.96653388,0.9999966048563624,0.0,0.0,0.0,-2.42224255,0.6864655000000001,9.473223899999999,-0.6465,-0.1175,0.0541,-0.7518,4.176705237321635,-14.277845148024644,98.08374934433456,30.4
76007409018331,10.038342,44769.0,10.0,-0.2466243,-0.07058273999999999,-0.96653388,0.9999966048563624,0.0,0.0,0.0,-2.42224255,0.6962721499999999,9.46341725,-0.6465,-0.1175,0.0541,-0.7518,4.176705237321635,-14.277845148024644,98.08374934433456,30.4
76007419011294,9.992963,44779.0,10.0,-0.2466243,-0.07058273999999999,-0.96653388,0.9999966048563624,0.0,0.0,0.0,-2.4124358999999997,0.6962721499999999,9.473223899999999,-0.6465,-0.1175,0.0541,-0.7518,4.176705237321635,-14.277845148024644,98.08374934433456,30.4
76007428996813,9.985519,44789.0,10.0,-0.2466243,-0.07058273999999999,-0.96653388,0.9999966048563624,0.0,0.0,0.0,-2.4320492,0.6962721499999999,9.473223899999999,-0.6465,-0.1175,0.0541,-0.7518,4.176705237321635,-14.277845148024644,98.08374934433456,30.4
76007438992558,9.995745,44799.0,10.0,-0.2466243,-0.07058273999999999,-0.96653388,0.9999966048563624,0.0,0.0,0.0,-2.4320492,0.6962721499999999,9.492837199999999,-0.6465,-0.1175,0.0541,-0.7518,4.176705237321635,-14.277845148024644,98.08374934433456,30.4
76007449040028,10.04747,44809.0,10.0,-0.2466243,-0.07058273999999999,-0.96653388,0.9999966048563624,0.0,0.0,0.0,-2.4320492,0.6962721499999999,9.483030549999999,-0.6465,-0.1175,0.0541,-0.7518,4.176705237321635,-14.277845148024644,98.08374934433456,30.4
76007459026262,9.986234,44819.0,10.0,-0.2466243,-0.07058273999999999,-0.96653388,0.9999966048563624,0.0,0.0,0.0,-2.4124358999999997,0.6962721499999999,9.473223899999999,-0.6465,-0.1175,0.0541,-0.7518,4.176705237321635,-14.277845148024644,98.08374934433456,30.4
76007469015035,9.988773,44829.0,10.0,-0.2466243,-0.07058273999999999,-0.96653388,0.9999966048563624,0.0,0.0,0.0,-2.42224255,0.6864655000000001,9.483030549999999,-0.6465,-0.1175,0.0541,-0.7518,4.176705237321635,-14.277845148024644,98.08374934433456,30.4
76007479015012,9.999977,44839.0,10.0,-0.2466243,-0.07058273999999999,-0.96653388,0.9999966048563624,0.0,0.0,0.0,-2.42224255,0.6962721499999999,9.492837199999999,-0.6465,-0.1175,0.0541,-0.7518,4.176705237321635,-14.277845148024644,98.08374934433456,30.4
76007488980044,9.965032,44849.0,10.0,-0.2466243,-0.07058273999999999,-0.96653388,0.9999966048563624,0.0,0.0,0.0,-2.44185585,0.6864655000000001,9.473223899999999,-0.6465,-0.1175,0.0541,-0.7518,4.176705237321635,-14.277845148024644,98.08374934433456,30.4
76007498992214,10.01217,44859.0,10.0,-0.2466243,-0.07058273999999999,-0.96653388,0.9999966048563624,0.0,0.0,0.0,-2.4320492,0.6962721499999999,9.492837199999999,-0.6465,-0.1175,0.0541,-0.7518,4.176705237321635,-14.277845148024644,98.08374934433456,30.4
76007509039891,10.047677,44869.0,10.0,-0.2466243,-0.07058273999999999,-0.96653388,0.9999966048563624,0.0,0.0,0.0,-2.4320492,0.6864655000000001,9.492837199999999,-0.6465,-0.1175,0.0541,-0.7518,4.176705237321635,-14.277845148024644,98.08374934433456,30.4
76007519025025,9.985134,44879.0,10.0,-0.2466243,-0.07058273999999999,-0.96653388,0.9999966048563624,0.0,0.0,0.0,-2.42224255,0.6962721499999999,9.473223899999999,-0.6465,-0.1175,0.0541,-0.7518,4.176705237321635,-14.277845148024644,98.08374934433456,30.4
76007529013517,9.988492,44889.0,10.0,-0.2466243,-0.07058273999999999,-0.96653388,0.9999966048563624,0.0,0.0,0.0,-2.40262925,0.67665885,9.46341725,-0.6465,-0.1175,0.0541,-0.7518,4.176705237321635,-14.277845148024644,98.08374934433456,30.4
76007539018652,10.005135,44899.0,10.0,-0.2466243,-0.07058273999999999,-0.96653388,0.9999966048563624,0.0,0.0,0.0,-2.4320492,0.6962721499999999,9.473223899999999,-0.6465,-0.1175,0.0541,-0.7518,4.176705237321635,-14.277845148024644,98.08374934433456,30.4
76007549014181,9.995529,44909.0,10.0,-0.2466243,-0.07058273999999999,-0.96653388,0.9999966048563624,0.0,0.0,0.0,-2.42224255,0.6962721499999999,9.46341725,-0.6465,-0.1175,0.0541,-0.7518,4.176705237321635,-14.277845148024644,98.08374934433456,30.4
76007559012229,9.998048,44919.0,10.0,-0.2466243,-0.07058273999999999,-0.96653388,0.9999966048563624,0.0,0.0,0.0,-2.42224255,0.6864655000000001,9.492837199999999,-0.6465,-0.1175,0.0541,-0.7518,4.176705237321635,-14.277845148024644,98.08374934433456,30.4
76007568992284,9.980055,44929.0,10.0,-0.2466243,-0.07058273999999999,-0.96653388,0.9999966048563624,0.0,0.0,0.0,-2.4320492,0.6962721499999999,9.483030549999999,-0.6465,-0.1175,0.0541,-0.7518,4.176705237321635,-14.277845148024644,98.08374934433456,30.4
76007578977406,9.985122,44939.0,10.0,-0.2466243,-0.07058273999999999,-0.96653388,0.9999966048563624,0.0,0.0,0.0,-2.4124358999999997,0.6962721499999999,9.483030549999999,-0.6465,-0.1175,0.0541,-0.7518,4.176705237321635,-14.277845148024644,98.08374934433456,30.4
76007589013075,10.035669,44949.0,10.0,-0.2466243,-0.07058273999999999,-0.96653388,0.9999966048563624,0.0,0.0,0.0,-2.4320492,0.6962721499999999,9.492837199999999,-0.6465,-0.1175,0.0541,-0.7518,4.176705237321635,-14.277845148024644,98.08374934433456,30.4
76007599010413,9.997338,44959.0,10.0,-0.2466243,-0.07058273999999999,-0.96653388,0.9999966048563624,0.0,0.0,0.0,-2.42224255,0.6962721499999999,9.46341725,-0.6465,-0.1175,0.0541,-0.7518,4.176705237321635,-14.277845148024644,98.08374934433456,30.3
76007609007564,9.997151,44969.0,10.0,-0.2466243,-0.07058273999999999,-0.96653388,0.9999966048563624,0.0,0.0,0.0,-2.4124358999999997,0.6864655000000001,9.483030549999999,-0.6465,-0.1175,0.0541,-0.7518,4.176705237321635,-14.277845148024644,98.08374934433456,30.4
76007619031554,10.02399,44979.0,10.0,-0.2466243,-0.07058273999999999,-0.96653388,0.9999966048563624,0.0,0.0,0.0,-2.4320492,0.6864655000000001,9.473223899999999,-0.6465,-0.1175,0.0541,-0.7518,4.176705237321635,-14.277845148024644,98.08374934433456,30.4
76007628997865,9.966311,44989.0,10.0,-0.2466243,-0.07058273999999999,-0.96653388,0.9999966048563624,0.0,0.0,0.0,-2.4124358999999997,0.6864655000000001,9.492837199999999,-0.6465,-0.1175,0.0541,-0.7518,4.176705237321635,-14.277845148024644,98.08374934433456,30.4
76007638994316,9.996451,44999.0,10.0,-0.2466243,-0.07058273999999999,-0.96653388,0.9999966048563624,0.0,0.0,0.0,-2.4320492,0.6864655000000001,9.483030549999999,-0.6465,-0.1175,0.0541,-0.7518,4.176705237321635,-14.277845148024644,98.08374934433456,30.4
76007649013311,10.018995,45009.0,10.0,-0.2466243,-0.07058273999999999,-0.96653388,0.9999966048563624,0.0,0.0,0.0,-2.4124358999999997,0.6864655000000001,9.483030549999999,-0.6465,-0.1175,0.0541,-0.7518,4.176705237321635,-14.277845148024644,98.08374934433456,30.4
76007658983109,9.969798,45019.0,10.0,-0.2466243,-0.07058273999999999,-0.96653388,0.9999966048563624,0.0,0.0,0.0,-2.42224255,0.6962721499999999,9.473223899999999,-0.6465,-0.1175,0.0541,-0.7518,4.176705237321635,-14.277845148024644,98.08374934433456,30.3
76007668976741,9.993632,45029.0,10.0,-0.2466243,-0.07058273999999999,-0.96653388,0.9999966048563624,0.0,0.0,0.0,-2.4320492,0.6864655000000001,9.483030549999999,-0.6465,-0.1175,0.0541,-0.7518,4.176705237321635,-14.277845148024644,98.08374934433456,30.3
76007679064500,10.087759,45039.0,10.0,-0.2466243,-0.07058273999999999,-0.96653388,0.9999966048563624,0.0,0.0,0.0,-2.40262925,0.6962721499999999,9.483030549999999,-0.6465,-0.1175,0.0541,-0.7518,4.176705237321635,-14.277845148024644,98.08374934433456,30.4
76007689060963,9.996463,45049.0,10.0,-0.2466243,-0.07058273999999999,-0.96653388,0.9999966048563624,0.0,0.0,0.0,-2.42224255,0.6962721499999999,9.483030549999999,-0.6465,-0.1175,0.0541,-0.7518,4.176705237321635,-14.277845148024644,98.08374934433456,30.4
76007699067498,10.006535,45059.0,10.0,-0.2466243,-0.07058273999999999,-0.96653388,0.9999966048563624,0.0,0.0,0.0,-2.4124358999999997,0.6864655000000001,9.473223899999999,-0.6465,-0.1175,0.0541,-0.7518,4.176705237321635,-14.277845148024644,98.08374934433456,30.4
76007709045326,9.977828,45069.0,10.0,-0.2466243,-0.07058273999999999,-0.96653388,0.9999966048563624,0.0,0.0,0.0,-2.4124358999999997,0.6962721499999999,9.483030549999999,-0.6465,-0.1175,0.0541,-0.7518,4.176705237321635,-14.277845148024644,98.08374934433456,30.4
76007719061768,10.016442,45079.0,10.0,-0.2466243,-0.07058273999999999,-0.96653388,0.9999966048563624,0.0,0.0,0.0,-2.42224255,0.6962721499999999,9.483030549999999,-0.6465,-0.1175,0.0541,-0.7518,4.176705237321635,-14.277845148024644,98.08374934433456,30.4
76007729065814,10.004046,45089.0,10.0,-0.2466243,-0.07058273999999999,-0.96653388,0.9999966048563624,0.0,0.0,0.0,-2.4124358999999997,0.6962721499999999,9.483030549999999,-0.6465,-0.1175,0.0541,-0.7518,4.176705237321635,-14.277845148024644,98.08374934433456,30.4
76007739032143,9.966329,45099.0,10.0,-0.2466243,-0.07058273999999999,-0.96653388,0.9999966048563624,0.0,0.0,0.0,-2.42224255,0.6962721499999999,9.473223899999999,-0.6465,-0.1175,0.0541,-0.7518,4.176705237321635,-14.277845148024644,98.08374934433456,30.4
76007749012691,9.980548,45109.0,10.0,-0.2466243,-0.07058273999999999,-0.96653388,0.9999966048563624,0.0,0.0,0.0,-2.42224255,0.6962721499999999,9.492837199999999,-0.6465,-0.1175,0.0541,-0.7518,4.176705237321635,-14.277845148024644,98.08374934433456,30.4
76007759066357,10.053666,45119.0,10.0,-0.2466243,-0.07058273999999999,-0.96653388,0.9999966048563624,0.0,0.0,0.0,-2.4124358999999997,0.6864655000000001,9.473223899999999,-0.6465,-0.1175,0.0541,-0.7518,4.176705237321635,-14.277845148024644,98.08374934433456,30.4
76007769044033,9.977676,45129.0,10.0,-0.2466243,-0.07058273999999999,-0.96653388,0.9999966048563624,0.0,0.0,0.0,-2.42224255,0.6962721499999999,9.483030549999999,-0.6465,-0.1175,0.0541,-0.7518,4.176705237321635,-14.277845148024644,98.08374934433456,30.4
76007779064906,10.020873,45139.0,10.0,-0.2466243,-0.07058273999999999,-0.96653388,0.9999966048563624,0.0,0.0,0.0,-2.4124358999999997,0.6864655000000001,9.473223899999999,-0.6465,-0.1175,0.0541,-0.7518,4.176705237321635,-14.277845148024644,98.08374934433456,30.4
76007789148285,10.083379,45149.0,10.0,-0.2466243,-0.07058273999999999,-0.96653388,0.9999966048563624,0.0,0.0,0.0,-2.4320492,0.6962721499999999,9.483030549999999,-0.6465,-0.1175,0.0541,-0.7518,4.176705237321635,-14.277845148024644,98.08374934433456,30.4
76007799156506,10.008221,45159.0,10.0,-0.2466243,-0.07058273999999999,-0.96653388,0.9999966048563624,0.0,0.0,0.0,-2.4124358999999997,0.6864655000000001,9.483030549999999,-0.6465,-0.1175,0.0541,-0.7518,4.176705237321635,-14.277845148024644,98.08374934433456,30.4
76007809043116,9.88661,45169.0,10.0,-0.2466243,-0.07058273999999999,-0.96653388,0.9999966048563624,0.0,0.0,0.0,-2.4124358999999997,0.6962721499999999,9.483030549999999,-0.6465,-0.1175,0.0541,-0.7518,4.176705237321635,-14.277845148024644,98.08374934433456,30.4
76007819088048,10.044932,45179.0,10.0,-0.2466243,-0.07058273999999999,-0.96653388,0.9999966048563624,0.0,0.0,0.0,-2.4124358999999997,0.6962721499999999,9.483030549999999,-0.6465,-0.1175,0.0541,-0.7518,4.176705237321635,-14.277845148024644,98.08374934433456,30.4
76007829019029,9.930981,45189.0,10.0,-0.2466243,-0.07058273999999999,-0.96653388,0.9999966048563624,0.0,0.0,0.0,-2.42224255,0.6864655000000001,9.483030549999999,-0.6465,-0.1175,0.0541,-0.7518,4.176705237321635,-14.277845148024644,98.08374934433456,30.4
76007839208767,10.189738,45199.0,10.0,-0.2466243,-0.07058273999999999,-0.96653388,0.9999966048563624,0.0,0.0,0.0,-2.4124358999999997,0.7060787999999999,9.473223899999999,-0.6465,-0.1175,0.0541,-0.7518,4.176705237321635,-14.277845148024644,98.08374934433456,30.4
76007849092807,9.88404,45209.0,10.0,-0.2466243,-0.07058273999999999,-0.96653388,0.9999966048563624,0.0,0.0,0.0,-2.4124358999999997,0.6864655000000001,9.483030549999999,-0.6465,-0.1175,0.0541,-0.7518,4.176705237321635,-14.277845148024644,98.08374934433456,30.4
76007859074903,9.982096,45219.0,10.0,-0.2466243,-0.07058273999999999,-0.96653388,0.9999966048563624,0.0,0.0,0.0,-2.44185585,0.6962721499999999,9.492837199999999,-0.6465,-0.1175,0.0541,-0.7518,4.176705237321635,-14.277845148024644,98.08374934433456,30.4
76007869061662,9.986759,45229.0,10.0,-0.2466243,-0.07058273999999999,-0.96653388,0.9999966048563624,0.0,0.0,0.0,-2.44185585,0.6962721499999999,9.473223899999999,-0.6465,-0.1175,0.0541,-0.7518,4.176705237321635,-14.277845148024644,98.08374934433456,30.4
76007879069085,10.007423,45239.0,10.0,-0.2466243,-0.07058273999999999,-0.96653388,0.9999966048563624,0.0,0.0,0.0,-2.42224255,0.6864655000000001,9.473223899999999,-0.6465,-0.1175,0.0541,-0.7518,4.176705237321635,-14.277845148024644,98.08374934433456,30.4
76007889074685,10.0056,45249.0,10.0,-0.2466243,-0.07058273999999999,-0.96653388,0.9999966048563624,0.0,0.0,0.0,-2.42224255,0.6962721499999999,9.473223899999999,-0.6465,-0.1175,0.0541,-0.7518,4.176705237321635,-14.277845148024644,98.08374934433456,30.4
76007899066359,9.991674,45259.0,10.0,-0.2466243,-0.07058273999999999,-0.96653388,0.9999966048563624,0.0,0.0,0.0,-2.42224255,0.6864655000000001,9.473223899999999,-0.6465,-0.1175,0.0541,-0.7518,4.176705237321635,-14.277845148024644,98.08374934433456,30.4
76007909064602,9.998243,45269.0,10.0,-0.2466243,-0.07058273999999999,-0.96653388,0.9999966048563624,0.0,0.0,0.0,-2.42224255,0.6962721499999999,9.473223899999999,-0.6465,-0.1175,0.0541,-0.7518,4.176705237321635,-14.277845148024644,98.08374934433456,30.4
76007919049871,9.985269,45279.0,10.0,-0.2466243,-0.07058273999999999,-0.96653388,0.9999966048563624,0.0,0.0,0.0,-2.4124358999999997,0.6864655000000001,9.473223899999999,-0.6465,-0.1175,0.0541,-0.7518,4.176705237321635,-14.277845148024644,98.08374934433456,30.4
76007929035316,9.985445,45289.0,10.0,-0.2466243,-0.07058273999999999,-0.96653388,0.9999966048563624,0.0,0.0,0.0,-2.4124358999999997,0.6864655000000001,9.483030549999999,-0.6465,-0.1175,0.0541,-0.7518,4.176705237321635,-14.277845148024644,98.08374934433456,30.4
76007939078094,10.042778,45299.0,10.0,-0.2466243,-0.07058273999999999,-0.96653388,0.9999966048563624,0.0,0.0,0.0,-2.42224255,0.6962721499999999,9.473223899999999,-0.6465,-0.1175,0.0541,-0.7518,4.176705237321635,-14.277845148024644,98.08374934433456,30.4
76007949074448,9.996354,45309.0,10.0,-0.2466243,-0.07058273999999999,-0.96653388,0.9999966048563624,0.0,0.0,0.0,-2.4124358999999997,0.6962721499999999,9.483030549999999,-0.6465,-0.1175,0.0541,-0.7518,4.176705237321635,-14.277845148024644,98.08374934433456,30.4
76007959084314,10.009866,45319.0,10.0,-0.2466243,-0.07058273999999999,-0.96653388,0.9999966048563624,0.0,0.0,0.0,-2.4124358999999997,0.6962721499999999,9.473223899999999,-0.6465,-0.1175,0.0541,-0.7518,4.176705237321635,-14.277845148024644,98.08374934433456,30.4
76007969071382,9.987068,45329.0,10.0,-0.2466243,-0.07058273999999999,-0.96653388,0.9999966048563624,0.0,0.0,0.0,-2.4124358999999997,0.6864655000000001,9.473223899999999,-0.6465,-0.1175,0.0541,-0.7518,4.176705237321635,-14.277845148024644,98.08374934433456,30.4
76007979079160,10.007778,45339.0,10.0,-0.2466243,-0.07058273999999999,-0.96653388,0.9999966048563624,0.0,0.0,0.0,-2.42224255,0.6962721499999999,9.483030549999999,-0.6465,-0.1175,0.0541,-0.7518,4.176705237321635,-14.277845148024644,98.08374934433456,30.4
76007989078737,9.999577,45349.0,10.0,-0.2466243,-0.07058273999999999,-0.96653388,0.9999966048563624,0.0,0.0,0.0,-2.42224255,0.6962721499999999,9.473223899999999,-0.6465,-0.1175,0.0541,-0.7518,4.176705237321635,-14.277845148024644,98.08374934433456,30.4
76007999064358,9.985621,45359.0,10.0,-0.2466243,-0.07058273999999999,-0.96653388,0.9999966048563624,0.0,0.0,0.0,-2.42224255,0.6962721499999999,9.492837199999999,-0.6465,-0.1175,0.0541,-0.7518,4.176705237321635,-14.277845148024644,98.08374934433456,30.4
76008009058723,9.994365,45369.0,10.0,-0.2466243,-0.07058273999999999,-0.96653388,0.9999966048563624,0.0,0.0,0.0,-2.4320492,0.6962721499999999,9.483030549999999,-0.6465,-0.1175,0.0541,-0.7518,4.176705237321635,-14.277845148024644,98.08374934433456,30.4
76008019028161,9.969438,45379.0,10.0,-0.2466243,-0.07058273999999999,-0.96653388,0.9999966048563624,0.0,0.0,0.0,-2.4124358999999997,0.6962721499999999,9.473223899999999,-0.6465,-0.1175,0.0541,-0.7518,4.176705237321635,-14.277845148024644,98.08374934433456,30.4
76008029072939,10.044778,45389.0,10.0,-0.2466243,-0.07058273999999999,-0.96653388,0.9999966048563624,0.0,0.0,0.0,-2.4320492,0.6864655000000001,9.483030549999999,-0.6465,-0.1175,0.0541,-0.7518,4.176705237321635,-14.277845148024644,98.08374934433456,30.4
76008039064098,9.991159,45399.0,10.0,-0.2466243,-0.07058273999999999,-0.96653388,0.9999966048563624,0.0,0.0,0.0,-2.4124358999999997,0.6864655000000001,9.483030549999999,-0.6465,-0.1175,0.0541,-0.7518,4.176705237321635,-14.277845148024644,98.08374934433456,30.4
76008049033327,9.969229,45409.0,10.0,-0.2466243,-0.07058273999999999,-0.96653388,0.9999966048563624,0.0,0.0,0.0,-2.4124358999999997,0.6962721499999999,9.483030549999999,-0.6465,-0.1175,0.0541,-0.7518,4.176705237321635,-14.277845148024644,98.08374934433456,30.4
76008059041632,10.008305,45419.0,10.0,-0.2466243,-0.07058273999999999,-0.96653388,0.9999966048563624,0.0,0.0,0.0,-2.4320492,0.7060787999999999,9.483030549999999,-0.6465,-0.1175,0.0541,-0.7518,4.176705237321635,-14.277845148024644,98.08374934433456,30.4
76008069129484,10.087852,45429.0,10.0,-0.2466243,-0.07058273999999999,-0.96653388,0.9999966048563624,0.0,0.0,0.0,-2.4320492,0.6864655000000001,9.483030549999999,-0.6465,-0.1175,0.0541,-0.7518,4.176705237321635,-14.277845148024644,98.08374934433456,30.4
76008079099429,9.969945,45439.0,10.0,-0.2466243,-0.07058273999999999,-0.96653388,0.9999966048563624,0.0,0.0,0.0,-2.42224255,0.6962721499999999,9.46341725,-0.6465,-0.1175,0.0541,-0.7518,4.176705237321635,-14.277845148024644,98.08374934433456,30.4
76008089122953,10.023524,45449.0,10.0,-0.2466243,-0.07058273999999999,-0.96653388,0.9999966048563624,0.0,0.0,0.0,-2.4124358999999997,0.6864655000000001,9.492837199999999,-0.6465,-0.1175,0.0541,-0.7518,4.176705237321635,-14.277845148024644,98.08374934433456,30.4
76008099141694,10.018741,45459.0,10.0,-0.2466243,-0.07058273999999999,-0.96653388,0.9999966048563624,0.0,0.0,0.0,-2.42224255,0.6962721499999999,9.473223899999999,-0.6465,-0.1175,0.0541,-0.7518,4.176705237321635,-14.277845148024644,98.08374934433456,30.4
76008109016590,9.874896,45469.0,10.0,-0.2466243,-0.07058273999999999,-0.96653388,0.9999966048563624,0.0,0.0,0.0,-2.42224255,0.6962721499999999,9.483030549999999,-0.6465,-0.1175,0.0541,-0.7518,4.176705237321635,-14.277845148024644,98.08374934433456,30.4
76008119055234,10.038644,45479.0,10.0,-0.2466243,-0.07058273999999999,-0.96653388,0.9999966048563624,0.0,0.0,0.0,-2.42224255,0.6962721499999999,9.483030549999999,-0.6465,-0.1175,0.0541,-0.7518,4.176705237321635,-14.277845148024644,98.08374934433456,30.4
76008129080458,10.025224,45489.0,10.0,-0.2466243,-0.07058273999999999,-0.96653388,0.9999966048563624,0.0,0.0,0.0,-2.4124358999999997,0.6962721499999999,9.492837199999999,-0.6465,-0.1175,0.0541,-0.7518,4.176705237321635,-14.277845148024644,98.08374934433456,30.4
76008139083558,10.0031,45499.0,10.0,-0.2466243,-0.07058273999999999,-0.96653388,0.9999966048563624,0.0,0.0,0.0,-2.4124358999999997,0.6864655000000001,9.473223899999999,-0.6465,-0.1175,0.0541,-0.7518,4.176705237321635,-14.277845148024644,98.08374934433456,30.4
76008149053018,9.96946,45509.0,10.0,-0.2466243,-0.07058273999999999,-0.96653388,0.9999966048563624,0.0,0.0,0.0,-2.42224255,0.6962721499999999,9.483030549999999,-0.6465,-0.1175,0.0541,-0.7518,4.176705237321635,-14.277845148024644,98.08374934433456,30.4
76008159151476,10.098458,45519.0,10.0,-0.2466243,-0.07058273999999999,-0.96653388,0.9999966048563624,0.0,0.0,0.0,-2.40262925,0.6864655000000001,9.483030549999999,-0.6465,-0.1175,0.0541,-0.7518,4.176705237321635,-14.277845148024644,98.08374934433456,30.4
76008169123696,9.97222,45529.0,10.0,-0.2466243,-0.07058273999999999,-0.96653388,0.9999966048563624,0.0,0.0,0.0,-2.42224255,0.6864655000000001,9.483030549999999,-0.6465,-0.1175,0.0541,-0.7518,4.176705237321635,-14.277845148024644,98.08374934433456,30.4
76008179137706,10.01401,45539.0,10.0,-0.2466243,-0.07058273999999999,-0.96653388,0.9999966048563624,0.0,0.0,0.0,-2.4124358999999997,0.6962721499999999,9.483030549999999,-0.6465,-0.1175,0.0541,-0.7518,4.176705237321635,-14.277845148024644,98.08374934433456,30.4
76008189123510,9.985804,45549.0,10.0,-0.2466243,-0.07058273999999999,-0.96653388,0.9999966048563624,0.0,0.0,0.0,-2.4320492,0.6864655000000001,9.483030549999999,-0.6465,-0.1175,0.0541,-0.7518,4.176705237321635,-14.277845148024644,98.08374934433456,30.4
76008199041192,9.917682,45559.0,10.0,-0.2466243,-0.07058273999999999,-0.96653388,0.9999966048563624,0.0,0.0,0.0,-2.4124358999999997,0.6962721499999999,9.483030549999999,-0.6465,-0.1175,0.0541,-0.7518,4.176705237321635,-14.277845148024644,98.08374934433456,30.4
76008209030013,9.988821,45569.0,10.0,-0.2466243,-0.07058273999999999,-0.96653388,0.9999966048563624,0.0,0.0,0.0,-2.4320492,0.6962721499999999,9.473223899999999,-0.6465,-0.1175,0.0541,-0.7518,4.176705237321635,-14.277845148024644,98.08374934433456,30.4
76008219027586,9.997573,45579.0,10.0,-0.2466243,-0.07058273999999999,-0.96653388,0.9999966048563624,0.0,0.0,0.0,-2.4124358999999997,0.7060787999999999,9.483030549999999,-0.6465,-0.1175,0.0541,-0.7518,4.176705237321635,-14.277845148024644,98.08374934433456,30.4
76008229022242,9.994656,45589.0,10.0,-0.2466243,-0.07058273999999999,-0.96653388,0.9999966048563624,0.0,0.0,0.0,-2.4124358999999997,0.6864655000000001,9.473223899999999,-0.6465,-0.1175,0.0541,-0.7518,4.176705237321635,-14.277845148024644,98.08374934433456,30.4
76008239081063,10.058821,45599.0,10.0,-0.2466243,-0.07058273999999999,-0.96653388,0.9999966048563624,0.0,0.0,0.0,-2.42224255,0.6864655000000001,9.483030549999999,-0.6465,-0.1175,0.0541,-0.7518,4.176705237321635,-14.277845148024644,98.08374934433456,30.4
76008249014071,9.933008,45609.0,10.0,-0.2466243,-0.07058273999999999,-0.96653388,0.9999966048563624,0.0,0.0,0.0,-2.4124358999999997,0.6962721499999999,9.473223899999999,-0.6465,-0.1175,0.0541,-0.7518,4.176705237321635,-14.277845148024644,98.08374934433456,30.4
76008259017932,10.003861,45619.0,10.0,-0.2466243,-0.07058273999999999,-0.96653388,0.9999966048563624,0.0,0.0,0.0,-2.42224255,0.6962721499999999,9.483030549999999,-0.6465,-0.1175,0.0541,-0.7518,4.176705237321635,-14.277845148024644,98.08374934433456,30.4
76008269023979,10.006047,45629.0,10.0,-0.2466243,-0.07058273999999999,-0.96653388,0.9999966048563624,0.0,0.0,0.0,-2.4320492,0.6962721499999999,9.483030549999999,-0.6465,-0.1175,0.0541,-0.7518,4.176705237321635,-14.277845148024644,98.08374934433456,30.4
76008279075353,10.051374,45639.0,10.0,-0.2466243,-0.07058273999999999,-0.96653388,0.9999966048563624,0.0,0.0,0.0,-2.4124358999999997,0.6864655000000001,9.483030549999999,-0.6465,-0.1175,0.0541,-0.7518,4.176705237321635,-14.277845148024644,98.08374934433456,30.4
76008289039085,9.963732,45649.0,10.0,-0.2466243,-0.07058273999999999,-0.96653388,0.9999966048563624,0.0,0.0,0.0,-2.42224255,0.6962721499999999,9.492837199999999,-0.6465,-0.1175,0.0541,-0.7518,4.176705237321635,-14.277845148024644,98.08374934433456,30.4
76008299020668,9.981583,45659.0,10.0,-0.2466243,-0.07058273999999999,-0.96653388,0.9999966048563624,0.0,0.0,0.0,-2.42224255,0.6962721499999999,9.473223899999999,-0.6465,-0.1175,0.0541,-0.7518,4.176705237321635,-14.277845148024644,98.08374934433456,30.4
76008308994055,9.973387,45669.0,10.0,-0.2466243,-0.07058273999999999,-0.96653388,0.9999966048563624,0.0,0.0,0.0,-2.42224255,0.6962721499999999,9.473223899999999,-0.6465,-0.1175,0.0541,-0.7518,4.176705237321635,-14.277845148024644,98.08374934433456,30.4
76008319172202,10.178147,45679.0,10.0,-0.2466243,-0.07058273999999999,-0.96653388,0.9999966048563624,0.0,0.0,0.0,-2.42224255,0.6864655000000001,9.483030549999999,-0.6465,-0.1175,0.0541,-0.7518,4.176705237321635,-14.277845148024644,98.08374934433456,30.4
76008329131080,9.958878,45689.0,10.0,-0.2466243,-0.07058273999999999,-0.96653388,0.9999966048563624,0.0,0.0,0.0,-2.42224255,0.6962721499999999,9.483030549999999,-0.6465,-0.1175,0.0541,-0.7518,4.176705237321635,-14.277845148024644,98.08374934433456,30.4
76008339132879,10.001799,45699.0,10.0,-0.2466243,-0.07058273999999999,-0.96653388,0.9999966048563624,0.0,0.0,0.0,-2.4124358999999997,0.6962721499999999,9.483030549999999,-0.6465,-0.1175,0.0541,-0.7518,4.176705237321635,-14.277845148024644,98.08374934433456,30.4
76008349105747,9.972868,45709.0,10.0,-0.2466243,-0.07058273999999999,-0.96653388,0.9999966048563624,0.0,0.0,0.0,-2.42224255,0.6962721499999999,9.492837199999999,-0.6465,-0.1175,0.0541,-0.7518,4.176705237321635,-14.277845148024644,98.08374934433456,30.4
76008359147212,10.041465,45719.0,10.0,-0.2466243,-0.07058273999999999,-0.96653388,0.9999966048563624,0.0,0.0,0.0,-2.42224255,0.6962721499999999,9.483030549999999,-0.6465,-0.1175,0.0541,-0.7518,4.176705237321635,-14.277845148024644,98.08374934433456,30.4
76008369138769,9.991557,45729.0,10.0,-0.2466243,-0.07058273999999999,-0.96653388,0.9999966048563624,0.0,0.0,0.0,-2.4124358999999997,0.6864655000000001,9.483030549999999,-0.6465,-0.1175,0.0541,-0.7518,4.176705237321635,-14.277845148024644,98.08374934433456,30.4
76008379050601,9.911832,45739.0,10.0,-0.2466243,-0.07058273999999999,-0.96653388,0.9999966048563624,0.0,0.0,0.0,-2.42224255,0.6962721499999999,9.473223899999999,-0.6465,-0.1175,0.0541,-0.7518,4.176705237321635,-14.277845148024644,98.08374934433456,30.4
76008389021156,9.970555,45749.0,10.0,-0.2466243,-0.07058273999999999,-0.96653388,0.9999966048563624,0.0,0.0,0.0,-2.4124358999999997,0.6962721499999999,9.473223899999999,-0.6465,-0.1175,0.0541,-0.7518,4.176705237321635,-14.277845148024644,98.08374934433456,30.4
76008399020786,9.99963,45759.0,10.0,-0.2466243,-0.07058273999999999,-0.96653388,0.9999966048563624,0.0,0.0,0.0,-2.4124358999999997,0.6962721499999999,9.492837199999999,-0.6465,-0.1175,0.0541,-0.7518,4.176705237321635,-14.277845148024644,98.08374934433456,30.4
76008409025936,10.00515,45769.0,10.0,-0.2466243,-0.07058273999999999,-0.96653388,0.9999966048563624,0.0,0.0,0.0,-2.4320492,0.6962721499999999,9.483030549999999,-0.6465,-0.1175,0.0541,-0.7518,4.176705237321635,-14.277845148024644,98.08374934433456,30.4
76008419123811,10.097875,45779.0,10.0,-0.2466243,-0.07058273999999999,-0.96653388,0.9999966048563624,0.0,0.0,0.0,-2.42224255,0.6962721499999999,9.492837199999999,-0.6465,-0.1175,0.0541,-0.7518,4.176705237321635,-14.277845148024644,98.08374934433456,30.4
76008429082705,9.958894,45789.0,10.0,-0.2466243,-0.07058273999999999,-0.96653388,0.9999966048563624,0.0,0.0,0.0,-2.42224255,0.6962721499999999,9.483030549999999,-0.6465,-0.1175,0.0541,-0.7518,4.176705237321635,-14.277845148024644,98.08374934433456,30.4
76008439045768,9.963063,45799.0,10.0,-0.2466243,-0.07058273999999999,-0.96653388,0.9999966048563624,0.0,0.0,0.0,-2.4124358999999997,0.6864655000000001,9.492837199999999,-0.6465,-0.1175,0.0541,-0.7518,4.176705237321635,-14.277845148024644,98.08374934433456,30.4
76008449167511,10.121743,45809.0,10.0,-0.2466243,-0.07058273999999999,-0.96653388,0.9999966048563624,0.0,0.0,0.0,-2.4320492,0.6962721499999999,9.473223899999999,-0.6465,-0.1175,0.0541,-0.7518,4.176705237321635,-14.277845148024644,98.08374934433456,30.4
76008459162337,9.994826,45819.0,10.0,-0.2466243,-0.07058273999999999,-0.96653388,0.9999966048563624,0.0,0.0,0.0,-2.4320492,0.6864655000000001,9.483030549999999,-0.6465,-0.1175,0.0541,-0.7518,4.176705237321635,-14.277845148024644,98.08374934433456,30.4
76008469044962,9.882625,45829.0,10.0,-0.2466243,-0.07058273999999999,-0.96653388,0.9999966048563624,0.0,0.0,0.0,-2.42224255,0.6864655000000001,9.473223899999999,-0.6465,-0.1175,0.0541,-0.7518,4.176705237321635,-14.277845148024644,98.08374934433456,30.4
76008479022205,9.977243,45839.0,10.0,-0.2466243,-0.07058273999999999,-0.96653388,0.9999966048563624,0.0,0.0,0.0,-2.42224255,0.6962721499999999,9.483030549999999,-0.6465,-0.1175,0.0541,-0.7518,4.176705237321635,-14.277845148024644,98.08374934433456,30.4
76008489067112,10.044907,45849.0,10.0,-0.2466243,-0.07058273999999999,-0.96653388,0.9999966048563624,0.0,0.0,0.0,-2.4124358999999997,0.6962721499999999,9.492837199999999,-0.6465,-0.1175,0.0541,-0.7518,4.176705237321635,-14.277845148024644,98.08374934433456,30.4
76008499029750,9.962638,45859.0,10.0,-0.2466243,-0.07058273999999999,-0.96653388,0.9999966048563624,0.0,0.0,0.0,-2.4124358999999997,0.6864655000000001,9.473223899999999,-0.6465,-0.1175,0.0541,-0.7518,4.176705237321635,-14.277845148024644,98.08374934433456,30.4
76008509130208,10.100458,45869.0,10.0,-0.2466243,-0.07058273999999999,-0.96653388,0.9999966048563624,0.0,0.0,0.0,-2.4320492,0.7060787999999999,9.492837199999999,-0.6465,-0.1175,0.0541,-0.7518,4.176705237321635,-14.277845148024644,98.08374934433456,30.4
76008519168612,10.038404,45879.0,10.0,-0.2466243,-0.07058273999999999,-0.96653388,0.9999966048563624,0.0,0.0,0.0,-2.42224255,0.6962721499999999,9.483030549999999,-0.6465,-0.1175,0.0541,-0.7518,4.176705237321635,-14.277845148024644,98.08374934433456,30.4
76008529133057,9.964445,45889.0,10.0,-0.2466243,-0.07058273999999999,-0.96653388,0.9999966048563624,0.0,0.0,0.0,-2.42224255,0.6864655000000001,9.473223899999999,-0.6465,-0.1175,0.0541,-0.7518,4.176705237321635,-14.277845148024644,98.08374934433456,30.4
76008539159344,10.026287,45899.0,10.0,-0.2466243,-0.07058273999999999,-0.96653388,0.9999966048563624,0.0,0.0,0.0,-2.42224255,0.6864655000000001,9.492837199999999,-0.6465,-0.1175,0.0541,-0.7518,4.176705237321635,-14.277845148024644,98.08374934433456,30.4
76008549101488,9.942144,45909.0,10.0,-0.2466243,-0.07058273999999999,-0.96653388,0.9999966048563624,0.0,0.0,0.0,-2.4320492,0.6962721499999999,9.483030549999999,-0.6465,-0.1175,0.0541,-0.7518,4.176705237321635,-14.277845148024644,98.08374934433456,30.4
76008559052825,9.951337,45919.0,10.0,-0.2466243,-0.07058273999999999,-0.96653388,0.9999966048563624,0.0,0.0,0.0,-2.42224255,0.6864655000000001,9.483030549999999,-0.6465,-0.1175,0.0541,-0.7518,4.176705237321635,-14.277845148024644,98.08374934433456,30.4
76008569025381,9.972556,45929.0,10.0,-0.2466243,-0.07058273999999999,-0.96653388,0.9999966048563624,0.0,0.0,0.0,-2.4124358999999997,0.6962721499999999,9.492837199999999,-0.6465,-0.1175,0.0541,-0.7518,4.176705237321635,-14.277845148024644,98.08374934433456,30.4
76008579119418,10.094037,45939.0,10.0,-0.2466243,-0.07058273999999999,-0.96653388,0.9999966048563624,0.0,0.0,0.0,-2.42224255,0.6962721499999999,9.473223899999999,-0.6465,-0.1175,0.0541,-0.7518,4.176705237321635,-14.277845148024644,98.08374934433456,30.4
76008589166411,10.046993,45949.0,10.0,-0.2466243,-0.07058273999999999,-0.96653388,0.9999966048563624,0.0,0.0,0.0,-2.4124358999999997,0.6962721499999999,9.492837199999999,-0.6465,-0.1175,0.0541,-0.7518,4.176705237321635,-14.277845148024644,98.08374934433456,30.4
76008599166973,10.000562,45959.0,10.0,-0.2466243,-0.07058273999999999,-0.96653388,0.9999966048563624,0.0,0.0,0.0,-2.4320492,0.6962721499999999,9.473223899999999,-0.6465,-0.1175,0.0541,-0.7518,4.176705237321635,-14.277845148024644,98.08374934433456,30.4
76008609120991,9.954018,45969.0,10.0,-0.2466243,-0.07058273999999999,-0.96653388,0.9999966048563624,0.0,0.0,0.0,-2.4124358999999997,0.6864655000000001,9.483030549999999,-0.6465,-0.1175,0.0541,-0.7518,4.176705237321635,-14.277845148024644,98.08374934433456,30.4
76008619186578,10.065587,45979.0,10.0,-0.2466243,-0.07058273999999999,-0.96653388,0.9999966048563624,0.0,0.0,0.0,-2.42224255,0.6962721499999999,9.483030549999999,-0.6465,-0.1175,0.0541,-0.7518,4.176705237321635,-14.277845148024644,98.08374934433456,30.4
76008629167427,9.980849,45989.0,10.0,-0.2466243,-0.07058273999999999,-0.96653388,0.9999966048563624,0.0,0.0,0.0,-2.42224255,0.6962721499999999,9.483030549999999,-0.6465,-0.1175,0.0541,-0.7518,4.176705237321635,-14.277845148024644,98.08374934433456,30.4
76008639095171,9.927744,45999.0,10.0,-0.2466243,-0.07058273999999999,-0.96653388,0.9999966048563624,0.0,0.0,0.0,-2.42224255,0.6962721499999999,9.473223899999999,-0.6465,-0.1175,0.0541,-0.7518,4.176705237321635,-14.277845148024644,98.08374934433456,30.4
76008649105455,10.010284,46009.0,10.0,-0.2466243,-0.07058273999999999,-0.96653388,0.9999966048563624,0.0,0.0,0.0,-2.42224255,0.6962721499999999,9.483030549999999,-0.6465,-0.1175,0.0541,-0.7518,4.176705237321635,-14.277845148024644,98.08374934433456,30.4
76008659170316,10.064861,46019.0,10.0,-0.2466243,-0.07058273999999999,-0.96653388,0.9999966048563624,0.0,0.0,0.0,-2.4124358999999997,0.6962721499999999,9.483030549999999,-0.6465,-0.1175,0.0541,-0.7518,4.176705237321635,-14.277845148024644,98.08374934433456,30.4
76008669173726,10.00341,46029.0,10.0,-0.2466243,-0.07058273999999999,-0.96653388,0.9999966048563624,0.0,0.0,0.0,-2.42224255,0.6864655000000001,9.492837199999999,-0.6465,-0.1175,0.0541,-0.7518,4.176705237321635,-14.277845148024644,98.08374934433456,30.4
76008679191549,10.017823,46039.0,10.0,-0.2466243,-0.07058273999999999,-0.96653388,0.9999966048563624,0.0,0.0,0.0,-2.42224255,0.6962721499999999,9.473223899999999,-0.6465,-0.1175,0.0541,-0.7518,4.176705237321635,-14.277845148024644,98.08374934433456,30.4
76008689174720,9.983171,46049.0,10.0,-0.2466243,-0.07058273999999999,-0.96653388,0.9999966048563624,0.0,0.0,0.0,-2.42224255,0.6864655000000001,9.473223899999999,-0.6465,-0.1175,0.0541,-0.7518,4.176705237321635,-14.277845148024644,98.08374934433456,30.4
76008699166675,9.991955,46059.0,10.0,-0.2466243,-0.07058273999999999,-0.96653388,0.9999966048563624,0.0,0.0,0.0,-2.42224255,0.6864655000000001,9.473223899999999,-0.6465,-0.1175,0.0541,-0.7518,4.176705237321635,-14.277845148024644,98.08374934433456,30.4
76008709111433,9.944758,46069.0,10.0,-0.2466243,-0.07058273999999999,-0.96653388,0.9999966048563624,0.0,0.0,0.0,-2.42224255,0.6962721499999999,9.473223899999999,-0.6465,-0.1175,0.0541,-0.7518,4.176705237321635,-14.277845148024644,98.08374934433456,30.4
76008719108764,9.997331,46079.0,10.0,-0.2466243,-0.07058273999999999,-0.96653388,0.9999966048563624,0.0,0.0,0.0,-2.4320492,0.6864655000000001,9.473223899999999,-0.6465,-0.1175,0.0541,-0.7518,4.176705237321635,-14.277845148024644,98.08374934433456,30.4
76008729113381,10.004617,46089.0,10.0,-0.2466243,-0.07058273999999999,-0.96653388,0.9999966048563624,0.0,0.0,0.0,-2.4320492,0.7060787999999999,9.473223899999999,-0.6465,-0.1175,0.0541,-0.7518,4.176705237321635,-14.277845148024644,98.08374934433456,30.4
76008739161614,10.048233,46099.0,10.0,-0.2466243,-0.07058273999999999,-0.96653388,0.9999966048563624,0.0,0.0,0.0,-2.42224255,0.6864655000000001,9.473223899999999,-0.6465,-0.1175,0.0541,-0.7518,4.176705237321635,-14.277845148024644,98.08374934433456,30.4
76008749034835,9.873221,46109.0,10.0,-0.2466243,-0.07058273999999999,-0.96653388,0.9999966048563624,0.0,0.0,0.0,-2.4320492,0.6962721499999999,9.483030549999999,-0.6465,-0.1175,0.0541,-0.7518,4.176705237321635,-14.277845148024644,98.08374934433456,30.4
76008759040199,10.005364,46119.0,10.0,-0.2466243,-0.07058273999999999,-0.96653388,0.9999966048563624,0.0,0.0,0.0,-2.42224255,0.7060787999999999,9.492837199999999,-0.6465,-0.1175,0.0541,-0.7518,4.176705237321635,-14.277845148024644,98.08374934433456,30.4
76008769064231,10.024032,46129.0,10.0,-0.2466243,-0.07058273999999999,-0.96653388,0.9999966048563624,0.0,0.0,0.0,-2.42224255,0.6864655000000001,9.492837199999999,-0.6465,-0.1175,0.0541,-0.7518,4.176705237321635,-14.277845148024644,98.08374934433456,30.4
76008779050718,9.986487,46139.0,10.0,-0.2466243,-0.07058273999999999,-0.96653388,0.9999966048563624,0.0,0.0,0.0,-2.4124358999999997,0.6864655000000001,9.483030549999999,-0.6465,-0.1175,0.0541,-0.7518,4.176705237321635,-14.277845148024644,98.08374934433456,30.4
76008789139542,10.088824,46149.0,10.0,-0.2466243,-0.07058273999999999,-0.96653388,0.9999966048563624,0.0,0.0,0.0,-2.4320492,0.6864655000000001,9.473223899999999,-0.6465,-0.1175,0.0541,-0.7518,4.176705237321635,-14.277845148024644,98.08374934433456,30.4
76008799071393,9.931851,46159.0,10.0,-0.2466243,-0.07058273999999999,-0.96653388,0.9999966048563624,0.0,0.0,0.0,-2.4124358999999997,0.6962721499999999,9.483030549999999,-0.6465,-0.1175,0.0541,-0.7518,4.176705237321635,-14.277845148024644,98.08374934433456,30.4
76008809102974,10.031581,46169.0,10.0,-0.2466243,-0.07058273999999999,-0.96653388,0.9999966048563624,0.0,0.0,0.0,-2.4124358999999997,0.6864655000000001,9.483030549999999,-0.6465,-0.1175,0.0541,-0.7518,4.176705237321635,-14.277845148024644,98.08374934433456,30.4
76008819111241,10.008267,46179.0,10.0,-0.2466243,-0.07058273999999999,-0.96653388,0.9999966048563624,0.0,0.0,0.0,-2.42224255,0.6962721499999999,9.483030549999999,-0.6465,-0.1175,0.0541,-0.7518,4.176705237321635,-14.277845148024644,98.08374934433456,30.4
76008829154930,10.043689,46189.0,10.0,-0.2466243,-0.07058273999999999,-0.96653388,0.9999966048563624,0.0,0.0,0.0,-2.4320492,0.7060787999999999,9.473223899999999,-0.6465,-0.1175,0.0541,-0.7518,4.176705237321635,-14.277845148024644,98.08374934433456,30.4
76008839157620,10.00269,46199.0,10.0,-0.2466243,-0.07058273999999999,-0.96653388,0.9999966048563624,0.0,0.0,0.0,-2.42224255,0.6962721499999999,9.483030549999999,-0.6465,-0.1175,0.0541,-0.7518,4.176705237321635,-14.277845148024644,98.08374934433456,30.4
76008849188003,10.030383,46209.0,10.0,-0.2466243,-0.07058273999999999,-0.96653388,0.9999966048563624,0.0,0.0,0.0,-2.42224255,0.6864655000000001,9.483030549999999,-0.6465,-0.1175,0.0541,-0.7518,4.176705237321635,-14.277845148024644,98.08374934433456,30.4
76008859129780,9.941777,46219.0,10.0,-0.2466243,-0.07058273999999999,-0.96653388,0.9999966048563624,0.0,0.0,0.0,-2.42224255,0.6962721499999999,9.473223899999999,-0.6465,-0.1175,0.0541,-0.7518,4.176705237321635,-14.277845148024644,98.08374934433456,30.4
76008869171018,10.041238,46229.0,10.0,-0.2466243,-0.07058273999999999,-0.96653388,0.9999966048563624,0.0,0.0,0.0,-2.4320492,0.6962721499999999,9.46341725,-0.6465,-0.1175,0.0541,-0.7518,4.176705237321635,-14.277845148024644,98.08374934433456,30.4
76008879080959,9.909941,46239.0,10.0,-0.2466243,-0.07058273999999999,-0.96653388,0.9999966048563624,0.0,0.0,0.0,-2.42224255,0.6962721499999999,9.483030549999999,-0.6465,-0.1175,0.0541,-0.7518,4.176705237321635,-14.277845148024644,98.08374934433456,30.4
76008889037582,9.956623,46249.0,10.0,-0.2466243,-0.07058273999999999,-0.96653388,0.9999966048563624,0.0,0.0,0.0,-2.4124358999999997,0.67665885,9.473223899999999,-0.6465,-0.1175,0.0541,-0.7518,4.176705237321635,-14.277845148024644,98.08374934433456,30.4
76008899018997,9.981415,46259.0,10.0,-0.2466243,-0.07058273999999999,-0.96653388,0.9999966048563624,0.0,0.0,0.0,-2.4124358999999997,0.6962721499999999,9.483030549999999,-0.6465,-0.1175,0.0541,-0.7518,4.176705237321635,-14.277845148024644,98.08374934433456,30.4
76008909480969,10.461972,46269.0,10.0,-0.2466243,-0.07058273999999999,-0.96653388,0.9999966048563624,0.0,0.0,0.0,-2.42224255,0.7060787999999999,9.483030549999999,-0.6465,-0.1175,0.0541,-0.7518,4.176705237321635,-14.277845148024644,98.08374934433456,30.4
76008919165340,9.684371,46279.0,10.0,-0.2466243,-0.07058273999999999,-0.96653388,0.9999966048563624,0.0,0.0,0.0,-2.4124358999999997,0.6864655000000001,9.483030549999999,-0.6465,-0.1175,0.0541,-0.7518,4.176705237321635,-14.277845148024644,98.08374934433456,30.4
76008929083660,9.91832,46289.0,10.0,-0.2466243,-0.07058273999999999,-0.96653388,0.9999966048563624,0.0,0.0,0.0,-2.4124358999999997,0.6864655000000001,9.483030549999999,-0.6465,-0.1175,0.0541,-0.7518,4.176705237321635,-14.277845148024644,98.08374934433456,30.4
76008939102876,10.019216,46299.0,10.0,-0.2466243,-0.07058273999999999,-0.96653388,0.9999966048563624,0.0,0.0,0.0,-2.42224255,0.6864655000000001,9.483030549999999,-0.6465,-0.1175,0.0541,-0.7518,4.176705237321635,-14.277845148024644,98.08374934433456,30.4
76008949099012,9.996136,46309.0,10.0,-0.2466243,-0.07058273999999999,-0.96653388,0.9999966048563624,0.0,0.0,0.0,-2.4124358999999997,0.7060787999999999,9.473223899999999,-0.6465,-0.1175,0.0541,-0.7518,4.176705237321635,-14.277845148024644,98.08374934433456,30.4
76008959089710,9.990698,46319.0,10.0,-0.2466243,-0.07058273999999999,-0.96653388,0.9999966048563624,0.0,0.0,0.0,-2.4124358999999997,0.7060787999999999,9.483030549999999,-0.6465,-0.1175,0.0541,-0.7518,4.176705237321635,-14.277845148024644,98.08374934433456,30.4
76008969239051,10.149341,46329.0,10.0,-0.2466243,-0.07058273999999999,-0.96653388,0.9999966048563624,0.0,0.0,0.0,-2.4124358999999997,0.6962721499999999,9.483030549999999,-0.6465,-0.1175,0.0541,-0.7518,4.176705237321635,-14.277845148024644,98.08374934433456,30.4
76008979233642,9.994591,46339.0,10.0,-0.2466243,-0.07058273999999999,-0.96653388,0.9999966048563624,0.0,0.0,0.0,-2.42224255,0.6864655000000001,9.483030549999999,-0.6465,-0.1175,0.0541,-0.7518,4.176705237321635,-14.277845148024644,98.08374934433456,30.4
76008989103941,9.870299,46349.0,10.0,-0.2466243,-0.07058273999999999,-0.96653388,0.9999966048563624,0.0,0.0,0.0,-2.4124358999999997,0.6962721499999999,9.46341725,-0.6465,-0.1175,0.0541,-0.7518,4.176705237321635,-14.277845148024644,98.08374934433456,30.4
76008999087705,9.983764,46359.0,10.0,-0.2466243,-0.07058273999999999,-0.96653388,0.9999966048563624,0.0,0.0,0.0,-2.4320492,0.6962721499999999,9.473223899999999,-0.6465,-0.1175,0.0541,-0.7518,4.176705237321635,-14.277845148024644,98.08374934433456,30.4
76009009095671,10.007966,46369.0,10.0,-0.2466243,-0.07058273999999999,-0.96653388,0.9999966048563624,0.0,0.0,0.0,-2.42224255,0.6864655000000001,9.483030549999999,-0.6465,-0.1175,0.0541,-0.7518,4.176705237321635,-14.277845148024644,98.08374934433456,30.4
76009019079384,9.983713,46379.0,10.0,-0.2466243,-0.07058273999999999,-0.96653388,0.9999966048563624,0.0,0.0,0.0,-2.4124358999999997,0.6962721499999999,9.473223899999999,-0.6465,-0.1175,0.0541,-0.7518,4.176705237321635,-14.277845148024644,98.08374934433456,30.4
76009029079973,10.000589,46389.0,10.0,-0.2466243,-0.07058273999999999,-0.96653388,0.9999966048563624,0.0,0.0,0.0,-2.42224255,0.6962721499999999,9.46341725,-0.6465,-0.1175,0.0541,-0.7518,4.176705237321635,-14.277845148024644,98.08374934433456,30.4
76009039240710,10.160737,46399.0,10.0,-0.2466243,-0.07058273999999999,-0.96653388,0.9999966048563624,0.0,0.0,0.0,-2.42224255,0.6864655000000001,9.473223899999999,-0.6465,-0.1175,0.0541,-0.7518,4.176705237321635,-14.277845148024644,98.08374934433456,30.4
76009049138602,9.897892,46409.0,10.0,-0.2466243,-0.07058273999999999,-0.96653388,0.9999966048563624,0.0,0.0,0.0,-2.4124358999999997,0.6864655000000001,9.473223899999999,-0.6465,-0.1175,0.0541,-0.7518,4.176705237321635,-14.277845148024644,98.08374934433456,30.4
76009059263328,10.124726,46419.0,10.0,-0.2466243,-0.07058273999999999,-0.96653388,0.9999966048563624,0.0,0.0,0.0,-2.4320492,0.6864655000000001,9.473223899999999,-0.6465,-0.1175,0.0541,-0.7518,4.176705237321635,-14.277845148024644,98.08374934433456,30.4
76009069123942,9.860614,46429.0,10.0,-0.2466243,-0.07058273999999999,-0.96653388,0.9999966048563624,0.0,0.0,0.0,-2.42224255,0.6962721499999999,9.473223899999999,-0.6465,-0.1175,0.0541,-0.7518,4.176705237321635,-14.277845148024644,98.08374934433456,30.4
76009079122255,9.998313,46439.0,10.0,-0.2466243,-0.07058273999999999,-0.96653388,0.9999966048563624,0.0,0.0,0.0,-2.4124358999999997,0.7060787999999999,9.483030549999999,-0.6465,-0.1175,0.0541,-0.7518,4.176705237321635,-14.277845148024644,98.08374934433456,30.4
76009089233118,10.110863,46449.0,10.0,-0.2466243,-0.07058273999999999,-0.96653388,0.9999966048563624,0.0,0.0,0.0,-2.42224255,0.7060787999999999,9.483030549999999,-0.6465,-0.1175,0.0541,-0.7518,4.176705237321635,-14.277845148024644,98.08374934433456,30.4
76009099235998,10.00288,46459.0,10.0,-0.2466243,-0.07058273999999999,-0.96653388,0.9999966048563624,0.0,0.0,0.0,-2.42224255,0.6864655000000001,9.483030549999999,-0.6465,-0.1175,0.0541,-0.7518,4.176705237321635,-14.277845148024644,98.08374934433456,30.4
76009109150104,9.914106,46469.0,10.0,-0.2466243,-0.07058273999999999,-0.96653388,0.9999966048563624,0.0,0.0,0.0,-2.4320492,0.6962721499999999,9.483030549999999,-0.6465,-0.1175,0.0541,-0.7518,4.176705237321635,-14.277845148024644,98.08374934433456,30.4
76009119238067,10.087963,46479.0,10.0,-0.2466243,-0.07058273999999999,-0.96653388,0.9999966048563624,0.0,0.0,0.0,-2.4320492,0.6962721499999999,9.492837199999999,-0.6465,-0.1175,0.0541,-0.7518,4.176705237321635,-14.277845148024644,98.08374934433456,30.4
76009129224219,9.986152,46489.0,10.0,-0.2466243,-0.07058273999999999,-0.96653388,0.9999966048563624,0.0,0.0,0.0,-2.4124358999999997,0.6962721499999999,9.483030549999999,-0.6465,-0.1175,0.0541,-0.7518,4.176705237321635,-14.277845148024644,98.08374934433456,30.4
76009139147362,9.923143,46499.0,10.0,-0.2466243,-0.07058273999999999,-0.96653388,0.9999966048563624,0.0,0.0,0.0,-2.42224255,0.6962721499999999,9.473223899999999,-0.6465,-0.1175,0.0541,-0.7518,4.176705237321635,-14.277845148024644,98.08374934433456,30.4
76009149141188,9.993826,46509.0,10.0,-0.2466243,-0.07058273999999999,-0.96653388,0.9999966048563624,0.0,0.0,0.0,-2.4320492,0.6864655000000001,9.483030549999999,-0.6465,-0.1175,0.0541,-0.7518,4.176705237321635,-14.277845148024644,98.08374934433456,30.4
76009159113689,9.972501,46519.0,10.0,-0.2466243,-0.07058273999999999,-0.96653388,0.9999966048563624,0.0,0.0,0.0,-2.42224255,0.6962721499999999,9.473223899999999,-0.6465,-0.1175,0.0541,-0.7518,4.176705237321635,-14.277845148024644,98.08374934433456,30.4
76009169097806,9.984117,46529.0,10.0,-0.2466243,-0.07058273999999999,-0.96653388,0.9999966048563624,0.0,0.0,0.0,-2.4124358999999997,0.6864655000000001,9.483030549999999,-0.6465,-0.1175,0.0541,-0.7518,4.176705237321635,-14.277845148024644,98.08374934433456,30.4
76009179079566,9.98176,46539.0,10.0,-0.2466243,-0.07058273999999999,-0.96653388,0.9999966048563624,0.0,0.0,0.0,-2.4124358999999997,0.6962721499999999,9.473223899999999,-0.6465,-0.1175,0.0541,-0.7518,4.176705237321635,-14.277845148024644,98.08374934433456,30.4
76009189070241,9.990675,46549.0,10.0,-0.2466243,-0.07058273999999999,-0.96653388,0.9999966048563624,0.0,0.0,0.0,-2.4320492,0.6962721499999999,9.473223899999999,-0.6465,-0.1175,0.0541,-0.7518,4.176705237321635,-14.277845148024644,98.08374934433456,30.4
76009199143268,10.073027,46559.0,10.0,-0.2466243,-0.07058273999999999,-0.96653388,0.9999966048563624,0.0,0.0,0.0,-2.42224255,0.6864655000000001,9.473223899999999,-0.6465,-0.1175,0.0541,-0.7518,4.176705237321635,-14.277845148024644,98.08374934433456,30.4
76009209072966,9.929698,46569.0,10.0,-0.2466243,-0.07058273999999999,-0.96653388,0.9999966048563624,0.0,0.0,0.0,-2.4320492,0.6962721499999999,9.483030549999999,-0.6465,-0.1175,0.0541,-0.7518,4.176705237321635,-14.277845148024644,98.08374934433456,30.4
76009219083238,10.010272,46579.0,10.0,-0.2466243,-0.07058273999999999,-0.96653388,0.9999966048563624,0.0,0.0,0.0,-2.4124358999999997,0.6962721499999999,9.473223899999999,-0.6465,-0.1175,0.0541,-0.7518,4.176705237321635,-14.277845148024644,98.08374934433456,30.4
76009229052639,9.969401,46589.0,10.0,-0.2466243,-0.07058273999999999,-0.96653388,0.9999966048563624,0.0,0.0,0.0,-2.4124358999999997,0.6864655000000001,9.483030549999999,-0.6465,-0.1175,0.0541,-0.7518,4.176705237321635,-14.277845148024644,98.08374934433456,30.4
76009239144409,10.09177,46599.0,10.0,-0.2466243,-0.07058273999999999,-0.96653388,0.9999966048563624,0.0,0.0,0.0,-2.4124358999999997,0.6962721499999999,9.46341725,-0.6465,-0.1175,0.0541,-0.7518,4.176705237321635,-14.277845148024644,98.08374934433456,30.4
76009249166576,10.022167,46609.0,10.0,-0.2466243,-0.07058273999999999,-0.96653388,0.9999966048563624,0.0,0.0,0.0,-2.4320492,0.6962721499999999,9.473223899999999,-0.6465,-0.1175,0.0541,-0.7518,4.176705237321635,-14.277845148024644,98.08374934433456,30.4
76009259175610,10.009034,46619.0,10.0,-0.2466243,-0.07058273999999999,-0.96653388,0.9999966048563624,0.0,0.0,0.0,-2.42224255,0.6864655000000001,9.483030549999999,-0.6465,-0.1175,0.0541,-0.7518,4.176705237321635,-14.277845148024644,98.08374934433456,30.4
76009269083325,9.907715,46629.0,10.0,-0.2466243,-0.07058273999999999,-0.96653388,0.9999966048563624,0.0,0.0,0.0,-2.42224255,0.6962721499999999,9.473223899999999,-0.6465,-0.1175,0.0541,-0.7518,4.176705237321635,-14.277845148024644,98.08374934433456,30.4
76009279068518,9.985193,46639.0,10.0,-0.2466243,-0.07058273999999999,-0.96653388,0.9999966048563624,0.0,0.0,0.0,-2.42224255,0.67665885,9.492837199999999,-0.6465,-0.1175,0.0541,-0.7518,4.176705237321635,-14.277845148024644,98.08374934433456,30.4
76009289089170,10.020652,46649.0,10.0,-0.2466243,-0.07058273999999999,-0.96653388,0.9999966048563624,0.0,0.0,0.0,-2.4124358999999997,0.6962721499999999,9.483030549999999,-0.6465,-0.1175,0.0541,-0.7518,4.176705237321635,-14.277845148024644,98.08374934433456,30.4
76009299054127,9.964957,46659.0,10.0,-0.2466243,-0.07058273999999999,-0.96653388,0.9999966048563624,0.0,0.0,0.0,-2.42224255,0.6962721499999999,9.483030549999999,-0.6465,-0.1175,0.0541,-0.7518,4.176705237321635,-14.277845148024644,98.08374934433456,30.4
76009309043394,9.989267,46669.0,10.0,-0.2466243,-0.07058273999999999,-0.96653388,0.9999966048563624,0.0,0.0,0.0,-2.4320492,0.6962721499999999,9.473223899999999,-0.6465,-0.1175,0.0541,-0.7518,4.176705237321635,-14.277845148024644,98.08374934433456,30.4
76009319041439,9.998045,46679.0,10.0,-0.2466243,-0.07058273999999999,-0.96653388,0.9999966048563624,0.0,0.0,0.0,-2.42224255,0.6962721499999999,9.483030549999999,-0.6465,-0.1175,0.0541,-0.7518,4.176705237321635,-14.277845148024644,98.08374934433456,30.4
76009329042513,10.001074,46689.0,10.0,-0.2466243,-0.07058273999999999,-0.96653388,0.9999966048563624,0.0,0.0,0.0,-2.42224255,0.6864655000000001,9.483030549999999,-0.6465,-0.1175,0.0541,-0.7518,4.176705237321635,-14.277845148024644,98.08374934433456,30.4
76009339049635,10.007122,46699.0,10.0,-0.2466243,-0.07058273999999999,-0.96653388,0.9999966048563624,0.0,0.0,0.0,-2.4320492,0.6962721499999999,9.483030549999999,-0.6465,-0.1175,0.0541,-0.7518,4.176705237321635,-14.277845148024644,98.08374934433456,30.4
76009349101073,10.051438,46709.0,10.0,-0.2466243,-0.07058273999999999,-0.96653388,0.9999966048563624,0.0,0.0,0.0,-2.42224255,0.6962721499999999,9.483030549999999,-0.6465,-0.1175,0.0541,-0.7518,4.176705237321635,-14.277845148024644,98.08374934433456,30.4
76009359078849,9.977776,46719.0,10.0,-0.2466243,-0.07058273999999999,-0.96653388,0.9999966048563624,0.0,0.0,0.0,-2.4320492,0.6864655000000001,9.483030549999999,-0.6465,-0.1175,0.0541,-0.7518,4.176705237321635,-14.277845148024644,98.08374934433456,30.4
76009369082715,10.003866,46729.0,10.0,-0.2466243,-0.07058273999999999,-0.96653388,0.9999966048563624,0.0,0.0,0.0,-2.42224255,0.6962721499999999,9.483030549999999,-0.6465,-0.1175,0.0541,-0.7518,4.176705237321635,-14.277845148024644,98.08374934433456,30.4
76009379209695,10.12698,46739.0,10.0,-0.2466243,-0.07058273999999999,-0.96653388,0.9999966048563624,0.0,0.0,0.0,-2.42224255,0.6962721499999999,9.473223899999999,-0.6465,-0.1175,0.0541,-0.7518,4.176705237321635,-14.277845148024644,98.08374934433456,30.4
76009389232375,10.02268,46749.0,10.0,-0.2466243,-0.07058273999999999,-0.96653388,0.9999966048563624,0.0,0.0,0.0,-2.4320492,0.6962721499999999,9.492837199999999,-0.6465,-0.1175,0.0541,-0.7518,4.176705237321635,-14.277845148024644,98.08374934433456,30.4
76009399133546,9.901171,46759.0,10.0,-0.2466243,-0.07058273999999999,-0.96653388,0.9999966048563624,0.0,0.0,0.0,-2.4320492,0.6962721499999999,9.483030549999999,-0.6465,-0.1175,0.0541,-0.7518,4.176705237321635,-14.277845148024644,98.08374934433456,30.4
76009409115499,9.981953,46769.0,10.0,-0.2466243,-0.07058273999999999,-0.96653388,0.9999966048563624,0.0,0.0,0.0,-2.42224255,0.6962721499999999,9.4536106,-0.6465,-0.1175,0.0541,-0.7518,4.176705237321635,-14.277845148024644,98.08374934433456,30.4
76009419118106,10.002607,46779.0,10.0,-0.2466243,-0.07058273999999999,-0.96653388,0.9999966048563624,0.0,0.0,0.0,-2.4124358999999997,0.6864655000000001,9.492837199999999,-0.6465,-0.1175,0.0541,-0.7518,4.176705237321635,-14.277845148024644,98.08374934433456,30.4
76009429206563,10.088457,46789.0,10.0,-0.2466243,-0.07058273999999999,-0.96653388,0.9999966048563624,0.0,0.0,0.0,-2.4124358999999997,0.7060787999999999,9.483030549999999,-0.6465,-0.1175,0.0541,-0.7518,4.176705237321635,-14.277845148024644,98.08374934433456,30.4
76009439212566,10.006003,46799.0,10.0,-0.2466243,-0.07058273999999999,-0.96653388,0.9999966048563624,0.0,0.0,0.0,-2.42224255,0.6864655000000001,9.473223899999999,-0.6465,-0.1175,0.0541,-0.7518,4.176705237321635,-14.277845148024644,98.08374934433456,30.4
76009449198289,9.985723,46809.0,10.0,-0.2466243,-0.07058273999999999,-0.96653388,0.9999966048563624,0.0,0.0,0.0,-2.4124358999999997,0.6962721499999999,9.483030549999999,-0.6465,-0.1175,0.0541,-0.7518,4.176705237321635,-14.277845148024644,98.08374934433456,30.4
76009459199980,10.001691,46819.0,10.0,-0.2466243,-0.07058273999999999,-0.96653388,0.9999966048563624,0.0,0.0,0.0,-2.42224255,0.7060787999999999,9.473223899999999,-0.6465,-0.1175,0.0541,-0.7518,4.176705237321635,-14.277845148024644,98.08374934433456,30.4
76009469183106,9.983126,46829.0,10.0,-0.2466243,-0.07058273999999999,-0.96653388,0.9999966048563624,0.0,0.0,0.0,-2.42224255,0.6864655000000001,9.483030549999999,-0.6465,-0.1175,0.0541,-0.7518,4.176705237321635,-14.277845148024644,98.08374934433456,30.4
76009479204200,10.021094,46839.0,10.0,-0.2466243,-0.07058273999999999,-0.96653388,0.9999966048563624,0.0,0.0,0.0,-2.42224255,0.6864655000000001,9.483030549999999,-0.6465,-0.1175,0.0541,-0.7518,4.176705237321635,-14.277845148024644,98.08374934433456,30.4
76009489140156,9.935956,46849.0,10.0,-0.2466243,-0.07058273999999999,-0.96653388,0.9999966048563624,0.0,0.0,0.0,-2.4124358999999997,0.6864655000000001,9.473223899999999,-0.6465,-0.1175,0.0541,-0.7518,4.176705237321635,-14.277845148024644,98.08374934433456,30.4
76009499146616,10.00646,46859.0,10.0,-0.2466243,-0.07058273999999999,-0.96653388,0.9999966048563624,0.0,0.0,0.0,-2.4320492,0.6962721499999999,9.483030549999999,-0.6465,-0.1175,0.0541,-0.7518,4.176705237321635,-14.277845148024644,98.08374934433456,30.4
76009509093054,9.946438,46869.0,10.0,-0.2466243,-0.07058273999999999,-0.96653388,0.9999966048563624,0.0,0.0,0.0,-2.4124358999999997,0.6864655000000001,9.483030549999999,-0.6465,-0.1175,0.0541,-0.7518,4.176705237321635,-14.277845148024644,98.08374934433456,30.4
76009519093516,10.000462,46879.0,10.0,-0.2466243,-0.07058273999999999,-0.96653388,0.9999966048563624,0.0,0.0,0.0,-2.4124358999999997,0.6864655000000001,9.473223899999999,-0.6465,-0.1175,0.0541,-0.7518,4.176705237321635,-14.277845148024644,98.08374934433456,30.4
76009529094741,10.001225,46889.0,10.0,-0.2466243,-0.07058273999999999,-0.96653388,0.9999966048563624,0.0,0.0,0.0,-2.4124358999999997,0.6864655000000001,9.483030549999999,-0.6465,-0.1175,0.0541,-0.7518,4.176705237321635,-14.277845148024644,98.08374934433456,30.4
76009539079348,9.984607,46899.0,10.0,-0.2466243,-0.07058273999999999,-0.96653388,0.9999966048563624,0.0,0.0,0.0,-2.4320492,0.7060787999999999,9.473223899999999,-0.6465,-0.1175,0.0541,-0.7518,4.176705237321635,-14.277845148024644,98.08374934433456,30.4
76009549202958,10.12361,46909.0,10.0,-0.2466243,-0.07058273999999999,-0.96653388,0.9999966048563624,0.0,0.0,0.0,-2.42224255,0.7060787999999999,9.473223899999999,-0.6465,-0.1175,0.0541,-0.7518,4.176705237321635,-14.277845148024644,98.08374934433456,30.4
76009559217370,10.014412,46919.0,10.0,-0.2466243,-0.07058273999999999,-0.96653388,0.9999966048563624,0.0,0.0,0.0,-2.42224255,0.6864655000000001,9.492837199999999,-0.6465,-0.1175,0.0541,-0.7518,4.176705237321635,-14.277845148024644,98.08374934433456,30.4
76009569204198,9.986828,46929.0,10.0,-0.2466243,-0.07058273999999999,-0.96653388,0.9999966048563624,0.0,0.0,0.0,-2.4124358999999997,0.6864655000000001,9.483030549999999,-0.6465,-0.1175,0.0541,-0.7518,4.176705237321635,-14.277845148024644,98.08374934433456,30.4
76009579103268,9.89907,46939.0,10.0,-0.2466243,-0.07058273999999999,-0.96653388,0.9999966048563624,0.0,0.0,0.0,-2.42224255,0.6962721499999999,9.483030549999999,-0.6465,-0.1175,0.0541,-0.7518,4.176705237321635,-14.277845148024644,98.08374934433456,30.4
76009589156647,10.053379,46949.0,10.0,-0.2466243,-0.07058273999999999,-0.96653388,0.9999966048563624,0.0,0.0,0.0,-2.4124358999999997,0.6962721499999999,9.473223899999999,-0.6465,-0.1175,0.0541,-0.7518,4.176705237321635,-14.277845148024644,98.08374934433456,30.4
76009599166345,10.009698,46959.0,10.0,-0.2466243,-0.07058273999999999,-0.96653388,0.9999966048563624,0.0,0.0,0.0,-2.4320492,0.6864655000000001,9.473223899999999,-0.6465,-0.1175,0.0541,-0.7518,4.176705237321635,-14.277845148024644,98.08374934433456,30.4
76009609114250,9.947905,46969.0,10.0,-0.2466243,-0.07058273999999999,-0.96653388,0.9999966048563624,0.0,0.0,0.0,-2.42224255,0.6962721499999999,9.473223899999999,-0.6465,-0.1175,0.0541,-0.7518,4.176705237321635,-14.277845148024644,98.08374934433456,30.4
76009619107293,9.993043,46979.0,10.0,-0.2466243,-0.07058273999999999,-0.96653388,0.9999966048563624,0.0,0.0,0.0,-2.42224255,0.6864655000000001,9.473223899999999,-0.6465,-0.1175,0.0541,-0.7518,4.176705237321635,-14.277845148024644,98.08374934433456,30.4
76009629064136,9.956843,46989.0,10.0,-0.2466243,-0.07058273999999999,-0.96653388,0.9999966048563624,0.0,0.0,0.0,-2.4124358999999997,0.6962721499999999,9.473223899999999,-0.6465,-0.1175,0.0541,-0.7518,4.176705237321635,-14.277845148024644,98.08374934433456,30.4
76009639062479,9.998343,46999.0,10.0,-0.2466243,-0.07058273999999999,-0.96653388,0.9999966048563624,0.0,0.0,0.0,-2.4320492,0.6962721499999999,9.473223899999999,-0.6465,-0.1175,0.0541,-0.7518,4.176705237321635,-14.277845148024644,98.08374934433456,30.4
76009649115220,10.052741,47009.0,10.0,-0.2466243,-0.07058273999999999,-0.96653388,0.9999966048563624,0.0,0.0,0.0,-2.42224255,0.6962721499999999,9.473223899999999,-0.6465,-0.1175,0.0541,-0.7518,4.176705237321635,-14.277845148024644,98.08374934433456,30.4
76009659051681,9.936461,47019.0,10.0,-0.2466243,-0.07058273999999999,-0.96653388,0.9999966048563624,0.0,0.0,0.0,-2.42224255,0.6864655000000001,9.473223899999999,-0.6465,-0.1175,0.0541,-0.7518,4.176705237321635,-14.277845148024644,98.08374934433456,30.4
76009669042655,9.990974,47029.0,10.0,-0.2466243,-0.07058273999999999,-0.96653388,0.9999966048563624,0.0,0.0,0.0,-2.42224255,0.6864655000000001,9.483030549999999,-0.6465,-0.1175,0.0541,-0.7518,4.176705237321635,-14.277845148024644,98.08374934433456,30.4
76009679093492,10.050837,47039.0,10.0,-0.2466243,-0.07058273999999999,-0.96653388,0.9999966048563624,0.0,0.0,0.0,-2.4124358999999997,0.6864655000000001,9.483030549999999,-0.6465,-0.1175,0.0541,-0.7518,4.176705237321635,-14.277845148024644,98.08374934433456,30.4
76009689068296,9.974804,47049.0,10.0,-0.2466243,-0.07058273999999999,-0.96653388,0.9999966048563624,0.0,0.0,0.0,-2.40262925,0.6962721499999999,9.473223899999999,-0.6465,-0.1175,0.0541,-0.7518,4.176705237321635,-14.277845148024644,98.08374934433456,30.4
76009699032596,9.9643,47059.0,10.0,-0.2466243,-0.07058273999999999,-0.96653388,0.9999966048563624,0.0,0.0,0.0,-2.42224255,0.6864655000000001,9.483030549999999,-0.6465,-0.1175,0.0541,-0.7518,4.176705237321635,-14.277845148024644,98.08374934433456,30.4
76009709050222,10.017626,47069.0,10.0,-0.2466243,-0.07058273999999999,-0.96653388,0.9999966048563624,0.0,0.0,0.0,-2.4124358999999997,0.6864655000000001,9.473223899999999,-0.6465,-0.1175,0.0541,-0.7518,4.176705237321635,-14.277845148024644,98.08374934433456,30.4
76009719071297,10.021075,47079.0,10.0,-0.2466243,-0.07058273999999999,-0.96653388,0.9999966048563624,0.0,0.0,0.0,-2.42224255,0.6962721499999999,9.483030549999999,-0.6465,-0.1175,0.0541,-0.7518,4.176705237321635,-14.277845148024644,98.08374934433456,30.4
76009729078939,10.007642,47089.0,10.0,-0.2466243,-0.07058273999999999,-0.96653388,0.9999966048563624,0.0,0.0,0.0,-2.42224255,0.6864655000000001,9.473223899999999,-0.6465,-0.1175,0.0541,-0.7518,4.176705237321635,-14.277845148024644,98.08374934433456,30.4
76009739091315,10.012376,47099.0,10.0,-0.2466243,-0.07058273999999999,-0.96653388,0.9999966048563624,0.0,0.0,0.0,-2.4320492,0.6962721499999999,9.473223899999999,-0.6465,-0.1175,0.0541,-0.7518,4.176705237321635,-14.277845148024644,98.08374934433456,30.4
76009749064611,9.973296,47109.0,10.0,-0.2466243,-0.07058273999999999,-0.96653388,0.9999966048563624,0.0,0.0,0.0,-2.42224255,0.6962721499999999,9.473223899999999,-0.6465,-0.1175,0.0541,-0.7518,4.176705237321635,-14.277845148024644,98.08374934433456,30.4
76009759051325,9.986714,47119.0,10.0,-0.2466243,-0.07058273999999999,-0.96653388,0.9999966048563624,0.0,0.0,0.0,-2.4124358999999997,0.6864655000000001,9.473223899999999,-0.6465,-0.1175,0.0541,-0.7518,4.176705237321635,-14.277845148024644,98.08374934433456,30.4
76009769099625,10.0483,47129.0,10.0,-0.2466243,-0.07058273999999999,-0.96653388,0.9999966048563624,0.0,0.0,0.0,-2.4124358999999997,0.6864655000000001,9.492837199999999,-0.6465,-0.1175,0.0541,-0.7518,4.176705237321635,-14.277845148024644,98.08374934433456,30.4
76009779082886,9.983261,47139.0,10.0,-0.2466243,-0.07058273999999999,-0.96653388,0.9999966048563624,0.0,0.0,0.0,-2.42224255,0.6864655000000001,9.483030549999999,-0.6465,-0.1175,0.0541,-0.7518,4.176705237321635,-14.277845148024644,98.08374934433456,30.4
76009789052429,9.969543,47149.0,10.0,-0.2466243,-0.07058273999999999,-0.96653388,0.9999966048563624,0.0,0.0,0.0,-2.42224255,0.6864655000000001,9.46341725,-0.6465,-0.1175,0.0541,-0.7518,4.176705237321635,-14.277845148024644,98.08374934433456,30.4
76009799077076,10.024647,47159.0,10.0,-0.2466243,-0.07058273999999999,-0.96653388,0.9999966048563624,0.0,0.0,0.0,-2.4124358999999997,0.6962721499999999,9.483030549999999,-0.6465,-0.1175,0.0541,-0.7518,4.176705237321635,-14.277845148024644,98.08374934433456,30.4
76009809044405,9.967329,47169.0,10.0,-0.2466243,-0.07058273999999999,-0.96653388,0.9999966048563624,0.0,0.0,0.0,-2.4124358999999997,0.6962721499999999,9.473223899999999,-0.6465,-0.1175,0.0541,-0.7518,4.176705237321635,-14.277845148024644,98.08374934433456,30.4
76009819035467,9.991062,47179.0,10.0,-0.2466243,-0.07058273999999999,-0.96653388,0.9999966048563624,0.0,0.0,0.0,-2.42224255,0.6864655000000001,9.473223899999999,-0.6465,-0.1175,0.0541,-0.7518,4.176705237321635,-14.277845148024644,98.08374934433456,30.4
76009829061820,10.026353,47189.0,10.0,-0.2466243,-0.07058273999999999,-0.96653388,0.9999966048563624,0.0,0.0,0.0,-2.4124358999999997,0.6962721499999999,9.46341725,-0.6465,-0.1175,0.0541,-0.7518,4.176705237321635,-14.277845148024644,98.08374934433456,30.4
76009839049609,9.987789,47199.0,10.0,-0.2466243,-0.07058273999999999,-0.96653388,0.9999966048563624,0.0,0.0,0.0,-2.4124358999999997,0.6962721499999999,9.473223899999999,-0.6465,-0.1175,0.0541,-0.7518,4.176705237321635,-14.277845148024644,98.08374934433456,30.4
76009849053691,10.004082,47209.0,10.0,-0.2466243,-0.07058273999999999,-0.96653388,0.9999966048563624,0.0,0.0,0.0,-2.42224255,0.6962721499999999,9.483030549999999,-0.6465,-0.1175,0.0541,-0.7518,4.176705237321635,-14.277845148024644,98.08374934433456,30.4
76009859064755,10.011064,47219.0,10.0,-0.2466243,-0.07058273999999999,-0.96653388,0.9999966048563624,0.0,0.0,0.0,-2.4320492,0.6864655000000001,9.483030549999999,-0.6465,-0.1175,0.0541,-0.7518,4.176705237321635,-14.277845148024644,98.08374934433456,30.4
76009869083830,10.019075,47229.0,10.0,-0.2466243,-0.07058273999999999,-0.96653388,0.9999966048563624,0.0,0.0,0.0,-2.42224255,0.67665885,9.483030549999999,-0.6465,-0.1175,0.0541,-0.7518,4.176705237321635,-14.277845148024644,98.08374934433456,30.4
76009879045209,9.961379,47239.0,10.0,-0.2466243,-0.07058273999999999,-0.96653388,0.9999966048563624,0.0,0.0,0.0,-2.42224255,0.6864655000000001,9.473223899999999,-0.6465,-0.1175,0.0541,-0.7518,4.176705237321635,-14.277845148024644,98.08374934433456,30.4
76009889078160,10.032951,47249.0,10.0,-0.2466243,-0.07058273999999999,-0.96653388,0.9999966048563624,0.0,0.0,0.0,-2.4124358999999997,0.7060787999999999,9.473223899999999,-0.6465,-0.1175,0.0541,-0.7518,4.176705237321635,-14.277845148024644,98.08374934433456,30.4
76009899083398,10.005238,47259.0,10.0,-0.2466243,-0.07058273999999999,-0.96653388,0.9999966048563624,0.0,0.0,0.0,-2.42224255,0.6962721499999999,9.473223899999999,-0.6465,-0.1175,0.0541,-0.7518,4.176705237321635,-14.277845148024644,98.08374934433456,30.4
76009909123003,10.039605,47269.0,10.0,-0.2466243,-0.07058273999999999,-0.96653388,0.9999966048563624,0.0,0.0,0.0,-2.42224255,0.6962721499999999,9.473223899999999,-0.6465,-0.1175,0.0541,-0.7518,4.176705237321635,-14.277845148024644,98.08374934433456,30.4
76009919184700,10.061697,47279.0,10.0,-0.2466243,-0.07058273999999999,-0.96653388,0.9999966048563624,0.0,0.0,0.0,-2.42224255,0.6962721499999999,9.483030549999999,-0.6465,-0.1175,0.0541,-0.7518,4.176705237321635,-14.277845148024644,98.08374934433456,30.4
76009929024550,9.83985,47289.0,10.0,-0.2466243,-0.07058273999999999,-0.96653388,0.9999966048563624,0.0,0.0,0.0,-2.4124358999999997,0.6962721499999999,9.483030549999999,-0.6465,-0.1175,0.0541,-0.7518,4.176705237321635,-14.277845148024644,98.08374934433456,30.4
76009939059513,10.034963,47299.0,10.0,-0.2466243,-0.07058273999999999,-0.96653388,0.9999966048563624,0.0,0.0,0.0,-2.4124358999999997,0.6864655000000001,9.483030549999999,-0.6465,-0.1175,0.0541,-0.7518,4.176705237321635,-14.277845148024644,98.08374934433456,30.4
76009949073310,10.013797,47309.0,10.0,-0.2466243,-0.07058273999999999,-0.96653388,0.9999966048563624,0.0,0.0,0.0,-2.42224255,0.6864655000000001,9.46341725,-0.6465,-0.1175,0.0541,-0.7518,4.176705237321635,-14.277845148024644,98.08374934433456,30.4
76009959098702,10.025392,47319.0,10.0,-0.2466243,-0.07058273999999999,-0.96653388,0.9999966048563624,0.0,0.0,0.0,-2.4124358999999997,0.6962721499999999,9.483030549999999,-0.6465,-0.1175,0.0541,-0.7518,4.176705237321635,-14.277845148024644,98.08374934433456,30.4
76009969063806,9.965104,47329.0,10.0,-0.2466243,-0.07058273999999999,-0.96653388,0.9999966048563624,0.0,0.0,0.0,-2.42224255,0.6962721499999999,9.483030549999999,-0.6465,-0.1175,0.0541,-0.7518,4.176705237321635,-14.277845148024644,98.08374934433456,30.4
76009979024493,9.960687,47339.0,10.0,-0.2466243,-0.07058273999999999,-0.96653388,0.9999966048563624,0.0,0.0,0.0,-2.4320492,0.6962721499999999,9.483030549999999,-0.6465,-0.1175,0.0541,-0.7518,4.176705237321635,-14.277845148024644,98.08374934433456,30.4
76009989164368,10.139875,47349.0,10.0,-0.2466243,-0.07058273999999999,-0.96653388,0.9999966048563624,0.0,0.0,0.0,-2.40262925,0.6962721499999999,9.473223899999999,-0.6465,-0.1175,0.0541,-0.7518,4.176705237321635,-14.277845148024644,98.08374934433456,30.4
76009999072608,9.90824,47359.0,10.0,-0.2466243,-0.07058273999999999,-0.96653388,0.9999966048563624,0.0,0.0,0.0,-2.4124358999999997,0.6962721499999999,9.483030549999999,-0.6465,-0.1175,0.0541,-0.7518,4.176705237321635,-14.277845148024644,98.08374934433456,30.4
76010009076587,10.003979,47369.0,10.0,-0.2466243,-0.07058273999999999,-0.96653388,0.9999966048563624,0.0,0.0,0.0,-2.40262925,0.6864655000000001,9.473223899999999,-0.6465,-0.1175,0.0541,-0.7518,4.176705237321635,-14.277845148024644,98.08374934433456,30.4
76010019123402,10.046815,47379.0,10.0,-0.2466243,-0.07058273999999999,-0.96653388,0.9999966048563624,0.0,0.0,0.0,-2.42224255,0.6962721499999999,9.473223899999999,-0.6465,-0.1175,0.0541,-0.7518,4.176705237321635,-14.277845148024644,98.08374934433456,30.4
76010029088200,9.964798,47389.0,10.0,-0.2466243,-0.07058273999999999,-0.96653388,0.9999966048563624,0.0,0.0,0.0,-2.42224255,0.6864655000000001,9.483030549999999,-0.6465,-0.1175,0.0541,-0.7518,4.176705237321635,-14.277845148024644,98.08374934433456,30.4
76010039099433,10.011233,47399.0,10.0,-0.2466243,-0.07058273999999999,-0.96653388,0.9999966048563624,0.0,0.0,0.0,-2.42224255,0.6962721499999999,9.483030549999999,-0.6465,-0.1175,0.0541,-0.7518,4.176705237321635,-14.277845148024644,98.08374934433456,30.4
76010049115052,10.015619,47409.0,10.0,-0.2466243,-0.07058273999999999,-0.96653388,0.9999966048563624,0.0,0.0,0.0,-2.42224255,0.6962721499999999,9.483030549999999,-0.6465,-0.1175,0.0541,-0.7518,4.176705237321635,-14.277845148024644,98.08374934433456,30.4
76010059077666,9.962614,47419.0,10.0,-0.2466243,-0.07058273999999999,-0.96653388,0.9999966048563624,0.0,0.0,0.0,-2.42224255,0.6864655000000001,9.473223899999999,-0.6465,-0.1175,0.0541,-0.7518,4.176705237321635,-14.277845148024644,98.08374934433456,30.4
76010069100985,10.023319,47429.0,10.0,-0.2466243,-0.07058273999999999,-0.96653388,0.9999966048563624,0.0,0.0,0.0,-2.42224255,0.6864655000000001,9.473223899999999,-0.6465,-0.1175,0.0541,-0.7518,4.176705237321635,-14.277845148024644,98.08374934433456,30.4
76010079108959,10.007974,47439.0,10.0,-0.2466243,-0.07058273999999999,-0.96653388,0.9999966048563624,0.0,0.0,0.0,-2.42224255,0.7060787999999999,9.483030549999999,-0.6465,-0.1175,0.0541,-0.7518,4.176705237321635,-14.277845148024644,98.08374934433456,30.4
76010089043175,9.934216,47449.0,10.0,-0.2466243,-0.07058273999999999,-0.96653388,0.9999966048563624,0.0,0.0,0.0,-2.4124358999999997,0.6864655000000001,9.483030549999999,-0.6465,-0.1175,0.0541,-0.7518,4.176705237321635,-14.277845148024644,98.08374934433456,30.4
76010099079487,10.036312,47459.0,10.0,-0.2466243,-0.07058273999999999,-0.96653388,0.9999966048563624,0.0,0.0,0.0,-2.42224255,0.6962721499999999,9.473223899999999,-0.6465,-0.1175,0.0541,-0.7518,4.176705237321635,-14.277845148024644,98.08374934433456,30.4
76010109069559,9.990072,47469.0,10.0,-0.2466243,-0.07058273999999999,-0.96653388,0.9999966048563624,0.0,0.0,0.0,-2.42224255,0.7060787999999999,9.473223899999999,-0.6465,-0.1175,0.0541,-0.7518,4.176705237321635,-14.277845148024644,98.08374934433456,30.3
76010119088498,10.018939,47479.0,10.0,-0.2466243,-0.07058273999999999,-0.96653388,0.9999966048563624,0.0,0.0,0.0,-2.42224255,0.6962721499999999,9.492837199999999,-0.6465,-0.1175,0.0541,-0.7518,4.176705237321635,-14.277845148024644,98.08374934433456,30.4
76010129118119,10.029621,47489.0,10.0,-0.2466243,-0.07058273999999999,-0.96653388,0.9999966048563624,0.0,0.0,0.0,-2.4320492,0.7060787999999999,9.483030549999999,-0.6465,-0.1175,0.0541,-0.7518,4.176705237321635,-14.277845148024644,98.08374934433456,30.4
76010139094228,9.976109,47499.0,10.0,-0.2466243,-0.07058273999999999,-0.96653388,0.9999966048563624,0.0,0.0,0.0,-2.4320492,0.6962721499999999,9.483030549999999,-0.6465,-0.1175,0.0541,-0.7518,4.176705237321635,-14.277845148024644,98.08374934433456,30.4
76010149055139,9.960911,47509.0,10.0,-0.2466243,-0.07058273999999999,-0.96653388,0.9999966048563624,0.0,0.0,0.0,-2.42224255,0.6962721499999999,9.483030549999999,-0.6465,-0.1175,0.0541,-0.7518,4.176705237321635,-14.277845148024644,98.08374934433456,30.4
76010159099002,10.043863,47519.0,10.0,-0.2466243,-0.07058273999999999,-0.96653388,0.9999966048563624,0.0,0.0,0.0,-2.42224255,0.6962721499999999,9.483030549999999,-0.6465,-0.1175,0.0541,-0.7518,4.176705237321635,-14.277845148024644,98.08374934433456,30.4
76010169097636,9.998634,47529.0,10.0,-0.2466243,-0.07058273999999999,-0.96653388,0.9999966048563624,0.0,0.0,0.0,-2.4124358999999997,0.6962721499999999,9.483030549999999,-0.6465,-0.1175,0.0541,-0.7518,4.176705237321635,-14.277845148024644,98.08374934433456,30.4
76010179040735,9.943099,47539.0,10.0,-0.2466243,-0.07058273999999999,-0.96653388,0.9999966048563624,0.0,0.0,0.0,-2.42224255,0.6962721499999999,9.483030549999999,-0.6465,-0.1175,0.0541,-0.7518,4.176705237321635,-14.277845148024644,98.08374934433456,30.4
76010189069446,10.028711,47549.0,10.0,-0.2466243,-0.07058273999999999,-0.96653388,0.9999966048563624,0.0,0.0,0.0,-2.4320492,0.6962721499999999,9.473223899999999,-0.6465,-0.1175,0.0541,-0.7518,4.176705237321635,-14.277845148024644,98.08374934433456,30.4
76010199059692,9.990246,47559.0,10.0,-0.2466243,-0.07058273999999999,-0.96653388,0.9999966048563624,0.0,0.0,0.0,-2.42224255,0.6864655000000001,9.473223899999999,-0.6465,-0.1175,0.0541,-0.7518,4.176705237321635,-14.277845148024644,98.08374934433456,30.4
76010209090473,10.030781,47569.0,10.0,-0.2466243,-0.07058273999999999,-0.96653388,0.9999966048563624,0.0,0.0,0.0,-2.4124358999999997,0.6864655000000001,9.473223899999999,-0.6465,-0.1175,0.0541,-0.7518,4.176705237321635,-14.277845148024644,98.08374934433456,30.4
76010219109499,10.019026,47579.0,10.0,-0.2466243,-0.07058273999999999,-0.96653388,0.9999966048563624,0.0,0.0,0.0,-2.4124358999999997,0.6962721499999999,9.483030549999999,-0.6465,-0.1175,0.0541,-0.7518,4.176705237321635,-14.277845148024644,98.08374934433456,30.4
76010229126791,10.017292,47589.0,10.0,-0.2466243,-0.07058273999999999,-0.96653388,0.9999966048563624,0.0,0.0,0.0,-2.4320492,0.6864655000000001,9.483030549999999,-0.6465,-0.1175,0.0541,-0.7518,4.176705237321635,-14.277845148024644,98.08374934433456,30.4
76010239139016,10.012225,47599.0,10.0,-0.2466243,-0.07058273999999999,-0.96653388,0.9999966048563624,0.0,0.0,0.0,-2.42224255,0.7060787999999999,9.483030549999999,-0.6465,-0.1175,0.0541,-0.7518,4.176705237321635,-14.277845148024644,98.08374934433456,30.4
76010249101224,9.962208,47609.0,10.0,-0.2466243,-0.07058273999999999,-0.96653388,0.9999966048563624,0.0,0.0,0.0,-2.42224255,0.6864655000000001,9.473223899999999,-0.6465,-0.1175,0.0541,-0.7518,4.176705237321635,-14.277845148024644,98.08374934433456,30.4
76010259121975,10.020751,47619.0,10.0,-0.2466243,-0.07058273999999999,-0.96653388,0.9999966048563624,0.0,0.0,0.0,-2.42224255,0.6962721499999999,9.483030549999999,-0.6465,-0.1175,0.0541,-0.7518,4.176705237321635,-14.277845148024644,98.08374934433456,30.4
76010269083377,9.961402,47629.0,10.0,-0.2466243,-0.07058273999999999,-0.96653388,0.9999966048563624,0.0,0.0,0.0,-2.4124358999999997,0.6962721499999999,9.483030549999999,-0.6465,-0.1175,0.0541,-0.7518,4.176705237321635,-14.277845148024644,98.08374934433456,30.4
76010279073884,9.990507,47639.0,10.0,-0.2466243,-0.07058273999999999,-0.96653388,0.9999966048563624,0.0,0.0,0.0,-2.42224255,0.6962721499999999,9.483030549999999,-0.6465,-0.1175,0.0541,-0.7518,4.176705237321635,-14.277845148024644,98.08374934433456,30.4
76010289096500,10.022616,47649.0,10.0,-0.2466243,-0.07058273999999999,-0.96653388,0.9999966048563624,0.0,0.0,0.0,-2.4124358999999997,0.6962721499999999,9.46341725,-0.6465,-0.1175,0.0541,-0.7518,4.176705237321635,-14.277845148024644,98.08374934433456,30.4
76010299082761,9.986261,47659.0,10.0,-0.2466243,-0.07058273999999999,-0.96653388,0.9999966048563624,0.0,0.0,0.0,-2.4124358999999997,0.6962721499999999,9.483030549999999,-0.6465,-0.1175,0.0541,-0.7518,4.176705237321635,-14.277845148024644,98.08374934433456,30.4
76010309045896,9.963135,47669.0,10.0,-0.2466243,-0.07058273999999999,-0.96653388,0.9999966048563624,0.0,0.0,0.0,-2.42224255,0.7060787999999999,9.473223899999999,-0.6465,-0.1175,0.0541,-0.7518,4.176705237321635,-14.277845148024644,98.08374934433456,30.4
76010319085928,10.040032,47679.0,10.0,-0.2466243,-0.07058273999999999,-0.96653388,0.9999966048563624,0.0,0.0,0.0,-2.4124358999999997,0.6864655000000001,9.483030549999999,-0.6465,-0.1175,0.0541,-0.7518,4.176705237321635,-14.277845148024644,98.08374934433456,30.4
76010329088080,10.002152,47689.0,10.0,-0.2466243,-0.07058273999999999,-0.96653388,0.9999966048563624,0.0,0.0,0.0,-2.42224255,0.6864655000000001,9.473223899999999,-0.6465,-0.1175,0.0541,-0.7518,4.176705237321635,-14.277845148024644,98.08374934433456,30.4
76010339066409,9.978329,47699.0,10.0,-0.2466243,-0.07058273999999999,-0.96653388,0.9999966048563624,0.0,0.0,0.0,-2.42224255,0.6962721499999999,9.483030549999999,-0.6465,-0.1175,0.0541,-0.7518,4.176705237321635,-14.277845148024644,98.08374934433456,30.4
76010349034212,9.967803,47709.0,10.0,-0.2466243,-0.07058273999999999,-0.96653388,0.9999966048563624,0.0,0.0,0.0,-2.42224255,0.6864655000000001,9.492837199999999,-0.6465,-0.1175,0.0541,-0.7518,4.176705237321635,-14.277845148024644,98.08374934433456,30.4
76010359017061,9.982849,47719.0,10.0,-0.2466243,-0.07058273999999999,-0.96653388,0.9999966048563624,0.0,0.0,0.0,-2.42224255,0.6864655000000001,9.473223899999999,-0.6465,-0.1175,0.0541,-0.7518,4.176705237321635,-14.277845148024644,98.08374934433456,30.4
76010369086215,10.069154,47729.0,10.0,-0.2466243,-0.07058273999999999,-0.96653388,0.9999966048563624,0.0,0.0,0.0,-2.4124358999999997,0.6864655000000001,9.483030549999999,-0.6465,-0.1175,0.0541,-0.7518,4.176705237321635,-14.277845148024644,98.08374934433456,30.4
76010379038998,9.952783,47739.0,10.0,-0.2466243,-0.07058273999999999,-0.96653388,0.9999966048563624,0.0,0.0,0.0,-2.4320492,0.6962721499999999,9.483030549999999,-0.6465,-0.1175,0.0541,-0.7518,4.176705237321635,-14.277845148024644,98.08374934433456,30.4
76010389082399,10.043401,47749.0,10.0,-0.2466243,-0.07058273999999999,-0.96653388,0.9999966048563624,0.0,0.0,0.0,-2.42224255,0.7060787999999999,9.473223899999999,-0.6465,-0.1175,0.0541,-0.7518,4.176705237321635,-14.277845148024644,98.08374934433456,30.4
76010399071446,9.989047,47759.0,10.0,-0.2466243,-0.07058273999999999,-0.96653388,0.9999966048563624,0.0,0.0,0.0,-2.42224255,0.6962721499999999,9.483030549999999,-0.6465,-0.1175,0.0541,-0.7518,4.176705237321635,-14.277845148024644,98.08374934433456,30.4
76010409063860,9.992414,47769.0,10.0,-0.2466243,-0.07058273999999999,-0.96653388,0.9999966048563624,0.0,0.0,0.0,-2.4124358999999997,0.6864655000000001,9.473223899999999,-0.6465,-0.1175,0.0541,-0.7518,4.176705237321635,-14.277845148024644,98.08374934433456,30.4
76010419099637,10.035777,47779.0,10.0,-0.2466243,-0.07058273999999999,-0.96653388,0.9999966048563624,0.0,0.0,0.0,-2.4124358999999997,0.6864655000000001,9.483030549999999,-0.6465,-0.1175,0.0541,-0.7518,4.176705237321635,-14.277845148024644,98.08374934433456,30.4
76010429029246,9.929609,47789.0,10.0,-0.2466243,-0.07058273999999999,-0.96653388,0.9999966048563624,0.0,0.0,0.0,-2.4124358999999997,0.7060787999999999,9.483030549999999,-0.6465,-0.1175,0.0541,-0.7518,4.176705237321635,-14.277845148024644,98.08374934433456,30.4
76010439052274,10.023028,47799.0,10.0,-0.2466243,-0.07058273999999999,-0.96653388,0.9999966048563624,0.0,0.0,0.0,-2.42224255,0.6962721499999999,9.483030549999999,-0.6465,-0.1175,0.0541,-0.7518,4.176705237321635,-14.277845148024644,98.08374934433456,30.4
76010449194726,10.142452,47809.0,10.0,-0.2466243,-0.07058273999999999,-0.96653388,0.9999966048563624,0.0,0.0,0.0,-2.4320492,0.6962721499999999,9.473223899999999,-0.6465,-0.1175,0.0541,-0.7518,4.176705237321635,-14.277845148024644,98.08374934433456,30.4
76010459021513,9.826787,47819.0,10.0,-0.2466243,-0.07058273999999999,-0.96653388,0.9999966048563624,0.0,0.0,0.0,-2.4320492,0.6962721499999999,9.473223899999999,-0.6465,-0.1175,0.0541,-0.7518,4.176705237321635,-14.277845148024644,98.08374934433456,30.4
76010469017688,9.996175,47829.0,10.0,-0.2466243,-0.07058273999999999,-0.96653388,0.9999966048563624,0.0,0.0,0.0,-2.42224255,0.6962721499999999,9.46341725,-0.6465,-0.1175,0.0541,-0.7518,4.176705237321635,-14.277845148024644,98.08374934433456,30.4
76010479022676,10.004988,47839.0,10.0,-0.2466243,-0.07058273999999999,-0.96653388,0.9999966048563624,0.0,0.0,0.0,-2.42224255,0.6864655000000001,9.473223899999999,-0.6465,-0.1175,0.0541,-0.7518,4.176705237321635,-14.277845148024644,98.08374934433456,30.4
76010489044301,10.021625,47849.0,10.0,-0.2466243,-0.07058273999999999,-0.96653388,0.9999966048563624,0.0,0.0,0.0,-2.4124358999999997,0.6864655000000001,9.483030549999999,-0.6465,-0.1175,0.0541,-0.7518,4.176705237321635,-14.277845148024644,98.08374934433456,30.4
76010499010808,9.966507,47859.0,10.0,-0.2466243,-0.07058273999999999,-0.96653388,0.9999966048563624,0.0,0.0,0.0,-2.4124358999999997,0.6864655000000001,9.473223899999999,-0.6465,-0.1175,0.0541,-0.7518,4.176705237321635,-14.277845148024644,98.08374934433456,30.4
76010508992065,9.981257,47869.0,10.0,-0.2466243,-0.07058273999999999,-0.96653388,0.9999966048563624,0.0,0.0,0.0,-2.4320492,0.6962721499999999,9.483030549999999,-0.6465,-0.1175,0.0541,-0.7518,4.176705237321635,-14.277845148024644,98.08374934433456,30.4
76010519010344,10.018279,47879.0,10.0,-0.2466243,-0.07058273999999999,-0.96653388,0.9999966048563624,0.0,0.0,0.0,-2.42224255,0.6962721499999999,9.483030549999999,-0.6465,-0.1175,0.0541,-0.7518,4.176705237321635,-14.277845148024644,98.08374934433456,30.4
76010529054979,10.044635,47889.0,10.0,-0.2466243,-0.07058273999999999,-0.96653388,0.9999966048563624,0.0,0.0,0.0,-2.42224255,0.6962721499999999,9.483030549999999,-0.6465,-0.1175,0.0541,-0.7518,4.176705237321635,-14.277845148024644,98.08374934433456,30.4
76010539054685,9.999706,47899.0,10.0,-0.2466243,-0.07058273999999999,-0.96653388,0.9999966048563624,0.0,0.0,0.0,-2.42224255,0.6962721499999999,9.483030549999999,-0.6465,-0.1175,0.0541,-0.7518,4.176705237321635,-14.277845148024644,98.08374934433456,30.4
76010549012349,9.957664,47909.0,10.0,-0.2466243,-0.07058273999999999,-0.96653388,0.9999966048563624,0.0,0.0,0.0,-2.42224255,0.6864655000000001,9.473223899999999,-0.6465,-0.1175,0.0541,-0.7518,4.176705237321635,-14.277845148024644,98.08374934433456,30.4
76010558974294,9.961945,47919.0,10.0,-0.2466243,-0.07058273999999999,-0.96653388,0.9999966048563624,0.0,0.0,0.0,-2.42224255,0.6864655000000001,9.483030549999999,-0.6465,-0.1175,0.0541,-0.7518,4.176705237321635,-14.277845148024644,98.08374934433456,30.4
76010569038154,10.06386,47929.0,10.0,-0.2466243,-0.07058273999999999,-0.96653388,0.9999966048563624,0.0,0.0,0.0,-2.42224255,0.6962721499999999,9.483030549999999,-0.6465,-0.1175,0.0541,-0.7518,4.176705237321635,-14.277845148024644,98.08374934433456,30.4
76010579073565,10.035411,47939.0,10.0,-0.2466243,-0.07058273999999999,-0.96653388,0.9999966048563624,0.0,0.0,0.0,-2.42224255,0.6962721499999999,9.473223899999999,-0.6465,-0.1175,0.0541,-0.7518,4.176705237321635,-14.277845148024644,98.08374934433456,30.4
76010588985228,9.911663,47949.0,10.0,-0.2466243,-0.07058273999999999,-0.96653388,0.9999966048563624,0.0,0.0,0.0,-2.42224255,0.6864655000000001,9.473223899999999,-0.6465,-0.1175,0.0541,-0.7518,4.176705237321635,-14.277845148024644,98.08374934433456,30.4
76010599015021,10.029793,47959.0,10.0,-0.2466243,-0.07058273999999999,-0.96653388,0.9999966048563624,0.0,0.0,0.0,-2.42224255,0.6962721499999999,9.473223899999999,-0.6465,-0.1175,0.0541,-0.7518,4.176705237321635,-14.277845148024644,98.08374934433456,30.4
76010609028438,10.013417,47969.0,10.0,-0.2466243,-0.07058273999999999,-0.96653388,0.9999966048563624,0.0,0.0,0.0,-2.42224255,0.6962721499999999,9.483030549999999,-0.6465,-0.1175,0.0541,-0.7518,4.176705237321635,-14.277845148024644,98.08374934433456,30.4
76010619051078,10.02264,47979.0,10.0,-0.2466243,-0.07058273999999999,-0.96653388,0.9999966048563624,0.0,0.0,0.0,-2.42224255,0.6864655000000001,9.492837199999999,-0.6465,-0.1175,0.0541,-0.7518,4.176705237321635,-14.277845148024644,98.08374934433456,30.4
76010629063794,10.012716,47989.0,10.0,-0.2466243,-0.07058273999999999,-0.96653388,0.9999966048563624,0.0,0.0,0.0,-2.4124358999999997,0.6962721499999999,9.483030549999999,-0.6465,-0.1175,0.0541,-0.7518,4.176705237321635,-14.277845148024644,98.08374934433456,30.4
76010639084833,10.021039,47999.0,10.0,-0.2466243,-0.07058273999999999,-0.96653388,0.9999966048563624,0.0,0.0,0.0,-2.4320492,0.6962721499999999,9.483030549999999,-0.6465,-0.1175,0.0541,-0.7518,4.176705237321635,-14.277845148024644,98.08374934433456,30.4
76010649042568,9.957735,48009.0,10.0,-0.2466243,-0.07058273999999999,-0.96653388,0.9999966048563624,0.0,0.0,0.0,-2.42224255,0.6962721499999999,9.483030549999999,-0.6465,-0.1175,0.0541,-0.7518,4.176705237321635,-14.277845148024644,98.08374934433456,30.4
76010659085923,10.043355,48019.0,10.0,-0.2466243,-0.07058273999999999,-0.96653388,0.9999966048563624,0.0,0.0,0.0,-2.4124358999999997,0.7060787999999999,9.473223899999999,-0.6465,-0.1175,0.0541,-0.7518,4.176705237321635,-14.277845148024644,98.08374934433456,30.4
76010669079636,9.993713,48029.0,10.0,-0.2466243,-0.07058273999999999,-0.96653388,0.9999966048563624,0.0,0.0,0.0,-2.4124358999999997,0.7060787999999999,9.473223899999999,-0.6465,-0.1175,0.0541,-0.7518,4.176705237321635,-14.277845148024644,98.08374934433456,30.4
76010678990340,9.910704,48039.0,10.0,-0.2466243,-0.07058273999999999,-0.96653388,0.9999966048563624,0.0,0.0,0.0,-2.42224255,0.6962721499999999,9.473223899999999,-0.6465,-0.1175,0.0541,-0.7518,4.176705237321635,-14.277845148024644,98.08374934433456,30.4
76010689076892,10.086552,48049.0,10.0,-0.2466243,-0.07058273999999999,-0.96653388,0.9999966048563624,0.0,0.0,0.0,-2.4124358999999997,0.6962721499999999,9.483030549999999,-0.6465,-0.1175,0.0541,-0.7518,4.176705237321635,-14.277845148024644,98.08374934433456,30.4
76010699014785,9.937893,48059.0,10.0,-0.2466243,-0.07058273999999999,-0.96653388,0.9999966048563624,0.0,0.0,0.0,-2.4124358999999997,0.6962721499999999,9.483030549999999,-0.6465,-0.1175,0.0541,-0.7518,4.176705237321635,-14.277845148024644,98.08374934433456,30.4
76010709015588,10.000803,48069.0,10.0,-0.2466243,-0.07058273999999999,-0.96653388,0.9999966048563624,0.0,0.0,0.0,-2.4124358999999997,0.6962721499999999,9.483030549999999,-0.6465,-0.1175,0.0541,-0.7518,4.176705237321635,-14.277845148024644,98.08374934433456,30.4
76010719063604,10.048016,48079.0,10.0,-0.2466243,-0.07058273999999999,-0.96653388,0.9999966048563624,0.0,0.0,0.0,-2.4124358999999997,0.6864655000000001,9.483030549999999,-0.6465,-0.1175,0.0541,-0.7518,4.176705237321635,-14.277845148024644,98.08374934433456,30.4
76010729013916,9.950312,48089.0,10.0,-0.2466243,-0.07058273999999999,-0.96653388,0.9999966048563624,0.0,0.0,0.0,-2.42224255,0.6864655000000001,9.483030549999999,-0.6465,-0.1175,0.0541,-0.7518,4.176705237321635,-14.277845148024644,98.08374934433456,30.4
76010739033374,10.019458,48099.0,10.0,-0.2466243,-0.07058273999999999,-0.96653388,0.9999966048563624,0.0,0.0,0.0,-2.42224255,0.7060787999999999,9.473223899999999,-0.6465,-0.1175,0.0541,-0.7518,4.176705237321635,-14.277845148024644,98.08374934433456,30.4
76010749028962,9.995588,48109.0,10.0,-0.2466243,-0.07058273999999999,-0.96653388,0.9999966048563624,0.0,0.0,0.0,-2.42224255,0.6962721499999999,9.473223899999999,-0.6465,-0.1175,0.0541,-0.7518,4.176705237321635,-14.277845148024644,98.08374934433456,30.4
76010758996798,9.967836,48119.0,10.0,-0.2466243,-0.07058273999999999,-0.96653388,0.9999966048563624,0.0,0.0,0.0,-2.4124358999999997,0.6962721499999999,9.473223899999999,-0.6465,-0.1175,0.0541,-0.7518,4.176705237321635,-14.277845148024644,98.08374934433456,30.4
76010768995726,9.998928,48129.0,10.0,-0.2466243,-0.07058273999999999,-0.96653388,0.9999966048563624,0.0,0.0,0.0,-2.42224255,0.6864655000000001,9.473223899999999,-0.6465,-0.1175,0.0541,-0.7518,4.176705237321635,-14.277845148024644,98.08374934433456,30.4
76010779025061,10.029335,48139.0,10.0,-0.2466243,-0.07058273999999999,-0.96653388,0.9999966048563624,0.0,0.0,0.0,-2.42224255,0.6962721499999999,9.483030549999999,-0.6465,-0.1175,0.0541,-0.7518,4.176705237321635,-14.277845148024644,98.08374934433456,30.4
76010788992488,9.967427,48149.0,10.0,-0.2466243,-0.07058273999999999,-0.96653388,0.9999966048563624,0.0,0.0,0.0,-2.4124358999999997,0.6864655000000001,9.483030549999999,-0.6465,-0.1175,0.0541,-0.7518,4.176705237321635,-14.277845148024644,98.08374934433456,30.4
76010799012810,10.020322,48159.0,10.0,-0.2466243,-0.07058273999999999,-0.96653388,0.9999966048563624,0.0,0.0,0.0,-2.42224255,0.6962721499999999,9.473223899999999,-0.6465,-0.1175,0.0541,-0.7518,4.176705237321635,-14.277845148024644,98.08374934433456,30.4
76010809013735,10.000925,48169.0,10.0,-0.2466243,-0.07058273999999999,-0.96653388,0.9999966048563624,0.0,0.0,0.0,-2.4124358999999997,0.6962721499999999,9.492837199999999,-0.6465,-0.1175,0.0541,-0.7518,4.176705237321635,-14.277845148024644,98.08374934433456,30.4
76010818997565,9.98383,48179.0,10.0,-0.2466243,-0.07058273999999999,-0.96653388,0.9999966048563624,0.0,0.0,0.0,-2.42224255,0.6864655000000001,9.483030549999999,-0.6465,-0.1175,0.0541,-0.7518,4.176705237321635,-14.277845148024644,98.08374934433456,30.4
76010828996121,9.998556,48189.0,10.0,-0.2466243,-0.07058273999999999,-0.96653388,0.9999966048563624,0.0,0.0,0.0,-2.42224255,0.6864655000000001,9.483030549999999,-0.6465,-0.1175,0.0541,-0.7518,4.176705237321635,-14.277845148024644,98.08374934433456,30.4
76010839010680,10.014559,48199.0,10.0,-0.2466243,-0.07058273999999999,-0.96653388,0.9999966048563624,0.0,0.0,0.0,-2.42224255,0.6864655000000001,9.473223899999999,-0.6465,-0.1175,0.0541,-0.7518,4.176705237321635,-14.277845148024644,98.08374934433456,30.4
76010849024270,10.01359,48209.0,10.0,-0.2466243,-0.07058273999999999,-0.96653388,0.9999966048563624,0.0,0.0,0.0,-2.42224255,0.6962721499999999,9.483030549999999,-0.6465,-0.1175,0.0541,-0.7518,4.176705237321635,-14.277845148024644,98.08374934433456,30.4
76010859019802,9.995532,48219.0,10.0,-0.2466243,-0.07058273999999999,-0.96653388,0.9999966048563624,0.0,0.0,0.0,-2.4124358999999997,0.6962721499999999,9.492837199999999,-0.6465,-0.1175,0.0541,-0.7518,4.176705237321635,-14.277845148024644,98.08374934433456,30.4
76010869055123,10.035321,48229.0,10.0,-0.2466243,-0.07058273999999999,-0.96653388,0.9999966048563624,0.0,0.0,0.0,-2.42224255,0.6962721499999999,9.483030549999999,-0.6465,-0.1175,0.0541,-0.7518,4.176705237321635,-14.277845148024644,98.08374934433456,30.4
76010878993257,9.938134,48239.0,10.0,-0.2466243,-0.07058273999999999,-0.96653388,0.9999966048563624,0.0,0.0,0.0,-2.4320492,0.6864655000000001,9.483030549999999,-0.6465,-0.1175,0.0541,-0.7518,4.176705237321635,-14.277845148024644,98.08374934433456,30.4
76010889022812,10.029555,48249.0,10.0,-0.2466243,-0.07058273999999999,-0.96653388,0.9999966048563624,0.0,0.0,0.0,-2.42224255,0.6962721499999999,9.473223899999999,-0.6465,-0.1175,0.0541,-0.7518,4.176705237321635,-14.277845148024644,98.08374934433456,30.4
76010899054116,10.031304,48259.0,10.0,-0.2466243,-0.07058273999999999,-0.96653388,0.9999966048563624,0.0,0.0,0.0,-2.4124358999999997,0.6962721499999999,9.483030549999999,-0.6465,-0.1175,0.0541,-0.7518,4.176705237321635,-14.277845148024644,98.08374934433456,30.4
76010909028848,9.974732,48269.0,10.0,-0.2466243,-0.07058273999999999,-0.96653388,0.9999966048563624,0.0,0.0,0.0,-2.4124358999999997,0.6864655000000001,9.473223899999999,-0.6465,-0.1175,0.0541,-0.7518,4.176705237321635,-14.277845148024644,98.08374934433456,30.4
76010919020986,9.992138,48279.0,10.0,-0.2466243,-0.07058273999999999,-0.96653388,0.9999966048563624,0.0,0.0,0.0,-2.4124358999999997,0.67665885,9.492837199999999,-0.6465,-0.1175,0.0541,-0.7518,4.176705237321635,-14.277845148024644,98.08374934433456,30.4
76010929038997,10.018011,48289.0,10.0,-0.2466243,-0.07058273999999999,-0.96653388,0.9999966048563624,0.0,0.0,0.0,-2.4124358999999997,0.6962721499999999,9.473223899999999,-0.6465,-0.1175,0.0541,-0.7518,4.176705237321635,-14.277845148024644,98.08374934433456,30.4
76010939040118,10.001121,48299.0,10.0,-0.2466243,-0.07058273999999999,-0.96653388,0.9999966048563624,0.0,0.0,0.0,-2.42224255,0.6962721499999999,9.483030549999999,-0.6465,-0.1175,0.0541,-0.7518,4.176705237321635,-14.277845148024644,98.08374934433456,30.4
76010948992633,9.952515,48309.0,10.0,-0.2466243,-0.07058273999999999,-0.96653388,0.9999966048563624,0.0,0.0,0.0,-2.42224255,0.6864655000000001,9.492837199999999,-0.6465,-0.1175,0.0541,-0.7518,4.176705237321635,-14.277845148024644,98.08374934433456,30.4
76010959020618,10.027985,48319.0,10.0,-0.2466243,-0.07058273999999999,-0.96653388,0.9999966048563624,0.0,0.0,0.0,-2.42224255,0.6962721499999999,9.473223899999999,-0.6465,-0.1175,0.0541,-0.7518,4.176705237321635,-14.277845148024644,98.08374934433456,30.4
76010969022876,10.002258,48329.0,10.0,-0.2466243,-0.07058273999999999,-0.96653388,0.9999966048563624,0.0,0.0,0.0,-2.4124358999999997,0.6962721499999999,9.483030549999999,-0.6465,-0.1175,0.0541,-0.7518,4.176705237321635,-14.277845148024644,98.08374934433456,30.4
76010979016388,9.993512,48339.0,10.0,-0.2466243,-0.07058273999999999,-0.96653388,0.9999966048563624,0.0,0.0,0.0,-2.42224255,0.6962721499999999,9.492837199999999,-0.6465,-0.1175,0.0541,-0.7518,4.176705237321635,-14.277845148024644,98.08374934433456,30.4
76010989058891,10.042503,48349.0,10.0,-0.2466243,-0.07058273999999999,-0.96653388,0.9999966048563624,0.0,0.0,0.0,-2.42224255,0.7060787999999999,9.483030549999999,-0.6465,-0.1175,0.0541,-0.7518,4.176705237321635,-14.277845148024644,98.08374934433456,30.4
76010999019218,9.960327,48359.0,10.0,-0.2466243,-0.07058273999999999,-0.96653388,0.9999966048563624,0.0,0.0,0.0,-2.4124358999999997,0.6864655000000001,9.473223899999999,-0.6465,-0.1175,0.0541,-0.7518,4.176705237321635,-14.277845148024644,98.08374934433456,30.4
76011009013222,9.994004,48369.0,10.0,-0.2466243,-0.07058273999999999,-0.96653388,0.9999966048563624,0.0,0.0,0.0,-2.4124358999999997,0.6864655000000001,9.473223899999999,-0.6465,-0.1175,0.0541,-0.7518,4.176705237321635,-14.277845148024644,98.08374934433456,30.4
76011019042377,10.029155,48379.0,10.0,-0.2466243,-0.07058273999999999,-0.96653388,0.9999966048563624,0.0,0.0,0.0,-2.42224255,0.6962721499999999,9.473223899999999,-0.6465,-0.1175,0.0541,-0.7518,4.176705237321635,-14.277845148024644,98.08374934433456,30.4
76011029071228,10.028851,48389.0,10.0,-0.2466243,-0.07058273999999999,-0.96653388,0.9999966048563624,0.0,0.0,0.0,-2.42224255,0.67665885,9.46341725,-0.6465,-0.1175,0.0541,-0.7518,4.176705237321635,-14.277845148024644,98.08374934433456,30.4
76011038994081,9.922853,48399.0,10.0,-0.2466243,-0.07058273999999999,-0.96653388,0.9999966048563624,0.0,0.0,0.0,-2.42224255,0.6864655000000001,9.483030549999999,-0.6465,-0.1175,0.0541,-0.7518,4.176705237321635,-14.277845148024644,98.08374934433456,30.4
76011049077209,10.083128,48409.0,10.0,-0.2466243,-0.07058273999999999,-0.96653388,0.9999966048563624,0.0,0.0,0.0,-2.42224255,0.6962721499999999,9.483030549999999,-0.6465,-0.1175,0.0541,-0.7518,4.176705237321635,-14.277845148024644,98.08374934433456,30.4
76011059130566,10.053357,48419.0,10.0,-0.2466243,-0.07058273999999999,-0.96653388,0.9999966048563624,0.0,0.0,0.0,-2.42224255,0.6962721499999999,9.483030549999999,-0.6465,-0.1175,0.0541,-0.7518,4.176705237321635,-14.277845148024644,98.08374934433456,30.4
76011069055134,9.924568,48429.0,10.0,-0.2466243,-0.07058273999999999,-0.96653388,0.9999966048563624,0.0,0.0,0.0,-2.4320492,0.6962721499999999,9.483030549999999,-0.6465,-0.1175,0.0541,-0.7518,4.176705237321635,-14.277845148024644,98.08374934433456,30.4
76011079083632,10.028498,48439.0,10.0,-0.2466243,-0.07058273999999999,-0.96653388,0.9999966048563624,0.0,0.0,0.0,-2.42224255,0.6864655000000001,9.483030549999999,-0.6465,-0.1175,0.0541,-0.7518,4.176705237321635,-14.277845148024644,98.08374934433456,30.4
76011089055060,9.971428,48449.0,10.0,-0.2466243,-0.07058273999999999,-0.96653388,0.9999966048563624,0.0,0.0,0.0,-2.4124358999999997,0.6864655000000001,9.473223899999999,-0.6465,-0.1175,0.0541,-0.7518,4.176705237321635,-14.277845148024644,98.08374934433456,30.4
76011099060747,10.005687,48459.0,10.0,-0.2466243,-0.07058273999999999,-0.96653388,0.9999966048563624,0.0,0.0,0.0,-2.42224255,0.6962721499999999,9.492837199999999,-0.6465,-0.1175,0.0541,-0.7518,4.176705237321635,-14.277845148024644,98.08374934433456,30.4
76011109074168,10.013421,48469.0,10.0,-0.2466243,-0.07058273999999999,-0.96653388,0.9999966048563624,0.0,0.0,0.0,-2.42224255,0.6864655000000001,9.473223899999999,-0.6465,-0.1175,0.0541,-0.7518,4.176705237321635,-14.277845148024644,98.08374934433456,30.4
76011119116964,10.042796,48479.0,10.0,-0.2466243,-0.07058273999999999,-0.96653388,0.9999966048563624,0.0,0.0,0.0,-2.42224255,0.6962721499999999,9.483030549999999,-0.6465,-0.1175,0.0541,-0.7518,4.176705237321635,-14.277845148024644,98.08374934433456,30.4
76011129058033,9.941069,48489.0,10.0,-0.2466243,-0.07058273999999999,-0.96653388,0.9999966048563624,0.0,0.0,0.0,-2.42224255,0.6864655000000001,9.473223899999999,-0.6465,-0.1175,0.0541,-0.7518,4.176705237321635,-14.277845148024644,98.08374934433456,30.4
76011139101368,10.043335,48499.0,10.0,-0.2466243,-0.07058273999999999,-0.96653388,0.9999966048563624,0.0,0.0,0.0,-2.4320492,0.7060787999999999,9.473223899999999,-0.6465,-0.1175,0.0541,-0.7518,4.176705237321635,-14.277845148024644,98.08374934433456,30.4
76011149034936,9.933568,48509.0,10.0,-0.2466243,-0.07058273999999999,-0.96653388,0.9999966048563624,0.0,0.0,0.0,-2.4124358999999997,0.6864655000000001,9.483030549999999,-0.6465,-0.1175,0.0541,-0.7518,4.176705237321635,-14.277845148024644,98.08374934433456,30.4
76011159143008,10.108072,48519.0,10.0,-0.2466243,-0.07058273999999999,-0.96653388,0.9999966048563624,0.0,0.0,0.0,-2.4124358999999997,0.6962721499999999,9.473223899999999,-0.6465,-0.1175,0.0541,-0.7518,4.176705237321635,-14.277845148024644,98.08374934433456,30.4
76011169159070,10.016062,48529.0,10.0,-0.2466243,-0.07058273999999999,-0.96653388,0.9999966048563624,0.0,0.0,0.0,-2.4124358999999997,0.6962721499999999,9.483030549999999,-0.6465,-0.1175,0.0541,-0.7518,4.176705237321635,-14.277845148024644,98.08374934433456,30.4
76011179129396,9.970326,48539.0,10.0,-0.2466243,-0.07058273999999999,-0.96653388,0.9999966048563624,0.0,0.0,0.0,-2.4124358999999997,0.6864655000000001,9.483030549999999,-0.6465,-0.1175,0.0541,-0.7518,4.176705237321635,-14.277845148024644,98.08374934433456,30.4
76011189125377,9.995981,48549.0,10.0,-0.2466243,-0.07058273999999999,-0.96653388,0.9999966048563624,0.0,0.0,0.0,-2.42224255,0.6962721499999999,9.483030549999999,-0.6465,-0.1175,0.0541,-0.7518,4.176705237321635,-14.277845148024644,98.08374934433456,30.4
76011199071799,9.946422,48559.0,10.0,-0.2466243,-0.07058273999999999,-0.96653388,0.9999966048563624,0.0,0.0,0.0,-2.42224255,0.6962721499999999,9.483030549999999,-0.6465,-0.1175,0.0541,-0.7518,4.176705237321635,-14.277845148024644,98.08374934433456,30.4
76011209007771,9.935972,48569.0,10.0,-0.2466243,-0.07058273999999999,-0.96653388,0.9999966048563624,0.0,0.0,0.0,-2.42224255,0.6864655000000001,9.483030549999999,-0.6465,-0.1175,0.0541,-0.7518,4.176705237321635,-14.277845148024644,98.08374934433456,30.4
76011219028799,10.021028,48579.0,10.0,-0.2466243,-0.07058273999999999,-0.96653388,0.9999966048563624,0.0,0.0,0.0,-2.42224255,0.6962721499999999,9.473223899999999,-0.6465,-0.1175,0.0541,-0.7518,4.176705237321635,-14.277845148024644,98.08374934433456,30.4
76011229070577,10.041778,48589.0,10.0,-0.2466243,-0.07058273999999999,-0.96653388,0.9999966048563624,0.0,0.0,0.0,-2.42224255,0.6962721499999999,9.483030549999999,-0.6465,-0.1175,0.0541,-0.7518,4.176705237321635,-14.277845148024644,98.08374934433456,30.4
76011239106119,10.035542,48599.0,10.0,-0.2466243,-0.07058273999999999,-0.96653388,0.9999966048563624,0.0,0.0,0.0,-2.42224255,0.6962721499999999,9.483030549999999,-0.6465,-0.1175,0.0541,-0.7518,4.176705237321635,-14.277845148024644,98.08374934433456,30.4
76011249083982,9.977863,48609.0,10.0,-0.2466243,-0.07058273999999999,-0.96653388,0.9999966048563624,0.0,0.0,0.0,-2.4124358999999997,0.6962721499999999,9.483030549999999,-0.6465,-0.1175,0.0541,-0.7518,4.176705237321635,-14.277845148024644,98.08374934433456,30.4
76011259095530,10.011548,48619.0,10.0,-0.2466243,-0.07058273999999999,-0.96653388,0.9999966048563624,0.0,0.0,0.0,-2.40262925,0.6864655000000001,9.483030549999999,-0.6465,-0.1175,0.0541,-0.7518,4.176705237321635,-14.277845148024644,98.08374934433456,30.4
76011269147543,10.052013,48629.0,10.0,-0.2466243,-0.07058273999999999,-0.96653388,0.9999966048563624,0.0,0.0,0.0,-2.42224255,0.6962721499999999,9.483030549999999,-0.6465,-0.1175,0.0541,-0.7518,4.176705237321635,-14.277845148024644,98.08374934433456,30.4
76011279085493,9.93795,48639.0,10.0,-0.2466243,-0.07058273999999999,-0.96653388,0.9999966048563624,0.0,0.0,0.0,-2.4320492,0.6962721499999999,9.483030549999999,-0.6465,-0.1175,0.0541,-0.7518,4.176705237321635,-14.277845148024644,98.08374934433456,30.4
76011289101658,10.016165,48649.0,10.0,-0.2466243,-0.07058273999999999,-0.96653388,0.9999966048563624,0.0,0.0,0.0,-2.4124358999999997,0.6864655000000001,9.473223899999999,-0.6465,-0.1175,0.0541,-0.7518,4.176705237321635,-14.277845148024644,98.08374934433456,30.4
76011299024241,9.922583,48659.0,10.0,-0.2466243,-0.07058273999999999,-0.96653388,0.9999966048563624,0.0,0.0,0.0,-2.4320492,0.6864655000000001,9.483030549999999,-0.6465,-0.1175,0.0541,-0.7518,4.176705237321635,-14.277845148024644,98.08374934433456,30.4
76011309100329,10.076088,48669.0,10.0,-0.2466243,-0.07058273999999999,-0.96653388,0.9999966048563624,0.0,0.0,0.0,-2.42224255,0.6864655000000001,9.483030549999999,-0.6465,-0.1175,0.0541,-0.7518,4.176705237321635,-14.277845148024644,98.08374934433456,30.4
76011319065123,9.964794,48679.0,10.0,-0.2466243,-0.07058273999999999,-0.96653388,0.9999966048563624,0.0,0.0,0.0,-2.4124358999999997,0.6864655000000001,9.473223899999999,-0.6465,-0.1175,0.0541,-0.7518,4.176705237321635,-14.277845148024644,98.08374934433456,30.4
76011329199405,10.134282,48689.0,10.0,-0.2466243,-0.07058273999999999,-0.96653388,0.9999966048563624,0.0,0.0,0.0,-2.42224255,0.6962721499999999,9.492837199999999,-0.6465,-0.1175,0.0541,-0.7518,4.176705237321635,-14.277845148024644,98.08374934433456,30.4
76011339144406,9.945001,48699.0,10.0,-0.2466243,-0.07058273999999999,-0.96653388,0.9999966048563624,0.0,0.0,0.0,-2.42224255,0.7060787999999999,9.483030549999999,-0.6465,-0.1175,0.0541,-0.7518,4.176705237321635,-14.277845148024644,98.08374934433456,30.4
76011349109154,9.964748,48709.0,10.0,-0.2466243,-0.07058273999999999,-0.96653388,0.9999966048563624,0.0,0.0,0.0,-2.42224255,0.6962721499999999,9.473223899999999,-0.6465,-0.1175,0.0541,-0.7518,4.176705237321635,-14.277845148024644,98.08374934433456,30.4
76011359190858,10.081704,48719.0,10.0,-0.2466243,-0.07058273999999999,-0.96653388,0.9999966048563624,0.0,0.0,0.0,-2.42224255,0.6864655000000001,9.473223899999999,-0.6465,-0.1175,0.0541,-0.7518,4.176705237321635,-14.277845148024644,98.08374934433456,30.4
76011369109094,9.918236,48729.0,10.0,-0.2466243,-0.07058273999999999,-0.96653388,0.9999966048563624,0.0,0.0,0.0,-2.4124358999999997,0.6962721499999999,9.483030549999999,-0.6465,-0.1175,0.0541,-0.7518,4.176705237321635,-14.277845148024644,98.08374934433456,30.4
76011379150953,10.041859,48739.0,10.0,-0.2466243,-0.07058273999999999,-0.96653388,0.9999966048563624,0.0,0.0,0.0,-2.42224255,0.6962721499999999,9.473223899999999,-0.6465,-0.1175,0.0541,-0.7518,4.176705237321635,-14.277845148024644,98.08374934433456,30.4
76011389182032,10.031079,48749.0,10.0,-0.2466243,-0.07058273999999999,-0.96653388,0.9999966048563624,0.0,0.0,0.0,-2.42224255,0.6864655000000001,9.483030549999999,-0.6465,-0.1175,0.0541,-0.7518,4.176705237321635,-14.277845148024644,98.08374934433456,30.4
76011399148305,9.966273,48759.0,10.0,-0.2466243,-0.07058273999999999,-0.96653388,0.9999966048563624,0.0,0.0,0.0,-2.42224255,0.6962721499999999,9.483030549999999,-0.6465,-0.1175,0.0541,-0.7518,4.176705237321635,-14.277845148024644,98.08374934433456,30.4
76011409094053,9.945748,48769.0,10.0,-0.2466243,-0.07058273999999999,-0.96653388,0.9999966048563624,0.0,0.0,0.0,-2.4124358999999997,0.6864655000000001,9.483030549999999,-0.6465,-0.1175,0.0541,-0.7518,4.176705237321635,-14.277845148024644,98.08374934433456,30.4
76011419143291,10.049238,48779.0,10.0,-0.2466243,-0.07058273999999999,-0.96653388,0.9999966048563624,0.0,0.0,0.0,-2.4124358999999997,0.6962721499999999,9.483030549999999,-0.6465,-0.1175,0.0541,-0.7518,4.176705237321635,-14.277845148024644,98.08374934433456,30.4
76011429091465,9.948174,48789.0,10.0,-0.2466243,-0.07058273999999999,-0.96653388,0.9999966048563624,0.0,0.0,0.0,-2.42224255,0.6962721499999999,9.473223899999999,-0.6465,-0.1175,0.0541,-0.7518,4.176705237321635,-14.277845148024644,98.08374934433456,30.4
76011439089748,9.998283,48799.0,10.0,-0.2466243,-0.07058273999999999,-0.96653388,0.9999966048563624,0.0,0.0,0.0,-2.4124358999999997,0.6962721499999999,9.483030549999999,-0.6465,-0.1175,0.0541,-0.7518,4.176705237321635,-14.277845148024644,98.08374934433456,30.4
76011449023680,9.933932,48809.0,10.0,-0.2466243,-0.07058273999999999,-0.96653388,0.9999966048563624,0.0,0.0,0.0,-2.42224255,0.6864655000000001,9.473223899999999,-0.6465,-0.1175,0.0541,-0.7518,4.176705237321635,-14.277845148024644,98.08374934433456,30.4
76011459096493,10.072813,48819.0,10.0,-0.2466243,-0.07058273999999999,-0.96653388,0.9999966048563624,0.0,0.0,0.0,-2.42224255,0.6864655000000001,9.483030549999999,-0.6465,-0.1175,0.0541,-0.7518,4.176705237321635,-14.277845148024644,98.08374934433456,30.4
76011469064332,9.967839,48829.0,10.0,-0.2466243,-0.07058273999999999,-0.96653388,0.9999966048563624,0.0,0.0,0.0,-2.4320492,0.6962721499999999,9.46341725,-0.6465,-0.1175,0.0541,-0.7518,4.176705237321635,-14.277845148024644,98.08374934433456,30.4
76011479101983,10.037651,48839.0,10.0,-0.2466243,-0.07058273999999999,-0.96653388,0.9999966048563624,0.0,0.0,0.0,-2.4320492,0.6962721499999999,9.483030549999999,-0.6465,-0.1175,0.0541,-0.7518,4.176705237321635,-14.277845148024644,98.08374934433456,30.4
76011489121482,10.019499,48849.0,10.0,-0.2466243,-0.07058273999999999,-0.96653388,0.9999966048563624,0.0,0.0,0.0,-2.42224255,0.6962721499999999,9.483030549999999,-0.6465,-0.1175,0.0541,-0.7518,4.176705237321635,-14.277845148024644,98.08374934433456,30.4
76011499166096,10.044614,48859.0,10.0,-0.2466243,-0.07058273999999999,-0.96653388,0.9999966048563624,0.0,0.0,0.0,-2.4320492,0.6864655000000001,9.483030549999999,-0.6465,-0.1175,0.0541,-0.7518,4.176705237321635,-14.277845148024644,98.08374934433456,30.4
76011509111885,9.945789,48869.0,10.0,-0.2466243,-0.07058273999999999,-0.96653388,0.9999966048563624,0.0,0.0,0.0,-2.42224255,0.6962721499999999,9.483030549999999,-0.6465,-0.1175,0.0541,-0.7518,4.176705237321635,-14.277845148024644,98.08374934433456,30.4
76011519133114,10.021229,48879.0,10.0,-0.2466243,-0.07058273999999999,-0.96653388,0.9999966048563624,0.0,0.0,0.0,-2.4124358999999997,0.6962721499999999,9.492837199999999,-0.6465,-0.1175,0.0541,-0.7518,4.176705237321635,-14.277845148024644,98.08374934433456,30.4
76011529068107,9.934993,48889.0,10.0,-0.2466243,-0.07058273999999999,-0.96653388,0.9999966048563624,0.0,0.0,0.0,-2.42224255,0.6962721499999999,9.473223899999999,-0.6465,-0.1175,0.0541,-0.7518,4.176705237321635,-14.277845148024644,98.08374934433456,30.4
76011539117988,10.049881,48899.0,10.0,-0.2466243,-0.07058273999999999,-0.96653388,0.9999966048563624,0.0,0.0,0.0,-2.4124358999999997,0.6864655000000001,9.473223899999999,-0.6465,-0.1175,0.0541,-0.7518,4.176705237321635,-14.277845148024644,98.08374934433456,30.4
76011549129756,10.011768,48909.0,10.0,-0.2466243,-0.07058273999999999,-0.96653388,0.9999966048563624,0.0,0.0,0.0,-2.42224255,0.6962721499999999,9.483030549999999,-0.6465,-0.1175,0.0541,-0.7518,4.176705237321635,-14.277845148024644,98.08374934433456,30.4
76011559057354,9.927598,48919.0,10.0,-0.2466243,-0.07058273999999999,-0.96653388,0.9999966048563624,0.0,0.0,0.0,-2.4124358999999997,0.6962721499999999,9.483030549999999,-0.6465,-0.1175,0.0541,-0.7518,4.176705237321635,-14.277845148024644,98.08374934433456,30.4
76011569121740,10.064386,48929.0,10.0,-0.2466243,-0.07058273999999999,-0.96653388,0.9999966048563624,0.0,0.0,0.0,-2.42224255,0.6962721499999999,9.483030549999999,-0.6465,-0.1175,0.0541,-0.7518,4.176705237321635,-14.277845148024644,98.08374934433456,30.4
76011579126963,10.005223,48939.0,10.0,-0.2466243,-0.07058273999999999,-0.96653388,0.9999966048563624,0.0,0.0,0.0,-2.4124358999999997,0.6962721499999999,9.483030549999999,-0.6465,-0.1175,0.0541,-0.7518,4.176705237321635,-14.277845148024644,98.08374934433456,30.4
76011589111791,9.984828,48949.0,10.0,-0.2466243,-0.07058273999999999,-0.96653388,0.9999966048563624,0.0,0.0,0.0,-2.4124358999999997,0.6962721499999999,9.483030549999999,-0.6465,-0.1175,0.0541,-0.7518,4.176705237321635,-14.277845148024644,98.08374934433456,30.4
76011599119247,10.007456,48959.0,10.0,-0.2466243,-0.07058273999999999,-0.96653388,0.9999966048563624,0.0,0.0,0.0,-2.42224255,0.6962721499999999,9.492837199999999,-0.6465,-0.1175,0.0541,-0.7518,4.176705237321635,-14.277845148024644,98.08374934433456,30.4
76011609077142,9.957895,48969.0,10.0,-0.2466243,-0.07058273999999999,-0.96653388,0.9999966048563624,0.0,0.0,0.0,-2.42224255,0.6962721499999999,9.473223899999999,-0.6465,-0.1175,0.0541,-0.7518,4.176705237321635,-14.277845148024644,98.08374934433456,30.4
76011619138710,10.061568,48979.0,10.0,-0.2466243,-0.07058273999999999,-0.96653388,0.9999966048563624,0.0,0.0,0.0,-2.4124358999999997,0.6864655000000001,9.473223899999999,-0.6465,-0.1175,0.0541,-0.7518,4.176705237321635,-14.277845148024644,98.08374934433456,30.4
76011629143472,10.004762,48989.0,10.0,-0.2466243,-0.07058273999999999,-0.96653388,0.9999966048563624,0.0,0.0,0.0,-2.4124358999999997,0.6962721499999999,9.473223899999999,-0.6465,-0.1175,0.0541,-0.7518,4.176705237321635,-14.277845148024644,98.08374934433456,30.4
76011639167237,10.023765,48999.0,10.0,-0.2466243,-0.07058273999999999,-0.96653388,0.9999966048563624,0.0,0.0,0.0,-2.4124358999999997,0.6962721499999999,9.473223899999999,-0.6465,-0.1175,0.0541,-0.7518,4.176705237321635,-14.277845148024644,98.08374934433456,30.4
76011649071770,9.904533,49009.0,10.0,-0.2466243,-0.07058273999999999,-0.96653388,0.9999966048563624,0.0,0.0,0.0,-2.4124358999999997,0.6962721499999999,9.473223899999999,-0.6465,-0.1175,0.0541,-0.7518,4.176705237321635,-14.277845148024644,98.08374934433456,30.4
76011659101376,10.029606,49019.0,10.0,-0.2466243,-0.07058273999999999,-0.96653388,0.9999966048563624,0.0,0.0,0.0,-2.4320492,0.6864655000000001,9.473223899999999,-0.6465,-0.1175,0.0541,-0.7518,4.176705237321635,-14.277845148024644,98.08374934433456,30.4
76011669139202,10.037826,49029.0,10.0,-0.2466243,-0.07058273999999999,-0.96653388,0.9999966048563624,0.0,0.0,0.0,-2.4320492,0.6962721499999999,9.483030549999999,-0.6465,-0.1175,0.0541,-0.7518,4.176705237321635,-14.277845148024644,98.08374934433456,30.4
76011679097651,9.958449,49039.0,10.0,-0.2466243,-0.07058273999999999,-0.96653388,0.9999966048563624,0.0,0.0,0.0,-2.4320492,0.6962721499999999,9.473223899999999,-0.6465,-0.1175,0.0541,-0.7518,4.176705237321635,-14.277845148024644,98.08374934433456,30.4
76011689140167,10.042516,49049.0,10.0,-0.2466243,-0.07058273999999999,-0.96653388,0.9999966048563624,0.0,0.0,0.0,-2.42224255,0.6962721499999999,9.492837199999999,-0.6465,-0.1175,0.0541,-0.7518,4.176705237321635,-14.277845148024644,98.08374934433456,30.4
76011699182633,10.042466,49059.0,10.0,-0.2466243,-0.07058273999999999,-0.96653388,0.9999966048563624,0.0,0.0,0.0,-2.42224255,0.6864655000000001,9.473223899999999,-0.6465,-0.1175,0.0541,-0.7518,4.176705237321635,-14.277845148024644,98.08374934433456,30.4
76011709111209,9.928576,49069.0,10.0,-0.2466243,-0.07058273999999999,-0.96653388,0.9999966048563624,0.0,0.0,0.0,-2.42224255,0.6962721499999999,9.46341725,-0.6465,-0.1175,0.0541,-0.7518,4.176705237321635,-14.277845148024644,98.08374934433456,30.4
76011719185078,10.073869,49079.0,10.0,-0.2466243,-0.07058273999999999,-0.96653388,0.9999966048563624,0.0,0.0,0.0,-2.4124358999999997,0.6962721499999999,9.473223899999999,-0.6465,-0.1175,0.0541,-0.7518,4.176705237321635,-14.277845148024644,98.08374934433456,30.4
76011729131075,9.945997,49089.0,10.0,-0.2466243,-0.07058273999999999,-0.96653388,0.9999966048563624,0.0,0.0,0.0,-2.42224255,0.6962721499999999,9.483030549999999,-0.6465,-0.1175,0.0541,-0.7518,4.176705237321635,-14.277845148024644,98.08374934433456,30.4
76011739207300,10.076225,49099.0,10.0,-0.2466243,-0.07058273999999999,-0.96653388,0.9999966048563624,0.0,0.0,0.0,-2.42224255,0.6962721499999999,9.483030549999999,-0.6465,-0.1175,0.0541,-0.7518,4.176705237321635,-14.277845148024644,98.08374934433456,30.4
76011749181807,9.974507,49109.0,10.0,-0.2466243,-0.07058273999999999,-0.96653388,0.9999966048563624,0.0,0.0,0.0,-2.42224255,0.6962721499999999,9.483030549999999,-0.6465,-0.1175,0.0541,-0.7518,4.176705237321635,-14.277845148024644,98.08374934433456,30.4
76011759207896,10.026089,49119.0,10.0,-0.2466243,-0.07058273999999999,-0.96653388,0.9999966048563624,0.0,0.0,0.0,-2.4124358999999997,0.6962721499999999,9.473223899999999,-0.6465,-0.1175,0.0541,-0.7518,4.176705237321635,-14.277845148024644,98.08374934433456,30.4
76011769164130,9.956234,49129.0,10.0,-0.2466243,-0.07058273999999999,-0.96653388,0.9999966048563624,0.0,0.0,0.0,-2.42224255,0.6962721499999999,9.473223899999999,-0.6465,-0.1175,0.0541,-0.7518,4.176705237321635,-14.277845148024644,98.08374934433456,30.4
76011779167382,10.003252,49139.0,10.0,-0.2466243,-0.07058273999999999,-0.96653388,0.9999966048563624,0.0,0.0,0.0,-2.4124358999999997,0.6864655000000001,9.483030549999999,-0.6465,-0.1175,0.0541,-0.7518,4.176705237321635,-14.277845148024644,98.08374934433456,30.4
76011789068960,9.901578,49149.0,10.0,-0.2466243,-0.07058273999999999,-0.96653388,0.9999966048563624,0.0,0.0,0.0,-2.4320492,0.6962721499999999,9.483030549999999,-0.6465,-0.1175,0.0541,-0.7518,4.176705237321635,-14.277845148024644,98.08374934433456,30.4
76011799149719,10.080759,49159.0,10.0,-0.2466243,-0.07058273999999999,-0.96653388,0.9999966048563624,0.0,0.0,0.0,-2.4320492,0.6864655000000001,9.473223899999999,-0.6465,-0.1175,0.0541,-0.7518,4.176705237321635,-14.277845148024644,98.08374934433456,30.4
76011809139584,9.989865,49169.0,10.0,-0.2466243,-0.07058273999999999,-0.96653388,0.9999966048563624,0.0,0.0,0.0,-2.42224255,0.6962721499999999,9.483030549999999,-0.6465,-0.1175,0.0541,-0.7518,4.176705237321635,-14.277845148024644,98.08374934433456,30.4
76011819180898,10.041314,49179.0,10.0,-0.2466243,-0.07058273999999999,-0.96653388,0.9999966048563624,0.0,0.0,0.0,-2.42224255,0.6962721499999999,9.483030549999999,-0.6465,-0.1175,0.0541,-0.7518,4.176705237321635,-14.277845148024644,98.08374934433456,30.4
76011829189289,10.008391,49189.0,10.0,-0.2466243,-0.07058273999999999,-0.96653388,0.9999966048563624,0.0,0.0,0.0,-2.42224255,0.6962721499999999,9.483030549999999,-0.6465,-0.1175,0.0541,-0.7518,4.176705237321635,-14.277845148024644,98.08374934433456,30.4
76011839171517,9.982228,49199.0,10.0,-0.2466243,-0.07058273999999999,-0.96653388,0.9999966048563624,0.0,0.0,0.0,-2.42224255,0.6962721499999999,9.483030549999999,-0.6465,-0.1175,0.0541,-0.7518,4.176705237321635,-14.277845148024644,98.08374934433456,30.4
76011849184265,10.012748,49209.0,10.0,-0.2466243,-0.07058273999999999,-0.96653388,0.9999966048563624,0.0,0.0,0.0,-2.4124358999999997,0.6864655000000001,9.483030549999999,-0.6465,-0.1175,0.0541,-0.7518,4.176705237321635,-14.277845148024644,98.08374934433456,30.4
76011859199481,10.015216,49219.0,10.0,-0.2466243,-0.07058273999999999,-0.96653388,0.9999966048563624,0.0,0.0,0.0,-2.42224255,0.6864655000000001,9.483030549999999,-0.6465,-0.1175,0.0541,-0.7518,4.176705237321635,-14.277845148024644,98.08374934433456,30.4
76011869170209,9.970728,49229.0,10.0,-0.2466243,-0.07058273999999999,-0.96653388,0.9999966048563624,0.0,0.0,0.0,-2.40262925,0.6962721499999999,9.483030549999999,-0.6465,-0.1175,0.0541,-0.7518,4.176705237321635,-14.277845148024644,98.08374934433456,30.4
76011879151136,9.980927,49239.0,10.0,-0.2466243,-0.07058273999999999,-0.96653388,0.9999966048563624,0.0,0.0,0.0,-2.4124358999999997,0.6864655000000001,9.483030549999999,-0.6465,-0.1175,0.0541,-0.7518,4.176705237321635,-14.277845148024644,98.08374934433456,30.4
76011889153470,10.002334,49249.0,10.0,-0.2466243,-0.07058273999999999,-0.96653388,0.9999966048563624,0.0,0.0,0.0,-2.42224255,0.6962721499999999,9.483030549999999,-0.6465,-0.1175,0.0541,-0.7518,4.176705237321635,-14.277845148024644,98.08374934433456,30.4
76011899132028,9.978558,49259.0,10.0,-0.2466243,-0.07058273999999999,-0.96653388,0.9999966048563624,0.0,0.0,0.0,-2.4124358999999997,0.6962721499999999,9.473223899999999,-0.6465,-0.1175,0.0541,-0.7518,4.176705237321635,-14.277845148024644,98.08374934433456,30.4
76011909181322,10.049294,49269.0,10.0,-0.2466243,-0.07058273999999999,-0.96653388,0.9999966048563624,0.0,0.0,0.0,-2.4124358999999997,0.7060787999999999,9.483030549999999,-0.6465,-0.1175,0.0541,-0.7518,4.176705237321635,-14.277845148024644,98.08374934433456,30.4
76011919162847,9.981525,49279.0,10.0,-0.2466243,-0.07058273999999999,-0.96653388,0.9999966048563624,0.0,0.0,0.0,-2.4124358999999997,0.6962721499999999,9.473223899999999,-0.6465,-0.1175,0.0541,-0.7518,4.176705237321635,-14.277845148024644,98.08374934433456,30.4
76011929145244,9.982397,49289.0,10.0,-0.2466243,-0.07058273999999999,-0.96653388,0.9999966048563624,0.0,0.0,0.0,-2.4124358999999997,0.6962721499999999,9.473223899999999,-0.6465,-0.1175,0.0541,-0.7518,4.176705237321635,-14.277845148024644,98.08374934433456,30.4
76011939116826,9.971582,49299.0,10.0,-0.2466243,-0.07058273999999999,-0.96653388,0.9999966048563624,0.0,0.0,0.0,-2.42224255,0.6962721499999999,9.473223899999999,-0.6465,-0.1175,0.0541,-0.7518,4.176705237321635,-14.277845148024644,98.08374934433456,30.4
76011949103724,9.986898,49309.0,10.0,-0.2466243,-0.07058273999999999,-0.96653388,0.9999966048563624,0.0,0.0,0.0,-2.4320492,0.67665885,9.483030549999999,-0.6465,-0.1175,0.0541,-0.7518,4.176705237321635,-14.277845148024644,98.08374934433456,30.4
76011959130344,10.02662,49319.0,10.0,-0.2466243,-0.07058273999999999,-0.96653388,0.9999966048563624,0.0,0.0,0.0,-2.4124358999999997,0.6864655000000001,9.473223899999999,-0.6465,-0.1175,0.0541,-0.7518,4.176705237321635,-14.277845148024644,98.08374934433456,30.4
76011969140450,10.010106,49329.0,10.0,-0.2466243,-0.07058273999999999,-0.96653388,0.9999966048563624,0.0,0.0,0.0,-2.4124358999999997,0.6864655000000001,9.483030549999999,-0.6465,-0.1175,0.0541,-0.7518,4.176705237321635,-14.277845148024644,98.08374934433456,30.4
76011979144749,10.004299,49339.0,10.0,-0.2466243,-0.07058273999999999,-0.96653388,0.9999966048563624,0.0,0.0,0.0,-2.42224255,0.6962721499999999,9.483030549999999,-0.6465,-0.1175,0.0541,-0.7518,4.176705237321635,-14.277845148024644,98.08374934433456,30.4
76011989147270,10.002521,49349.0,10.0,-0.2466243,-0.07058273999999999,-0.96653388,0.9999966048563624,0.0,0.0,0.0,-2.42224255,0.7060787999999999,9.483030549999999,-0.6465,-0.1175,0.0541,-0.7518,4.176705237321635,-14.277845148024644,98.08374934433456,30.4
76011999093806,9.946536,49359.0,10.0,-0.2466243,-0.07058273999999999,-0.96653388,0.9999966048563624,0.0,0.0,0.0,-2.42224255,0.6962721499999999,9.46341725,-0.6465,-0.1175,0.0541,-0.7518,4.176705237321635,-14.277845148024644,98.08374934433456,30.4
76012009068118,9.974312,49369.0,10.0,-0.2466243,-0.07058273999999999,-0.96653388,0.9999966048563624,0.0,0.0,0.0,-2.4124358999999997,0.6962721499999999,9.492837199999999,-0.6465,-0.1175,0.0541,-0.7518,4.176705237321635,-14.277845148024644,98.08374934433456,30.4
76012019141778,10.07366,49379.0,10.0,-0.2466243,-0.07058273999999999,-0.96653388,0.9999966048563624,0.0,0.0,0.0,-2.4124358999999997,0.6864655000000001,9.473223899999999,-0.6465,-0.1175,0.0541,-0.7518,4.176705237321635,-14.277845148024644,98.08374934433456,30.4
76012029083253,9.941475,49389.0,10.0,-0.2466243,-0.07058273999999999,-0.96653388,0.9999966048563624,0.0,0.0,0.0,-2.42224255,0.6962721499999999,9.483030549999999,-0.6465,-0.1175,0.0541,-0.7518,4.176705237321635,-14.277845148024644,98.08374934433456,30.4
76012039144510,10.061257,49399.0,10.0,-0.2466243,-0.07058273999999999,-0.96653388,0.9999966048563624,0.0,0.0,0.0,-2.4320492,0.6864655000000001,9.483030549999999,-0.6465,-0.1175,0.0541,-0.7518,4.176705237321635,-14.277845148024644,98.08374934433456,30.4
76012049215154,10.070644,49409.0,10.0,-0.2466243,-0.07058273999999999,-0.96653388,0.9999966048563624,0.0,0.0,0.0,-2.42224255,0.6962721499999999,9.473223899999999,-0.6465,-0.1175,0.0541,-0.7518,4.176705237321635,-14.277845148024644,98.08374934433456,30.4
76012059168043,9.952889,49419.0,10.0,-0.2466243,-0.07058273999999999,-0.96653388,0.9999966048563624,0.0,0.0,0.0,-2.42224255,0.6962721499999999,9.483030549999999,-0.6465,-0.1175,0.0541,-0.7518,4.176705237321635,-14.277845148024644,98.08374934433456,30.4
76012069216042,10.047999,49429.0,10.0,-0.2466243,-0.07058273999999999,-0.96653388,0.9999966048563624,0.0,0.0,0.0,-2.4124358999999997,0.6864655000000001,9.483030549999999,-0.6465,-0.1175,0.0541,-0.7518,4.176705237321635,-14.277845148024644,98.08374934433456,30.4
76012079139915,9.923873,49439.0,10.0,-0.2466243,-0.07058273999999999,-0.96653388,0.9999966048563624,0.0,0.0,0.0,-2.4124358999999997,0.6962721499999999,9.483030549999999,-0.6465,-0.1175,0.0541,-0.7518,4.176705237321635,-14.277845148024644,98.08374934433456,30.4
76012089090866,9.950951,49449.0,10.0,-0.2466243,-0.07058273999999999,-0.96653388,0.9999966048563624,0.0,0.0,0.0,-2.4320492,0.6962721499999999,9.492837199999999,-0.6465,-0.1175,0.0541,-0.7518,4.176705237321635,-14.277845148024644,98.08374934433456,30.4
76012099111982,10.021116,49459.0,10.0,-0.2466243,-0.07058273999999999,-0.96653388,0.9999966048563624,0.0,0.0,0.0,-2.42224255,0.6864655000000001,9.473223899999999,-0.6465,-0.1175,0.0541,-0.7518,4.176705237321635,-14.277845148024644,98.08374934433456,30.4
76012109080804,9.968822,49469.0,10.0,-0.2466243,-0.07058273999999999,-0.96653388,0.9999966048563624,0.0,0.0,0.0,-2.42224255,0.6864655000000001,9.483030549999999,-0.6465,-0.1175,0.0541,-0.7518,4.176705237321635,-14.277845148024644,98.08374934433456,30.4
76012119128404,10.0476,49479.0,10.0,-0.2466243,-0.07058273999999999,-0.96653388,0.9999966048563624,0.0,0.0,0.0,-2.4124358999999997,0.6962721499999999,9.473223899999999,-0.6465,-0.1175,0.0541,-0.7518,4.176705237321635,-14.277845148024644,98.08374934433456,30.4
76012129124400,9.995996,49489.0,10.0,-0.2466243,-0.07058273999999999,-0.96653388,0.9999966048563624,0.0,0.0,0.0,-2.4320492,0.6962721499999999,9.473223899999999,-0.6465,-0.1175,0.0541,-0.7518,4.176705237321635,-14.277845148024644,98.08374934433456,30.4
76012139123435,9.999035,49499.0,10.0,-0.2466243,-0.07058273999999999,-0.96653388,0.9999966048563624,0.0,0.0,0.0,-2.42224255,0.6864655000000001,9.473223899999999,-0.6465,-0.1175,0.0541,-0.7518,4.176705237321635,-14.277845148024644,98.08374934433456,30.4
76012149074012,9.950577,49509.0,10.0,-0.2466243,-0.07058273999999999,-0.96653388,0.9999966048563624,0.0,0.0,0.0,-2.4124358999999997,0.6864655000000001,9.473223899999999,-0.6465,-0.1175,0.0541,-0.7518,4.176705237321635,-14.277845148024644,98.08374934433456,30.4
76012159161610,10.087598,49519.0,10.0,-0.2466243,-0.07058273999999999,-0.96653388,0.9999966048563624,0.0,0.0,0.0,-2.4124358999999997,0.7060787999999999,9.473223899999999,-0.6465,-0.1175,0.0541,-0.7518,4.176705237321635,-14.277845148024644,98.08374934433456,30.4
76012169120147,9.958537,49529.0,10.0,-0.2466243,-0.07058273999999999,-0.96653388,0.9999966048563624,0.0,0.0,0.0,-2.42224255,0.6962721499999999,9.483030549999999,-0.6465,-0.1175,0.0541,-0.7518,4.176705237321635,-14.277845148024644,98.08374934433456,30.4
76012179150626,10.030479,49539.0,10.0,-0.2466243,-0.07058273999999999,-0.96653388,0.9999966048563624,0.0,0.0,0.0,-2.42224255,0.6864655000000001,9.483030549999999,-0.6465,-0.1175,0.0541,-0.7518,4.176705237321635,-14.277845148024644,98.08374934433456,30.4
76012189185794,10.035168,49549.0,10.0,-0.2466243,-0.07058273999999999,-0.96653388,0.9999966048563624,0.0,0.0,0.0,-2.4124358999999997,0.6962721499999999,9.483030549999999,-0.6465,-0.1175,0.0541,-0.7518,4.176705237321635,-14.277845148024644,98.08374934433456,30.4
76012199108084,9.92229,49559.0,10.0,-0.2466243,-0.07058273999999999,-0.96653388,0.9999966048563624,0.0,0.0,0.0,-2.42224255,0.6864655000000001,9.473223899999999,-0.6465,-0.1175,0.0541,-0.7518,4.176705237321635,-14.277845148024644,98.08374934433456,30.4
76012209133951,10.025867,49569.0,10.0,-0.2466243,-0.07058273999999999,-0.96653388,0.9999966048563624,0.0,0.0,0.0,-2.4124358999999997,0.67665885,9.46341725,-0.6465,-0.1175,0.0541,-0.7518,4.176705237321635,-14.277845148024644,98.08374934433456,30.4
76012219149196,10.015245,49579.0,10.0,-0.2466243,-0.07058273999999999,-0.96653388,0.9999966048563624,0.0,0.0,0.0,-2.42224255,0.6864655000000001,9.483030549999999,-0.6465,-0.1175,0.0541,-0.7518,4.176705237321635,-14.277845148024644,98.08374934433456,30.4
76012229089191,9.939995,49589.0,10.0,-0.2466243,-0.07058273999999999,-0.96653388,0.9999966048563624,0.0,0.0,0.0,-2.40262925,0.6864655000000001,9.473223899999999,-0.6465,-0.1175,0.0541,-0.7518,4.176705237321635,-14.277845148024644,98.08374934433456,30.4
76012239127266,10.038075,49599.0,10.0,-0.2466243,-0.07058273999999999,-0.96653388,0.9999966048563624,0.0,0.0,0.0,-2.42224255,0.6962721499999999,9.473223899999999,-0.6465,-0.1175,0.0541,-0.7518,4.176705237321635,-14.277845148024644,98.08374934433456,30.4
76012249094237,9.966971,49609.0,10.0,-0.2466243,-0.07058273999999999,-0.96653388,0.9999966048563624,0.0,0.0,0.0,-2.4124358999999997,0.6864655000000001,9.473223899999999,-0.6465,-0.1175,0.0541,-0.7518,4.176705237321635,-14.277845148024644,98.08374934433456,30.4
76012259108514,10.014277,49619.0,10.0,-0.2466243,-0.07058273999999999,-0.96653388,0.9999966048563624,0.0,0.0,0.0,-2.4124358999999997,0.6864655000000001,9.502643849999998,-0.6465,-0.1175,0.0541,-0.7518,4.176705237321635,-14.277845148024644,98.08374934433456,30.4
76012269147653,10.039139,49629.0,10.0,-0.2466243,-0.07058273999999999,-0.96653388,0.9999966048563624,0.0,0.0,0.0,-2.42224255,0.6864655000000001,9.473223899999999,-0.6465,-0.1175,0.0541,-0.7518,4.176705237321635,-14.277845148024644,98.08374934433456,30.4
76012279102523,9.95487,49639.0,10.0,-0.2466243,-0.07058273999999999,-0.96653388,0.9999966048563624,0.0,0.0,0.0,-2.42224255,0.6962721499999999,9.473223899999999,-0.6465,-0.1175,0.0541,-0.7518,4.176705237321635,-14.277845148024644,98.08374934433456,30.4
76012289131974,10.029451,49649.0,10.0,-0.2466243,-0.07058273999999999,-0.96653388,0.9999966048563624,0.0,0.0,0.0,-2.4124358999999997,0.6864655000000001,9.483030549999999,-0.6465,-0.1175,0.0541,-0.7518,4.176705237321635,-14.277845148024644,98.08374934433456,30.4
76012299119511,9.987537,49659.0,10.0,-0.2466243,-0.07058273999999999,-0.96653388,0.9999966048563624,0.0,0.0,0.0,-2.42224255,0.6962721499999999,9.46341725,-0.6465,-0.1175,0.0541,-0.7518,4.176705237321635,-14.277845148024644,98.08374934433456,30.4
76012309115673,9.996162,49669.0,10.0,-0.2466243,-0.07058273999999999,-0.96653388,0.9999966048563624,0.0,0.0,0.0,-2.42224255,0.6962721499999999,9.473223899999999,-0.6465,-0.1175,0.0541,-0.7518,4.176705237321635,-14.277845148024644,98.08374934433456,30.4
76012319089796,9.974123,49679.0,10.0,-0.2466243,-0.07058273999999999,-0.96653388,0.9999966048563624,0.0,0.0,0.0,-2.4124358999999997,0.6864655000000001,9.483030549999999,-0.6465,-0.1175,0.0541,-0.7518,4.176705237321635,-14.277845148024644,98.08374934433456,30.4
76012329094361,10.004565,49689.0,10.0,-0.2466243,-0.07058273999999999,-0.96653388,0.9999966048563624,0.0,0.0,0.0,-2.4124358999999997,0.6962721499999999,9.473223899999999,-0.6465,-0.1175,0.0541,-0.7518,4.176705237321635,-14.277845148024644,98.08374934433456,30.4
76012339072863,9.978502,49699.0,10.0,-0.2466243,-0.07058273999999999,-0.96653388,0.9999966048563624,0.0,0.0,0.0,-2.42224255,0.6962721499999999,9.473223899999999,-0.6465,-0.1175,0.0541,-0.7518,4.176705237321635,-14.277845148024644,98.08374934433456,30.4
76012349042381,9.969518,49709.0,10.0,-0.2466243,-0.07058273999999999,-0.96653388,0.9999966048563624,0.0,0.0,0.0,-2.42224255,0.6864655000000001,9.473223899999999,-0.6465,-0.1175,0.0541,-0.7518,4.176705237321635,-14.277845148024644,98.08374934433456,30.4
76012359091653,10.049272,49719.0,10.0,-0.2466243,-0.07058273999999999,-0.96653388,0.9999966048563624,0.0,0.0,0.0,-2.42224255,0.6864655000000001,9.473223899999999,-0.6465,-0.1175,0.0541,-0.7518,4.176705237321635,-14.277845148024644,98.08374934433456,30.4
76012369025025,9.933372,49729.0,10.0,-0.2466243,-0.07058273999999999,-0.96653388,0.9999966048563624,0.0,0.0,0.0,-2.42224255,0.6962721499999999,9.473223899999999,-0.6465,-0.1175,0.0541,-0.7518,4.176705237321635,-14.277845148024644,98.08374934433456,30.4
76012379020347,9.995322,49739.0,10.0,-0.2466243,-0.07058273999999999,-0.96653388,0.9999966048563624,0.0,0.0,0.0,-2.42224255,0.6962721499999999,9.483030549999999,-0.6465,-0.1175,0.0541,-0.7518,4.176705237321635,-14.277845148024644,98.08374934433456,30.4
76012389086299,10.065952,49749.0,10.0,-0.2466243,-0.07058273999999999,-0.96653388,0.9999966048563624,0.0,0.0,0.0,-2.4124358999999997,0.6962721499999999,9.483030549999999,-0.6465,-0.1175,0.0541,-0.7518,4.176705237321635,-14.277845148024644,98.08374934433456,30.4
76012399056053,9.969754,49759.0,10.0,-0.2466243,-0.07058273999999999,-0.96653388,0.9999966048563624,0.0,0.0,0.0,-2.4320492,0.6962721499999999,9.483030549999999,-0.6465,-0.1175,0.0541,-0.7518,4.176705237321635,-14.277845148024644,98.08374934433456,30.4
76012409151301,10.095248,49769.0,10.0,-0.2466243,-0.07058273999999999,-0.96653388,0.9999966048563624,0.0,0.0,0.0,-2.44185585,0.6864655000000001,9.473223899999999,-0.6465,-0.1175,0.0541,-0.7518,4.176705237321635,-14.277845148024644,98.08374934433456,30.4
76012419159099,10.007798,49779.0,10.0,-0.2466243,-0.07058273999999999,-0.96653388,0.9999966048563624,0.0,0.0,0.0,-2.42224255,0.6962721499999999,9.483030549999999,-0.6465,-0.1175,0.0541,-0.7518,4.176705237321635,-14.277845148024644,98.08374934433456,30.4
76012429084585,9.925486,49789.0,10.0,-0.2466243,-0.07058273999999999,-0.96653388,0.9999966048563624,0.0,0.0,0.0,-2.4124358999999997,0.6962721499999999,9.473223899999999,-0.6465,-0.1175,0.0541,-0.7518,4.176705237321635,-14.277845148024644,98.08374934433456,30.4
76012439014691,9.930106,49799.0,10.0,-0.2466243,-0.07058273999999999,-0.96653388,0.9999966048563624,0.0,0.0,0.0,-2.42224255,0.6864655000000001,9.483030549999999,-0.6465,-0.1175,0.0541,-0.7518,4.176705237321635,-14.277845148024644,98.08374934433456,30.4
76012449047739,10.033048,49809.0,10.0,-0.2466243,-0.07058273999999999,-0.96653388,0.9999966048563624,0.0,0.0,0.0,-2.42224255,0.6962721499999999,9.483030549999999,-0.6465,-0.1175,0.0541,-0.7518,4.176705237321635,-14.277845148024644,98.08374934433456,30.4
76012459025213,9.977474,49819.0,10.0,-0.2466243,-0.07058273999999999,-0.96653388,0.9999966048563624,0.0,0.0,0.0,-2.42224255,0.6864655000000001,9.492837199999999,-0.6465,-0.1175,0.0541,-0.7518,4.176705237321635,-14.277845148024644,98.08374934433456,30.4
76012469092024,10.066811,49829.0,10.0,-0.2466243,-0.07058273999999999,-0.96653388,0.9999966048563624,0.0,0.0,0.0,-2.42224255,0.6962721499999999,9.473223899999999,-0.6465,-0.1175,0.0541,-0.7518,4.176705237321635,-14.277845148024644,98.08374934433456,30.4
76012479107793,10.015769,49839.0,10.0,-0.2466243,-0.07058273999999999,-0.96653388,0.9999966048563624,0.0,0.0,0.0,-2.4124358999999997,0.6962721499999999,9.483030549999999,-0.6465,-0.1175,0.0541,-0.7518,4.176705237321635,-14.277845148024644,98.08374934433456,30.4
76012489168670,10.060877,49849.0,10.0,-0.2466243,-0.07058273999999999,-0.96653388,0.9999966048563624,0.0,0.0,0.0,-2.44185585,0.6962721499999999,9.473223899999999,-0.6465,-0.1175,0.0541,-0.7518,4.176705237321635,-14.277845148024644,98.08374934433456,30.4
76012499165855,9.997185,49859.0,10.0,-0.2466243,-0.07058273999999999,-0.96653388,0.9999966048563624,0.0,0.0,0.0,-2.4124358999999997,0.6962721499999999,9.473223899999999,-0.6465,-0.1175,0.0541,-0.7518,4.176705237321635,-14.277845148024644,98.08374934433456,30.4
76012509141332,9.975477,49869.0,10.0,-0.2466243,-0.07058273999999999,-0.96653388,0.9999966048563624,0.0,0.0,0.0,-2.42224255,0.6962721499999999,9.483030549999999,-0.6465,-0.1175,0.0541,-0.7518,4.176705237321635,-14.277845148024644,98.08374934433456,30.4
76012519093182,9.95185,49879.0,10.0,-0.2466243,-0.07058273999999999,-0.96653388,0.9999966048563624,0.0,0.0,0.0,-2.42224255,0.6864655000000001,9.483030549999999,-0.6465,-0.1175,0.0541,-0.7518,4.176705237321635,-14.277845148024644,98.08374934433456,30.4
76012529063529,9.970347,49889.0,10.0,-0.2466243,-0.07058273999999999,-0.96653388,0.9999966048563624,0.0,0.0,0.0,-2.42224255,0.6962721499999999,9.473223899999999,-0.6465,-0.1175,0.0541,-0.7518,4.176705237321635,-14.277845148024644,98.08374934433456,30.4
76012539043168,9.979639,49899.0,10.0,-0.2466243,-0.07058273999999999,-0.96653388,0.9999966048563624,0.0,0.0,0.0,-2.4124358999999997,0.6962721499999999,9.473223899999999,-0.6465,-0.1175,0.0541,-0.7518,4.176705237321635,-14.277845148024644,98.08374934433456,30.4
76012549056396,10.013228,49909.0,10.0,-0.2466243,-0.07058273999999999,-0.96653388,0.9999966048563624,0.0,0.0,0.0,-2.4124358999999997,0.6962721499999999,9.483030549999999,-0.6465,-0.1175,0.0541,-0.7518,4.176705237321635,-14.277845148024644,98.08374934433456,30.4
76012559199944,10.143548,49919.0,10.0,-0.2466243,-0.07058273999999999,-0.96653388,0.9999966048563624,0.0,0.0,0.0,-2.4124358999999997,0.6962721499999999,9.46341725,-0.6465,-0.1175,0.0541,-0.7518,4.176705237321635,-14.277845148024644,98.08374934433456,30.4
76012569060535,9.860591,49929.0,10.0,-0.2466243,-0.07058273999999999,-0.96653388,0.9999966048563624,0.0,0.0,0.0,-2.42224255,0.6962721499999999,9.483030549999999,-0.6465,-0.1175,0.0541,-0.7518,4.176705237321635,-14.277845148024644,98.08374934433456,30.4
76012579013433,9.952898,49939.0,10.0,-0.2466243,-0.07058273999999999,-0.96653388,0.9999966048563624,0.0,0.0,0.0,-2.4320492,0.6962721499999999,9.473223899999999,-0.6465,-0.1175,0.0541,-0.7518,4.176705237321635,-14.277845148024644,98.08374934433456,30.4
76012589133741,10.120308,49949.0,10.0,-0.2466243,-0.07058273999999999,-0.96653388,0.9999966048563624,0.0,0.0,0.0,-2.4320492,0.6962721499999999,9.483030549999999,-0.6465,-0.1175,0.0541,-0.7518,4.176705237321635,-14.277845148024644,98.08374934433456,30.4
76012599062630,9.928889,49959.0,10.0,-0.2466243,-0.07058273999999999,-0.96653388,0.9999966048563624,0.0,0.0,0.0,-2.4124358999999997,0.6962721499999999,9.483030549999999,-0.6465,-0.1175,0.0541,-0.7518,4.176705237321635,-14.277845148024644,98.08374934433456,30.4
76012609026553,9.963923,49969.0,10.0,-0.2466243,-0.07058273999999999,-0.96653388,0.9999966048563624,0.0,0.0,0.0,-2.42224255,0.6864655000000001,9.473223899999999,-0.6465,-0.1175,0.0541,-0.7518,4.176705237321635,-14.277845148024644,98.08374934433456,30.4
76012619025607,9.999054,49979.0,10.0,-0.2466243,-0.07058273999999999,-0.96653388,0.9999966048563624,0.0,0.0,0.0,-2.42224255,0.6962721499999999,9.473223899999999,-0.6465,-0.1175,0.0541,-0.7518,4.176705237321635,-14.277845148024644,98.08374934433456,30.4
76012629082585,10.056978,49989.0,10.0,-0.2466243,-0.07058273999999999,-0.96653388,0.9999966048563624,0.0,0.0,0.0,-2.4320492,0.6864655000000001,9.46341725,-0.6465,-0.1175,0.0541,-0.7518,4.176705237321635,-14.277845148024644,98.08374934433456,30.4
76012639075993,9.993408,49999.0,10.0,-0.2466243,-0.07058273999999999,-0.96653388,0.9999966048563624,0.0,0.0,0.0,-2.42224255,0.6864655000000001,9.492837199999999,-0.6465,-0.1175,0.0541,-0.7518,4.176705237321635,-14.277845148024644,98.08374934433456,30.4
76012649044178,9.968185,50009.0,10.0,-0.2466243,-0.07058273999999999,-0.96653388,0.9999966048563624,0.0,0.0,0.0,-2.4124358999999997,0.6864655000000001,9.473223899999999,-0.6465,-0.1175,0.0541,-0.7518,4.176705237321635,-14.277845148024644,98.08374934433456,30.4
76012659051043,10.006865,50019.0,10.0,-0.2466243,-0.07058273999999999,-0.96653388,0.9999966048563624,0.0,0.0,0.0,-2.4320492,0.6864655000000001,9.473223899999999,-0.6465,-0.1175,0.0541,-0.7518,4.176705237321635,-14.277845148024644,98.08374934433456,30.4
76012669208181,10.157138,50029.0,10.0,-0.2466243,-0.07058273999999999,-0.96653388,0.9999966048563624,0.0,0.0,0.0,-2.42224255,0.6962721499999999,9.483030549999999,-0.6465,-0.1175,0.0541,-0.7518,4.176705237321635,-14.277845148024644,98.08374934433456,30.4
76012679166351,9.95817,50039.0,10.0,-0.2466243,-0.07058273999999999,-0.96653388,0.9999966048563624,0.0,0.0,0.0,-2.4124358999999997,0.6962721499999999,9.473223899999999,-0.6465,-0.1175,0.0541,-0.7518,4.176705237321635,-14.277845148024644,98.08374934433456,30.4
76012689211908,10.045557,50049.0,10.0,-0.2466243,-0.07058273999999999,-0.96653388,0.9999966048563624,0.0,0.0,0.0,-2.4320492,0.6864655000000001,9.473223899999999,-0.6465,-0.1175,0.0541,-0.7518,4.176705237321635,-14.277845148024644,98.08374934433456,30.4
76012699089316,9.877408,50059.0,10.0,-0.2466243,-0.07058273999999999,-0.96653388,0.9999966048563624,0.0,0.0,0.0,-2.42224255,0.6962721499999999,9.483030549999999,-0.6465,-0.1175,0.0541,-0.7518,4.176705237321635,-14.277845148024644,98.08374934433456,30.4
76012709084545,9.995229,50069.0,10.0,-0.2466243,-0.07058273999999999,-0.96653388,0.9999966048563624,0.0,0.0,0.0,-2.4124358999999997,0.6962721499999999,9.473223899999999,-0.6465,-0.1175,0.0541,-0.7518,4.176705237321635,-14.277845148024644,98.08374934433456,30.4
76012719054995,9.97045,50079.0,10.0,-0.2466243,-0.07058273999999999,-0.96653388,0.9999966048563624,0.0,0.0,0.0,-2.4320492,0.6962721499999999,9.473223899999999,-0.6465,-0.1175,0.0541,-0.7518,4.176705237321635,-14.277845148024644,98.08374934433456,30.4
76012729061612,10.006617,50089.0,10.0,-0.2466243,-0.07058273999999999,-0.96653388,0.9999966048563624,0.0,0.0,0.0,-2.4124358999999997,0.6864655000000001,9.473223899999999,-0.6465,-0.1175,0.0541,-0.7518,4.176705237321635,-14.277845148024644,98.08374934433456,30.4
76012739013583,9.951971,50099.0,10.0,-0.2466243,-0.07058273999999999,-0.96653388,0.9999966048563624,0.0,0.0,0.0,-2.42224255,0.7060787999999999,9.46341725,-0.6465,-0.1175,0.0541,-0.7518,4.176705237321635,-14.277845148024644,98.08374934433456,30.4
76012749062879,10.049296,50109.0,10.0,-0.2466243,-0.07058273999999999,-0.96653388,0.9999966048563624,0.0,0.0,0.0,-2.4320492,0.6864655000000001,9.473223899999999,-0.6465,-0.1175,0.0541,-0.7518,4.176705237321635,-14.277845148024644,98.08374934433456,30.4
76012759019955,9.957076,50119.0,10.0,-0.2466243,-0.07058273999999999,-0.96653388,0.9999966048563624,0.0,0.0,0.0,-2.42224255,0.6962721499999999,9.483030549999999,-0.6465,-0.1175,0.0541,-0.7518,4.176705237321635,-14.277845148024644,98.08374934433456,30.4
76012769077417,10.057462,50129.0,10.0,-0.2466243,-0.07058273999999999,-0.96653388,0.9999966048563624,0.0,0.0,0.0,-2.4320492,0.6962721499999999,9.46341725,-0.6465,-0.1175,0.0541,-0.7518,4.176705237321635,-14.277845148024644,98.08374934433456,30.4
76012779095589,10.018172,50139.0,10.0,-0.2466243,-0.07058273999999999,-0.96653388,0.9999966048563624,0.0,0.0,0.0,-2.4124358999999997,0.6962721499999999,9.483030549999999,-0.6465,-0.1175,0.0541,-0.7518,4.176705237321635,-14.277845148024644,98.08374934433456,30.4
76012789055043,9.959454,50149.0,10.0,-0.2466243,-0.07058273999999999,-0.96653388,0.9999966048563624,0.0,0.0,0.0,-2.4320492,0.6864655000000001,9.483030549999999,-0.6465,-0.1175,0.0541,-0.7518,4.176705237321635,-14.277845148024644,98.08374934433456,30.4
76012799010618,9.955575,50159.0,10.0,-0.2466243,-0.07058273999999999,-0.96653388,0.9999966048563624,0.0,0.0,0.0,-2.42224255,0.6962721499999999,9.473223899999999,-0.6465,-0.1175,0.0541,-0.7518,4.176705237321635,-14.277845148024644,98.08374934433456,30.4
76012809023592,10.012974,50169.0,10.0,-0.2466243,-0.07058273999999999,-0.96653388,0.9999966048563624,0.0,0.0,0.0,-2.4124358999999997,0.6864655000000001,9.473223899999999,-0.6465,-0.1175,0.0541,-0.7518,4.176705237321635,-14.277845148024644,98.08374934433456,30.4
76012819033664,10.010072,50179.0,10.0,-0.2466243,-0.07058273999999999,-0.96653388,0.9999966048563624,0.0,0.0,0.0,-2.42224255,0.6962721499999999,9.483030549999999,-0.6465,-0.1175,0.0541,-0.7518,4.176705237321635,-14.277845148024644,98.08374934433456,30.4
76012829011574,9.97791,50189.0,10.0,-0.2466243,-0.07058273999999999,-0.96653388,0.9999966048563624,0.0,0.0,0.0,-2.4124358999999997,0.6864655000000001,9.473223899999999,-0.6465,-0.1175,0.0541,-0.7518,4.176705237321635,-14.277845148024644,98.08374934433456,30.4
76012839060176,10.048602,50199.0,10.0,-0.2466243,-0.07058273999999999,-0.96653388,0.9999966048563624,0.0,0.0,0.0,-2.4124358999999997,0.6962721499999999,9.473223899999999,-0.6465,-0.1175,0.0541,-0.7518,4.176705237321635,-14.277845148024644,98.08374934433456,30.4
76012849111050,10.050874,50209.0,10.0,-0.2466243,-0.07058273999999999,-0.96653388,0.9999966048563624,0.0,0.0,0.0,-2.42224255,0.6864655000000001,9.483030549999999,-0.6465,-0.1175,0.0541,-0.7518,4.176705237321635,-14.277845148024644,98.08374934433456,30.4
76012859128609,10.017559,50219.0,10.0,-0.2466243,-0.07058273999999999,-0.96653388,0.9999966048563624,0.0,0.0,0.0,-2.42224255,0.6962721499999999,9.473223899999999,-0.6465,-0.1175,0.0541,-0.7518,4.176705237321635,-14.277845148024644,98.08374934433456,30.4
76012869127379,9.99877,50229.0,10.0,-0.2466243,-0.07058273999999999,-0.96653388,0.9999966048563624,0.0,0.0,0.0,-2.42224255,0.6962721499999999,9.492837199999999,-0.6465,-0.1175,0.0541,-0.7518,4.176705237321635,-14.277845148024644,98.08374934433456,30.4
76012879121768,9.994389,50239.0,10.0,-0.2466243,-0.07058273999999999,-0.96653388,0.9999966048563624,0.0,0.0,0.0,-2.42224255,0.6962721499999999,9.483030549999999,-0.6465,-0.1175,0.0541,-0.7518,4.176705237321635,-14.277845148024644,98.08374934433456,30.4
76012889165077,10.043309,50249.0,10.0,-0.2466243,-0.07058273999999999,-0.96653388,0.9999966048563624,0.0,0.0,0.0,-2.42224255,0.6962721499999999,9.483030549999999,-0.6465,-0.1175,0.0541,-0.7518,4.176705237321635,-14.277845148024644,98.08374934433456,30.4
76012899124653,9.959576,50259.0,10.0,-0.2466243,-0.07058273999999999,-0.96653388,0.9999966048563624,0.0,0.0,0.0,-2.4124358999999997,0.6962721499999999,9.473223899999999,-0.6465,-0.1175,0.0541,-0.7518,4.176705237321635,-14.277845148024644,98.08374934433456,30.4
76012909115727,9.991074,50269.0,10.0,-0.2466243,-0.07058273999999999,-0.96653388,0.9999966048563624,0.0,0.0,0.0,-2.4124358999999997,0.6962721499999999,9.483030549999999,-0.6465,-0.1175,0.0541,-0.7518,4.176705237321635,-14.277845148024644,98.08374934433456,30.4
76012919076438,9.960711,50279.0,10.0,-0.2466243,-0.07058273999999999,-0.96653388,0.9999966048563624,0.0,0.0,0.0,-2.42224255,0.6962721499999999,9.473223899999999,-0.6465,-0.1175,0.0541,-0.7518,4.176705237321635,-14.277845148024644,98.08374934433456,30.4
76012929028101,9.951663,50289.0,10.0,-0.2466243,-0.07058273999999999,-0.96653388,0.9999966048563624,0.0,0.0,0.0,-2.4320492,0.7060787999999999,9.483030549999999,-0.6465,-0.1175,0.0541,-0.7518,4.176705237321635,-14.277845148024644,98.08374934433456,30.4
76012939012583,9.984482,50299.0,10.0,-0.2466243,-0.07058273999999999,-0.96653388,0.9999966048563624,0.0,0.0,0.0,-2.42224255,0.7060787999999999,9.483030549999999,-0.6465,-0.1175,0.0541,-0.7518,4.176705237321635,-14.277845148024644,98.08374934433456,30.4
76012949012900,10.000317,50309.0,10.0,-0.2466243,-0.07058273999999999,-0.96653388,0.9999966048563624,0.0,0.0,0.0,-2.42224255,0.6962721499999999,9.473223899999999,-0.6465,-0.1175,0.0541,-0.7518,4.176705237321635,-14.277845148024644,98.08374934433456,30.4
76012959012013,9.999113,50319.0,10.0,-0.2466243,-0.07058273999999999,-0.96653388,0.9999966048563624,0.0,0.0,0.0,-2.42224255,0.6864655000000001,9.473223899999999,-0.6465,-0.1175,0.0541,-0.7518,4.176705237321635,-14.277845148024644,98.08374934433456,30.4
76012969010024,9.998011,50329.0,10.0,-0.2466243,-0.07058273999999999,-0.96653388,0.9999966048563624,0.0,0.0,0.0,-2.42224255,0.6962721499999999,9.483030549999999,-0.6465,-0.1175,0.0541,-0.7518,4.176705237321635,-14.277845148024644,98.08374934433456,30.4
76012979185341,10.175317,50339.0,10.0,-0.2466243,-0.07058273999999999,-0.96653388,0.9999966048563624,0.0,0.0,0.0,-2.4124358999999997,0.6962721499999999,9.483030549999999,-0.6465,-0.1175,0.0541,-0.7518,4.176705237321635,-14.277845148024644,98.08374934433456,30.4
76012989181744,9.996403,50349.0,10.0,-0.2466243,-0.07058273999999999,-0.96653388,0.9999966048563624,0.0,0.0,0.0,-2.4124358999999997,0.6864655000000001,9.473223899999999,-0.6465,-0.1175,0.0541,-0.7518,4.176705237321635,-14.277845148024644,98.08374934433456,30.4
76012999170886,9.989142,50359.0,10.0,-0.2466243,-0.07058273999999999,-0.96653388,0.9999966048563624,0.0,0.0,0.0,-2.4124358999999997,0.6864655000000001,9.473223899999999,-0.6465,-0.1175,0.0541,-0.7518,4.176705237321635,-14.277845148024644,98.08374934433456,30.4
76013009073869,9.902983,50369.0,10.0,-0.2466243,-0.07058273999999999,-0.96653388,0.9999966048563624,0.0,0.0,0.0,-2.42224255,0.6864655000000001,9.473223899999999,-0.6465,-0.1175,0.0541,-0.7518,4.176705237321635,-14.277845148024644,98.08374934433456,30.4
76013019045753,9.971884,50379.0,10.0,-0.2466243,-0.07058273999999999,-0.96653388,0.9999966048563624,0.0,0.0,0.0,-2.4124358999999997,0.6864655000000001,9.483030549999999,-0.6465,-0.1175,0.0541,-0.7518,4.176705237321635,-14.277845148024644,98.08374934433456,30.4
76013029011698,9.965945,50389.0,10.0,-0.2466243,-0.07058273999999999,-0.96653388,0.9999966048563624,0.0,0.0,0.0,-2.42224255,0.6864655000000001,9.473223899999999,-0.6465,-0.1175,0.0541,-0.7518,4.176705237321635,-14.277845148024644,98.08374934433456,30.4
76013039029959,10.018261,50399.0,10.0,-0.2466243,-0.07058273999999999,-0.96653388,0.9999966048563624,0.0,0.0,0.0,-2.4124358999999997,0.6864655000000001,9.473223899999999,-0.6465,-0.1175,0.0541,-0.7518,4.176705237321635,-14.277845148024644,98.08374934433456,30.4
76013049030000,10.000041,50409.0,10.0,-0.2466243,-0.07058273999999999,-0.96653388,0.9999966048563624,0.0,0.0,0.0,-2.4124358999999997,0.6962721499999999,9.483030549999999,-0.6465,-0.1175,0.0541,-0.7518,4.176705237321635,-14.277845148024644,98.08374934433456,30.4
76013059009682,9.979682,50419.0,10.0,-0.2466243,-0.07058273999999999,-0.96653388,0.9999966048563624,0.0,0.0,0.0,-2.4320492,0.6962721499999999,9.483030549999999,-0.6465,-0.1175,0.0541,-0.7518,4.176705237321635,-14.277845148024644,98.08374934433456,30.4
76013069043418,10.033736,50429.0,10.0,-0.2466243,-0.07058273999999999,-0.96653388,0.9999966048563624,0.0,0.0,0.0,-2.42224255,0.6864655000000001,9.483030549999999,-0.6465,-0.1175,0.0541,-0.7518,4.176705237321635,-14.277845148024644,98.08374934433456,30.4
76013079021306,9.977888,50439.0,10.0,-0.2466243,-0.07058273999999999,-0.96653388,0.9999966048563624,0.0,0.0,0.0,-2.4124358999999997,0.6962721499999999,9.492837199999999,-0.6465,-0.1175,0.0541,-0.7518,4.176705237321635,-14.277845148024644,98.08374934433456,30.4
76013089068570,10.047264,50449.0,10.0,-0.2466243,-0.07058273999999999,-0.96653388,0.9999966048563624,0.0,0.0,0.0,-2.4124358999999997,0.6962721499999999,9.492837199999999,-0.6465,-0.1175,0.0541,-0.7518,4.176705237321635,-14.277845148024644,98.08374934433456,30.4
76013099064526,9.995956,50459.0,10.0,-0.2466243,-0.07058273999999999,-0.96653388,0.9999966048563624,0.0,0.0,0.0,-2.4124358999999997,0.6962721499999999,9.473223899999999,-0.6465,-0.1175,0.0541,-0.7518,4.176705237321635,-14.277845148024644,98.08374934433456,30.4
76013109027632,9.963106,50469.0,10.0,-0.2466243,-0.07058273999999999,-0.96653388,0.9999966048563624,0.0,0.0,0.0,-2.4320492,0.6962721499999999,9.483030549999999,-0.6465,-0.1175,0.0541,-0.7518,4.176705237321635,-14.277845148024644,98.08374934433456,30.4
76013119125269,10.097637,50479.0,10.0,-0.2466243,-0.07058273999999999,-0.96653388,0.9999966048563624,0.0,0.0,0.0,-2.42224255,0.6962721499999999,9.483030549999999,-0.6465,-0.1175,0.0541,-0.7518,4.176705237321635,-14.277845148024644,98.08374934433456,30.4
76013129060430,9.935161,50489.0,10.0,-0.2466243,-0.07058273999999999,-0.96653388,0.9999966048563624,0.0,0.0,0.0,-2.42224255,0.6962721499999999,9.483030549999999,-0.6465,-0.1175,0.0541,-0.7518,4.176705237321635,-14.277845148024644,98.08374934433456,30.4
76013139108442,10.048012,50499.0,10.0,-0.2466243,-0.07058273999999999,-0.96653388,0.9999966048563624,0.0,0.0,0.0,-2.42224255,0.6962721499999999,9.483030549999999,-0.6465,-0.1175,0.0541,-0.7518,4.176705237321635,-14.277845148024644,98.08374934433456,30.4
76013149102984,9.994542,50509.0,10.0,-0.2466243,-0.07058273999999999,-0.96653388,0.9999966048563624,0.0,0.0,0.0,-2.4124358999999997,0.6962721499999999,9.473223899999999,-0.6465,-0.1175,0.0541,-0.7518,4.176705237321635,-14.277845148024644,98.08374934433456,30.4
76013159060915,9.957931,50519.0,10.0,-0.2466243,-0.07058273999999999,-0.96653388,0.9999966048563624,0.0,0.0,0.0,-2.4124358999999997,0.6962721499999999,9.473223899999999,-0.6465,-0.1175,0.0541,-0.7518,4.176705237321635,-14.277845148024644,98.08374934433456,30.4
76013169042716,9.981801,50529.0,10.0,-0.2466243,-0.07058273999999999,-0.96653388,0.9999966048563624,0.0,0.0,0.0,-2.42224255,0.6962721499999999,9.483030549999999,-0.6465,-0.1175,0.0541,-0.7518,4.176705237321635,-14.277845148024644,98.08374934433456,30.4
76013179128571,10.085855,50539.0,10.0,-0.2466243,-0.07058273999999999,-0.96653388,0.9999966048563624,0.0,0.0,0.0,-2.42224255,0.6864655000000001,9.473223899999999,-0.6465,-0.1175,0.0541,-0.7518,4.176705237321635,-14.277845148024644,98.08374934433456,30.4
76013189082938,9.954367,50549.0,10.0,-0.2466243,-0.07058273999999999,-0.96653388,0.9999966048563624,0.0,0.0,0.0,-2.4124358999999997,0.6962721499999999,9.473223899999999,-0.6465,-0.1175,0.0541,-0.7518,4.176705237321635,-14.277845148024644,98.08374934433456,30.4
76013199068136,9.985198,50559.0,10.0,-0.2466243,-0.07058273999999999,-0.96653388,0.9999966048563624,0.0,0.0,0.0,-2.42224255,0.6864655000000001,9.483030549999999,-0.6465,-0.1175,0.0541,-0.7518,4.176705237321635,-14.277845148024644,98.08374934433456,30.4
76013209095860,10.027724,50569.0,10.0,-0.2466243,-0.07058273999999999,-0.96653388,0.9999966048563624,0.0,0.0,0.0,-2.4320492,0.6962721499999999,9.473223899999999,-0.6465,-0.1175,0.0541,-0.7518,4.176705237321635,-14.277845148024644,98.08374934433456,30.4
76013219126724,10.030864,50579.0,10.0,-0.2466243,-0.07058273999999999,-0.96653388,0.9999966048563624,0.0,0.0,0.0,-2.4124358999999997,0.6864655000000001,9.483030549999999,-0.6465,-0.1175,0.0541,-0.7518,4.176705237321635,-14.277845148024644,98.08374934433456,30.4
76013229071885,9.945161,50589.0,10.0,-0.2466243,-0.07058273999999999,-0.96653388,0.9999966048563624,0.0,0.0,0.0,-2.42224255,0.6864655000000001,9.483030549999999,-0.6465,-0.1175,0.0541,-0.7518,4.176705237321635,-14.277845148024644,98.08374934433456,30.4
76013239030537,9.958652,50599.0,10.0,-0.2466243,-0.07058273999999999,-0.96653388,0.9999966048563624,0.0,0.0,0.0,-2.42224255,0.6962721499999999,9.473223899999999,-0.6465,-0.1175,0.0541,-0.7518,4.176705237321635,-14.277845148024644,98.08374934433456,30.4
76013249048357,10.01782,50609.0,10.0,-0.2466243,-0.07058273999999999,-0.96653388,0.9999966048563624,0.0,0.0,0.0,-2.4320492,0.6962721499999999,9.483030549999999,-0.6465,-0.1175,0.0541,-0.7518,4.176705237321635,-14.277845148024644,98.08374934433456,30.4
76013259088340,10.039983,50619.0,10.0,-0.2466243,-0.07058273999999999,-0.96653388,0.9999966048563624,0.0,0.0,0.0,-2.4124358999999997,0.6962721499999999,9.46341725,-0.6465,-0.1175,0.0541,-0.7518,4.176705237321635,-14.277845148024644,98.08374934433456,30.4
76013269078274,9.989934,50629.0,10.0,-0.2466243,-0.07058273999999999,-0.96653388,0.9999966048563624,0.0,0.0,0.0,-2.42224255,0.6864655000000001,9.483030549999999,-0.6465,-0.1175,0.0541,-0.7518,4.176705237321635,-14.277845148024644,98.08374934433456,30.4
76013279042312,9.964038,50639.0,10.0,-0.2466243,-0.07058273999999999,-0.96653388,0.9999966048563624,0.0,0.0,0.0,-2.42224255,0.6864655000000001,9.473223899999999,-0.6465,-0.1175,0.0541,-0.7518,4.176705237321635,-14.277845148024644,98.08374934433456,30.4
76013289038392,9.99608,50649.0,10.0,-0.2466243,-0.07058273999999999,-0.96653388,0.9999966048563624,0.0,0.0,0.0,-2.4320492,0.6864655000000001,9.483030549999999,-0.6465,-0.1175,0.0541,-0.7518,4.176705237321635,-14.277845148024644,98.08374934433456,30.4
76013299057146,10.018754,50659.0,10.0,-0.2466243,-0.07058273999999999,-0.96653388,0.9999966048563624,0.0,0.0,0.0,-2.42224255,0.6962721499999999,9.492837199999999,-0.6465,-0.1175,0.0541,-0.7518,4.176705237321635,-14.277845148024644,98.08374934433456,30.4
76013309026535,9.969389,50669.0,10.0,-0.2466243,-0.07058273999999999,-0.96653388,0.9999966048563624,0.0,0.0,0.0,-2.4124358999999997,0.7060787999999999,9.483030549999999,-0.6465,-0.1175,0.0541,-0.7518,4.176705237321635,-14.277845148024644,98.08374934433456,30.4
76013319233297,10.206762,50679.0,10.0,-0.2466243,-0.07058273999999999,-0.96653388,0.9999966048563624,0.0,0.0,0.0,-2.4124358999999997,0.6962721499999999,9.483030549999999,-0.6465,-0.1175,0.0541,-0.7518,4.176705237321635,-14.277845148024644,98.08374934433456,30.4
76013329111114,9.877817,50689.0,10.0,-0.2466243,-0.07058273999999999,-0.96653388,0.9999966048563624,0.0,0.0,0.0,-2.4124358999999997,0.7060787999999999,9.46341725,-0.6465,-0.1175,0.0541,-0.7518,4.176705237321635,-14.277845148024644,98.08374934433456,30.4
76013339117029,10.005915,50699.0,10.0,-0.2466243,-0.07058273999999999,-0.96653388,0.9999966048563624,0.0,0.0,0.0,-2.4320492,0.6864655000000001,9.483030549999999,-0.6465,-0.1175,0.0541,-0.7518,4.176705237321635,-14.277845148024644,98.08374934433456,30.4
76013349075599,9.95857,50709.0,10.0,-0.2466243,-0.07058273999999999,-0.96653388,0.9999966048563624,0.0,0.0,0.0,-2.4124358999999997,0.6962721499999999,9.483030549999999,-0.6465,-0.1175,0.0541,-0.7518,4.176705237321635,-14.277845148024644,98.08374934433456,30.4
76013359027249,9.95165,50719.0,10.0,-0.2466243,-0.07058273999999999,-0.96653388,0.9999966048563624,0.0,0.0,0.0,-2.4124358999999997,0.6962721499999999,9.483030549999999,-0.6465,-0.1175,0.0541,-0.7518,4.176705237321635,-14.277845148024644,98.08374934433456,30.4
76013369073683,10.046434,50729.0,10.0,-0.2466243,-0.07058273999999999,-0.96653388,0.9999966048563624,0.0,0.0,0.0,-2.42224255,0.6864655000000001,9.473223899999999,-0.6465,-0.1175,0.0541,-0.7518,4.176705237321635,-14.277845148024644,98.08374934433456,30.4
76013379038202,9.964519,50739.0,10.0,-0.2466243,-0.07058273999999999,-0.96653388,0.9999966048563624,0.0,0.0,0.0,-2.40262925,0.6962721499999999,9.473223899999999,-0.6465,-0.1175,0.0541,-0.7518,4.176705237321635,-14.277845148024644,98.08374934433456,30.4
76013389064922,10.02672,50749.0,10.0,-0.2466243,-0.07058273999999999,-0.96653388,0.9999966048563624,0.0,0.0,0.0,-2.4320492,0.6962721499999999,9.473223899999999,-0.6465,-0.1175,0.0541,-0.7518,4.176705237321635,-14.277845148024644,98.08374934433456,30.4
76013399182233,10.117311,50759.0,10.0,-0.2466243,-0.07058273999999999,-0.96653388,0.9999966048563624,0.0,0.0,0.0,-2.4320492,0.6864655000000001,9.483030549999999,-0.6465,-0.1175,0.0541,-0.7518,4.176705237321635,-14.277845148024644,98.08374934433456,30.4
76013409165512,9.983279,50769.0,10.0,-0.2466243,-0.07058273999999999,-0.96653388,0.9999966048563624,0.0,0.0,0.0,-2.4320492,0.6962721499999999,9.483030549999999,-0.6465,-0.1175,0.0541,-0.7518,4.176705237321635,-14.277845148024644,98.08374934433456,30.4
76013419107145,9.941633,50779.0,10.0,-0.2466243,-0.07058273999999999,-0.96653388,0.9999966048563624,0.0,0.0,0.0,-2.4124358999999997,0.6962721499999999,9.492837199999999,-0.6465,-0.1175,0.0541,-0.7518,4.176705237321635,-14.277845148024644,98.08374934433456,30.4
76013429093126,9.985981,50789.0,10.0,-0.2466243,-0.07058273999999999,-0.96653388,0.9999966048563624,0.0,0.0,0.0,-2.4124358999999997,0.6864655000000001,9.483030549999999,-0.6465,-0.1175,0.0541,-0.7518,4.176705237321635,-14.277845148024644,98.08374934433456,30.4
76013439158060,10.064934,50799.0,10.0,-0.2466243,-0.07058273999999999,-0.96653388,0.9999966048563624,0.0,0.0,0.0,-2.42224255,0.6962721499999999,9.492837199999999,-0.6465,-0.1175,0.0541,-0.7518,4.176705237321635,-14.277845148024644,98.08374934433456,30.4
76013449140384,9.982324,50809.0,10.0,-0.2466243,-0.07058273999999999,-0.96653388,0.9999966048563624,0.0,0.0,0.0,-2.42224255,0.6962721499999999,9.483030549999999,-0.6465,-0.1175,0.0541,-0.7518,4.176705237321635,-14.277845148024644,98.08374934433456,30.4
76013459082266,9.941882,50819.0,10.0,-0.2466243,-0.07058273999999999,-0.96653388,0.9999966048563624,0.0,0.0,0.0,-2.42224255,0.6864655000000001,9.483030549999999,-0.6465,-0.1175,0.0541,-0.7518,4.176705237321635,-14.277845148024644,98.08374934433456,30.4
76013469043589,9.961323,50829.0,10.0,-0.2466243,-0.07058273999999999,-0.96653388,0.9999966048563624,0.0,0.0,0.0,-2.42224255,0.6962721499999999,9.483030549999999,-0.6465,-0.1175,0.0541,-0.7518,4.176705237321635,-14.277845148024644,98.08374934433456,30.4
76013479045497,10.001908,50839.0,10.0,-0.2466243,-0.07058273999999999,-0.96653388,0.9999966048563624,0.0,0.0,0.0,-2.42224255,0.67665885,9.473223899999999,-0.6465,-0.1175,0.0541,-0.7518,4.176705237321635,-14.277845148024644,98.08374934433456,30.4
76013489049252,10.003755,50849.0,10.0,-0.2466243,-0.07058273999999999,-0.96653388,0.9999966048563624,0.0,0.0,0.0,-2.42224255,0.6962721499999999,9.473223899999999,-0.6465,-0.1175,0.0541,-0.7518,4.176705237321635,-14.277845148024644,98.08374934433456,30.4
76013499099340,10.050088,50859.0,10.0,-0.2466243,-0.07058273999999999,-0.96653388,0.9999966048563624,0.0,0.0,0.0,-2.4124358999999997,0.7060787999999999,9.483030549999999,-0.6465,-0.1175,0.0541,-0.7518,4.176705237321635,-14.277845148024644,98.08374934433456,30.4
76013509119635,10.020295,50869.0,10.0,-0.2466243,-0.07058273999999999,-0.96653388,0.9999966048563624,0.0,0.0,0.0,-2.42224255,0.6962721499999999,9.483030549999999,-0.6465,-0.1175,0.0541,-0.7518,4.176705237321635,-14.277845148024644,98.08374934433456,30.4
76013519097080,9.977445,50879.0,10.0,-0.2466243,-0.07058273999999999,-0.96653388,0.9999966048563624,0.0,0.0,0.0,-2.4320492,0.6962721499999999,9.483030549999999,-0.6465,-0.1175,0.0541,-0.7518,4.176705237321635,-14.277845148024644,98.08374934433456,30.4
76013529121208,10.024128,50889.0,10.0,-0.2466243,-0.07058273999999999,-0.96653388,0.9999966048563624,0.0,0.0,0.0,-2.42224255,0.67665885,9.473223899999999,-0.6465,-0.1175,0.0541,-0.7518,4.176705237321635,-14.277845148024644,98.08374934433456,30.4
76013539117217,9.996009,50899.0,10.0,-0.2466243,-0.07058273999999999,-0.96653388,0.9999966048563624,0.0,0.0,0.0,-2.42224255,0.6864655000000001,9.473223899999999,-0.6465,-0.1175,0.0541,-0.7518,4.176705237321635,-14.277845148024644,98.08374934433456,30.4
76013549116386,9.999169,50909.0,10.0,-0.2466243,-0.07058273999999999,-0.96653388,0.9999966048563624,0.0,0.0,0.0,-2.42224255,0.6962721499999999,9.473223899999999,-0.6465,-0.1175,0.0541,-0.7518,4.176705237321635,-14.277845148024644,98.08374934433456,30.4
76013559107217,9.990831,50919.0,10.0,-0.2466243,-0.07058273999999999,-0.96653388,0.9999966048563624,0.0,0.0,0.0,-2.42224255,0.6864655000000001,9.483030549999999,-0.6465,-0.1175,0.0541,-0.7518,4.176705237321635,-14.277845148024644,98.08374934433456,30.4
76013569114175,10.006958,50929.0,10.0,-0.2466243,-0.07058273999999999,-0.96653388,0.9999966048563624,0.0,0.0,0.0,-2.4124358999999997,0.6864655000000001,9.473223899999999,-0.6465,-0.1175,0.0541,-0.7518,4.176705237321635,-14.277845148024644,98.08374934433456,30.4
76013579104130,9.989955,50939.0,10.0,-0.2466243,-0.07058273999999999,-0.96653388,0.9999966048563624,0.0,0.0,0.0,-2.42224255,0.6864655000000001,9.483030549999999,-0.6465,-0.1175,0.0541,-0.7518,4.176705237321635,-14.277845148024644,98.08374934433456,30.4
76013589077174,9.973044,50949.0,10.0,-0.2466243,-0.07058273999999999,-0.96653388,0.9999966048563624,0.0,0.0,0.0,-2.4320492,0.6864655000000001,9.473223899999999,-0.6465,-0.1175,0.0541,-0.7518,4.176705237321635,-14.277845148024644,98.08374934433456,30.4
76013599083843,10.006669,50959.0,10.0,-0.2466243,-0.07058273999999999,-0.96653388,0.9999966048563624,0.0,0.0,0.0,-2.42224255,0.6962721499999999,9.473223899999999,-0.6465,-0.1175,0.0541,-0.7518,4.176705237321635,-14.277845148024644,98.08374934433456,30.4
76013609113684,10.029841,50969.0,10.0,-0.2466243,-0.07058273999999999,-0.96653388,0.9999966048563624,0.0,0.0,0.0,-2.42224255,0.6864655000000001,9.473223899999999,-0.6465,-0.1175,0.0541,-0.7518,4.176705237321635,-14.277845148024644,98.08374934433456,30.4
76013619050462,9.936778,50979.0,10.0,-0.2466243,-0.07058273999999999,-0.96653388,0.9999966048563624,0.0,0.0,0.0,-2.4124358999999997,0.6962721499999999,9.46341725,-0.6465,-0.1175,0.0541,-0.7518,4.176705237321635,-14.277845148024644,98.08374934433456,30.4
76013629026098,9.975636,50989.0,10.0,-0.2466243,-0.07058273999999999,-0.96653388,0.9999966048563624,0.0,0.0,0.0,-2.4124358999999997,0.6962721499999999,9.473223899999999,-0.6465,-0.1175,0.0541,-0.7518,4.176705237321635,-14.277845148024644,98.08374934433456,30.4
76013639090735,10.064637,50999.0,10.0,-0.2466243,-0.07058273999999999,-0.96653388,0.9999966048563624,0.0,0.0,0.0,-2.4320492,0.6962721499999999,9.492837199999999,-0.6465,-0.1175,0.0541,-0.7518,4.176705237321635,-14.277845148024644,98.08374934433456,30.4
76013649049572,9.958837,51009.0,10.0,-0.2466243,-0.07058273999999999,-0.96653388,0.9999966048563624,0.0,0.0,0.0,-2.4124358999999997,0.6962721499999999,9.492837199999999,-0.6465,-0.1175,0.0541,-0.7518,4.176705237321635,-14.277845148024644,98.08374934433456,30.4
76013659067779,10.018207,51019.0,10.0,-0.2466243,-0.07058273999999999,-0.96653388,0.9999966048563624,0.0,0.0,0.0,-2.4124358999999997,0.6962721499999999,9.473223899999999,-0.6465,-0.1175,0.0541,-0.7518,4.176705237321635,-14.277845148024644,98.08374934433456,30.4
76013669034749,9.96697,51029.0,10.0,-0.2466243,-0.07058273999999999,-0.96653388,0.9999966048563624,0.0,0.0,0.0,-2.4124358999999997,0.6864655000000001,9.473223899999999,-0.6465,-0.1175,0.0541,-0.7518,4.176705237321635,-14.277845148024644,98.08374934433456,30.4
76013679022829,9.98808,51039.0,10.0,-0.2466243,-0.07058273999999999,-0.96653388,0.9999966048563624,0.0,0.0,0.0,-2.4124358999999997,0.6864655000000001,9.473223899999999,-0.6465,-0.1175,0.0541,-0.7518,4.176705237321635,-14.277845148024644,98.08374934433456,30.4
76013689011706,9.988877,51049.0,10.0,-0.2466243,-0.07058273999999999,-0.96653388,0.9999966048563624,0.0,0.0,0.0,-2.4124358999999997,0.6864655000000001,9.483030549999999,-0.6465,-0.1175,0.0541,-0.7518,4.176705237321635,-14.277845148024644,98.08374934433456,30.4
76013699020246,10.00854,51059.0,10.0,-0.2466243,-0.07058273999999999,-0.96653388,0.9999966048563624,0.0,0.0,0.0,-2.4124358999999997,0.6864655000000001,9.473223899999999,-0.6465,-0.1175,0.0541,-0.7518,4.176705237321635,-14.277845148024644,98.08374934433456,30.4
76013709060040,10.039794,51069.0,10.0,-0.2466243,-0.07058273999999999,-0.96653388,0.9999966048563624,0.0,0.0,0.0,-2.42224255,0.6864655000000001,9.483030549999999,-0.6465,-0.1175,0.0541,-0.7518,4.176705237321635,-14.277845148024644,98.08374934433456,30.4
76013719049996,9.989956,51079.0,10.0,-0.2466243,-0.07058273999999999,-0.96653388,0.9999966048563624,0.0,0.0,0.0,-2.4124358999999997,0.6864655000000001,9.473223899999999,-0.6465,-0.1175,0.0541,-0.7518,4.176705237321635,-14.277845148024644,98.08374934433456,30.4
76013729071987,10.021991,51089.0,10.0,-0.2466243,-0.07058273999999999,-0.96653388,0.9999966048563624,0.0,0.0,0.0,-2.42224255,0.6864655000000001,9.473223899999999,-0.6465,-0.1175,0.0541,-0.7518,4.176705237321635,-14.277845148024644,98.08374934433456,30.4
76013739137102,10.065115,51099.0,10.0,-0.2466243,-0.07058273999999999,-0.96653388,0.9999966048563624,0.0,0.0,0.0,-2.40262925,0.6864655000000001,9.483030549999999,-0.6465,-0.1175,0.0541,-0.7518,4.176705237321635,-14.277845148024644,98.08374934433456,30.4
76013749162145,10.025043,51109.0,10.0,-0.2466243,-0.07058273999999999,-0.96653388,0.9999966048563624,0.0,0.0,0.0,-2.4320492,0.6864655000000001,9.483030549999999,-0.6465,-0.1175,0.0541,-0.7518,4.176705237321635,-14.277845148024644,98.08374934433456,30.4
76013759144013,9.981868,51119.0,10.0,-0.2466243,-0.07058273999999999,-0.96653388,0.9999966048563624,0.0,0.0,0.0,-2.42224255,0.6962721499999999,9.483030549999999,-0.6465,-0.1175,0.0541,-0.7518,4.176705237321635,-14.277845148024644,98.08374934433456,30.4
76013769121136,9.977123,51129.0,10.0,-0.2466243,-0.07058273999999999,-0.96653388,0.9999966048563624,0.0,0.0,0.0,-2.42224255,0.6962721499999999,9.492837199999999,-0.6465,-0.1175,0.0541,-0.7518,4.176705237321635,-14.277845148024644,98.08374934433456,30.4
76013779123111,10.001975,51139.0,10.0,-0.2466243,-0.07058273999999999,-0.96653388,0.9999966048563624,0.0,0.0,0.0,-2.4124358999999997,0.6962721499999999,9.46341725,-0.6465,-0.1175,0.0541,-0.7518,4.176705237321635,-14.277845148024644,98.08374934433456,30.4
76013789069340,9.946229,51149.0,10.0,-0.2466243,-0.07058273999999999,-0.96653388,0.9999966048563624,0.0,0.0,0.0,-2.42224255,0.6962721499999999,9.46341725,-0.6465,-0.1175,0.0541,-0.7518,4.176705237321635,-14.277845148024644,98.08374934433456,30.4
76013799086581,10.017241,51159.0,10.0,-0.2466243,-0.07058273999999999,-0.96653388,0.9999966048563624,0.0,0.0,0.0,-2.42224255,0.6962721499999999,9.483030549999999,-0.6465,-0.1175,0.0541,-0.7518,4.176705237321635,-14.277845148024644,98.08374934433456,30.4
76013809111318,10.024737,51169.0,10.0,-0.2466243,-0.07058273999999999,-0.96653388,0.9999966048563624,0.0,0.0,0.0,-2.42224255,0.6962721499999999,9.492837199999999,-0.6465,-0.1175,0.0541,-0.7518,4.176705237321635,-14.277845148024644,98.08374934433456,30.4
76013819086573,9.975255,51179.0,10.0,-0.2466243,-0.07058273999999999,-0.96653388,0.9999966048563624,0.0,0.0,0.0,-2.42224255,0.6962721499999999,9.473223899999999,-0.6465,-0.1175,0.0541,-0.7518,4.176705237321635,-14.277845148024644,98.08374934433456,30.4
76013829014264,9.927691,51189.0,10.0,-0.2466243,-0.07058273999999999,-0.96653388,0.9999966048563624,0.0,0.0,0.0,-2.42224255,0.6864655000000001,9.483030549999999,-0.6465,-0.1175,0.0541,-0.7518,4.176705237321635,-14.277845148024644,98.08374934433456,30.4
76013838982559,9.968295,51199.0,10.0,-0.2466243,-0.07058273999999999,-0.96653388,0.9999966048563624,0.0,0.0,0.0,-2.4124358999999997,0.6864655000000001,9.483030549999999,-0.6465,-0.1175,0.0541,-0.7518,4.176705237321635,-14.277845148024644,98.08374934433456,30.4
76013849028404,10.045845,51209.0,10.0,-0.2466243,-0.07058273999999999,-0.96653388,0.9999966048563624,0.0,0.0,0.0,-2.42224255,0.67665885,9.483030549999999,-0.6465,-0.1175,0.0541,-0.7518,4.176705237321635,-14.277845148024644,98.08374934433456,30.4
76013859019111,9.990707,51219.0,10.0,-0.2466243,-0.07058273999999999,-0.96653388,0.9999966048563624,0.0,0.0,0.0,-2.4124358999999997,0.6962721499999999,9.483030549999999,-0.6465,-0.1175,0.0541,-0.7518,4.176705237321635,-14.277845148024644,98.08374934433456,30.4
76013868987494,9.968383,51229.0,10.0,-0.2466243,-0.07058273999999999,-0.96653388,0.9999966048563624,0.0,0.0,0.0,-2.4124358999999997,0.6962721499999999,9.473223899999999,-0.6465,-0.1175,0.0541,-0.7518,4.176705237321635,-14.277845148024644,98.08374934433456,30.4
76013879032435,10.044941,51239.0,10.0,-0.2466243,-0.07058273999999999,-0.96653388,0.9999966048563624,0.0,0.0,0.0,-2.4320492,0.6864655000000001,9.483030549999999,-0.6465,-0.1175,0.0541,-0.7518,4.176705237321635,-14.277845148024644,98.08374934433456,30.4
76013889015216,9.982781,51249.0,10.0,-0.2466243,-0.07058273999999999,-0.96653388,0.9999966048563624,0.0,0.0,0.0,-2.4320492,0.6962721499999999,9.492837199999999,-0.6465,-0.1175,0.0541,-0.7518,4.176705237321635,-14.277845148024644,98.08374934433456,30.4
76013898995812,9.980596,51259.0,10.0,-0.2466243,-0.07058273999999999,-0.96653388,0.9999966048563624,0.0,0.0,0.0,-2.4124358999999997,0.6864655000000001,9.473223899999999,-0.6465,-0.1175,0.0541,-0.7518,4.176705237321635,-14.277845148024644,98.08374934433456,30.4
76013909015876,10.020064,51269.0,10.0,-0.2466243,-0.07058273999999999,-0.96653388,0.9999966048563624,0.0,0.0,0.0,-2.4124358999999997,0.6962721499999999,9.483030549999999,-0.6465,-0.1175,0.0541,-0.7518,4.176705237321635,-14.277845148024644,98.08374934433456,30.4
76013919021310,10.005434,51279.0,10.0,-0.2466243,-0.07058273999999999,-0.96653388,0.9999966048563624,0.0,0.0,0.0,-2.40262925,0.6962721499999999,9.483030549999999,-0.6465,-0.1175,0.0541,-0.7518,4.176705237321635,-14.277845148024644,98.08374934433456,30.4
76013929068772,10.047462,51289.0,10.0,-0.2466243,-0.07058273999999999,-0.96653388,0.9999966048563624,0.0,0.0,0.0,-2.4124358999999997,0.6864655000000001,9.473223899999999,-0.6465,-0.1175,0.0541,-0.7518,4.176705237321635,-14.277845148024644,98.08374934433456,30.4
76013939070155,10.001383,51299.0,10.0,-0.2466243,-0.07058273999999999,-0.96653388,0.9999966048563624,0.0,0.0,0.0,-2.42224255,0.6962721499999999,9.483030549999999,-0.6465,-0.1175,0.0541,-0.7518,4.176705237321635,-14.277845148024644,98.08374934433456,30.4
76013949107635,10.03748,51309.0,10.0,-0.2466243,-0.07058273999999999,-0.96653388,0.9999966048563624,0.0,0.0,0.0,-2.44185585,0.6864655000000001,9.483030549999999,-0.6465,-0.1175,0.0541,-0.7518,4.176705237321635,-14.277845148024644,98.08374934433456,30.4
76013959116370,10.008735,51319.0,10.0,-0.2466243,-0.07058273999999999,-0.96653388,0.9999966048563624,0.0,0.0,0.0,-2.4124358999999997,0.6864655000000001,9.473223899999999,-0.6465,-0.1175,0.0541,-0.7518,4.176705237321635,-14.277845148024644,98.08374934433456,30.4
76013969086579,9.970209,51329.0,10.0,-0.2466243,-0.07058273999999999,-0.96653388,0.9999966048563624,0.0,0.0,0.0,-2.4124358999999997,0.6864655000000001,9.473223899999999,-0.6465,-0.1175,0.0541,-0.7518,4.176705237321635,-14.277845148024644,98.08374934433456,30.4
76013979114993,10.028414,51339.0,10.0,-0.2466243,-0.07058273999999999,-0.96653388,0.9999966048563624,0.0,0.0,0.0,-2.42224255,0.6962721499999999,9.483030549999999,-0.6465,-0.1175,0.0541,-0.7518,4.176705237321635,-14.277845148024644,98.08374934433456,30.4
76013989095082,9.980089,51349.0,10.0,-0.2466243,-0.07058273999999999,-0.96653388,0.9999966048563624,0.0,0.0,0.0,-2.42224255,0.6962721499999999,9.473223899999999,-0.6465,-0.1175,0.0541,-0.7518,4.176705237321635,-14.277845148024644,98.08374934433456,30.4
76013999088363,9.993281,51359.0,10.0,-0.2466243,-0.07058273999999999,-0.96653388,0.9999966048563624,0.0,0.0,0.0,-2.4124358999999997,0.6962721499999999,9.473223899999999,-0.6465,-0.1175,0.0541,-0.7518,4.176705237321635,-14.277845148024644,98.08374934433456,30.4
76014009097319,10.008956,51369.0,10.0,-0.2466243,-0.07058273999999999,-0.96653388,0.9999966048563624,0.0,0.0,0.0,-2.4124358999999997,0.6962721499999999,9.483030549999999,-0.6465,-0.1175,0.0541,-0.7518,4.176705237321635,-14.277845148024644,98.08374934433456,30.4
76014019099376,10.002057,51379.0,10.0,-0.2466243,-0.07058273999999999,-0.96653388,0.9999966048563624,0.0,0.0,0.0,-2.42224255,0.6864655000000001,9.483030549999999,-0.6465,-0.1175,0.0541,-0.7518,4.176705237321635,-14.277845148024644,98.08374934433456,30.4
76014029025330,9.925954,51389.0,10.0,-0.2466243,-0.07058273999999999,-0.96653388,0.9999966048563624,0.0,0.0,0.0,-2.42224255,0.6864655000000001,9.473223899999999,-0.6465,-0.1175,0.0541,-0.7518,4.176705237321635,-14.277845148024644,98.08374934433456,30.4
76014039011260,9.98593,51399.0,10.0,-0.2466243,-0.07058273999999999,-0.96653388,0.9999966048563624,0.0,0.0,0.0,-2.42224255,0.6864655000000001,9.492837199999999,-0.6465,-0.1175,0.0541,-0.7518,4.176705237321635,-14.277845148024644,98.08374934433456,30.4
76014048993302,9.982042,51409.0,10.0,-0.2466243,-0.07058273999999999,-0.96653388,0.9999966048563624,0.0,0.0,0.0,-2.4124358999999997,0.7060787999999999,9.473223899999999,-0.6465,-0.1175,0.0541,-0.7518,4.176705237321635,-14.277845148024644,98.08374934433456,30.4
76014059011734,10.018432,51419.0,10.0,-0.2466243,-0.07058273999999999,-0.96653388,0.9999966048563624,0.0,0.0,0.0,-2.4124358999999997,0.6962721499999999,9.483030549999999,-0.6465,-0.1175,0.0541,-0.7518,4.176705237321635,-14.277845148024644,98.08374934433456,30.4
76014068988468,9.976734,51429.0,10.0,-0.2466243,-0.07058273999999999,-0.96653388,0.9999966048563624,0.0,0.0,0.0,-2.4124358999999997,0.6962721499999999,9.483030549999999,-0.6465,-0.1175,0.0541,-0.7518,4.176705237321635,-14.277845148024644,98.08374934433456,30.4
76014079007683,10.019215,51439.0,10.0,-0.2466243,-0.07058273999999999,-0.96653388,0.9999966048563624,0.0,0.0,0.0,-2.42224255,0.6962721499999999,9.473223899999999,-0.6465,-0.1175,0.0541,-0.7518,4.176705237321635,-14.277845148024644,98.08374934433456,30.4
76014089017882,10.010199,51449.0,10.0,-0.2466243,-0.07058273999999999,-0.96653388,0.9999966048563624,0.0,0.0,0.0,-2.42224255,0.67665885,9.473223899999999,-0.6465,-0.1175,0.0541,-0.7518,4.176705237321635,-14.277845148024644,98.08374934433456,30.4
76014099010667,9.992785,51459.0,10.0,-0.2466243,-0.07058273999999999,-0.96653388,0.9999966048563624,0.0,0.0,0.0,-2.42224255,0.6864655000000001,9.483030549999999,-0.6465,-0.1175,0.0541,-0.7518,4.176705237321635,-14.277845148024644,98.08374934433456,30.4
76014109011891,10.001224,51469.0,10.0,-0.2466243,-0.07058273999999999,-0.96653388,0.9999966048563624,0.0,0.0,0.0,-2.42224255,0.6864655000000001,9.473223899999999,-0.6465,-0.1175,0.0541,-0.7518,4.176705237321635,-14.277845148024644,98.08374934433456,30.4
76014119017690,10.005799,51479.0,10.0,-0.2466243,-0.07058273999999999,-0.96653388,0.9999966048563624,0.0,0.0,0.0,-2.42224255,0.6962721499999999,9.473223899999999,-0.6465,-0.1175,0.0541,-0.7518,4.176705237321635,-14.277845148024644,98.08374934433456,30.4
76014129116857,10.099167,51489.0,10.0,-0.2466243,-0.07058273999999999,-0.96653388,0.9999966048563624,0.0,0.0,0.0,-2.42224255,0.6962721499999999,9.473223899999999,-0.6465,-0.1175,0.0541,-0.7518,4.176705237321635,-14.277845148024644,98.08374934433456,30.4
76014139030434,9.913577,51499.0,10.0,-0.2466243,-0.07058273999999999,-0.96653388,0.9999966048563624,0.0,0.0,0.0,-2.4124358999999997,0.7060787999999999,9.473223899999999,-0.6465,-0.1175,0.0541,-0.7518,4.176705237321635,-14.277845148024644,98.08374934433456,30.4
76014149116124,10.08569,51509.0,10.0,-0.2466243,-0.07058273999999999,-0.96653388,0.9999966048563624,0.0,0.0,0.0,-2.4124358999999997,0.6962721499999999,9.473223899999999,-0.6465,-0.1175,0.0541,-0.7518,4.176705237321635,-14.277845148024644,98.08374934433456,30.4
76014159107480,9.991356,51519.0,10.0,-0.2466243,-0.07058273999999999,-0.96653388,0.9999966048563624,0.0,0.0,0.0,-2.4124358999999997,0.6962721499999999,9.483030549999999,-0.6465,-0.1175,0.0541,-0.7518,4.176705237321635,-14.277845148024644,98.08374934433456,30.4
76014169113737,10.006257,51529.0,10.0,-0.2466243,-0.07058273999999999,-0.96653388,0.9999966048563624,0.0,0.0,0.0,-2.42224255,0.6962721499999999,9.46341725,-0.6465,-0.1175,0.0541,-0.7518,4.176705237321635,-14.277845148024644,98.08374934433456,30.4
76014179114936,10.001199,51539.0,10.0,-0.2466243,-0.07058273999999999,-0.96653388,0.9999966048563624,0.0,0.0,0.0,-2.4320492,0.6864655000000001,9.483030549999999,-0.6465,-0.1175,0.0541,-0.7518,4.176705237321635,-14.277845148024644,98.08374934433456,30.4
76014189112668,9.997732,51549.0,10.0,-0.2466243,-0.07058273999999999,-0.96653388,0.9999966048563624,0.0,0.0,0.0,-2.42224255,0.6962721499999999,9.483030549999999,-0.6465,-0.1175,0.0541,-0.7518,4.176705237321635,-14.277845148024644,98.08374934433456,30.4
76014199086574,9.973906,51559.0,10.0,-0.2466243,-0.07058273999999999,-0.96653388,0.9999966048563624,0.0,0.0,0.0,-2.40262925,0.6864655000000001,9.483030549999999,-0.6465,-0.1175,0.0541,-0.7518,4.176705237321635,-14.277845148024644,98.08374934433456,30.4
76014209150696,10.064122,51569.0,10.0,-0.2466243,-0.07058273999999999,-0.96653388,0.9999966048563624,0.0,0.0,0.0,-2.42224255,0.6962721499999999,9.473223899999999,-0.6465,-0.1175,0.0541,-0.7518,4.176705237321635,-14.277845148024644,98.08374934433456,30.4
76014219133268,9.982572,51579.0,10.0,-0.2466243,-0.07058273999999999,-0.96653388,0.9999966048563624,0.0,0.0,0.0,-2.42224255,0.6864655000000001,9.483030549999999,-0.6465,-0.1175,0.0541,-0.7518,4.176705237321635,-14.277845148024644,98.08374934433456,30.4
76014229051714,9.918446,51589.0,10.0,-0.2466243,-0.07058273999999999,-0.96653388,0.9999966048563624,0.0,0.0,0.0,-2.42224255,0.6962721499999999,9.483030549999999,-0.6465,-0.1175,0.0541,-0.7518,4.176705237321635,-14.277845148024644,98.08374934433456,30.4
76014239059375,10.007661,51599.0,10.0,-0.2466243,-0.07058273999999999,-0.96653388,0.9999966048563624,0.0,0.0,0.0,-2.42224255,0.6962721499999999,9.473223899999999,-0.6465,-0.1175,0.0541,-0.7518,4.176705237321635,-14.277845148024644,98.08374934433456,30.4
76014249028854,9.969479,51609.0,10.0,-0.2466243,-0.07058273999999999,-0.96653388,0.9999966048563624,0.0,0.0,0.0,-2.42224255,0.6864655000000001,9.483030549999999,-0.6465,-0.1175,0.0541,-0.7518,4.176705237321635,-14.277845148024644,98.08374934433456,30.4
76014259041102,10.012248,51619.0,10.0,-0.2466243,-0.07058273999999999,-0.96653388,0.9999966048563624,0.0,0.0,0.0,-2.42224255,0.6962721499999999,9.492837199999999,-0.6465,-0.1175,0.0541,-0.7518,4.176705237321635,-14.277845148024644,98.08374934433456,30.4
76014269031420,9.990318,51629.0,10.0,-0.2466243,-0.07058273999999999,-0.96653388,0.9999966048563624,0.0,0.0,0.0,-2.4320492,0.6962721499999999,9.473223899999999,-0.6465,-0.1175,0.0541,-0.7518,4.176705237321635,-14.277845148024644,98.08374934433456,30.4
76014279065863,10.034443,51639.0,10.0,-0.2466243,-0.07058273999999999,-0.96653388,0.9999966048563624,0.0,0.0,0.0,-2.4124358999999997,0.6962721499999999,9.483030549999999,-0.6465,-0.1175,0.0541,-0.7518,4.176705237321635,-14.277845148024644,98.08374934433456,30.4
76014289023227,9.957364,51649.0,10.0,-0.2466243,-0.07058273999999999,-0.96653388,0.9999966048563624,0.0,0.0,0.0,-2.4124358999999997,0.6962721499999999,9.483030549999999,-0.6465,-0.1175,0.0541,-0.7518,4.176705237321635,-14.277845148024644,98.08374934433456,30.4
76014299102941,10.079714,51659.0,10.0,-0.2466243,-0.07058273999999999,-0.96653388,0.9999966048563624,0.0,0.0,0.0,-2.42224255,0.6864655000000001,9.473223899999999,-0.6465,-0.1175,0.0541,-0.7518,4.176705237321635,-14.277845148024644,98.08374934433456,30.4
76014309064552,9.961611,51669.0,10.0,-0.2466243,-0.07058273999999999,-0.96653388,0.9999966048563624,0.0,0.0,0.0,-2.42224255,0.6962721499999999,9.473223899999999,-0.6465,-0.1175,0.0541,-0.7518,4.176705237321635,-14.277845148024644,98.08374934433456,30.4
76014319076146,10.011594,51679.0,10.0,-0.2466243,-0.07058273999999999,-0.96653388,0.9999966048563624,0.0,0.0,0.0,-2.42224255,0.6962721499999999,9.483030549999999,-0.6465,-0.1175,0.0541,-0.7518,4.176705237321635,-14.277845148024644,98.08374934433456,30.4
76014329105663,10.029517,51689.0,10.0,-0.2466243,-0.07058273999999999,-0.96653388,0.9999966048563624,0.0,0.0,0.0,-2.42224255,0.6962721499999999,9.483030549999999,-0.6465,-0.1175,0.0541,-0.7518,4.176705237321635,-14.277845148024644,98.08374934433456,30.4
76014339090055,9.984392,51699.0,10.0,-0.2466243,-0.07058273999999999,-0.96653388,0.9999966048563624,0.0,0.0,0.0,-2.42224255,0.6962721499999999,9.483030549999999,-0.6465,-0.1175,0.0541,-0.7518,4.176705237321635,-14.277845148024644,98.08374934433456,30.4
76014349062478,9.972423,51709.0,10.0,-0.2466243,-0.07058273999999999,-0.96653388,0.9999966048563624,0.0,0.0,0.0,-2.42224255,0.6864655000000001,9.473223899999999,-0.6465,-0.1175,0.0541,-0.7518,4.176705237321635,-14.277845148024644,98.08374934433456,30.4
76014359069435,10.006957,51719.0,10.0,-0.2466243,-0.07058273999999999,-0.96653388,0.9999966048563624,0.0,0.0,0.0,-2.42224255,0.6962721499999999,9.483030549999999,-0.6465,-0.1175,0.0541,-0.7518,4.176705237321635,-14.277845148024644,98.08374934433456,30.4
76014369096333,10.026898,51729.0,10.0,-0.2466243,-0.07058273999999999,-0.96653388,0.9999966048563624,0.0,0.0,0.0,-2.42224255,0.6864655000000001,9.483030549999999,-0.6465,-0.1175,0.0541,-0.7518,4.176705237321635,-14.277845148024644,98.08374934433456,30.4
76014379053853,9.95752,51739.0,10.0,-0.2466243,-0.07058273999999999,-0.96653388,0.9999966048563624,0.0,0.0,0.0,-2.4320492,0.6864655000000001,9.483030549999999,-0.6465,-0.1175,0.0541,-0.7518,4.176705237321635,-14.277845148024644,98.08374934433456,30.4
76014389116955,10.063102,51749.0,10.0,-0.2466243,-0.07058273999999999,-0.96653388,0.9999966048563624,0.0,0.0,0.0,-2.4320492,0.6962721499999999,9.473223899999999,-0.6465,-0.1175,0.0541,-0.7518,4.176705237321635,-14.277845148024644,98.08374934433456,30.4
76014399112417,9.995462,51759.0,10.0,-0.2466243,-0.07058273999999999,-0.96653388,0.9999966048563624,0.0,0.0,0.0,-2.42224255,0.6864655000000001,9.473223899999999,-0.6465,-0.1175,0.0541,-0.7518,4.176705237321635,-14.277845148024644,98.08374934433456,30.4
76014409030801,9.918384,51769.0,10.0,-0.2466243,-0.07058273999999999,-0.96653388,0.9999966048563624,0.0,0.0,0.0,-2.4124358999999997,0.7060787999999999,9.483030549999999,-0.6465,-0.1175,0.0541,-0.7518,4.176705237321635,-14.277845148024644,98.08374934433456,30.4
76014419040143,10.009342,51779.0,10.0,-0.2466243,-0.07058273999999999,-0.96653388,0.9999966048563624,0.0,0.0,0.0,-2.42224255,0.6962721499999999,9.492837199999999,-0.6465,-0.1175,0.0541,-0.7518,4.176705237321635,-14.277845148024644,98.08374934433456,30.4
76014429025168,9.985025,51789.0,10.0,-0.2466243,-0.07058273999999999,-0.96653388,0.9999966048563624,0.0,0.0,0.0,-2.40262925,0.6962721499999999,9.46341725,-0.6465,-0.1175,0.0541,-0.7518,4.176705237321635,-14.277845148024644,98.08374934433456,30.4
76014439012466,9.987298,51799.0,10.0,-0.2466243,-0.07058273999999999,-0.96653388,0.9999966048563624,0.0,0.0,0.0,-2.42224255,0.6864655000000001,9.483030549999999,-0.6465,-0.1175,0.0541,-0.7518,4.176705237321635,-14.277845148024644,98.08374934433456,30.4
76014449012028,9.999562,51809.0,10.0,-0.2466243,-0.07058273999999999,-0.96653388,0.9999966048563624,0.0,0.0,0.0,-2.44185585,0.6962721499999999,9.502643849999998,-0.6465,-0.1175,0.0541,-0.7518,4.176705237321635,-14.277845148024644,98.08374934433456,30.4
76014458993856,9.981828,51819.0,10.0,-0.2466243,-0.07058273999999999,-0.96653388,0.9999966048563624,0.0,0.0,0.0,-2.42224255,0.6962721499999999,9.46341725,-0.6465,-0.1175,0.0541,-0.7518,4.176705237321635,-14.277845148024644,98.08374934433456,30.4
76014469030898,10.037042,51829.0,10.0,-0.2466243,-0.07058273999999999,-0.96653388,0.9999966048563624,0.0,0.0,0.0,-2.4124358999999997,0.6864655000000001,9.46341725,-0.6465,-0.1175,0.0541,-0.7518,4.176705237321635,-14.277845148024644,98.08374934433456,30.4
76014478994793,9.963895,51839.0,10.0,-0.2466243,-0.07058273999999999,-0.96653388,0.9999966048563624,0.0,0.0,0.0,-2.42224255,0.6962721499999999,9.492837199999999,-0.6465,-0.1175,0.0541,-0.7518,4.176705237321635,-14.277845148024644,98.08374934433456,30.4
76014489015677,10.020884,51849.0,10.0,-0.2466243,-0.07058273999999999,-0.96653388,0.9999966048563624,0.0,0.0,0.0,-2.42224255,0.67665885,9.483030549999999,-0.6465,-0.1175,0.0541,-0.7518,4.176705237321635,-14.277845148024644,98.08374934433456,30.4
76014499023586,10.007909,51859.0,10.0,-0.2466243,-0.07058273999999999,-0.96653388,0.9999966048563624,0.0,0.0,0.0,-2.40262925,0.6668522,9.473223899999999,-0.6465,-0.1175,0.0541,-0.7518,4.176705237321635,-14.277845148024644,98.08374934433456,30.4
76014508995631,9.972045,51869.0,10.0,-0.2466243,-0.07058273999999999,-0.96653388,0.9999966048563624,0.0,0.0,0.0,-2.4124358999999997,0.6864655000000001,9.473223899999999,-0.6465,-0.1175,0.0541,-0.7518,4.176705237321635,-14.277845148024644,98.08374934433456,30.4
76014519027906,10.032275,51879.0,10.0,-0.2466243,-0.07058273999999999,-0.96653388,0.9999966048563624,0.0,0.0,0.0,-2.42224255,0.6864655000000001,9.473223899999999,-0.6465,-0.1175,0.0541,-0.7518,4.176705237321635,-14.277845148024644,98.08374934433456,30.4
76014529110627,10.082721,51889.0,10.0,-0.2466243,-0.07058273999999999,-0.96653388,0.9999966048563624,0.0,0.0,0.0,-2.42224255,0.6864655000000001,9.483030549999999,-0.6465,-0.1175,0.0541,-0.7518,4.176705237321635,-14.277845148024644,98.08374934433456,30.4
76014539093841,9.983214,51899.0,10.0,-0.2466243,-0.07058273999999999,-0.96653388,0.9999966048563624,0.0,0.0,0.0,-2.4124358999999997,0.6962721499999999,9.473223899999999,-0.6465,-0.1175,0.0541,-0.7518,4.176705237321635,-14.277845148024644,98.08374934433456,30.4
76014549103970,10.010129,51909.0,10.0,-0.2466243,-0.07058273999999999,-0.96653388,0.9999966048563624,0.0,0.0,0.0,-2.40262925,0.6864655000000001,9.473223899999999,-0.6465,-0.1175,0.0541,-0.7518,4.176705237321635,-14.277845148024644,98.08374934433456,30.4
76014559103575,9.999605,51919.0,10.0,-0.2466243,-0.07058273999999999,-0.96653388,0.9999966048563624,0.0,0.0,0.0,-2.40262925,0.6962721499999999,9.483030549999999,-0.6465,-0.1175,0.0541,-0.7518,4.176705237321635,-14.277845148024644,98.08374934433456,30.4
76014569092753,9.989178,51929.0,10.0,-0.2466243,-0.07058273999999999,-0.96653388,0.9999966048563624,0.0,0.0,0.0,-2.42224255,0.6962721499999999,9.483030549999999,-0.6465,-0.1175,0.0541,-0.7518,4.176705237321635,-14.277845148024644,98.08374934433456,30.4
76014579068931,9.976178,51939.0,10.0,-0.2466243,-0.07058273999999999,-0.96653388,0.9999966048563624,0.0,0.0,0.0,-2.42224255,0.6962721499999999,9.492837199999999,-0.6465,-0.1175,0.0541,-0.7518,4.176705237321635,-14.277845148024644,98.08374934433456,30.4
76014589210337,10.141406,51949.0,10.0,-0.2466243,-0.07058273999999999,-0.96653388,0.9999966048563624,0.0,0.0,0.0,-2.42224255,0.6864655000000001,9.473223899999999,-0.6465,-0.1175,0.0541,-0.7518,4.176705237321635,-14.277845148024644,98.08374934433456,30.4
76014599119925,9.909588,51959.0,10.0,-0.2466243,-0.07058273999999999,-0.96653388,0.9999966048563624,0.0,0.0,0.0,-2.42224255,0.6962721499999999,9.473223899999999,-0.6465,-0.1175,0.0541,-0.7518,4.176705237321635,-14.277845148024644,98.08374934433456,30.4
76014609096381,9.976456,51969.0,10.0,-0.2466243,-0.07058273999999999,-0.96653388,0.9999966048563624,0.0,0.0,0.0,-2.40262925,0.7060787999999999,9.473223899999999,-0.6465,-0.1175,0.0541,-0.7518,4.176705237321635,-14.277845148024644,98.08374934433456,30.4
76014619123024,10.026643,51979.0,10.0,-0.2466243,-0.07058273999999999,-0.96653388,0.9999966048563624,0.0,0.0,0.0,-2.42224255,0.6962721499999999,9.46341725,-0.6465,-0.1175,0.0541,-0.7518,4.176705237321635,-14.277845148024644,98.08374934433456,30.4
76014629095796,9.972772,51989.0,10.0,-0.2466243,-0.07058273999999999,-0.96653388,0.9999966048563624,0.0,0.0,0.0,-2.42224255,0.6962721499999999,9.46341725,-0.6465,-0.1175,0.0541,-0.7518,4.176705237321635,-14.277845148024644,98.08374934433456,30.4
76014639094352,9.998556,51999.0,10.0,-0.2466243,-0.07058273999999999,-0.96653388,0.9999966048563624,0.0,0.0,0.0,-2.42224255,0.6962721499999999,9.5124505,-0.6465,-0.1175,0.0541,-0.7518,4.176705237321635,-14.277845148024644,98.08374934433456,30.4
76014649212795,10.118443,52009.0,10.0,-0.2466243,-0.07058273999999999,-0.96653388,0.9999966048563624,0.0,0.0,0.0,-2.4320492,0.7060787999999999,9.502643849999998,-0.6465,-0.1175,0.0541,-0.7518,4.176705237321635,-14.277845148024644,98.08374934433456,30.4
76014659177703,9.964908,52019.0,10.0,-0.2466243,-0.07058273999999999,-0.96653388,0.9999966048563624,0.0,0.0,0.0,-2.40262925,0.6962721499999999,9.42419065,-0.6465,-0.1175,0.0541,-0.7518,4.176705237321635,-14.277845148024644,98.08374934433456,30.4
76014669140941,9.963238,52029.0,10.0,-0.2466243,-0.07058273999999999,-0.96653388,0.9999966048563624,0.0,0.0,0.0,-2.4320492,0.6962721499999999,9.46341725,-0.6465,-0.1175,0.0541,-0.7518,4.176705237321635,-14.277845148024644,98.08374934433456,30.4
76014679140059,9.999118,52039.0,10.0,-0.2466243,-0.07058273999999999,-0.96653388,0.9999966048563624,0.0,0.0,0.0,-2.4320492,0.6962721499999999,9.5124505,-0.6465,-0.1175,0.0541,-0.7518,4.176705237321635,-14.277845148024644,98.08374934433456,30.4
76014689130996,9.990937,52049.0,10.0,-0.2466243,-0.07058273999999999,-0.96653388,0.9999966048563624,0.0,0.0,0.0,-2.4124358999999997,0.6962721499999999,9.473223899999999,-0.6465,-0.1175,0.0541,-0.7518,4.176705237321635,-14.277845148024644,98.08374934433456,30.4
76014699070682,9.939686,52059.0,10.0,-0.2466243,-0.07058273999999999,-0.96653388,0.9999966048563624,0.0,0.0,0.0,-2.4320492,0.6962721499999999,9.473223899999999,-0.6465,-0.1175,0.0541,-0.7518,4.176705237321635,-14.277845148024644,98.08374934433456,30.4
76014709112610,10.041928,52069.0,10.0,-0.2466243,-0.07058273999999999,-0.96653388,0.9999966048563624,0.0,0.0,0.0,-2.4124358999999997,0.6864655000000001,9.473223899999999,-0.6465,-0.1175,0.0541,-0.7518,4.176705237321635,-14.277845148024644,98.08374934433456,30.4
76014719094284,9.981674,52079.0,10.0,-0.2466243,-0.07058273999999999,-0.96653388,0.9999966048563624,0.0,0.0,0.0,-2.4124358999999997,0.6962721499999999,9.473223899999999,-0.6465,-0.1175,0.0541,-0.7518,4.176705237321635,-14.277845148024644,98.08374934433456,30.4
76014729075985,9.981701,52089.0,10.0,-0.2466243,-0.07058273999999999,-0.96653388,0.9999966048563624,0.0,0.0,0.0,-2.42224255,0.6962721499999999,9.46341725,-0.6465,-0.1175,0.0541,-0.7518,4.176705237321635,-14.277845148024644,98.08374934433456,30.4
76014739105973,10.029988,52099.0,10.0,-0.2466243,-0.07058273999999999,-0.96653388,0.9999966048563624,0.0,0.0,0.0,-2.4320492,0.67665885,9.483030549999999,-0.6465,-0.1175,0.0541,-0.7518,4.176705237321635,-14.277845148024644,98.08374934433456,30.4
76014749086244,9.980271,52109.0,10.0,-0.2466243,-0.07058273999999999,-0.96653388,0.9999966048563624,0.0,0.0,0.0,-2.42224255,0.6962721499999999,9.473223899999999,-0.6465,-0.1175,0.0541,-0.7518,4.176705237321635,-14.277845148024644,98.08374934433456,30.4
76014759078999,9.992755,52119.0,10.0,-0.2466243,-0.07058273999999999,-0.96653388,0.9999966048563624,0.0,0.0,0.0,-2.4124358999999997,0.6962721499999999,9.473223899999999,-0.6465,-0.1175,0.0541,-0.7518,4.176705237321635,-14.277845148024644,98.08374934433456,30.4
76014769055875,9.976876,52129.0,10.0,-0.2466243,-0.07058273999999999,-0.96653388,0.9999966048563624,0.0,0.0,0.0,-2.4124358999999997,0.6962721499999999,9.473223899999999,-0.6465,-0.1175,0.0541,-0.7518,4.176705237321635,-14.277845148024644,98.08374934433456,30.4
76014779222235,10.16636,52139.0,10.0,-0.2466243,-0.07058273999999999,-0.96653388,0.9999966048563624,0.0,0.0,0.0,-2.4320492,0.6864655000000001,9.473223899999999,-0.6465,-0.1175,0.0541,-0.7518,4.176705237321635,-14.277845148024644,98.08374934433456,30.4
76014789197192,9.974957,52149.0,10.0,-0.2466243,-0.07058273999999999,-0.96653388,0.9999966048563624,0.0,0.0,0.0,-2.42224255,0.67665885,9.483030549999999,-0.6465,-0.1175,0.0541,-0.7518,4.176705237321635,-14.277845148024644,98.08374934433456,30.4
76014799105077,9.907885,52159.0,10.0,-0.2466243,-0.07058273999999999,-0.96653388,0.9999966048563624,0.0,0.0,0.0,-2.42224255,0.7060787999999999,9.473223899999999,-0.6465,-0.1175,0.0541,-0.7518,4.176705237321635,-14.277845148024644,98.08374934433456,30.4
76014809115518,10.010441,52169.0,10.0,-0.2466243,-0.07058273999999999,-0.96653388,0.9999966048563624,0.0,0.0,0.0,-2.4124358999999997,0.6864655000000001,9.483030549999999,-0.6465,-0.1175,0.0541,-0.7518,4.176705237321635,-14.277845148024644,98.08374934433456,30.4
76014819098027,9.982509,52179.0,10.0,-0.2466243,-0.07058273999999999,-0.96653388,0.9999966048563624,0.0,0.0,0.0,-2.42224255,0.6962721499999999,9.483030549999999,-0.6465,-0.1175,0.0541,-0.7518,4.176705237321635,-14.277845148024644,98.08374934433456,30.4
76014829101162,10.003135,52189.0,10.0,-0.2466243,-0.07058273999999999,-0.96653388,0.9999966048563624,0.0,0.0,0.0,-2.4320492,0.6962721499999999,9.473223899999999,-0.6465,-0.1175,0.0541,-0.7518,4.176705237321635,-14.277845148024644,98.08374934433456,30.4
76014839094863,9.993701,52199.0,10.0,-0.2466243,-0.07058273999999999,-0.96653388,0.9999966048563624,0.0,0.0,0.0,-2.4124358999999997,0.6864655000000001,9.483030549999999,-0.6465,-0.1175,0.0541,-0.7518,4.176705237321635,-14.277845148024644,98.08374934433456,30.4
76014849097020,10.002157,52209.0,10.0,-0.2466243,-0.07058273999999999,-0.96653388,0.9999966048563624,0.0,0.0,0.0,-2.42224255,0.6962721499999999,9.46341725,-0.6465,-0.1175,0.0541,-0.7518,4.176705237321635,-14.277845148024644,98.08374934433456,30.4
76014859056020,9.959,52219.0,10.0,-0.2466243,-0.07058273999999999,-0.96653388,0.9999966048563624,0.0,0.0,0.0,-2.4124358999999997,0.6864655000000001,9.483030549999999,-0.6465,-0.1175,0.0541,-0.7518,4.176705237321635,-14.277845148024644,98.08374934433456,30.4
76014869120869,10.064849,52229.0,10.0,-0.2466243,-0.07058273999999999,-0.96653388,0.9999966048563624,0.0,0.0,0.0,-2.42224255,0.6864655000000001,9.483030549999999,-0.6465,-0.1175,0.0541,-0.7518,4.176705237321635,-14.277845148024644,98.08374934433456,30.4
76014879125602,10.004733,52239.0,10.0,-0.2466243,-0.07058273999999999,-0.96653388,0.9999966048563624,0.0,0.0,0.0,-2.42224255,0.6962721499999999,9.473223899999999,-0.6465,-0.1175,0.0541,-0.7518,4.176705237321635,-14.277845148024644,98.08374934433456,30.4
76014889100933,9.975331,52249.0,10.0,-0.2466243,-0.07058273999999999,-0.96653388,0.9999966048563624,0.0,0.0,0.0,-2.42224255,0.6962721499999999,9.473223899999999,-0.6465,-0.1175,0.0541,-0.7518,4.176705237321635,-14.277845148024644,98.08374934433456,30.4
76014899075985,9.975052,52259.0,10.0,-0.2466243,-0.07058273999999999,-0.96653388,0.9999966048563624,0.0,0.0,0.0,-2.42224255,0.6962721499999999,9.492837199999999,-0.6465,-0.1175,0.0541,-0.7518,4.176705237321635,-14.277845148024644,98.08374934433456,30.4
76014909102043,10.026058,52269.0,10.0,-0.2466243,-0.07058273999999999,-0.96653388,0.9999966048563624,0.0,0.0,0.0,-2.42224255,0.6864655000000001,9.473223899999999,-0.6465,-0.1175,0.0541,-0.7518,4.176705237321635,-14.277845148024644,98.08374934433456,30.4
76014919224660,10.122617,52279.0,10.0,-0.2466243,-0.07058273999999999,-0.96653388,0.9999966048563624,0.0,0.0,0.0,-2.42224255,0.6962721499999999,9.492837199999999,-0.6465,-0.1175,0.0541,-0.7518,4.176705237321635,-14.277845148024644,98.08374934433456,30.4
76014929139166,9.914506,52289.0,10.0,-0.2466243,-0.07058273999999999,-0.96653388,0.9999966048563624,0.0,0.0,0.0,-2.42224255,0.6864655000000001,9.483030549999999,-0.6465,-0.1175,0.0541,-0.7518,4.176705237321635,-14.277845148024644,98.08374934433456,30.4
76014939108617,9.969451,52299.0,10.0,-0.2466243,-0.07058273999999999,-0.96653388,0.9999966048563624,0.0,0.0,0.0,-2.4124358999999997,0.6864655000000001,9.473223899999999,-0.6465,-0.1175,0.0541,-0.7518,4.176705237321635,-14.277845148024644,98.08374934433456,30.4
76014949055598,9.946981,52309.0,10.0,-0.2466243,-0.07058273999999999,-0.96653388,0.9999966048563624,0.0,0.0,0.0,-2.4124358999999997,0.6864655000000001,9.483030549999999,-0.6465,-0.1175,0.0541,-0.7518,4.176705237321635,-14.277845148024644,98.08374934433456,30.4
76014959052029,9.996431,52319.0,10.0,-0.2466243,-0.07058273999999999,-0.96653388,0.9999966048563624,0.0,0.0,0.0,-2.4124358999999997,0.6864655000000001,9.492837199999999,-0.6465,-0.1175,0.0541,-0.7518,4.176705237321635,-14.277845148024644,98.08374934433456,30.4
76014969095437,10.043408,52329.0,10.0,-0.2466243,-0.07058273999999999,-0.96653388,0.9999966048563624,0.0,0.0,0.0,-2.4124358999999997,0.6962721499999999,9.473223899999999,-0.6465,-0.1175,0.0541,-0.7518,4.176705237321635,-14.277845148024644,98.08374934433456,30.4
76014979097711,10.002274,52339.0,10.0,-0.2466243,-0.07058273999999999,-0.96653388,0.9999966048563624,0.0,0.0,0.0,-2.42224255,0.6962721499999999,9.473223899999999,-0.6465,-0.1175,0.0541,-0.7518,4.176705237321635,-14.277845148024644,98.08374934433456,30.4
76014989067889,9.970178,52349.0,10.0,-0.2466243,-0.07058273999999999,-0.96653388,0.9999966048563624,0.0,0.0,0.0,-2.42224255,0.6962721499999999,9.473223899999999,-0.6465,-0.1175,0.0541,-0.7518,4.176705237321635,-14.277845148024644,98.08374934433456,30.4
76014999088013,10.020124,52359.0,10.0,-0.2466243,-0.07058273999999999,-0.96653388,0.9999966048563624,0.0,0.0,0.0,-2.4124358999999997,0.6864655000000001,9.473223899999999,-0.6465,-0.1175,0.0541,-0.7518,4.176705237321635,-14.277845148024644,98.08374934433456,30.4
76015009040764,9.952751,52369.0,10.0,-0.2466243,-0.07058273999999999,-0.96653388,0.9999966048563624,0.0,0.0,0.0,-2.4124358999999997,0.6962721499999999,9.473223899999999,-0.6465,-0.1175,0.0541,-0.7518,4.176705237321635,-14.277845148024644,98.08374934433456,30.4
76015019052468,10.011704,52379.0,10.0,-0.2466243,-0.07058273999999999,-0.96653388,0.9999966048563624,0.0,0.0,0.0,-2.44185585,0.6864655000000001,9.492837199999999,-0.6465,-0.1175,0.0541,-0.7518,4.176705237321635,-14.277845148024644,98.08374934433456,30.4
76015029102993,10.050525,52389.0,10.0,-0.2466243,-0.07058273999999999,-0.96653388,0.9999966048563624,0.0,0.0,0.0,-2.4124358999999997,0.6962721499999999,9.483030549999999,-0.6465,-0.1175,0.0541,-0.7518,4.176705237321635,-14.277845148024644,98.08374934433456,30.4
76015039108004,10.005011,52399.0,10.0,-0.2466243,-0.07058273999999999,-0.96653388,0.9999966048563624,0.0,0.0,0.0,-2.42224255,0.6962721499999999,9.473223899999999,-0.6465,-0.1175,0.0541,-0.7518,4.176705237321635,-14.277845148024644,98.08374934433456,30.4
76015049064170,9.956166,52409.0,10.0,-0.2466243,-0.07058273999999999,-0.96653388,0.9999966048563624,0.0,0.0,0.0,-2.40262925,0.6962721499999999,9.483030549999999,-0.6465,-0.1175,0.0541,-0.7518,4.176705237321635,-14.277845148024644,98.08374934433456,30.4
76015059104798,10.040628,52419.0,10.0,-0.2466243,-0.07058273999999999,-0.96653388,0.9999966048563624,0.0,0.0,0.0,-2.42224255,0.6962721499999999,9.483030549999999,-0.6465,-0.1175,0.0541,-0.7518,4.176705237321635,-14.277845148024644,98.08374934433456,30.4
76015069097195,9.992397,52429.0,10.0,-0.2466243,-0.07058273999999999,-0.96653388,0.9999966048563624,0.0,0.0,0.0,-2.42224255,0.6962721499999999,9.46341725,-0.6465,-0.1175,0.0541,-0.7518,4.176705237321635,-14.277845148024644,98.08374934433456,30.4
76015079077109,9.979914,52439.0,10.0,-0.2466243,-0.07058273999999999,-0.96653388,0.9999966048563624,0.0,0.0,0.0,-2.42224255,0.6864655000000001,9.483030549999999,-0.6465,-0.1175,0.0541,-0.7518,4.176705237321635,-14.277845148024644,98.08374934433456,30.4
76015089105626,10.028517,52449.0,10.0,-0.2466243,-0.07058273999999999,-0.96653388,0.9999966048563624,0.0,0.0,0.0,-2.42224255,0.6962721499999999,9.492837199999999,-0.6465,-0.1175,0.0541,-0.7518,4.176705237321635,-14.277845148024644,98.08374934433456,30.4
76015099102767,9.997141,52459.0,10.0,-0.2466243,-0.07058273999999999,-0.96653388,0.9999966048563624,0.0,0.0,0.0,-2.42224255,0.7060787999999999,9.483030549999999,-0.6465,-0.1175,0.0541,-0.7518,4.176705237321635,-14.277845148024644,98.08374934433456,30.4
76015109069584,9.966817,52469.0,10.0,-0.2466243,-0.07058273999999999,-0.96653388,0.9999966048563624,0.0,0.0,0.0,-2.42224255,0.6864655000000001,9.483030549999999,-0.6465,-0.1175,0.0541,-0.7518,4.176705237321635,-14.277845148024644,98.08374934433456,30.4
76015119071190,10.001606,52479.0,10.0,-0.2466243,-0.07058273999999999,-0.96653388,0.9999966048563624,0.0,0.0,0.0,-2.42224255,0.7060787999999999,9.483030549999999,-0.6465,-0.1175,0.0541,-0.7518,4.176705237321635,-14.277845148024644,98.08374934433456,30.4
76015129078437,10.007247,52489.0,10.0,-0.2466243,-0.07058273999999999,-0.96653388,0.9999966048563624,0.0,0.0,0.0,-2.4124358999999997,0.6962721499999999,9.473223899999999,-0.6465,-0.1175,0.0541,-0.7518,4.176705237321635,-14.277845148024644,98.08374934433456,30.4
76015139038173,9.959736,52499.0,10.0,-0.2466243,-0.07058273999999999,-0.96653388,0.9999966048563624,0.0,0.0,0.0,-2.42224255,0.6962721499999999,9.473223899999999,-0.6465,-0.1175,0.0541,-0.7518,4.176705237321635,-14.277845148024644,98.08374934433456,30.4
76015149071539,10.033366,52509.0,10.0,-0.2466243,-0.07058273999999999,-0.96653388,0.9999966048563624,0.0,0.0,0.0,-2.40262925,0.6962721499999999,9.473223899999999,-0.6465,-0.1175,0.0541,-0.7518,4.176705237321635,-14.277845148024644,98.08374934433456,30.4
76015159100285,10.028746,52519.0,10.0,-0.2466243,-0.07058273999999999,-0.96653388,0.9999966048563624,0.0,0.0,0.0,-2.4320492,0.6962721499999999,9.483030549999999,-0.6465,-0.1175,0.0541,-0.7518,4.176705237321635,-14.277845148024644,98.08374934433456,30.4
76015169105044,10.004759,52529.0,10.0,-0.2466243,-0.07058273999999999,-0.96653388,0.9999966048563624,0.0,0.0,0.0,-2.4320492,0.6864655000000001,9.46341725,-0.6465,-0.1175,0.0541,-0.7518,4.176705237321635,-14.277845148024644,98.08374934433456,30.4
76015179093595,9.988551,52539.0,10.0,-0.2466243,-0.07058273999999999,-0.96653388,0.9999966048563624,0.0,0.0,0.0,-2.4320492,0.6962721499999999,9.473223899999999,-0.6465,-0.1175,0.0541,-0.7518,4.176705237321635,-14.277845148024644,98.08374934433456,30.4
76015189097638,10.004043,52549.0,10.0,-0.2466243,-0.07058273999999999,-0.96653388,0.9999966048563624,0.0,0.0,0.0,-2.4124358999999997,0.6962721499999999,9.473223899999999,-0.6465,-0.1175,0.0541,-0.7518,4.176705237321635,-14.277845148024644,98.08374934433456,30.4
76015199126477,10.028839,52559.0,10.0,-0.2466243,-0.07058273999999999,-0.96653388,0.9999966048563624,0.0,0.0,0.0,-2.4124358999999997,0.6962721499999999,9.483030549999999,-0.6465,-0.1175,0.0541,-0.7518,4.176705237321635,-14.277845148024644,98.08374934433456,30.4
76015209073702,9.947225,52569.0,10.0,-0.2466243,-0.07058273999999999,-0.96653388,0.9999966048563624,0.0,0.0,0.0,-2.4124358999999997,0.6962721499999999,9.483030549999999,-0.6465,-0.1175,0.0541,-0.7518,4.176705237321635,-14.277845148024644,98.08374934433456,30.4
76015219104830,10.031128,52579.0,10.0,-0.2466243,-0.07058273999999999,-0.96653388,0.9999966048563624,0.0,0.0,0.0,-2.42224255,0.6962721499999999,9.473223899999999,-0.6465,-0.1175,0.0541,-0.7518,4.176705237321635,-14.277845148024644,98.08374934433456,30.4
76015229121762,10.016932,52589.0,10.0,-0.2466243,-0.07058273999999999,-0.96653388,0.9999966048563624,0.0,0.0,0.0,-2.42224255,0.6962721499999999,9.492837199999999,-0.6465,-0.1175,0.0541,-0.7518,4.176705237321635,-14.277845148024644,98.08374934433456,30.4
76015239079800,9.958038,52599.0,10.0,-0.2466243,-0.07058273999999999,-0.96653388,0.9999966048563624,0.0,0.0,0.0,-2.4320492,0.6864655000000001,9.473223899999999,-0.6465,-0.1175,0.0541,-0.7518,4.176705237321635,-14.277845148024644,98.08374934433456,30.4
76015249077836,9.998036,52609.0,10.0,-0.2466243,-0.07058273999999999,-0.96653388,0.9999966048563624,0.0,0.0,0.0,-2.4124358999999997,0.6962721499999999,9.483030549999999,-0.6465,-0.1175,0.0541,-0.7518,4.176705237321635,-14.277845148024644,98.08374934433456,30.4
76015259152304,10.074468,52619.0,10.0,-0.2466243,-0.07058273999999999,-0.96653388,0.9999966048563624,0.0,0.0,0.0,-2.42224255,0.6962721499999999,9.473223899999999,-0.6465,-0.1175,0.0541,-0.7518,4.176705237321635,-14.277845148024644,98.08374934433456,30.4
76015269085675,9.933371,52629.0,10.0,-0.2466243,-0.07058273999999999,-0.96653388,0.9999966048563624,0.0,0.0,0.0,-2.4124358999999997,0.6962721499999999,9.483030549999999,-0.6465,-0.1175,0.0541,-0.7518,4.176705237321635,-14.277845148024644,98.08374934433456,30.4
76015279078131,9.992456,52639.0,10.0,-0.2466243,-0.07058273999999999,-0.96653388,0.9999966048563624,0.0,0.0,0.0,-2.4124358999999997,0.6864655000000001,9.473223899999999,-0.6465,-0.1175,0.0541,-0.7518,4.176705237321635,-14.277845148024644,98.08374934433456,30.4
76015289134909,10.056778,52649.0,10.0,-0.2466243,-0.07058273999999999,-0.96653388,0.9999966048563624,0.0,0.0,0.0,-2.42224255,0.6962721499999999,9.492837199999999,-0.6465,-0.1175,0.0541,-0.7518,4.176705237321635,-14.277845148024644,98.08374934433456,30.4
76015299196302,10.061393,52659.0,10.0,-0.2466243,-0.07058273999999999,-0.96653388,0.9999966048563624,0.0,0.0,0.0,-2.42224255,0.6962721499999999,9.483030549999999,-0.6465,-0.1175,0.0541,-0.7518,4.176705237321635,-14.277845148024644,98.08374934433456,30.4
76015309083908,9.887606,52669.0,10.0,-0.2466243,-0.07058273999999999,-0.96653388,0.9999966048563624,0.0,0.0,0.0,-2.42224255,0.6864655000000001,9.473223899999999,-0.6465,-0.1175,0.0541,-0.7518,4.176705237321635,-14.277845148024644,98.08374934433456,30.4
76015319121037,10.037129,52679.0,10.0,-0.2466243,-0.07058273999999999,-0.96653388,0.9999966048563624,0.0,0.0,0.0,-2.42224255,0.6962721499999999,9.483030549999999,-0.6465,-0.1175,0.0541,-0.7518,4.176705237321635,-14.277845148024644,98.08374934433456,30.4
76015329246209,10.125172,52689.0,10.0,-0.2466243,-0.07058273999999999,-0.96653388,0.9999966048563624,0.0,0.0,0.0,-2.42224255,0.6864655000000001,9.473223899999999,-0.6465,-0.1175,0.0541,-0.7518,4.176705237321635,-14.277845148024644,98.08374934433456,30.4
76015339113432,9.867223,52699.0,10.0,-0.2466243,-0.07058273999999999,-0.96653388,0.9999966048563624,0.0,0.0,0.0,-2.42224255,0.7060787999999999,9.473223899999999,-0.6465,-0.1175,0.0541,-0.7518,4.176705237321635,-14.277845148024644,98.08374934433456,30.4
76015349105534,9.992102,52709.0,10.0,-0.2466243,-0.07058273999999999,-0.96653388,0.9999966048563624,0.0,0.0,0.0,-2.4124358999999997,0.6864655000000001,9.473223899999999,-0.6465,-0.1175,0.0541,-0.7518,4.176705237321635,-14.277845148024644,98.08374934433456,30.4
76015359109495,10.003961,52719.0,10.0,-0.2466243,-0.07058273999999999,-0.96653388,0.9999966048563624,0.0,0.0,0.0,-2.40262925,0.6962721499999999,9.483030549999999,-0.6465,-0.1175,0.0541,-0.7518,4.176705237321635,-14.277845148024644,98.08374934433456,30.4
76015369076124,9.966629,52729.0,10.0,-0.2466243,-0.07058273999999999,-0.96653388,0.9999966048563624,0.0,0.0,0.0,-2.4124358999999997,0.6962721499999999,9.492837199999999,-0.6465,-0.1175,0.0541,-0.7518,4.176705237321635,-14.277845148024644,98.08374934433456,30.4
76015379083601,10.007477,52739.0,10.0,-0.2466243,-0.07058273999999999,-0.96653388,0.9999966048563624,0.0,0.0,0.0,-2.4124358999999997,0.6864655000000001,9.483030549999999,-0.6465,-0.1175,0.0541,-0.7518,4.176705237321635,-14.277845148024644,98.08374934433456,30.4
76015389208525,10.124924,52749.0,10.0,-0.2466243,-0.07058273999999999,-0.96653388,0.9999966048563624,0.0,0.0,0.0,-2.42224255,0.6962721499999999,9.4536106,-0.6465,-0.1175,0.0541,-0.7518,4.176705237321635,-14.277845148024644,98.08374934433456,30.4
76015399196163,9.987638,52759.0,10.0,-0.2466243,-0.07058273999999999,-0.96653388,0.9999966048563624,0.0,0.0,0.0,-2.42224255,0.67665885,9.46341725,-0.6465,-0.1175,0.0541,-0.7518,4.176705237321635,-14.277845148024644,98.08374934433456,30.4
76015409150770,9.954607,52769.0,10.0,-0.2466243,-0.07058273999999999,-0.96653388,0.9999966048563624,0.0,0.0,0.0,-2.4124358999999997,0.6962721499999999,9.483030549999999,-0.6465,-0.1175,0.0541,-0.7518,4.176705237321635,-14.277845148024644,98.08374934433456,30.4
76015419143976,9.993206,52779.0,10.0,-0.2466243,-0.07058273999999999,-0.96653388,0.9999966048563624,0.0,0.0,0.0,-2.42224255,0.6962721499999999,9.483030549999999,-0.6465,-0.1175,0.0541,-0.7518,4.176705237321635,-14.277845148024644,98.08374934433456,30.4
76015429092803,9.948827,52789.0,10.0,-0.2466243,-0.07058273999999999,-0.96653388,0.9999966048563624,0.0,0.0,0.0,-2.4124358999999997,0.6864655000000001,9.483030549999999,-0.6465,-0.1175,0.0541,-0.7518,4.176705237321635,-14.277845148024644,98.08374934433456,30.4
76015439109468,10.016665,52799.0,10.0,-0.2466243,-0.07058273999999999,-0.96653388,0.9999966048563624,0.0,0.0,0.0,-2.42224255,0.6864655000000001,9.483030549999999,-0.6465,-0.1175,0.0541,-0.7518,4.176705237321635,-14.277845148024644,98.08374934433456,30.4
76015449029691,9.920223,52809.0,10.0,-0.2466243,-0.07058273999999999,-0.96653388,0.9999966048563624,0.0,0.0,0.0,-2.4124358999999997,0.6864655000000001,9.483030549999999,-0.6465,-0.1175,0.0541,-0.7518,4.176705237321635,-14.277845148024644,98.08374934433456,30.4
76015459087283,10.057592,52819.0,10.0,-0.2466243,-0.07058273999999999,-0.96653388,0.9999966048563624,0.0,0.0,0.0,-2.42224255,0.6962721499999999,9.473223899999999,-0.6465,-0.1175,0.0541,-0.7518,4.176705237321635,-14.277845148024644,98.08374934433456,30.4
76015469089160,10.001877,52829.0,10.0,-0.2466243,-0.07058273999999999,-0.96653388,0.9999966048563624,0.0,0.0,0.0,-2.40262925,0.6864655000000001,9.473223899999999,-0.6465,-0.1175,0.0541,-0.7518,4.176705237321635,-14.277845148024644,98.08374934433456,30.4
76015479084471,9.995311,52839.0,10.0,-0.2466243,-0.07058273999999999,-0.96653388,0.9999966048563624,0.0,0.0,0.0,-2.4124358999999997,0.6962721499999999,9.46341725,-0.6465,-0.1175,0.0541,-0.7518,4.176705237321635,-14.277845148024644,98.08374934433456,30.4
76015489096691,10.01222,52849.0,10.0,-0.2466243,-0.07058273999999999,-0.96653388,0.9999966048563624,0.0,0.0,0.0,-2.42224255,0.6962721499999999,9.483030549999999,-0.6465,-0.1175,0.0541,-0.7518,4.176705237321635,-14.277845148024644,98.08374934433456,30.4
76015499043317,9.946626,52859.0,10.0,-0.2466243,-0.07058273999999999,-0.96653388,0.9999966048563624,0.0,0.0,0.0,-2.42224255,0.6864655000000001,9.483030549999999,-0.6465,-0.1175,0.0541,-0.7518,4.176705237321635,-14.277845148024644,98.08374934433456,30.4
76015509059571,10.016254,52869.0,10.0,-0.2466243,-0.07058273999999999,-0.96653388,0.9999966048563624,0.0,0.0,0.0,-2.42224255,0.6962721499999999,9.483030549999999,-0.6465,-0.1175,0.0541,-0.7518,4.176705237321635,-14.277845148024644,98.08374934433456,30.4
76015519083506,10.023935,52879.0,10.0,-0.2466243,-0.07058273999999999,-0.96653388,0.9999966048563624,0.0,0.0,0.0,-2.4320492,0.6962721499999999,9.473223899999999,-0.6465,-0.1175,0.0541,-0.7518,4.176705237321635,-14.277845148024644,98.08374934433456,30.4
76015529094301,10.010795,52889.0,10.0,-0.2466243,-0.07058273999999999,-0.96653388,0.9999966048563624,0.0,0.0,0.0,-2.4124358999999997,0.6962721499999999,9.483030549999999,-0.6465,-0.1175,0.0541,-0.7518,4.176705237321635,-14.277845148024644,98.08374934433456,30.4
76015539111777,10.017476,52899.0,10.0,-0.2466243,-0.07058273999999999,-0.96653388,0.9999966048563624,0.0,0.0,0.0,-2.4124358999999997,0.6864655000000001,9.473223899999999,-0.6465,-0.1175,0.0541,-0.7518,4.176705237321635,-14.277845148024644,98.08374934433456,30.4
76015549108324,9.996547,52909.0,10.0,-0.2466243,-0.07058273999999999,-0.96653388,0.9999966048563624,0.0,0.0,0.0,-2.4124358999999997,0.6864655000000001,9.473223899999999,-0.6465,-0.1175,0.0541,-0.7518,4.176705237321635,-14.277845148024644,98.08374934433456,30.4
76015559089640,9.981316,52919.0,10.0,-0.2466243,-0.07058273999999999,-0.96653388,0.9999966048563624,0.0,0.0,0.0,-2.4124358999999997,0.67665885,9.473223899999999,-0.6465,-0.1175,0.0541,-0.7518,4.176705237321635,-14.277845148024644,98.08374934433456,30.4
76015569084669,9.995029,52929.0,10.0,-0.2466243,-0.07058273999999999,-0.96653388,0.9999966048563624,0.0,0.0,0.0,-2.42224255,0.6864655000000001,9.473223899999999,-0.6465,-0.1175,0.0541,-0.7518,4.176705237321635,-14.277845148024644,98.08374934433456,30.4
76015579092035,10.007366,52939.0,10.0,-0.2466243,-0.07058273999999999,-0.96653388,0.9999966048563624,0.0,0.0,0.0,-2.4124358999999997,0.6864655000000001,9.492837199999999,-0.6465,-0.1175,0.0541,-0.7518,4.176705237321635,-14.277845148024644,98.08374934433456,30.4
76015589082011,9.989976,52949.0,10.0,-0.2466243,-0.07058273999999999,-0.96653388,0.9999966048563624,0.0,0.0,0.0,-2.42224255,0.6864655000000001,9.473223899999999,-0.6465,-0.1175,0.0541,-0.7518,4.176705237321635,-14.277845148024644,98.08374934433456,30.4
76015599039785,9.957774,52959.0,10.0,-0.2466243,-0.07058273999999999,-0.96653388,0.9999966048563624,0.0,0.0,0.0,-2.40262925,0.6962721499999999,9.473223899999999,-0.6465,-0.1175,0.0541,-0.7518,4.176705237321635,-14.277845148024644,98.08374934433456,30.4
76015609052932,10.013147,52969.0,10.0,-0.2466243,-0.07058273999999999,-0.96653388,0.9999966048563624,0.0,0.0,0.0,-2.4124358999999997,0.6962721499999999,9.483030549999999,-0.6465,-0.1175,0.0541,-0.7518,4.176705237321635,-14.277845148024644,98.08374934433456,30.4
76015619087723,10.034791,52979.0,10.0,-0.2466243,-0.07058273999999999,-0.96653388,0.9999966048563624,0.0,0.0,0.0,-2.4124358999999997,0.6962721499999999,9.473223899999999,-0.6465,-0.1175,0.0541,-0.7518,4.176705237321635,-14.277845148024644,98.08374934433456,30.4
76015629041543,9.95382,52989.0,10.0,-0.2466243,-0.07058273999999999,-0.96653388,0.9999966048563624,0.0,0.0,0.0,-2.42224255,0.6962721499999999,9.483030549999999,-0.6465,-0.1175,0.0541,-0.7518,4.176705237321635,-14.277845148024644,98.08374934433456,30.4
76015639097119,10.055576,52999.0,10.0,-0.2466243,-0.07058273999999999,-0.96653388,0.9999966048563624,0.0,0.0,0.0,-2.4124358999999997,0.6962721499999999,9.473223899999999,-0.6465,-0.1175,0.0541,-0.7518,4.176705237321635,-14.277845148024644,98.08374934433456,30.4
76015649111761,10.014642,53009.0,10.0,-0.2466243,-0.07058273999999999,-0.96653388,0.9999966048563624,0.0,0.0,0.0,-2.4320492,0.6962721499999999,9.492837199999999,-0.6465,-0.1175,0.0541,-0.7518,4.176705237321635,-14.277845148024644,98.08374934433456,30.4
76015659108066,9.996305,53019.0,10.0,-0.2466243,-0.07058273999999999,-0.96653388,0.9999966048563624,0.0,0.0,0.0,-2.42224255,0.6864655000000001,9.483030549999999,-0.6465,-0.1175,0.0541,-0.7518,4.176705237321635,-14.277845148024644,98.08374934433456,30.4
76015669117863,10.009797,53029.0,10.0,-0.2466243,-0.07058273999999999,-0.96653388,0.9999966048563624,0.0,0.0,0.0,-2.4124358999999997,0.6962721499999999,9.473223899999999,-0.6465,-0.1175,0.0541,-0.7518,4.176705237321635,-14.277845148024644,98.08374934433456,30.4
76015679089490,9.971627,53039.0,10.0,-0.2466243,-0.07058273999999999,-0.96653388,0.9999966048563624,0.0,0.0,0.0,-2.42224255,0.6962721499999999,9.473223899999999,-0.6465,-0.1175,0.0541,-0.7518,4.176705237321635,-14.277845148024644,98.08374934433456,30.4
76015689086492,9.997002,53049.0,10.0,-0.2466243,-0.07058273999999999,-0.96653388,0.9999966048563624,0.0,0.0,0.0,-2.42224255,0.6864655000000001,9.483030549999999,-0.6465,-0.1175,0.0541,-0.7518,4.176705237321635,-14.277845148024644,98.08374934433456,30.4
76015699043111,9.956619,53059.0,10.0,-0.2466243,-0.07058273999999999,-0.96653388,0.9999966048563624,0.0,0.0,0.0,-2.42224255,0.6962721499999999,9.483030549999999,-0.6465,-0.1175,0.0541,-0.7518,4.176705237321635,-14.277845148024644,98.08374934433456,30.4
76015709059023,10.015912,53069.0,10.0,-0.2466243,-0.07058273999999999,-0.96653388,0.9999966048563624,0.0,0.0,0.0,-2.4124358999999997,0.6962721499999999,9.483030549999999,-0.6465,-0.1175,0.0541,-0.7518,4.176705237321635,-14.277845148024644,98.08374934433456,30.4
76015719094378,10.035355,53079.0,10.0,-0.2466243,-0.07058273999999999,-0.96653388,0.9999966048563624,0.0,0.0,0.0,-2.42224255,0.6962721499999999,9.483030549999999,-0.6465,-0.1175,0.0541,-0.7518,4.176705237321635,-14.277845148024644,98.08374934433456,30.4
76015729057639,9.963261,53089.0,10.0,-0.2466243,-0.07058273999999999,-0.96653388,0.9999966048563624,0.0,0.0,0.0,-2.40262925,0.6864655000000001,9.473223899999999,-0.6465,-0.1175,0.0541,-0.7518,4.176705237321635,-14.277845148024644,98.08374934433456,30.4
76015739088483,10.030844,53099.0,10.0,-0.2466243,-0.07058273999999999,-0.96653388,0.9999966048563624,0.0,0.0,0.0,-2.4124358999999997,0.6864655000000001,9.473223899999999,-0.6465,-0.1175,0.0541,-0.7518,4.176705237321635,-14.277845148024644,98.08374934433456,30.4
76015749063313,9.97483,53109.0,10.0,-0.2466243,-0.07058273999999999,-0.96653388,0.9999966048563624,0.0,0.0,0.0,-2.42224255,0.6962721499999999,9.473223899999999,-0.6465,-0.1175,0.0541,-0.7518,4.176705237321635,-14.277845148024644,98.08374934433456,30.4
76015759097863,10.03455,53119.0,10.0,-0.2466243,-0.07058273999999999,-0.96653388,0.9999966048563624,0.0,0.0,0.0,-2.4124358999999997,0.6864655000000001,9.46341725,-0.6465,-0.1175,0.0541,-0.7518,4.176705237321635,-14.277845148024644,98.08374934433456,30.4
76015769082437,9.984574,53129.0,10.0,-0.2466243,-0.07058273999999999,-0.96653388,0.9999966048563624,0.0,0.0,0.0,-2.4124358999999997,0.6962721499999999,9.473223899999999,-0.6465,-0.1175,0.0541,-0.7518,4.176705237321635,-14.277845148024644,98.08374934433456,30.4
76015779092381,10.009944,53139.0,10.0,-0.2466243,-0.07058273999999999,-0.96653388,0.9999966048563624,0.0,0.0,0.0,-2.4320492,0.6962721499999999,9.492837199999999,-0.6465,-0.1175,0.0541,-0.7518,4.176705237321635,-14.277845148024644,98.08374934433456,30.4
76015789090403,9.998022,53149.0,10.0,-0.2466243,-0.07058273999999999,-0.96653388,0.9999966048563624,0.0,0.0,0.0,-2.42224255,0.6962721499999999,9.483030549999999,-0.6465,-0.1175,0.0541,-0.7518,4.176705237321635,-14.277845148024644,98.08374934433456,30.4
76015799039415,9.949012,53159.0,10.0,-0.2466243,-0.07058273999999999,-0.96653388,0.9999966048563624,0.0,0.0,0.0,-2.42224255,0.6962721499999999,9.483030549999999,-0.6465,-0.1175,0.0541,-0.7518,4.176705237321635,-14.277845148024644,98.08374934433456,30.4
76015809213491,10.174076,53169.0,10.0,-0.2466243,-0.07058273999999999,-0.96653388,0.9999966048563624,0.0,0.0,0.0,-2.42224255,0.6864655000000001,9.483030549999999,-0.6465,-0.1175,0.0541,-0.7518,4.176705237321635,-14.277845148024644,98.08374934433456,30.4
76015819207480,9.993989,53179.0,10.0,-0.2466243,-0.07058273999999999,-0.96653388,0.9999966048563624,0.0,0.0,0.0,-2.42224255,0.6962721499999999,9.473223899999999,-0.6465,-0.1175,0.0541,-0.7518,4.176705237321635,-14.277845148024644,98.08374934433456,30.4
76015829193978,9.986498,53189.0,10.0,-0.2466243,-0.07058273999999999,-0.96653388,0.9999966048563624,0.0,0.0,0.0,-2.42224255,0.7060787999999999,9.473223899999999,-0.6465,-0.1175,0.0541,-0.7518,4.176705237321635,-14.277845148024644,98.08374934433456,30.4
76015839240299,10.046321,53199.0,10.0,-0.2466243,-0.07058273999999999,-0.96653388,0.9999966048563624,0.0,0.0,0.0,-2.4124358999999997,0.6962721499999999,9.492837199999999,-0.6465,-0.1175,0.0541,-0.7518,4.176705237321635,-14.277845148024644,98.08374934433456,30.4
76015849234934,9.994635,53209.0,10.0,-0.2466243,-0.07058273999999999,-0.96653388,0.9999966048563624,0.0,0.0,0.0,-2.4124358999999997,0.6864655000000001,9.483030549999999,-0.6465,-0.1175,0.0541,-0.7518,4.176705237321635,-14.277845148024644,98.08374934433456,30.4
76015859216721,9.981787,53219.0,10.0,-0.2466243,-0.07058273999999999,-0.96653388,0.9999966048563624,0.0,0.0,0.0,-2.42224255,0.6864655000000001,9.4536106,-0.6465,-0.1175,0.0541,-0.7518,4.176705237321635,-14.277845148024644,98.08374934433456,30.4
76015869219235,10.002514,53229.0,10.0,-0.2466243,-0.07058273999999999,-0.96653388,0.9999966048563624,0.0,0.0,0.0,-2.42224255,0.6962721499999999,9.483030549999999,-0.6465,-0.1175,0.0541,-0.7518,4.176705237321635,-14.277845148024644,98.08374934433456,30.4
76015879289444,10.070209,53239.0,10.0,-0.2466243,-0.07058273999999999,-0.96653388,0.9999966048563624,0.0,0.0,0.0,-2.40262925,0.7060787999999999,9.502643849999998,-0.6465,-0.1175,0.0541,-0.7518,4.176705237321635,-14.277845148024644,98.08374934433456,30.4
76015889220255,9.930811,53249.0,10.0,-0.2466243,-0.07058273999999999,-0.96653388,0.9999966048563624,0.0,0.0,0.0,-2.42224255,0.6962721499999999,9.483030549999999,-0.6465,-0.1175,0.0541,-0.7518,4.176705237321635,-14.277845148024644,98.08374934433456,30.4
76015899199657,9.979402,53259.0,10.0,-0.2466243,-0.07058273999999999,-0.96653388,0.9999966048563624,0.0,0.0,0.0,-2.42224255,0.67665885,9.483030549999999,-0.6465,-0.1175,0.0541,-0.7518,4.176705237321635,-14.277845148024644,98.08374934433456,30.4
76015909217975,10.018318,53269.0,10.0,-0.2466243,-0.07058273999999999,-0.96653388,0.9999966048563624,0.0,0.0,0.0,-2.42224255,0.6962721499999999,9.46341725,-0.6465,-0.1175,0.0541,-0.7518,4.176705237321635,-14.277845148024644,98.08374934433456,30.4
76015919228420,10.010445,53279.0,10.0,-0.2466243,-0.07058273999999999,-0.96653388,0.9999966048563624,0.0,0.0,0.0,-2.42224255,0.6962721499999999,9.483030549999999,-0.6465,-0.1175,0.0541,-0.7518,4.176705237321635,-14.277845148024644,98.08374934433456,30.4
76015929152025,9.923605,53289.0,10.0,-0.2466243,-0.07058273999999999,-0.96653388,0.9999966048563624,0.0,0.0,0.0,-2.42224255,0.6864655000000001,9.483030549999999,-0.6465,-0.1175,0.0541,-0.7518,4.176705237321635,-14.277845148024644,98.08374934433456,30.4
76015939222846,10.070821,53299.0,10.0,-0.2466243,-0.07058273999999999,-0.96653388,0.9999966048563624,0.0,0.0,0.0,-2.42224255,0.6962721499999999,9.473223899999999,-0.6465,-0.1175,0.0541,-0.7518,4.176705237321635,-14.277845148024644,98.08374934433456,30.4
76015949218645,9.995799,53309.0,10.0,-0.2466243,-0.07058273999999999,-0.96653388,0.9999966048563624,0.0,0.0,0.0,-2.42224255,0.6962721499999999,9.473223899999999,-0.6465,-0.1175,0.0541,-0.7518,4.176705237321635,-14.277845148024644,98.08374934433456,30.4
76015959196852,9.978207,53319.0,10.0,-0.2466243,-0.07058273999999999,-0.96653388,0.9999966048563624,0.0,0.0,0.0,-2.42224255,0.7060787999999999,9.483030549999999,-0.6465,-0.1175,0.0541,-0.7518,4.176705237321635,-14.277845148024644,98.08374934433456,30.4
76015969154451,9.957599,53329.0,10.0,-0.2466243,-0.07058273999999999,-0.96653388,0.9999966048563624,0.0,0.0,0.0,-2.4124358999999997,0.6962721499999999,9.483030549999999,-0.6465,-0.1175,0.0541,-0.7518,4.176705237321635,-14.277845148024644,98.08374934433456,30.4
76015979128398,9.973947,53339.0,10.0,-0.2466243,-0.07058273999999999,-0.96653388,0.9999966048563624,0.0,0.0,0.0,-2.4124358999999997,0.6962721499999999,9.473223899999999,-0.6465,-0.1175,0.0541,-0.7518,4.176705237321635,-14.277845148024644,98.08374934433456,30.4
76015989205178,10.07678,53349.0,10.0,-0.2466243,-0.07058273999999999,-0.96653388,0.9999966048563624,0.0,0.0,0.0,-2.42224255,0.6962721499999999,9.473223899999999,-0.6465,-0.1175,0.0541,-0.7518,4.176705237321635,-14.277845148024644,98.08374934433456,30.4
76015999187944,9.982766,53359.0,10.0,-0.2466243,-0.07058273999999999,-0.96653388,0.9999966048563624,0.0,0.0,0.0,-2.42224255,0.6864655000000001,9.483030549999999,-0.6465,-0.1175,0.0541,-0.7518,4.176705237321635,-14.277845148024644,98.08374934433456,30.4
76016009154584,9.96664,53369.0,10.0,-0.2466243,-0.07058273999999999,-0.96653388,0.9999966048563624,0.0,0.0,0.0,-2.4124358999999997,0.6864655000000001,9.483030549999999,-0.6465,-0.1175,0.0541,-0.7518,4.176705237321635,-14.277845148024644,98.08374934433456,30.4
76016019146223,9.991639,53379.0,10.0,-0.2466243,-0.07058273999999999,-0.96653388,0.9999966048563624,0.0,0.0,0.0,-2.4124358999999997,0.6962721499999999,9.46341725,-0.6465,-0.1175,0.0541,-0.7518,4.176705237321635,-14.277845148024644,98.08374934433456,30.4
76016029203415,10.057192,53389.0,10.0,-0.2466243,-0.07058273999999999,-0.96653388,0.9999966048563624,0.0,0.0,0.0,-2.42224255,0.67665885,9.483030549999999,-0.6465,-0.1175,0.0541,-0.7518,4.176705237321635,-14.277845148024644,98.08374934433456,30.4
76016039193565,9.99015,53399.0,10.0,-0.2466243,-0.07058273999999999,-0.96653388,0.9999966048563624,0.0,0.0,0.0,-2.42224255,0.6864655000000001,9.483030549999999,-0.6465,-0.1175,0.0541,-0.7518,4.176705237321635,-14.277845148024644,98.08374934433456,30.4
76016049199673,10.006108,53409.0,10.0,-0.2466243,-0.07058273999999999,-0.96653388,0.9999966048563624,0.0,0.0,0.0,-2.4124358999999997,0.6864655000000001,9.46341725,-0.6465,-0.1175,0.0541,-0.7518,4.176705237321635,-14.277845148024644,98.08374934433456,30.4
76016059101150,9.901477,53419.0,10.0,-0.2466243,-0.07058273999999999,-0.96653388,0.9999966048563624,0.0,0.0,0.0,-2.4124358999999997,0.6962721499999999,9.473223899999999,-0.6465,-0.1175,0.0541,-0.7518,4.176705237321635,-14.277845148024644,98.08374934433456,30.4
76016069065357,9.964207,53429.0,10.0,-0.2466243,-0.07058273999999999,-0.96653388,0.9999966048563624,0.0,0.0,0.0,-2.4320492,0.6864655000000001,9.473223899999999,-0.6465,-0.1175,0.0541,-0.7518,4.176705237321635,-14.277845148024644,98.08374934433456,30.4
76016079112997,10.04764,53439.0,10.0,-0.2466243,-0.07058273999999999,-0.96653388,0.9999966048563624,0.0,0.0,0.0,-2.4124358999999997,0.6962721499999999,9.473223899999999,-0.6465,-0.1175,0.0541,-0.7518,4.176705237321635,-14.277845148024644,98.08374934433456,30.4
76016089098415,9.985418,53449.0,10.0,-0.2466243,-0.07058273999999999,-0.96653388,0.9999966048563624,0.0,0.0,0.0,-2.42224255,0.6962721499999999,9.483030549999999,-0.6465,-0.1175,0.0541,-0.7518,4.176705237321635,-14.277845148024644,98.08374934433456,30.4
76016099095305,9.99689,53459.0,10.0,-0.2466243,-0.07058273999999999,-0.96653388,0.9999966048563624,0.0,0.0,0.0,-2.42224255,0.6864655000000001,9.483030549999999,-0.6465,-0.1175,0.0541,-0.7518,4.176705237321635,-14.277845148024644,98.08374934433456,30.4
76016109119463,10.024158,53469.0,10.0,-0.2466243,-0.07058273999999999,-0.96653388,0.9999966048563624,0.0,0.0,0.0,-2.4124358999999997,0.6962721499999999,9.473223899999999,-0.6465,-0.1175,0.0541,-0.7518,4.176705237321635,-14.277845148024644,98.08374934433456,30.4
76016119037141,9.917678,53479.0,10.0,-0.2466243,-0.07058273999999999,-0.96653388,0.9999966048563624,0.0,0.0,0.0,-2.4124358999999997,0.6962721499999999,9.483030549999999,-0.6465,-0.1175,0.0541,-0.7518,4.176705237321635,-14.277845148024644,98.08374934433456,30.4
76016129093580,10.056439,53489.0,10.0,-0.2466243,-0.07058273999999999,-0.96653388,0.9999966048563624,0.0,0.0,0.0,-2.4124358999999997,0.6962721499999999,9.492837199999999,-0.6465,-0.1175,0.0541,-0.7518,4.176705237321635,-14.277845148024644,98.08374934433456,30.4
76016139103344,10.009764,53499.0,10.0,-0.2466243,-0.07058273999999999,-0.96653388,0.9999966048563624,0.0,0.0,0.0,-2.42224255,0.6962721499999999,9.492837199999999,-0.6465,-0.1175,0.0541,-0.7518,4.176705237321635,-14.277845148024644,98.08374934433456,30.4
76016149085368,9.982024,53509.0,10.0,-0.2466243,-0.07058273999999999,-0.96653388,0.9999966048563624,0.0,0.0,0.0,-2.4124358999999997,0.6864655000000001,9.473223899999999,-0.6465,-0.1175,0.0541,-0.7518,4.176705237321635,-14.277845148024644,98.08374934433456,30.4
76016159052477,9.967109,53519.0,10.0,-0.2466243,-0.07058273999999999,-0.96653388,0.9999966048563624,0.0,0.0,0.0,-2.4124358999999997,0.6962721499999999,9.473223899999999,-0.6465,-0.1175,0.0541,-0.7518,4.176705237321635,-14.277845148024644,98.08374934433456,30.4
76016169120424,10.067947,53529.0,10.0,-0.2466243,-0.07058273999999999,-0.96653388,0.9999966048563624,0.0,0.0,0.0,-2.42224255,0.6962721499999999,9.492837199999999,-0.6465,-0.1175,0.0541,-0.7518,4.176705237321635,-14.277845148024644,98.08374934433456,30.4
76016179093971,9.973547,53539.0,10.0,-0.2466243,-0.07058273999999999,-0.96653388,0.9999966048563624,0.0,0.0,0.0,-2.42224255,0.6962721499999999,9.502643849999998,-0.6465,-0.1175,0.0541,-0.7518,4.176705237321635,-14.277845148024644,98.08374934433456,30.4
76016189250671,10.1567,53549.0,10.0,-0.2466243,-0.07058273999999999,-0.96653388,0.9999966048563624,0.0,0.0,0.0,-2.4124358999999997,0.6864655000000001,9.46341725,-0.6465,-0.1175,0.0541,-0.7518,4.176705237321635,-14.277845148024644,98.08374934433456,30.4
76016199128664,9.877993,53559.0,10.0,-0.2466243,-0.07058273999999999,-0.96653388,0.9999966048563624,0.0,0.0,0.0,-2.42224255,0.6962721499999999,9.502643849999998,-0.6465,-0.1175,0.0541,-0.7518,4.176705237321635,-14.277845148024644,98.08374934433456,30.4
76016209113246,9.984582,53569.0,10.0,-0.2466243,-0.07058273999999999,-0.96653388,0.9999966048563624,0.0,0.0,0.0,-2.42224255,0.6962721499999999,9.483030549999999,-0.6465,-0.1175,0.0541,-0.7518,4.176705237321635,-14.277845148024644,98.08374934433456,30.4
76016219093136,9.97989,53579.0,10.0,-0.2466243,-0.07058273999999999,-0.96653388,0.9999966048563624,0.0,0.0,0.0,-2.4124358999999997,0.6962721499999999,9.492837199999999,-0.6465,-0.1175,0.0541,-0.7518,4.176705237321635,-14.277845148024644,98.08374934433456,30.4
76016229105913,10.012777,53589.0,10.0,-0.2466243,-0.07058273999999999,-0.96653388,0.9999966048563624,0.0,0.0,0.0,-2.4124358999999997,0.7060787999999999,9.483030549999999,-0.6465,-0.1175,0.0541,-0.7518,4.176705237321635,-14.277845148024644,98.08374934433456,30.4
76016239104141,9.998228,53599.0,10.0,-0.2466243,-0.07058273999999999,-0.96653388,0.9999966048563624,0.0,0.0,0.0,-2.42224255,0.6864655000000001,9.46341725,-0.6465,-0.1175,0.0541,-0.7518,4.176705237321635,-14.277845148024644,98.08374934433456,30.4
76016249051559,9.947418,53609.0,10.0,-0.2466243,-0.07058273999999999,-0.96653388,0.9999966048563624,0.0,0.0,0.0,-2.4124358999999997,0.6962721499999999,9.492837199999999,-0.6465,-0.1175,0.0541,-0.7518,4.176705237321635,-14.277845148024644,98.08374934433456,30.4
76016259065220,10.013661,53619.0,10.0,-0.2466243,-0.07058273999999999,-0.96653388,0.9999966048563624,0.0,0.0,0.0,-2.42224255,0.7060787999999999,9.473223899999999,-0.6465,-0.1175,0.0541,-0.7518,4.176705237321635,-14.277845148024644,98.08374934433456,30.4
76016269095157,10.029937,53629.0,10.0,-0.2466243,-0.07058273999999999,-0.96653388,0.9999966048563624,0.0,0.0,0.0,-2.42224255,0.6962721499999999,9.483030549999999,-0.6465,-0.1175,0.0541,-0.7518,4.176705237321635,-14.277845148024644,98.08374934433456,30.4
76016279069538,9.974381,53639.0,10.0,-0.2466243,-0.07058273999999999,-0.96653388,0.9999966048563624,0.0,0.0,0.0,-2.42224255,0.6962721499999999,9.483030549999999,-0.6465,-0.1175,0.0541,-0.7518,4.176705237321635,-14.277845148024644,98.08374934433456,30.4
76016289107031,10.037493,53649.0,10.0,-0.2466243,-0.07058273999999999,-0.96653388,0.9999966048563624,0.0,0.0,0.0,-2.42224255,0.6864655000000001,9.473223899999999,-0.6465,-0.1175,0.0541,-0.7518,4.176705237321635,-14.277845148024644,98.08374934433456,30.4
76016299060580,9.953549,53659.0,10.0,-0.2466243,-0.07058273999999999,-0.96653388,0.9999966048563624,0.0,0.0,0.0,-2.42224255,0.6864655000000001,9.483030549999999,-0.6465,-0.1175,0.0541,-0.7518,4.176705237321635,-14.277845148024644,98.08374934433456,30.4
76016309105997,10.045417,53669.0,10.0,-0.2466243,-0.07058273999999999,-0.96653388,0.9999966048563624,0.0,0.0,0.0,-2.4124358999999997,0.6962721499999999,9.473223899999999,-0.6465,-0.1175,0.0541,-0.7518,4.176705237321635,-14.277845148024644,98.08374934433456,30.4
76016319042195,9.936198,53679.0,10.0,-0.2466243,-0.07058273999999999,-0.96653388,0.9999966048563624,0.0,0.0,0.0,-2.42224255,0.6962721499999999,9.473223899999999,-0.6465,-0.1175,0.0541,-0.7518,4.176705237321635,-14.277845148024644,98.08374934433456,30.4
76016329096132,10.053937,53689.0,10.0,-0.2466243,-0.07058273999999999,-0.96653388,0.9999966048563624,0.0,0.0,0.0,-2.42224255,0.6864655000000001,9.473223899999999,-0.6465,-0.1175,0.0541,-0.7518,4.176705237321635,-14.277845148024644,98.08374934433456,30.4
76016339047994,9.951862,53699.0,10.0,-0.2466243,-0.07058273999999999,-0.96653388,0.9999966048563624,0.0,0.0,0.0,-2.4124358999999997,0.6962721499999999,9.473223899999999,-0.6465,-0.1175,0.0541,-0.7518,4.176705237321635,-14.277845148024644,98.08374934433456,30.4
76016349083084,10.03509,53709.0,10.0,-0.2466243,-0.07058273999999999,-0.96653388,0.9999966048563624,0.0,0.0,0.0,-2.42224255,0.6864655000000001,9.492837199999999,-0.6465,-0.1175,0.0541,-0.7518,4.176705237321635,-14.277845148024644,98.08374934433456,30.4
76016359048537,9.965453,53719.0,10.0,-0.2466243,-0.07058273999999999,-0.96653388,0.9999966048563624,0.0,0.0,0.0,-2.4124358999999997,0.6962721499999999,9.46341725,-0.6465,-0.1175,0.0541,-0.7518,4.176705237321635,-14.277845148024644,98.08374934433456,30.4
76016369059230,10.010693,53729.0,10.0,-0.2466243,-0.07058273999999999,-0.96653388,0.9999966048563624,0.0,0.0,0.0,-2.4320492,0.6962721499999999,9.492837199999999,-0.6465,-0.1175,0.0541,-0.7518,4.176705237321635,-14.277845148024644,98.08374934433456,30.4
76016379049687,9.990457,53739.0,10.0,-0.2466243,-0.07058273999999999,-0.96653388,0.9999966048563624,0.0,0.0,0.0,-2.42224255,0.6962721499999999,9.483030549999999,-0.6465,-0.1175,0.0541,-0.7518,4.176705237321635,-14.277845148024644,98.08374934433456,30.4
76016389051518,10.001831,53749.0,10.0,-0.2466243,-0.07058273999999999,-0.96653388,0.9999966048563624,0.0,0.0,0.0,-2.4124358999999997,0.6864655000000001,9.483030549999999,-0.6465,-0.1175,0.0541,-0.7518,4.176705237321635,-14.277845148024644,98.08374934433456,30.4
76016399112917,10.061399,53759.0,10.0,-0.2466243,-0.07058273999999999,-0.96653388,0.9999966048563624,0.0,0.0,0.0,-2.4124358999999997,0.7060787999999999,9.483030549999999,-0.6465,-0.1175,0.0541,-0.7518,4.176705237321635,-14.277845148024644,98.08374934433456,30.4
76016409117806,10.004889,53769.0,10.0,-0.2466243,-0.07058273999999999,-0.96653388,0.9999966048563624,0.0,0.0,0.0,-2.4124358999999997,0.6962721499999999,9.492837199999999,-0.6465,-0.1175,0.0541,-0.7518,4.176705237321635,-14.277845148024644,98.08374934433456,30.4
76016419074203,9.956397,53779.0,10.0,-0.2466243,-0.07058273999999999,-0.96653388,0.9999966048563624,0.0,0.0,0.0,-2.42224255,0.6864655000000001,9.492837199999999,-0.6465,-0.1175,0.0541,-0.7518,4.176705237321635,-14.277845148024644,98.08374934433456,30.4
76016429061067,9.986864,53789.0,10.0,-0.2466243,-0.07058273999999999,-0.96653388,0.9999966048563624,0.0,0.0,0.0,-2.4124358999999997,0.6864655000000001,9.46341725,-0.6465,-0.1175,0.0541,-0.7518,4.176705237321635,-14.277845148024644,98.08374934433456,30.4
76016439092927,10.03186,53799.0,10.0,-0.2466243,-0.07058273999999999,-0.96653388,0.9999966048563624,0.0,0.0,0.0,-2.42224255,0.6864655000000001,9.473223899999999,-0.6465,-0.1175,0.0541,-0.7518,4.176705237321635,-14.277845148024644,98.08374934433456,30.4
76016449092219,9.999292,53809.0,10.0,-0.2466243,-0.07058273999999999,-0.96653388,0.9999966048563624,0.0,0.0,0.0,-2.4320492,0.6864655000000001,9.473223899999999,-0.6465,-0.1175,0.0541,-0.7518,4.176705237321635,-14.277845148024644,98.08374934433456,30.4
76016459182475,10.090256,53819.0,10.0,-0.2466243,-0.07058273999999999,-0.96653388,0.9999966048563624,0.0,0.0,0.0,-2.42224255,0.6864655000000001,9.492837199999999,-0.6465,-0.1175,0.0541,-0.7518,4.176705237321635,-14.277845148024644,98.08374934433456,30.4
76016469133454,9.950979,53829.0,10.0,-0.2466243,-0.07058273999999999,-0.96653388,0.9999966048563624,0.0,0.0,0.0,-2.42224255,0.6962721499999999,9.473223899999999,-0.6465,-0.1175,0.0541,-0.7518,4.176705237321635,-14.277845148024644,98.08374934433456,30.4
76016479175364,10.04191,53839.0,10.0,-0.2466243,-0.07058273999999999,-0.96653388,0.9999966048563624,0.0,0.0,0.0,-2.4124358999999997,0.6962721499999999,9.492837199999999,-0.6465,-0.1175,0.0541,-0.7518,4.176705237321635,-14.277845148024644,98.08374934433456,30.4
76016489205862,10.030498,53849.0,10.0,-0.2466243,-0.07058273999999999,-0.96653388,0.9999966048563624,0.0,0.0,0.0,-2.4124358999999997,0.6962721499999999,9.483030549999999,-0.6465,-0.1175,0.0541,-0.7518,4.176705237321635,-14.277845148024644,98.08374934433456,30.4
76016499118065,9.912203,53859.0,10.0,-0.2466243,-0.07058273999999999,-0.96653388,0.9999966048563624,0.0,0.0,0.0,-2.42224255,0.7060787999999999,9.483030549999999,-0.6465,-0.1175,0.0541,-0.7518,4.176705237321635,-14.277845148024644,98.08374934433456,30.4
76016509085154,9.967089,53869.0,10.0,-0.2466243,-0.07058273999999999,-0.96653388,0.9999966048563624,0.0,0.0,0.0,-2.4320492,0.6864655000000001,9.483030549999999,-0.6465,-0.1175,0.0541,-0.7518,4.176705237321635,-14.277845148024644,98.08374934433456,30.4
76016519199218,10.114064,53879.0,10.0,-0.2466243,-0.07058273999999999,-0.96653388,0.9999966048563624,0.0,0.0,0.0,-2.4320492,0.6962721499999999,9.483030549999999,-0.6465,-0.1175,0.0541,-0.7518,4.176705237321635,-14.277845148024644,98.08374934433456,30.4
76016529153277,9.954059,53889.0,10.0,-0.2466243,-0.07058273999999999,-0.96653388,0.9999966048563624,0.0,0.0,0.0,-2.42224255,0.6962721499999999,9.483030549999999,-0.6465,-0.1175,0.0541,-0.7518,4.176705237321635,-14.277845148024644,98.08374934433456,30.4
76016539125379,9.972102,53899.0,10.0,-0.2466243,-0.07058273999999999,-0.96653388,0.9999966048563624,0.0,0.0,0.0,-2.42224255,0.6864655000000001,9.483030549999999,-0.6465,-0.1175,0.0541,-0.7518,4.176705237321635,-14.277845148024644,98.08374934433456,30.4
76016549207663,10.082284,53909.0,10.0,-0.2466243,-0.07058273999999999,-0.96653388,0.9999966048563624,0.0,0.0,0.0,-2.4124358999999997,0.6962721499999999,9.492837199999999,-0.6465,-0.1175,0.0541,-0.7518,4.176705237321635,-14.277845148024644,98.08374934433456,30.4
76016559199592,9.991929,53919.0,10.0,-0.2466243,-0.07058273999999999,-0.96653388,0.9999966048563624,0.0,0.0,0.0,-2.44185585,0.6962721499999999,9.492837199999999,-0.6465,-0.1175,0.0541,-0.7518,4.176705237321635,-14.277845148024644,98.08374934433456,30.4
76016569134513,9.934921,53929.0,10.0,-0.2466243,-0.07058273999999999,-0.96653388,0.9999966048563624,0.0,0.0,0.0,-2.42224255,0.6864655000000001,9.483030549999999,-0.6465,-0.1175,0.0541,-0.7518,4.176705237321635,-14.277845148024644,98.08374934433456,30.4
76016579165125,10.030612,53939.0,10.0,-0.2466243,-0.07058273999999999,-0.96653388,0.9999966048563624,0.0,0.0,0.0,-2.4124358999999997,0.6962721499999999,9.483030549999999,-0.6465,-0.1175,0.0541,-0.7518,4.176705237321635,-14.277845148024644,98.08374934433456,30.4
76016589214933,10.049808,53949.0,10.0,-0.2466243,-0.07058273999999999,-0.96653388,0.9999966048563624,0.0,0.0,0.0,-2.4320492,0.6962721499999999,9.483030549999999,-0.6465,-0.1175,0.0541,-0.7518,4.176705237321635,-14.277845148024644,98.08374934433456,30.4
76016599198157,9.983224,53959.0,10.0,-0.2466243,-0.07058273999999999,-0.96653388,0.9999966048563624,0.0,0.0,0.0,-2.4124358999999997,0.6864655000000001,9.473223899999999,-0.6465,-0.1175,0.0541,-0.7518,4.176705237321635,-14.277845148024644,98.08374934433456,30.4
76016609212034,10.013877,53969.0,10.0,-0.2466243,-0.07058273999999999,-0.96653388,0.9999966048563624,0.0,0.0,0.0,-2.42224255,0.6962721499999999,9.483030549999999,-0.6465,-0.1175,0.0541,-0.7518,4.176705237321635,-14.277845148024644,98.08374934433456,30.4
76016619148576,9.936542,53979.0,10.0,-0.2466243,-0.07058273999999999,-0.96653388,0.9999966048563624,0.0,0.0,0.0,-2.42224255,0.6864655000000001,9.473223899999999,-0.6465,-0.1175,0.0541,-0.7518,4.176705237321635,-14.277845148024644,98.08374934433456,30.4
76016629122757,9.974181,53989.0,10.0,-0.2466243,-0.07058273999999999,-0.96653388,0.9999966048563624,0.0,0.0,0.0,-2.42224255,0.6962721499999999,9.483030549999999,-0.6465,-0.1175,0.0541,-0.7518,4.176705237321635,-14.277845148024644,98.08374934433456,30.4
76016639067127,9.94437,53999.0,10.0,-0.2466243,-0.07058273999999999,-0.96653388,0.9999966048563624,0.0,0.0,0.0,-2.42224255,0.6962721499999999,9.473223899999999,-0.6465,-0.1175,0.0541,-0.7518,4.176705237321635,-14.277845148024644,98.08374934433456,30.4
76016649030272,9.963145,54009.0,10.0,-0.2466243,-0.07058273999999999,-0.96653388,0.9999966048563624,0.0,0.0,0.0,-2.42224255,0.6864655000000001,9.502643849999998,-0.6465,-0.1175,0.0541,-0.7518,4.176705237321635,-14.277845148024644,98.08374934433456,30.4
76016659092127,10.061855,54019.0,10.0,-0.2466243,-0.07058273999999999,-0.96653388,0.9999966048563624,0.0,0.0,0.0,-2.4124358999999997,0.67665885,9.46341725,-0.6465,-0.1175,0.0541,-0.7518,4.176705237321635,-14.277845148024644,98.08374934433456,30.4
76016669090436,9.998309,54029.0,10.0,-0.2466243,-0.07058273999999999,-0.96653388,0.9999966048563624,0.0,0.0,0.0,-2.4320492,0.6962721499999999,9.483030549999999,-0.6465,-0.1175,0.0541,-0.7518,4.176705237321635,-14.277845148024644,98.08374934433456,30.4
76016679085284,9.994848,54039.0,10.0,-0.2466243,-0.07058273999999999,-0.96653388,0.9999966048563624,0.0,0.0,0.0,-2.42224255,0.6962721499999999,9.483030549999999,-0.6465,-0.1175,0.0541,-0.7518,4.176705237321635,-14.277845148024644,98.08374934433456,30.4
76016689206023,10.120739,54049.0,10.0,-0.2466243,-0.07058273999999999,-0.96653388,0.9999966048563624,0.0,0.0,0.0,-2.42224255,0.6864655000000001,9.473223899999999,-0.6465,-0.1175,0.0541,-0.7518,4.176705237321635,-14.277845148024644,98.08374934433456,30.4
76016699213923,10.0079,54059.0,10.0,-0.2466243,-0.07058273999999999,-0.96653388,0.9999966048563624,0.0,0.0,0.0,-2.4124358999999997,0.6864655000000001,9.483030549999999,-0.6465,-0.1175,0.0541,-0.7518,4.176705237321635,-14.277845148024644,98.08374934433456,30.4
76016709197130,9.983207,54069.0,10.0,-0.2466243,-0.07058273999999999,-0.96653388,0.9999966048563624,0.0,0.0,0.0,-2.4124358999999997,0.6962721499999999,9.473223899999999,-0.6465,-0.1175,0.0541,-0.7518,4.176705237321635,-14.277845148024644,98.08374934433456,30.4
76016719143860,9.94673,54079.0,10.0,-0.2466243,-0.07058273999999999,-0.96653388,0.9999966048563624,0.0,0.0,0.0,-2.42224255,0.6962721499999999,9.483030549999999,-0.6465,-0.1175,0.0541,-0.7518,4.176705237321635,-14.277845148024644,98.08374934433456,30.4
76016729111881,9.968021,54089.0,10.0,-0.2466243,-0.07058273999999999,-0.96653388,0.9999966048563624,0.0,0.0,0.0,-2.4320492,0.6864655000000001,9.483030549999999,-0.6465,-0.1175,0.0541,-0.7518,4.176705237321635,-14.277845148024644,98.08374934433456,30.4
76016739125833,10.013952,54099.0,10.0,-0.2466243,-0.07058273999999999,-0.96653388,0.9999966048563624,0.0,0.0,0.0,-2.40262925,0.6962721499999999,9.473223899999999,-0.6465,-0.1175,0.0541,-0.7518,4.176705237321635,-14.277845148024644,98.08374934433456,30.4
76016749105228,9.979395,54109.0,10.0,-0.2466243,-0.07058273999999999,-0.96653388,0.9999966048563624,0.0,0.0,0.0,-2.4124358999999997,0.6962721499999999,9.492837199999999,-0.6465,-0.1175,0.0541,-0.7518,4.176705237321635,-14.277845148024644,98.08374934433456,30.4
76016759132251,10.027023,54119.0,10.0,-0.2466243,-0.07058273999999999,-0.96653388,0.9999966048563624,0.0,0.0,0.0,-2.4124358999999997,0.67665885,9.473223899999999,-0.6465,-0.1175,0.0541,-0.7518,4.176705237321635,-14.277845148024644,98.08374934433456,30.4
76016769121654,9.989403,54129.0,10.0,-0.2466243,-0.07058273999999999,-0.96653388,0.9999966048563624,0.0,0.0,0.0,-2.42224255,0.6962721499999999,9.483030549999999,-0.6465,-0.1175,0.0541,-0.7518,4.176705237321635,-14.277845148024644,98.08374934433456,30.4
76016779114393,9.992739,54139.0,10.0,-0.2466243,-0.07058273999999999,-0.96653388,0.9999966048563624,0.0,0.0,0.0,-2.42224255,0.6962721499999999,9.483030549999999,-0.6465,-0.1175,0.0541,-0.7518,4.176705237321635,-14.277845148024644,98.08374934433456,30.4
76016789131115,10.016722,54149.0,10.0,-0.2466243,-0.07058273999999999,-0.96653388,0.9999966048563624,0.0,0.0,0.0,-2.4320492,0.67665885,9.483030549999999,-0.6465,-0.1175,0.0541,-0.7518,4.176705237321635,-14.277845148024644,98.08374934433456,30.4
76016799116859,9.985744,54159.0,10.0,-0.2466243,-0.07058273999999999,-0.96653388,0.9999966048563624,0.0,0.0,0.0,-2.4124358999999997,0.6864655000000001,9.483030549999999,-0.6465,-0.1175,0.0541,-0.7518,4.176705237321635,-14.277845148024644,98.08374934433456,30.4
76016809092900,9.976041,54169.0,10.0,-0.2466243,-0.07058273999999999,-0.96653388,0.9999966048563624,0.0,0.0,0.0,-2.4124358999999997,0.6864655000000001,9.483030549999999,-0.6465,-0.1175,0.0541,-0.7518,4.176705237321635,-14.277845148024644,98.08374934433456,30.4
76016819079722,9.986822,54179.0,10.0,-0.2466243,-0.07058273999999999,-0.96653388,0.9999966048563624,0.0,0.0,0.0,-2.4320492,0.6962721499999999,9.483030549999999,-0.6465,-0.1175,0.0541,-0.7518,4.176705237321635,-14.277845148024644,98.08374934433456,30.4
76016829122240,10.042518,54189.0,10.0,-0.2466243,-0.07058273999999999,-0.96653388,0.9999966048563624,0.0,0.0,0.0,-2.42224255,0.6962721499999999,9.4536106,-0.6465,-0.1175,0.0541,-0.7518,4.176705237321635,-14.277845148024644,98.08374934433456,30.4
76016839052485,9.930245,54199.0,10.0,-0.2466243,-0.07058273999999999,-0.96653388,0.9999966048563624,0.0,0.0,0.0,-2.4320492,0.6962721499999999,9.473223899999999,-0.6465,-0.1175,0.0541,-0.7518,4.176705237321635,-14.277845148024644,98.08374934433456,30.4
76016849135536,10.083051,54209.0,10.0,-0.2466243,-0.07058273999999999,-0.96653388,0.9999966048563624,0.0,0.0,0.0,-2.42224255,0.6962721499999999,9.483030549999999,-0.6465,-0.1175,0.0541,-0.7518,4.176705237321635,-14.277845148024644,98.08374934433456,30.4
76016859123716,9.98818,54219.0,10.0,-0.2466243,-0.07058273999999999,-0.96653388,0.9999966048563624,0.0,0.0,0.0,-2.42224255,0.6864655000000001,9.473223899999999,-0.6465,-0.1175,0.0541,-0.7518,4.176705237321635,-14.277845148024644,98.08374934433456,30.4
76016869093034,9.969318,54229.0,10.0,-0.2466243,-0.07058273999999999,-0.96653388,0.9999966048563624,0.0,0.0,0.0,-2.42224255,0.6962721499999999,9.483030549999999,-0.6465,-0.1175,0.0541,-0.7518,4.176705237321635,-14.277845148024644,98.08374934433456,30.4
76016879119704,10.02667,54239.0,10.0,-0.2466243,-0.07058273999999999,-0.96653388,0.9999966048563624,0.0,0.0,0.0,-2.4124358999999997,0.6864655000000001,9.46341725,-0.6465,-0.1175,0.0541,-0.7518,4.176705237321635,-14.277845148024644,98.08374934433456,30.4
76016889106033,9.986329,54249.0,10.0,-0.2466243,-0.07058273999999999,-0.96653388,0.9999966048563624,0.0,0.0,0.0,-2.42224255,0.6962721499999999,9.483030549999999,-0.6465,-0.1175,0.0541,-0.7518,4.176705237321635,-14.277845148024644,98.08374934433456,30.4
76016899091110,9.985077,54259.0,10.0,-0.2466243,-0.07058273999999999,-0.96653388,0.9999966048563624,0.0,0.0,0.0,-2.4124358999999997,0.6864655000000001,9.483030549999999,-0.6465,-0.1175,0.0541,-0.7518,4.176705237321635,-14.277845148024644,98.08374934433456,30.4
76016909121109,10.029999,54269.0,10.0,-0.2466243,-0.07058273999999999,-0.96653388,0.9999966048563624,0.0,0.0,0.0,-2.4320492,0.6962721499999999,9.46341725,-0.6465,-0.1175,0.0541,-0.7518,4.176705237321635,-14.277845148024644,98.08374934433456,30.4
76016919089032,9.967923,54279.0,10.0,-0.2466243,-0.07058273999999999,-0.96653388,0.9999966048563624,0.0,0.0,0.0,-2.4124358999999997,0.6962721499999999,9.492837199999999,-0.6465,-0.1175,0.0541,-0.7518,4.176705237321635,-14.277845148024644,98.08374934433456,30.4
76016929096241,10.007209,54289.0,10.0,-0.2466243,-0.07058273999999999,-0.96653388,0.9999966048563624,0.0,0.0,0.0,-2.42224255,0.6864655000000001,9.473223899999999,-0.6465,-0.1175,0.0541,-0.7518,4.176705237321635,-14.277845148024644,98.08374934433456,30.4
76016939071840,9.975599,54299.0,10.0,-0.2466243,-0.07058273999999999,-0.96653388,0.9999966048563624,0.0,0.0,0.0,-2.4124358999999997,0.6962721499999999,9.492837199999999,-0.6465,-0.1175,0.0541,-0.7518,4.176705237321635,-14.277845148024644,98.08374934433456,30.4
76016949125103,10.053263,54309.0,10.0,-0.2466243,-0.07058273999999999,-0.96653388,0.9999966048563624,0.0,0.0,0.0,-2.42224255,0.6864655000000001,9.483030549999999,-0.6465,-0.1175,0.0541,-0.7518,4.176705237321635,-14.277845148024644,98.08374934433456,30.4
76016959132249,10.007146,54319.0,10.0,-0.2466243,-0.07058273999999999,-0.96653388,0.9999966048563624,0.0,0.0,0.0,-2.42224255,0.6864655000000001,9.483030549999999,-0.6465,-0.1175,0.0541,-0.7518,4.176705237321635,-14.277845148024644,98.08374934433456,30.4
76016969120993,9.988744,54329.0,10.0,-0.2466243,-0.07058273999999999,-0.96653388,0.9999966048563624,0.0,0.0,0.0,-2.42224255,0.6962721499999999,9.483030549999999,-0.6465,-0.1175,0.0541,-0.7518,4.176705237321635,-14.277845148024644,98.08374934433456,30.4
76016979148699,10.027706,54339.0,10.0,-0.2466243,-0.07058273999999999,-0.96653388,0.9999966048563624,0.0,0.0,0.0,-2.4124358999999997,0.6962721499999999,9.483030549999999,-0.6465,-0.1175,0.0541,-0.7518,4.176705237321635,-14.277845148024644,98.08374934433456,30.4
76016989143291,9.994592,54349.0,10.0,-0.2466243,-0.07058273999999999,-0.96653388,0.9999966048563624,0.0,0.0,0.0,-2.42224255,0.6864655000000001,9.473223899999999,-0.6465,-0.1175,0.0541,-0.7518,4.176705237321635,-14.277845148024644,98.08374934433456,30.4
76016999127505,9.984214,54359.0,10.0,-0.2466243,-0.07058273999999999,-0.96653388,0.9999966048563624,0.0,0.0,0.0,-2.42224255,0.6962721499999999,9.473223899999999,-0.6465,-0.1175,0.0541,-0.7518,4.176705237321635,-14.277845148024644,98.08374934433456,30.4
76017009130143,10.002638,54369.0,10.0,-0.2466243,-0.07058273999999999,-0.96653388,0.9999966048563624,0.0,0.0,0.0,-2.4124358999999997,0.6962721499999999,9.483030549999999,-0.6465,-0.1175,0.0541,-0.7518,4.176705237321635,-14.277845148024644,98.08374934433456,30.4
76017019076467,9.946324,54379.0,10.0,-0.2466243,-0.07058273999999999,-0.96653388,0.9999966048563624,0.0,0.0,0.0,-2.4320492,0.6864655000000001,9.483030549999999,-0.6465,-0.1175,0.0541,-0.7518,4.176705237321635,-14.277845148024644,98.08374934433456,30.4
76017029129618,10.053151,54389.0,10.0,-0.2466243,-0.07058273999999999,-0.96653388,0.9999966048563624,0.0,0.0,0.0,-2.42224255,0.7060787999999999,9.46341725,-0.6465,-0.1175,0.0541,-0.7518,4.176705237321635,-14.277845148024644,98.08374934433456,30.4
76017039080508,9.95089,54399.0,10.0,-0.2466243,-0.07058273999999999,-0.96653388,0.9999966048563624,0.0,0.0,0.0,-2.42224255,0.6864655000000001,9.473223899999999,-0.6465,-0.1175,0.0541,-0.7518,4.176705237321635,-14.277845148024644,98.08374934433456,30.4
76017049136692,10.056184,54409.0,10.0,-0.2466243,-0.07058273999999999,-0.96653388,0.9999966048563624,0.0,0.0,0.0,-2.4124358999999997,0.6962721499999999,9.473223899999999,-0.6465,-0.1175,0.0541,-0.7518,4.176705237321635,-14.277845148024644,98.08374934433456,30.4
76017059069479,9.932787,54419.0,10.0,-0.2466243,-0.07058273999999999,-0.96653388,0.9999966048563624,0.0,0.0,0.0,-2.4320492,0.6864655000000001,9.483030549999999,-0.6465,-0.1175,0.0541,-0.7518,4.176705237321635,-14.277845148024644,98.08374934433456,30.4
76017069122899,10.05342,54429.0,10.0,-0.2466243,-0.07058273999999999,-0.96653388,0.9999966048563624,0.0,0.0,0.0,-2.42224255,0.6864655000000001,9.473223899999999,-0.6465,-0.1175,0.0541,-0.7518,4.176705237321635,-14.277845148024644,98.08374934433456,30.4
76017079146735,10.023836,54439.0,10.0,-0.2466243,-0.07058273999999999,-0.96653388,0.9999966048563624,0.0,0.0,0.0,-2.4124358999999997,0.6962721499999999,9.492837199999999,-0.6465,-0.1175,0.0541,-0.7518,4.176705237321635,-14.277845148024644,98.08374934433456,30.4
76017089070454,9.923719,54449.0,10.0,-0.2466243,-0.07058273999999999,-0.96653388,0.9999966048563624,0.0,0.0,0.0,-2.4124358999999997,0.67665885,9.473223899999999,-0.6465,-0.1175,0.0541,-0.7518,4.176705237321635,-14.277845148024644,98.08374934433456,30.4
76017099128329,10.057875,54459.0,10.0,-0.2466243,-0.07058273999999999,-0.96653388,0.9999966048563624,0.0,0.0,0.0,-2.4320492,0.6864655000000001,9.492837199999999,-0.6465,-0.1175,0.0541,-0.7518,4.176705237321635,-14.277845148024644,98.08374934433456,30.4
76017109129301,10.000972,54469.0,10.0,-0.2466243,-0.07058273999999999,-0.96653388,0.9999966048563624,0.0,0.0,0.0,-2.4320492,0.7060787999999999,9.473223899999999,-0.6465,-0.1175,0.0541,-0.7518,4.176705237321635,-14.277845148024644,98.08374934433456,30.4
76017119094267,9.964966,54479.0,10.0,-0.2466243,-0.07058273999999999,-0.96653388,0.9999966048563624,0.0,0.0,0.0,-2.4124358999999997,0.6864655000000001,9.473223899999999,-0.6465,-0.1175,0.0541,-0.7518,4.176705237321635,-14.277845148024644,98.08374934433456,30.4
76017129073825,9.979558,54489.0,10.0,-0.2466243,-0.07058273999999999,-0.96653388,0.9999966048563624,0.0,0.0,0.0,-2.4320492,0.6864655000000001,9.483030549999999,-0.6465,-0.1175,0.0541,-0.7518,4.176705237321635,-14.277845148024644,98.08374934433456,30.4
76017139106878,10.033053,54499.0,10.0,-0.2466243,-0.07058273999999999,-0.96653388,0.9999966048563624,0.0,0.0,0.0,-2.4124358999999997,0.6864655000000001,9.483030549999999,-0.6465,-0.1175,0.0541,-0.7518,4.176705237321635,-14.277845148024644,98.08374934433456,30.4
76017149187134,10.080256,54509.0,10.0,-0.2466243,-0.07058273999999999,-0.96653388,0.9999966048563624,0.0,0.0,0.0,-2.4124358999999997,0.6962721499999999,9.46341725,-0.6465,-0.1175,0.0541,-0.7518,4.176705237321635,-14.277845148024644,98.08374934433456,30.4
76017159153368,9.966234,54519.0,10.0,-0.2466243,-0.07058273999999999,-0.96653388,0.9999966048563624,0.0,0.0,0.0,-2.4124358999999997,0.6864655000000001,9.483030549999999,-0.6465,-0.1175,0.0541,-0.7518,4.176705237321635,-14.277845148024644,98.08374934433456,30.4
76017169245769,10.092401,54529.0,10.0,-0.2466243,-0.07058273999999999,-0.96653388,0.9999966048563624,0.0,0.0,0.0,-2.4320492,0.7060787999999999,9.473223899999999,-0.6465,-0.1175,0.0541,-0.7518,4.176705237321635,-14.277845148024644,98.08374934433456,30.4
76017179246924,10.001155,54539.0,10.0,-0.2466243,-0.07058273999999999,-0.96653388,0.9999966048563624,0.0,0.0,0.0,-2.4124358999999997,0.6864655000000001,9.473223899999999,-0.6465,-0.1175,0.0541,-0.7518,4.176705237321635,-14.277845148024644,98.08374934433456,30.4
76017189214075,9.967151,54549.0,10.0,-0.2466243,-0.07058273999999999,-0.96653388,0.9999966048563624,0.0,0.0,0.0,-2.42224255,0.6864655000000001,9.483030549999999,-0.6465,-0.1175,0.0541,-0.7518,4.176705237321635,-14.277845148024644,98.08374934433456,30.4
76017199162981,9.948906,54559.0,10.0,-0.2466243,-0.07058273999999999,-0.96653388,0.9999966048563624,0.0,0.0,0.0,-2.4124358999999997,0.6962721499999999,9.492837199999999,-0.6465,-0.1175,0.0541,-0.7518,4.176705237321635,-14.277845148024644,98.08374934433456,30.4
76017209125830,9.962849,54569.0,10.0,-0.2466243,-0.07058273999999999,-0.96653388,0.9999966048563624,0.0,0.0,0.0,-2.4124358999999997,0.6962721499999999,9.473223899999999,-0.6465,-0.1175,0.0541,-0.7518,4.176705237321635,-14.277845148024644,98.08374934433456,30.4
76017219053212,9.927382,54579.0,10.0,-0.2466243,-0.07058273999999999,-0.96653388,0.9999966048563624,0.0,0.0,0.0,-2.4124358999999997,0.6864655000000001,9.46341725,-0.6465,-0.1175,0.0541,-0.7518,4.176705237321635,-14.277845148024644,98.08374934433456,30.4
76017229082480,10.029268,54589.0,10.0,-0.2466243,-0.07058273999999999,-0.96653388,0.9999966048563624,0.0,0.0,0.0,-2.42224255,0.6864655000000001,9.483030549999999,-0.6465,-0.1175,0.0541,-0.7518,4.176705237321635,-14.277845148024644,98.08374934433456,30.4
76017239084882,10.002402,54599.0,10.0,-0.2466243,-0.07058273999999999,-0.96653388,0.9999966048563624,0.0,0.0,0.0,-2.42224255,0.6864655000000001,9.483030549999999,-0.6465,-0.1175,0.0541,-0.7518,4.176705237321635,-14.277845148024644,98.08374934433456,30.4
76017249076004,9.991122,54609.0,10.0,-0.2466243,-0.07058273999999999,-0.96653388,0.9999966048563624,0.0,0.0,0.0,-2.42224255,0.6962721499999999,9.473223899999999,-0.6465,-0.1175,0.0541,-0.7518,4.176705237321635,-14.277845148024644,98.08374934433456,30.4
76017259106646,10.030642,54619.0,10.0,-0.2466243,-0.07058273999999999,-0.96653388,0.9999966048563624,0.0,0.0,0.0,-2.4124358999999997,0.6864655000000001,9.473223899999999,-0.6465,-0.1175,0.0541,-0.7518,4.176705237321635,-14.277845148024644,98.08374934433456,30.4
76017269104119,9.997473,54629.0,10.0,-0.2466243,-0.07058273999999999,-0.96653388,0.9999966048563624,0.0,0.0,0.0,-2.4124358999999997,0.6962721499999999,9.502643849999998,-0.6465,-0.1175,0.0541,-0.7518,4.176705237321635,-14.277845148024644,98.08374934433456,30.4
76017279114977,10.010858,54639.0,10.0,-0.2466243,-0.07058273999999999,-0.96653388,0.9999966048563624,0.0,0.0,0.0,-2.4320492,0.7060787999999999,9.483030549999999,-0.6465,-0.1175,0.0541,-0.7518,4.176705237321635,-14.277845148024644,98.08374934433456,30.4
76017289088195,9.973218,54649.0,10.0,-0.2466243,-0.07058273999999999,-0.96653388,0.9999966048563624,0.0,0.0,0.0,-2.4320492,0.6962721499999999,9.473223899999999,-0.6465,-0.1175,0.0541,-0.7518,4.176705237321635,-14.277845148024644,98.08374934433456,30.4
76017299132696,10.044501,54659.0,10.0,-0.2466243,-0.07058273999999999,-0.96653388,0.9999966048563624,0.0,0.0,0.0,-2.4124358999999997,0.6864655000000001,9.473223899999999,-0.6465,-0.1175,0.0541,-0.7518,4.176705237321635,-14.277845148024644,98.08374934433456,30.4
76017309165400,10.032704,54669.0,10.0,-0.2466243,-0.07058273999999999,-0.96653388,0.9999966048563624,0.0,0.0,0.0,-2.4124358999999997,0.6962721499999999,9.473223899999999,-0.6465,-0.1175,0.0541,-0.7518,4.176705237321635,-14.277845148024644,98.08374934433456,30.4
76017319049322,9.883922,54679.0,10.0,-0.2466243,-0.07058273999999999,-0.96653388,0.9999966048563624,0.0,0.0,0.0,-2.4124358999999997,0.6962721499999999,9.483030549999999,-0.6465,-0.1175,0.0541,-0.7518,4.176705237321635,-14.277845148024644,98.08374934433456,30.4
76017329096897,10.047575,54689.0,10.0,-0.2466243,-0.07058273999999999,-0.96653388,0.9999966048563624,0.0,0.0,0.0,-2.42224255,0.6864655000000001,9.473223899999999,-0.6465,-0.1175,0.0541,-0.7518,4.176705237321635,-14.277845148024644,98.08374934433456,30.4
76017339030440,9.933543,54699.0,10.0,-0.2466243,-0.07058273999999999,-0.96653388,0.9999966048563624,0.0,0.0,0.0,-2.42224255,0.6962721499999999,9.473223899999999,-0.6465,-0.1175,0.0541,-0.7518,4.176705237321635,-14.277845148024644,98.08374934433456,30.4
76017349036655,10.006215,54709.0,10.0,-0.2466243,-0.07058273999999999,-0.96653388,0.9999966048563624,0.0,0.0,0.0,-2.4124358999999997,0.7060787999999999,9.473223899999999,-0.6465,-0.1175,0.0541,-0.7518,4.176705237321635,-14.277845148024644,98.08374934433456,30.4
76017359027963,9.991308,54719.0,10.0,-0.2466243,-0.07058273999999999,-0.96653388,0.9999966048563624,0.0,0.0,0.0,-2.42224255,0.67665885,9.473223899999999,-0.6465,-0.1175,0.0541,-0.7518,4.176705237321635,-14.277845148024644,98.08374934433456,30.4
76017369031780,10.003817,54729.0,10.0,-0.2466243,-0.07058273999999999,-0.96653388,0.9999966048563624,0.0,0.0,0.0,-2.42224255,0.6864655000000001,9.492837199999999,-0.6465,-0.1175,0.0541,-0.7518,4.176705237321635,-14.277845148024644,98.08374934433456,30.4
76017379040626,10.008846,54739.0,10.0,-0.2466243,-0.07058273999999999,-0.96653388,0.9999966048563624,0.0,0.0,0.0,-2.4320492,0.7060787999999999,9.492837199999999,-0.6465,-0.1175,0.0541,-0.7518,4.176705237321635,-14.277845148024644,98.08374934433456,30.4
76017389027464,9.986838,54749.0,10.0,-0.2466243,-0.07058273999999999,-0.96653388,0.9999966048563624,0.0,0.0,0.0,-2.4124358999999997,0.6864655000000001,9.473223899999999,-0.6465,-0.1175,0.0541,-0.7518,4.176705237321635,-14.277845148024644,98.08374934433456,30.4
76017399106108,10.078644,54759.0,10.0,-0.2466243,-0.07058273999999999,-0.96653388,0.9999966048563624,0.0,0.0,0.0,-2.4124358999999997,0.6864655000000001,9.473223899999999,-0.6465,-0.1175,0.0541,-0.7518,4.176705237321635,-14.277845148024644,98.08374934433456,30.4
76017409070792,9.964684,54769.0,10.0,-0.2466243,-0.07058273999999999,-0.96653388,0.9999966048563624,0.0,0.0,0.0,-2.42224255,0.6864655000000001,9.483030549999999,-0.6465,-0.1175,0.0541,-0.7518,4.176705237321635,-14.277845148024644,98.08374934433456,30.4
76017419032625,9.961833,54779.0,10.0,-0.2466243,-0.07058273999999999,-0.96653388,0.9999966048563624,0.0,0.0,0.0,-2.4124358999999997,0.6962721499999999,9.483030549999999,-0.6465,-0.1175,0.0541,-0.7518,4.176705237321635,-14.277845148024644,98.08374934433456,30.4
76017429031132,9.998507,54789.0,10.0,-0.2466243,-0.07058273999999999,-0.96653388,0.9999966048563624,0.0,0.0,0.0,-2.4124358999999997,0.6962721499999999,9.473223899999999,-0.6465,-0.1175,0.0541,-0.7518,4.176705237321635,-14.277845148024644,98.08374934433456,30.4
76017439012910,9.981778,54799.0,10.0,-0.2466243,-0.07058273999999999,-0.96653388,0.9999966048563624,0.0,0.0,0.0,-2.4320492,0.6962721499999999,9.473223899999999,-0.6465,-0.1175,0.0541,-0.7518,4.176705237321635,-14.277845148024644,98.08374934433456,30.4
76017449042656,10.029746,54809.0,10.0,-0.2466243,-0.07058273999999999,-0.96653388,0.9999966048563624,0.0,0.0,0.0,-2.4320492,0.6962721499999999,9.483030549999999,-0.6465,-0.1175,0.0541,-0.7518,4.176705237321635,-14.277845148024644,98.08374934433456,30.4
76017459269606,10.22695,54819.0,10.0,-0.2466243,-0.07058273999999999,-0.96653388,0.9999966048563624,0.0,0.0,0.0,-2.4124358999999997,0.6864655000000001,9.492837199999999,-0.6465,-0.1175,0.0541,-0.7518,4.176705237321635,-14.277845148024644,98.08374934433456,30.4
76017469074041,9.804435,54829.0,10.0,-0.2466243,-0.07058273999999999,-0.96653388,0.9999966048563624,0.0,0.0,0.0,-2.4320492,0.6864655000000001,9.483030549999999,-0.6465,-0.1175,0.0541,-0.7518,4.176705237321635,-14.277845148024644,98.08374934433456,30.4
76017479032793,9.958752,54839.0,10.0,-0.2466243,-0.07058273999999999,-0.96653388,0.9999966048563624,0.0,0.0,0.0,-2.4124358999999997,0.6864655000000001,9.473223899999999,-0.6465,-0.1175,0.0541,-0.7518,4.176705237321635,-14.277845148024644,98.08374934433456,30.4
76017489070921,10.038128,54849.0,10.0,-0.2466243,-0.07058273999999999,-0.96653388,0.9999966048563624,0.0,0.0,0.0,-2.4124358999999997,0.6962721499999999,9.473223899999999,-0.6465,-0.1175,0.0541,-0.7518,4.176705237321635,-14.277845148024644,98.08374934433456,30.4
76017499030700,9.959779,54859.0,10.0,-0.2466243,-0.07058273999999999,-0.96653388,0.9999966048563624,0.0,0.0,0.0,-2.42224255,0.6962721499999999,9.483030549999999,-0.6465,-0.1175,0.0541,-0.7518,4.176705237321635,-14.277845148024644,98.08374934433456,30.4
76017509035506,10.004806,54869.0,10.0,-0.2466243,-0.07058273999999999,-0.96653388,0.9999966048563624,0.0,0.0,0.0,-2.42224255,0.6864655000000001,9.473223899999999,-0.6465,-0.1175,0.0541,-0.7518,4.176705237321635,-14.277845148024644,98.08374934433456,30.4
76017519036825,10.001319,54879.0,10.0,-0.2466243,-0.07058273999999999,-0.96653388,0.9999966048563624,0.0,0.0,0.0,-2.4320492,0.6962721499999999,9.473223899999999,-0.6465,-0.1175,0.0541,-0.7518,4.176705237321635,-14.277845148024644,98.08374934433456,30.4
76017529009907,9.973082,54889.0,10.0,-0.2466243,-0.07058273999999999,-0.96653388,0.9999966048563624,0.0,0.0,0.0,-2.42224255,0.6962721499999999,9.473223899999999,-0.6465,-0.1175,0.0541,-0.7518,4.176705237321635,-14.277845148024644,98.08374934433456,30.4
76017539078588,10.068681,54899.0,10.0,-0.2466243,-0.07058273999999999,-0.96653388,0.9999966048563624,0.0,0.0,0.0,-2.42224255,0.6962721499999999,9.483030549999999,-0.6465,-0.1175,0.0541,-0.7518,4.176705237321635,-14.277845148024644,98.08374934433456,30.4
76017549063639,9.985051,54909.0,10.0,-0.2466243,-0.07058273999999999,-0.96653388,0.9999966048563624,0.0,0.0,0.0,-2.40262925,0.6864655000000001,9.473223899999999,-0.6465,-0.1175,0.0541,-0.7518,4.176705237321635,-14.277845148024644,98.08374934433456,30.4
76017559068962,10.005323,54919.0,10.0,-0.2466243,-0.07058273999999999,-0.96653388,0.9999966048563624,0.0,0.0,0.0,-2.4124358999999997,0.6962721499999999,9.473223899999999,-0.6465,-0.1175,0.0541,-0.7518,4.176705237321635,-14.277845148024644,98.08374934433456,30.4
76017569056633,9.987671,54929.0,10.0,-0.2466243,-0.07058273999999999,-0.96653388,0.9999966048563624,0.0,0.0,0.0,-2.42224255,0.6962721499999999,9.473223899999999,-0.6465,-0.1175,0.0541,-0.7518,4.176705237321635,-14.277845148024644,98.08374934433456,30.4
76017579038402,9.981769,54939.0,10.0,-0.2466243,-0.07058273999999999,-0.96653388,0.9999966048563624,0.0,0.0,0.0,-2.42224255,0.6962721499999999,9.473223899999999,-0.6465,-0.1175,0.0541,-0.7518,4.176705237321635,-14.277845148024644,98.08374934433456,30.4
76017589046060,10.007658,54949.0,10.0,-0.2466243,-0.07058273999999999,-0.96653388,0.9999966048563624,0.0,0.0,0.0,-2.4124358999999997,0.6962721499999999,9.473223899999999,-0.6465,-0.1175,0.0541,-0.7518,4.176705237321635,-14.277845148024644,98.08374934433456,30.4
76017599079602,10.033542,54959.0,10.0,-0.2466243,-0.07058273999999999,-0.96653388,0.9999966048563624,0.0,0.0,0.0,-2.42224255,0.6962721499999999,9.473223899999999,-0.6465,-0.1175,0.0541,-0.7518,4.176705237321635,-14.277845148024644,98.08374934433456,30.4
76017609035335,9.955733,54969.0,10.0,-0.2466243,-0.07058273999999999,-0.96653388,0.9999966048563624,0.0,0.0,0.0,-2.4124358999999997,0.6962721499999999,9.483030549999999,-0.6465,-0.1175,0.0541,-0.7518,4.176705237321635,-14.277845148024644,98.08374934433456,30.4
76017619066492,10.031157,54979.0,10.0,-0.2466243,-0.07058273999999999,-0.96653388,0.9999966048563624,0.0,0.0,0.0,-2.42224255,0.6962721499999999,9.473223899999999,-0.6465,-0.1175,0.0541,-0.7518,4.176705237321635,-14.277845148024644,98.08374934433456,30.4
76017629057313,9.990821,54989.0,10.0,-0.2466243,-0.07058273999999999,-0.96653388,0.9999966048563624,0.0,0.0,0.0,-2.42224255,0.6864655000000001,9.473223899999999,-0.6465,-0.1175,0.0541,-0.7518,4.176705237321635,-14.277845148024644,98.08374934433456,30.4
76017639072105,10.014792,54999.0,10.0,-0.2466243,-0.07058273999999999,-0.96653388,0.9999966048563624,0.0,0.0,0.0,-2.4124358999999997,0.6962721499999999,9.492837199999999,-0.6465,-0.1175,0.0541,-0.7518,4.176705237321635,-14.277845148024644,98.08374934433456,30.4
76017649087101,10.014996,55009.0,10.0,-0.2466243,-0.07058273999999999,-0.96653388,0.9999966048563624,0.0,0.0,0.0,-2.40262925,0.6962721499999999,9.483030549999999,-0.6465,-0.1175,0.0541,-0.7518,4.176705237321635,-14.277845148024644,98.08374934433456,30.4
76017659057802,9.970701,55019.0,10.0,-0.2466243,-0.07058273999999999,-0.96653388,0.9999966048563624,0.0,0.0,0.0,-2.42224255,0.6864655000000001,9.473223899999999,-0.6465,-0.1175,0.0541,-0.7518,4.176705237321635,-14.277845148024644,98.08374934433456,30.4
76017669062813,10.005011,55029.0,10.0,-0.2466243,-0.07058273999999999,-0.96653388,0.9999966048563624,0.0,0.0,0.0,-2.4124358999999997,0.6962721499999999,9.483030549999999,-0.6465,-0.1175,0.0541,-0.7518,4.176705237321635,-14.277845148024644,98.08374934433456,30.4
