stamp,qw,qx,qy,qz,gravity_x,gravity_y,gravity_z,gyro_x,gyro_y,gyro_z,accel_x,accel_y,accel_z,accel_down_world_x,accel_down_world_y,accel_down_world_z,tilt_off_vertical_deg,dist_x,dist_y,dist_z,roll_deg,pitch_deg,yaw_deg,temp_c
94953.808070122,-0.8152,-0.0318,-0.0613,-0.575,0.06337352000000002,-0.12234171999999999,-0.99046214,-175.0,-129.87,12.6,0.2745862,1.2062179499999999,10.5127288,-0.03778644549341059,-0.08131121120517802,-0.9959721907122568,5.144180090767063,-14.075,23.755,-10.97,7.041498706003202,3.6334701278174553,70.61500836612552,36.9
94953.887871976,-0.8283,0.124,-0.0379,-0.5451,0.19796994,0.16409982,-0.96637518,34.35,-50.12,136.53,2.69682875,-2.0299765499999998,6.040896399999999,-0.36145452703823383,-0.4536479241952841,-0.8145977776369048,35.4530072672897,-14.08,23.744,-10.969,-9.637444429949648,11.418271694182316,65.73317783942662,36.9
94953.927848036,-0.8502,0.0761,-0.0291,-0.5201,0.12864086,0.09913062,-0.98672396,185.51,117.08,94.29,1.0002783,-1.85345685,10.581375349999998,-0.1659811337298334,-0.16131978911129558,-0.9728433079877904,13.383067635614804,-14.081,23.736,-10.973,-5.7369360274807555,7.391059876126267,62.539671610295215,36.9
94953.977716871,-0.8607,0.0474,-0.0764,-0.5011,0.17901923999999997,0.005026280000000008,-0.98383256,45.52,-7.12,-48.07,1.14737805,3.7069137,10.9049948,0.1512337465682984,-0.3917818648951731,-0.9075431638705146,24.831942101881708,-14.081,23.727,-10.976,-0.2927145704179428,10.312638528630226,60.389023694314034,36.9
94954.017892533,-0.8491,0.0591,-0.0851,-0.5179,0.2057326,0.012217039999999998,-0.97853036,-77.4,-67.38,-77.5,-1.7357770499999998,2.9027684,9.0025047,0.271580536432742,-0.15735265026361914,-0.9494640512643808,18.29277182820917,-14.085,23.724,-10.975,-0.7153058213946932,11.872388110464158,62.683129530294686,36.9
94954.057793527,-0.8209,0.0958,-0.1169,-0.5507,0.29744054,0.028530780000000006,-0.9543135,3.26,-211.41,-71.0,3.1185147,-0.5295591,8.4729456,-0.2614509800801521,-0.5500436182294388,-0.7931529751951177,37.51871372132884,-14.09,23.725,-10.976,-1.712441987076304,17.303940694365426,67.45017633830206,36.9
94954.107909192,-0.7857,0.0855,-0.1655,-0.59,0.3609567,-0.0609353,-0.930599,163.28,0.74,-148.49,2.38301595,3.8442068,7.6295737,0.21027120347776634,-0.6503934229855441,-0.7299390992436923,43.119833128407116,-14.091,23.727,-10.982,3.746359615065758,21.158961869826598,74.5146140565763,36.9
94954.147931179,-0.7591,0.0356,-0.201,-0.6181,0.34916692,-0.19442828,-0.91666328,240.09,-24.45,-143.9,7.119627899999999,3.5500073,14.9845612,-0.09639287158565982,-0.7038289312862467,-0.7037852784136835,45.26795377287381,-14.094,23.732,-10.991,11.975208559800175,20.436368691490813,80.47205021556705,36.9
94954.197891758,-0.7407,-0.0034,-0.2237,-0.6335,0.32708138000000003,-0.28846466,-0.8998935,-10.08,92.98,-76.55,0.7943386499999999,2.44185585,7.63938035,-0.043911199712425464,-0.41631710433531044,-0.9081586226617556,24.747898633719515,-14.098,23.738,-10.993,17.77347189875224,19.09172255176573,84.09193048182387,36.9
94954.248040935,-0.7349,-0.0123,-0.1691,-0.6567,0.23238836000000002,-0.24017448,-0.9425078,-204.43,59.14,-14.52,4.314926,0.6668522,7.5903471,-0.19582634210441888,-0.6649717971804717,-0.7207638938044982,43.883488465602824,-14.102,23.745,-10.994,14.296132870179168,13.43772537588789,85.26458504286275,36.9
94954.287725388,-0.7411,0.079,-0.1038,-0.6586,0.25791116,-0.019631559999999992,-0.96596912,-84.89,234.62,26.06,3.7461403,4.746418599999999,6.6881353,0.43948889116699025,-0.6502300139831089,-0.6197171817631615,51.70449153671958,-14.105,23.747,-10.997,1.1642719092285843,14.94615379129853,83.40628750272427,36.9
94954.327826932,-0.7421,0.0166,-0.0373,-0.669,0.07757146000000001,-0.025269680000000006,-0.9966663,-89.49,328.54,37.96,1.7553903499999999,0.9414384,11.091321149999999,0.034525075242128965,-0.23656774656222063,-0.9709995609905194,13.831906664274264,-14.109,23.746,-11.0,1.4523776823994021,4.448986737257472,84.12206219396778,36.9
94954.367657162,-0.7496,0.0008,-0.0148,-0.6618,0.023247040000000004,-0.018389920000000004,-0.99956064,0.1,-3.94,-6.03,0.3334261,0.06864655,9.208444349999999,-0.018195825363226805,-0.057598363963358344,-0.9981741439975155,3.4630096165659405,-14.113,23.744,-11.0,1.054009031349914,1.3320772778298318,82.89857756431718,36.9
94954.417737335,-0.7502,-0.0026,-0.008,-0.6611,0.00856548,-0.014478640000000001,-0.99985848,1.24,-8.64,21.62,-0.14709974999999997,-0.0392266,10.198916,-0.017439946044704474,0.008113748451708737,-0.9998149512965724,1.1021514493001006,-14.116,23.743,-11.001,0.8296243969018856,0.4907718547415274,82.77428169536559,36.9
94954.457589221,-0.752,-0.0024,-0.0081,-0.6592,0.00901824,-0.014288639999999998,-0.99985726,-1.78,-6.97,0.11,0.17651969999999997,0.0588399,9.46341725,-0.011619592439701825,-0.02637207085241275,-0.9995846905762314,1.6514021486367896,-14.116,23.743,-11.0,0.8187399095883958,0.5167140947409848,82.48584207917703,36.9
94954.497725908,-0.7527,-0.0022,-0.0078,-0.6583,0.0088456,-0.01358136,-0.99986864,-0.5,-4.05,6.85,-0.22555294999999997,-0.22555294999999997,9.924329799999999,-0.03411670319389972,0.018585340793730178,-0.9992450033744243,2.2265322920211483,-14.116,23.743,-11.0,0.7782089818992658,0.5068221567602643,82.34731149422157,36.9
94954.53751087,-0.7542,-0.0018,-0.0077,-0.6566,0.009250920000000001,-0.01282676,-0.99987494,0.17,0.66,2.54,-0.196133,-0.22555294999999997,9.80665,-0.03398888738683203,0.015573278291500878,-0.9993008754180255,2.142604144859466,-14.116,23.743,-11.0,0.734970817791422,0.5300462329802617,82.08870849643864,36.9
94954.577507217,-0.7543,-0.0018,-0.0078,-0.6564,0.009404039999999999,-0.01295532,-0.99987184,0.0,0.0,0.0,0.1569064,0.14709974999999997,9.79684335,-0.00147435734222001,-0.0254546069441986,-0.999674874715519,1.4610442836675088,-14.116,23.743,-11.0,0.7423387614556234,0.5388197444121879,82.05773390278257,36.9
94954.617404869,-0.7543,-0.0017,-0.0079,-0.6564,0.00968618,-0.012935740000000001,-0.9998694,0.0,0.0,0.0,0.1569064,0.14709974999999997,9.80665,-0.0015065171861749199,-0.025718750284167303,-0.9996680659537127,1.4762651229088828,-14.116,23.743,-11.0,0.7412187629498884,0.5549859121571191,82.05790245044396,36.9
94954.667365126,-0.7543,-0.0016,-0.0081,-0.6564,0.010119179999999998,-0.01304744,-0.99986366,0.0,0.0,0.0,0.16671305,0.1569064,9.826263299999999,-0.0008518356781746731,-0.02722148849785798,-0.9996290438907106,1.5606328635081967,-14.116,23.743,-11.0,0.7476227484523674,0.5797962013965735,82.05825823411593,36.9
94954.71744414,-0.7543,-0.0016,-0.0082,-0.6564,0.010270040000000001,-0.013178720000000001,-0.9998604,0.0,0.0,0.0,0.14709974999999997,0.1569064,9.80665,-0.0006994849940832534,-0.025411525822767435,-0.9996768155496878,1.4566816124602007,-14.116,23.743,-11.0,0.7551467321656488,0.588440291904268,82.05844578632792,36.9
94954.757455129,-0.7543,-0.0015,-0.0084,-0.6564,0.01070304,-0.013290419999999999,-0.99985438,0.0,0.0,0.0,0.17651969999999997,0.14709974999999997,9.81645665,-0.0022863358977271552,-0.028635865157883682,-0.9995872736288939,1.6461619363367008,-14.116,23.743,-11.0,0.7615510276770607,0.6132507288359574,82.05881440103595,36.9
94954.797638816,-0.7543,-0.0019,-0.008,-0.6564,0.00957448,-0.01336874,-0.99986478,1.07,19.63,0.18,0.65704555,0.1569064,9.71839015,-0.007896862125435467,-0.07663458931450837,-0.997027600927266,4.418468612916717,-14.116,23.743,-11.0,0.7660303222326736,0.5485856767859643,82.0581109565269,36.9
94954.847740341,-0.752,-0.0063,-0.0036,-0.6591,-0.0028902600000000004,-0.01422072,-0.9998947,-1.95,8.63,-16.5,-0.14709974999999997,0.99047165,10.110656149999999,0.08487885460567467,0.006279349134768172,-0.9963712508680745,4.88239815058267,-14.116,23.744,-11.0,0.8148181085786491,-0.1655999302553691,82.46380474759363,36.9
94954.887755223,-0.7446,-0.0131,0.0033,-0.6673,-0.02239762,-0.01510434,-0.999635,0.81,58.51,-36.99,-0.4216859499999999,-0.18632634999999997,9.09076455,-0.02782826115704136,0.07214762762194682,-0.99700526485396,4.435024295998403,-14.116,23.746,-11.0,0.8656650507907389,-1.2833964157519762,83.71715230823303,36.9
94954.937585804,-0.7383,-0.0294,0.0198,-0.6736,-0.06884436,-0.01673748,-0.9974872,-0.92,19.12,-5.09,0.25497289999999995,0.7453053999999999,9.924329799999999,0.06186098856030156,0.03762547050233443,-0.997376143408029,4.152120497106422,-14.116,23.747,-11.0,0.9613125621041169,-3.9476137851328783,84.7240023895966,36.9
94954.987742528,-0.7309,-0.024,0.0134,-0.682,-0.05232412,-0.0168056,-0.99848888,0.83,-34.37,-42.74,-1.34351105,0.67665885,9.659550249999999,0.06559506934260578,0.18489894195477574,-0.9805693518246625,11.314183280719858,-14.116,23.747,-11.0,0.9642561507159476,-2.999320902765479,86.01576734370046,36.9
94955.027994786,-0.7218,-0.0152,0.0046,-0.6919,-0.02767432,-0.01557724,-0.9994956,-2.42,-41.93,-38.64,0.04903325,-0.17651969999999997,9.81645665,-0.03256328633103072,0.02407236536864968,-0.999179729634673,2.320828178028248,-14.116,23.747,-11.0,0.8928882296217392,-1.585824202834983,87.56282828053294,36.9
94955.067882323,-0.7188,-0.0023,-0.0076,-0.6952,0.00772784,-0.01387352,-0.9998739,-5.57,-56.94,3.31,-0.10787314999999999,0.8433718999999998,10.130269449999998,0.06918884415788001,0.0006008627285390127,-0.9976036058987249,3.9675474764268164,-14.116,23.746,-11.0,0.794943379411811,0.44277702389818,88.09295196232871,36.9
94955.11762709,-0.7193,-0.0006,-0.0095,-0.6946,0.01283318,-0.01406056,-0.99981878,1.86,-6.37,-8.54,-0.2745862,0.14709974999999997,9.855683249999998,0.0013849346170601694,0.014975146051927915,-0.9998868690291206,0.861706645024147,-14.116,23.746,-11.0,0.8057036526876118,0.7353072356940394,88.00079325020775,36.9
94955.157725128,-0.7157,0.0007,-0.0119,-0.6983,0.01801128,-0.015617560000000003,-0.9997158,-4.16,0.63,-13.31,-0.35303939999999995,0.5883989999999999,9.81645665,0.04462901804760734,0.016800904278027648,-0.998862317694958,2.7332822757603696,-14.116,23.746,-11.0,0.8950018517778779,1.032026132038585,88.59753579796147,36.9
94955.207526965,-0.7126,-0.0002,-0.0109,-0.7015,0.01525408,-0.015577740000000001,-0.9997623,-0.14,0.38,4.49,1.97113665,0.50013915,10.0420096,0.030309041021789856,-0.20782208329357682,-0.9776977195667707,12.123550845005305,-14.116,23.747,-11.0,0.8926787260058288,0.8740283024208216,89.1084768698114,36.9
94955.247614196,-0.7123,-0.0016,-0.0086,-0.7018,0.010005800000000002,-0.01435032,-0.99984696,-1.17,3.96,-6.37,0.55897905,0.0196133,9.81645665,-0.013321273859129354,-0.06664571207755803,-0.997687685023068,3.8970556249974764,-14.116,23.746,-11.0,0.8222821625352925,0.5732996770049915,89.15160393785588,36.9
94955.287515602,-0.7118,-0.002,-0.0084,-0.7023,0.009149039999999997,-0.014645839999999999,-0.99985088,-0.06,3.99,5.42,-0.12748644999999997,0.29419949999999995,9.855683249999998,0.015241539473855877,0.003575543803815747,-0.9998774250212845,0.8970204180466103,-14.116,23.746,-11.0,0.8392099532086964,0.5242086919120515,89.23167480495063,36.9
94955.337657279,-0.7123,-0.0013,-0.0089,-0.7019,0.010854,-0.014345799999999999,-0.9998382,-0.35,0.78,-5.28,0.38245935,0.196133,9.79684335,0.0049428286140751135,-0.04992457857653361,-0.9987409234555868,2.875659535063621,-14.116,23.746,-11.0,0.8220304004005081,0.6219006021900405,89.16840514621164,36.9
94955.377522858,-0.7125,-0.0013,-0.0091,-0.7016,0.011143340000000002,-0.01462162,-0.999831,0.02,0.63,11.09,0.4903325,0.00980665,9.7674234,-0.014540116540273016,-0.06104623631426713,-0.9980289879119757,3.597900596843675,-14.116,23.746,-11.0,0.8378389960530722,0.6384795659073097,89.12044857548874,36.9
94955.417316006,-0.7132,-0.0011,-0.0092,-0.7009,0.011580899999999998,-0.0144656,-0.9998283,0.0,0.0,0.0,0.1372931,0.14709974999999997,9.81645665,7.421072516181938e-05,-0.025567019983417285,-0.9996731077010301,1.4650481516217273,-14.116,23.746,-11.0,0.8289023270252759,0.6635515258104575,89.00814645068805,36.9
94955.457360541,-0.7132,-0.0011,-0.0092,-0.7009,0.011580899999999998,-0.0144656,-0.9998283,0.0,0.0,0.0,0.14709974999999997,0.16671305,9.80665,0.002070611261269187,-0.02661453226391398,-0.9996436262922923,1.5296901198450943,-14.116,23.746,-11.0,0.8289023270252759,0.6635515258104575,89.00814645068805,36.9
94955.49761038,-0.7131,-0.0011,-0.0093,-0.701,0.011721459999999998,-0.014607419999999998,-0.9998246,0.06,-0.04,-1.31,0.14709974999999997,0.14709974999999997,9.80665,-6.503456886782812e-05,-0.026718502613072025,-0.9996429950238912,1.5310441706208173,-14.116,23.746,-11.0,0.8370307894257076,0.671605567272049,89.02442434868102,36.9
94955.547352919,-0.713,-0.001,-0.0095,-0.7011,0.012144799999999999,-0.014746899999999999,-0.9998175,0.0,0.0,0.0,0.16671305,0.1569064,9.80665,0.0007620556081327744,-0.029153995098473974,-0.9995746418123288,1.671208385485564,-14.116,23.746,-11.0,0.8450280845151918,0.6958628899302554,89.04092181422808,36.9
94955.587291305,-0.713,-0.001,-0.0096,-0.7011,0.012287399999999999,-0.014887119999999998,-0.99981368,0.0,0.0,0.0,0.1569064,0.1569064,9.80665,0.0006362953692302699,-0.02829513145328555,-0.9995994108173217,1.6218180465312502,-14.116,23.746,-11.0,0.8530650596058592,0.7040338778094183,89.04114086106053,36.9
94955.637619833,-0.7123,-0.0009,-0.0096,-0.7019,0.01241274,-0.014758619999999998,-0.99981406,-0.3,-0.13,-4.31,0.29419949999999995,0.1569064,9.7674234,0.000686423343277372,-0.04252404756537126,-0.9990953132682541,2.4375007896579786,-14.116,23.746,-11.0,0.8457024767508002,0.7112158785537415,89.16988400519325,36.9
94955.67735816,-0.7122,-0.0008,-0.0098,-0.7019,0.01283608,-0.014896759999999998,-0.99980664,0.14,0.18,8.95,0.32361945,0.3334261,9.81645665,0.018378122434661383,-0.04602502840544963,-0.9987712006106296,2.8406644689519363,-14.116,23.746,-11.0,0.8536233810572662,0.7354734071417136,89.17021074845252,36.9
94955.717456346,-0.7154,-0.0009,-0.0099,-0.6986,0.012907440000000003,-0.015120000000000001,-0.99980236,0.56,0.45,12.31,0.02941995,0.0588399,9.855683249999998,-0.00952559657985113,-0.015670788880945908,-0.9998318263031837,1.050793233251002,-14.116,23.746,-11.0,0.8664173907821976,0.7395623727170845,88.64061754524403,36.9
94955.757321676,-0.7161,-0.001,-0.0098,-0.698,0.01263956,-0.015112999999999998,-0.99980592,0.0,0.0,0.0,0.196133,0.1569064,9.80665,5.4919589327965396e-05,-0.032641239428729256,-0.9994671653154872,1.8705401034122917,-14.116,23.746,-11.0,0.8660132495768285,0.7242127269623445,88.54456120282862,36.9
94955.797447558,-0.7161,-0.0009,-0.0098,-0.698,0.01277916,-0.014969779999999999,-0.9998063,0.0,0.0,0.0,0.16671305,0.1569064,9.80665,0.0002706949656695098,-0.02978793505336686,-0.9995562287891941,1.7070459211447342,-14.116,23.746,-11.0,0.857807286349328,0.732211863856579,88.54455835052059,36.9
94955.847682035,-0.7161,-0.0009,-0.0099,-0.6979,0.01292256,-0.0151074,-0.99980236,-0.01,-0.03,0.46,0.14709974999999997,0.1569064,9.80665,0.00017206418353877748,-0.027929889629085894,-0.9996098627299052,1.6005033164417843,-14.116,23.746,-11.0,0.8656954862159975,0.7404287571616042,88.52858326512487,36.9
94955.897319531,-0.7164,-0.0009,-0.01,-0.6976,0.01307232,-0.015241520000000001,-0.99979838,0.0,0.0,0.0,0.17651969999999997,0.16671305,9.79684335,0.0009469632730950573,-0.03111711281634546,-0.9995152899705286,1.783992881995495,-14.116,23.746,-11.0,0.8733832213237471,0.7490100979778624,88.48083200042032,36.9
94955.937357763,-0.7164,-0.0009,-0.01,-0.6976,0.01307232,-0.015241520000000001,-0.99979838,0.0,0.0,0.0,0.16671305,0.1569064,9.80665,-4.2260165673466826e-05,-0.030073763535714806,-0.9995476752397189,1.7233612802387088,-14.116,23.746,-11.0,0.8733832213237471,0.7490100979778624,88.48083200042032,36.9
94955.977354172,-0.7164,-0.0009,-0.0101,-0.6976,0.0132156,-0.01538104,-0.99979436,0.0,0.0,0.0,0.1569064,0.1569064,9.81645665,-0.00017448961137193214,-0.02919807875398038,-0.9995736252095718,1.6731943698471927,-14.116,23.746,-11.0,0.8813804090814583,0.7572201465032738,88.48106254708912,36.9
94956.027303034,-0.7164,-0.0008,-0.0101,-0.6976,0.01335512,-0.01523776,-0.9997947,0.0,0.0,0.0,0.16671305,0.14709974999999997,9.81645665,-0.0010596947306751835,-0.030312875256243654,-0.9995398919429914,1.7381273559411152,-14.116,23.746,-11.0,0.8731710092203356,0.7652147592262938,88.48105947885362,36.9
94956.067320297,-0.7164,-0.0008,-0.0102,-0.6976,0.013498400000000002,-0.01537728,-0.99979064,0.0,0.0,0.0,0.1569064,0.16671305,9.80665,0.0008366299693873779,-0.02952337997480601,-0.9995637353439365,1.692490263359599,-14.116,23.746,-11.0,0.8811682617161963,0.7734248386031812,88.48129228686122,36.9
94956.117406716,-0.7164,-0.0008,-0.0103,-0.6976,0.013641680000000002,-0.0155168,-0.99978654,0.0,0.0,0.0,0.1569064,0.1569064,9.80665,-0.00030578572887083114,-0.02963665334762834,-0.9995606871293173,1.6983942592700894,-14.116,23.746,-11.0,0.8891655803950719,0.781634933861688,88.4815273861254,36.9
94956.157320616,-0.7164,-0.0008,-0.0103,-0.6976,0.013641680000000002,-0.0155168,-0.99978654,0.0,0.0,0.0,0.1569064,0.16671305,9.79684335,0.0007100311804407525,-0.029679306945043452,-0.9995592160703101,1.7012355525121257,-14.116,23.746,-11.0,0.8891655803950719,0.781634933861688,88.4815273861254,36.9
94956.197333715,-0.7164,-0.0008,-0.0104,-0.6976,0.01378496,-0.01565632,-0.9997824,0.0,0.0,0.0,0.1569064,0.16671305,9.7870367,0.0005834665215770744,-0.029835266684487258,-0.9995546554232004,1.7100155755134245,-14.116,23.746,-11.0,0.8971629659053879,0.7898450451704848,88.48176477664656,36.9
94956.247356178,-0.7164,-0.0008,-0.0104,-0.6976,0.01378496,-0.01565632,-0.9997824,0.0,0.0,0.0,0.16671305,0.16671305,9.80665,0.0005237808092131667,-0.030801106806031087,-0.9995253920103304,1.7653078635108674,-14.116,23.746,-11.0,0.8971629659053879,0.7898450451704848,88.48176477664656,36.9
94956.287301757,-0.7164,-0.0007,-0.0104,-0.6976,0.01392448,-0.01551304,-0.9997827,0.0,0.0,0.0,0.16671305,0.16671305,9.80665,0.0006632958551894136,-0.030944315164794123,-0.9995208857124623,1.7736692007136023,-14.116,23.746,-11.0,0.8889535679087501,0.7978397196734056,88.48176161872955,36.9
94956.337380095,-0.7164,-0.0007,-0.0105,-0.6976,0.014067760000000002,-0.01565256,-0.99977852,0.0,0.0,0.0,0.16671305,0.16671305,9.80665,0.0005201259053278055,-0.031083797240297466,-0.9995166430184238,1.7815067544233179,-14.116,23.746,-11.0,0.8969510200605562,0.8060498631566012,88.48200127064678,36.9
94956.38733755,-0.7164,-0.0007,-0.0105,-0.6976,0.014067760000000002,-0.01565256,-0.99977852,0.0,0.0,0.0,0.1569064,0.14709974999999997,9.80665,-0.0014518998400674978,-0.03003260620654523,-0.9995478618793171,1.7230109197766799,-14.116,23.746,-11.0,0.8969510200605562,0.8060498631566012,88.48200127064678,36.9
94956.427377629,-0.7164,-0.0007,-0.0106,-0.6976,0.014211040000000001,-0.01579208,-0.9997743,0.0,0.0,0.0,0.14709974999999997,0.1569064,9.81645665,-0.0005849122537411409,-0.029184112920968237,-0.9995738795541094,1.6726999016794883,-14.116,23.746,-11.0,0.9049485403323313,0.8142600231916897,88.48224321383623,36.9
94956.477333594,-0.7164,-0.0007,-0.0106,-0.6976,0.014211040000000001,-0.01579208,-0.9997743,0.0,0.0,0.0,0.1569064,0.17651969999999997,9.79684335,0.0014202280895478682,-0.030267168939871546,-0.9995408324788526,1.736354895732482,-14.116,23.746,-11.0,0.9049485403323313,0.8142600231916897,88.48224321383623,36.9
94956.517350331,-0.7164,-0.0007,-0.0106,-0.6976,0.014211040000000001,-0.01579208,-0.9997743,0.0,0.0,0.0,0.16671305,0.1569064,9.80665,-0.0006222713341589147,-0.03119709398986184,-0.9995130553923421,1.7881076135281733,-14.116,23.746,-11.0,0.9049485403323313,0.8142600231916897,88.48224321383623,36.9
94956.557807107,-0.7162,-0.0007,-0.0106,-0.6978,0.01420652,-0.01579604,-0.9997743,-0.24,-1.18,-5.72,-0.12748644999999997,0.196133,9.8851032,0.004004501428019839,-0.00141818030345962,-0.9999909721699428,0.2434050940487418,-14.116,23.746,-11.0,0.9051754262173572,0.8140010201219796,88.51422734566346,36.9
94956.607733579,-0.712,0.0009,-0.013,-0.7021,0.019775779999999996,-0.016973,-0.99966038,2.66,-12.53,-25.05,0.67665885,-0.12748644999999997,9.6889702,-0.03128664999817688,-0.08894799995663216,-0.9955451227042837,5.410453600778461,-14.116,23.746,-11.0,0.9727181879045673,1.1331425972778464,89.21072093148291,36.9
94956.647934731,-0.7036,0.0121,-0.0239,-0.7101,0.0508165,-0.01691566,-0.99856476,-3.95,-109.02,-27.43,-0.00980665,0.784532,10.62060195,0.057243866954103,-0.049265179097540544,-0.9971439862230038,4.3313471696684855,-14.115,23.745,-11.0,0.9704961288134506,2.9128255377377172,90.5522694237003,36.9
94956.697972244,-0.694,0.0683,-0.0638,-0.7139,0.18607313999999997,0.0037067600000000034,-0.98252934,-23.27,-161.99,-19.32,1.7946169499999998,0.37265269999999995,9.590903699999998,0.05199872849890996,-0.3620117127081858,-0.9307242637383646,21.452294512904057,-14.116,23.745,-10.998,-0.21615710332233265,10.723705223358303,91.60073334479627,36.9
94956.738064625,-0.6798,0.1295,-0.1029,-0.7145,0.32495834,0.029024099999999997,-0.94528268,-58.0,-212.6,-22.59,3.7363336499999997,-0.83356525,7.91396655,-0.03605513486286831,-0.6975814028670828,-0.7155960684403131,44.30785675224186,-14.117,23.745,-10.997,-1.7586656171316903,18.963051050249923,92.55733047436843,36.9
94956.778015673,-0.6641,0.165,-0.1316,-0.7172,0.41146711999999996,0.030385960000000045,-0.91091288,-76.82,-204.19,-24.12,3.75594695,0.99047165,9.9439431,0.17235315336758078,-0.6921029217806909,-0.7008939641100302,45.50022720710086,-14.117,23.745,-10.996,-1.9105470789121262,24.297030358454954,93.98835674812534,36.9
94956.827983415,-0.6523,0.2183,-0.1431,-0.7116,0.49737282,0.08113425999999999,-0.863735,-35.88,-110.52,-15.76,4.1776329,-0.6472389,8.18855275,0.06493498219083459,-0.8341437839330845,-0.5477138140595377,56.78974100612039,-14.117,23.744,-10.994,-5.366287043098498,29.82633885127483,93.54911767223484,36.9
94956.868022739,-0.6426,0.2479,-0.1644,-0.7061,0.5613712599999999,0.08643540000000002,-0.82303646,-4.05,-107.72,-13.07,5.609403799999999,-1.0983448,7.87473995,0.03021373325812396,-0.9354281849629011,-0.3522083896282986,69.3774371755235,-14.117,23.745,-10.993,-5.995234007364169,34.15068264984921,93.54772711057085,36.9
94956.917884494,-0.6246,0.2818,-0.2006,-0.7001,0.64516588,0.07114444000000009,-0.7606968000000001,-2.66,-110.2,-34.15,5.874183349999999,-0.6080123,7.2373077,0.0854843786036002,-0.9783031387238943,-0.18829143785609587,79.14602040742577,-14.117,23.745,-10.993,-5.34306583593651,40.17811372056752,94.56197410681044,36.9
94956.957903835,-0.6095,0.3008,-0.2219,-0.6991,0.6910746600000001,0.056414620000000026,-0.7205595,10.99,-71.14,-40.33,6.786201799999999,-0.38245935,6.3939357999999995,0.11767523877106105,-0.9929751845069628,0.006535187533067532,90.37446194664278,-14.117,23.745,-10.993,-4.476714779031772,43.715237832046604,96.03324091742304,36.9
94957.007896396,-0.5968,0.3099,-0.2401,-0.7002,0.72056732,0.033660599999999985,-0.69262796,-22.25,-22.82,-22.36,7.296147599999999,-0.08825984999999999,6.9333015499999995,0.1623835321125802,-0.9858644631515809,0.044925809166814656,92.57451958096142,-14.117,23.745,-10.993,-2.78229329829662,46.101339309403826,97.94374552502282,36.9
94957.047729304,-0.5904,0.3193,-0.2453,-0.6995,0.7363509399999999,0.033854739999999994,-0.6757508400000001,-5.91,-29.03,-5.19,7.119627899999999,-0.38245935,6.63910205,0.14075805275529868,-0.987096858684349,0.07628746074585396,94.37521608040635,-14.117,23.745,-10.993,-2.8680885950443193,47.42149236621965,98.40904348073471,36.9
94957.087957214,-0.5849,0.3297,-0.2524,-0.6967,0.7546615,0.03398889999999993,-0.6551842999999999,-4.93,-56.52,-2.73,7.6884136,-0.3334261,6.44296905,0.1479879560395461,-0.9764292039401914,0.15637506521777544,98.99760855737092,-14.117,23.745,-10.993,-2.9696626805180077,48.995801173964466,98.60921926009935,36.9
94957.127552639,-0.5806,0.3441,-0.2653,-0.6885,0.78189206,0.03425082000000007,-0.6224221999999999,3.19,-51.55,3.69,7.5511205,-0.24516625,6.138962899999999,0.1487043270442015,-0.9655331390718331,0.21312574969595494,102.3069061072867,-14.117,23.745,-10.993,-3.1497112505164613,51.434138557926,98.19409131407781,36.9
94957.167741398,-0.5782,0.3542,-0.2764,-0.681,0.80204936,0.03314008000000007,-0.5962908,12.04,-41.91,7.93,7.95319315,-0.63743225,5.48191735,0.09342376503287349,-0.9430124343000207,0.3190878083437802,108.60952909962356,-14.117,23.745,-10.993,-3.181057524559241,53.32624986488381,97.7298612447173,36.9
94957.207518151,-0.577,0.3611,-0.2835,-0.6755,0.8150050999999998,0.03370089999999998,-0.5784690800000001,3.38,-29.48,4.88,7.9629998,-0.3138128,5.609403799999999,0.12072625201812205,-0.9355521710137056,0.33189357303927497,109.38388877473041,-14.117,23.745,-10.993,-3.334213136797645,54.5878661684452,97.27190631904855,36.9
94957.247595583,-0.5761,0.3677,-0.2914,-0.6693,0.8279543,0.03359590000000001,-0.5597654999999999,6.67,-30.58,3.3,8.11009955,-0.1372931,5.46230405,0.12808582161634982,-0.9186983595620997,0.37351064741195256,111.93318153493506,-14.117,23.745,-10.993,-3.4346471975934167,55.88916506321966,96.7340455051016,36.9
94957.28779387,-0.5738,0.3733,-0.2959,-0.6663,0.83703442,0.03408274,-0.5461806,-3.82,-18.57,-1.41,8.2571993,-0.3138128,5.1582979,0.10528071706662313,-0.9019324146460874,0.419205985954265,114.78050389867305,-14.117,23.745,-10.993,-3.570738924561955,56.828274000625996,96.61181713774921,36.9
94957.327465467,-0.572,0.3765,-0.2975,-0.6652,0.8412356,0.03492200000000001,-0.539483,0.04,-1.93,0.08,8.2964259,-0.3138128,5.10926465,0.10520020916298822,-0.8955892159007705,0.43205800650998105,115.60069113297565,-14.117,23.745,-10.993,-3.7037227610819365,57.27082684457923,96.58577259859426,36.9
94957.377389832,-0.5723,0.3759,-0.297,-0.6655,0.8402691,0.03494814000000007,-0.54098038,0.1,5.35,0.11,8.2768126,-0.35303939999999995,5.1779112,0.10210176596754666,-0.8998262161198249,0.4239018418143505,115.08379156367847,-14.117,23.745,-10.993,-3.696256656807129,57.168546833195904,96.5892989722612,36.9
94957.417581775,-0.5733,0.3736,-0.2947,-0.667,0.8362854200000001,0.03523995999999996,-0.5471499,-0.88,19.23,0.16,8.0806796,-0.46091255,5.2563644,0.09351100172419763,-0.9114788885963567,0.4005333044109322,113.61196045813789,-14.117,23.745,-10.993,-3.6851254801617426,56.74992310514601,96.64815260974227,36.9
94957.467728389,-0.5832,0.3556,-0.2813,-0.6741,0.8075282400000001,0.03552318000000004,-0.5888378999999999,15.04,124.8,11.37,7.453054,-0.8433718999999998,5.4721107,0.05343363547981132,-0.9532387500713824,0.2979573016223989,107.33229264919918,-14.117,23.745,-10.993,-3.4523330250461184,53.85513201217352,96.52806101183563,36.9
94957.507863036,-0.6031,0.3187,-0.2533,-0.686,0.74278686,0.03688833999999991,-0.66853884,11.72,165.84,30.33,7.1098212499999995,-0.81395195,6.2174160999999994,0.05361908094504755,-0.9919328666207194,0.11545199031817943,96.62924643678417,-14.117,23.745,-10.994,-3.158238590312468,47.969357517755235,95.9586757979593,36.9
94957.547770963,-0.6287,0.2688,-0.2158,-0.697,0.64605412,0.03716392000000002,-0.7623538400000001,47.52,208.49,25.57,5.521143949999999,-0.5099457999999999,7.9041599,0.06923146704219131,-0.9639317864913088,-0.2566300547813977,75.12840870799221,-14.117,23.745,-10.995,-2.790897477907895,40.24475584726917,94.86772525853796,36.9
94957.587750574,-0.6525,0.2077,-0.1694,-0.7088,0.51550252,0.030907059999999986,-0.8563286999999999,21.57,237.95,23.29,5.4132708,-0.12748644999999997,8.070872949999998,0.08250779453085447,-0.9017011517866949,-0.42439658169750644,64.8873230970795,-14.117,23.745,-10.996,-2.06705176857434,31.031050038858154,94.16189403393439,36.9
94957.627624473,-0.6728,0.1479,-0.1326,-0.7126,0.38921364,0.010032719999999995,-0.92108566,95.37,129.18,39.0,5.570177199999999,0.46091255,8.71811185,0.09896936988111363,-0.8186496365535708,-0.5656206872808669,55.552806287744296,-14.118,23.746,-10.998,-0.6240568131525337,22.90557863388624,93.15941363200001,36.9
94957.667747778,-0.6881,0.0937,-0.1082,-0.7114,0.28222120000000006,-0.02499702000000001,-0.95902614,51.67,205.97,17.03,1.8240368999999999,0.53936575,8.87501825,0.05129349057123317,-0.4675199583269878,-0.8825010266459107,28.055204010463296,-14.118,23.745,-10.998,1.4930766486205231,16.392817698215406,92.12617306751368,36.9
94957.717606007,-0.6995,0.0181,-0.0371,-0.7135,0.07773160000000001,-0.0276198,-0.99659196,-36.18,212.48,6.38,1.34351105,0.17651969999999997,9.9047165,-0.005373449032657938,-0.21117649034274977,-0.977435579096946,12.195284173397884,-14.118,23.746,-10.998,1.5875032707227767,4.458189871697745,91.20209273104336,36.9
94957.757623696,-0.7016,-0.0108,-0.0013,-0.7125,-0.013565840000000001,-0.01700706,-0.99976334,3.33,62.94,1.34,-0.7158854499999999,0.24516625,9.845876599999999,0.006547148897398908,0.08613036856590015,-0.9962625055793376,4.955318043910494,-14.118,23.747,-10.998,0.974569425019039,-0.7772892198098793,90.87763508628099,36.9
94957.797634978,-0.7013,-0.0212,0.008,-0.7125,-0.041430800000000004,-0.01833512,-0.99897312,2.12,31.63,-9.05,-0.5099457999999999,0.18632634999999997,9.8654899,-0.0009050906199243383,0.0929395280606653,-0.9956712777579515,5.33299268195415,-14.118,23.747,-10.998,1.0514868046810244,-2.374489618852558,90.88547875172802,36.9
94957.847571054,-0.6995,-0.0331,0.0191,-0.7136,-0.07396122,-0.01904738,-0.99707916,0.39,33.05,2.98,-0.980665,-0.28439285,9.7870367,-0.051209503314215095,0.17193943296567965,-0.9837752768682884,10.335015043129141,-14.119,23.747,-10.998,1.0943983221693805,-4.2415388189427485,91.10200890800495,36.9
94957.887683355,-0.6982,-0.0374,0.023,-0.7145,-0.08556180000000001,-0.019358360000000005,-0.99614448,2.32,22.93,-17.46,-0.02941995,0.35303939999999995,9.973363049999998,0.01397735393866786,0.08881753618600408,-0.9959492224024505,5.1584688181612135,-14.119,23.747,-10.998,1.1133051032691776,-4.908331333101283,91.26986780554083,36.9
94957.927835996,-0.6963,-0.0322,0.018,-0.7168,-0.07122872,-0.019036920000000002,-0.99727832,-0.02,-61.65,-8.04,-1.4317708999999998,0.2745862,9.757616749999999,0.002850759503566107,0.2153926385326859,-0.9765232344754977,12.43967200907804,-14.119,23.748,-10.998,1.0935790896729638,-4.084563873968133,91.62309243538901,36.9
94957.977797846,-0.6987,0.0046,-0.0188,-0.7151,0.032850040000000004,-0.02045972,-0.9992508,-11.07,64.42,-23.53,1.2160246,0.61781895,8.2768126,0.057579183622035936,-0.17602964928662201,-0.9826974609411978,10.67324852474163,-14.119,23.749,-10.997,1.1729706226477683,1.8825073292410825,91.3441320759933,36.9
94958.017676338,-0.6989,-0.0003,-0.011,-0.7152,0.014946679999999999,-0.01615374,-0.99975782,-8.06,31.39,9.21,1.7063570999999997,-0.61781895,9.228057649999998,-0.07695909456982719,-0.19792212731993844,-0.9771958019308052,12.26051941099066,-14.12,23.749,-10.997,0.9256847767075438,0.8564135713461046,91.3330754487916,36.9
94958.067658571,-0.7025,-0.0018,-0.009,-0.7116,0.01008324,-0.015337799999999999,-0.99983152,-1.77,18.25,24.1,1.5298374,0.24516625,10.0812362,0.010937464421231582,-0.15981840960208255,-0.9870850511620726,9.21806160837647,-14.12,23.748,-10.997,0.8788703542753186,0.5777368860175333,90.7398370464613,36.9
94958.107566356,-0.7077,-0.0143,0.0021,-0.7064,-0.023175380000000002,-0.017273339999999998,-0.9995822,5.99,124.52,2.1,-3.20677455,0.6080123,10.149882749999998,0.04121646307877716,0.32270903286650915,-0.9456058816500028,18.98549529256566,-14.121,23.746,-10.997,0.9900046087190967,-1.327970355796782,89.88599869676393,36.9
94958.14778062,-0.7082,-0.055,0.0416,-0.7026,-0.13620824,-0.019445680000000014,-0.99048888,-9.1,190.5,-0.71,-1.61809725,0.10787314999999999,11.6110736,-0.007712372452617643,0.2717054781073823,-0.9623469027309965,15.772334594545175,-14.122,23.747,-10.997,1.1247095306868409,-7.828492350619358,89.46526158704889,36.9
94958.19779002,-0.7039,-0.1128,0.0961,-0.6947,-0.2920139,-0.02527849999999998,-0.9560819,16.11,110.27,1.54,-1.55925735,-0.04903325,10.2381426,-0.02346709686422222,0.433014111667233,-0.9010868154105302,25.699264003053045,-14.123,23.748,-10.997,1.5145292580713283,-16.978563811956764,89.0227122842322,36.9
94958.237912805,-0.6988,-0.1543,0.1277,-0.6867,-0.39038913999999997,-0.04026649999999998,-0.91976844,35.31,190.74,-11.83,-3.6088471999999996,-0.28439285,9.571290399999999,-0.05048761856054981,0.6905730324577126,-0.7214957194443525,43.82177787685202,-14.124,23.748,-10.995,2.506748623880143,-22.978714992482647,88.48929213531875,36.9
94958.277910556,-0.6716,-0.2168,0.177,-0.686,-0.535196,-0.048361759999999976,-0.84333752,-16.8,274.44,-64.12,-4.8640984,1.8142302499999998,8.9828914,0.12104900349189288,0.8645496711266979,-0.4877148590910847,60.80894005190884,-14.123,23.748,-10.991,3.2820706199878145,-32.35720462568609,90.26114639205281,36.9
94958.327767285,-0.6423,-0.2749,0.2599,-0.6665,-0.7003092399999999,-0.006689839999999947,-0.71376396,4.65,156.72,-6.03,-5.589790499999999,-0.7551120499999999,6.3056759499999995,-0.12900238915094658,0.9891568846709049,-0.06868874287195287,86.06091147209757,-14.125,23.746,-10.988,0.5369959761267804,-44.45181963733096,91.89022366483809,36.9
94958.367959447,-0.6268,-0.3085,0.2873,-0.6552,-0.76441768,-0.010257679999999991,-0.64457292,9.59,119.15,-10.92,-7.5903471,0.02941995,6.2566427,-0.0433170825185156,0.9825996405715214,0.179840708347758,100.36194267213611,-14.125,23.746,-10.987,0.9117233238411071,-49.85521403766568,92.10344527361335,36.9
94958.417939413,-0.6084,-0.3358,0.3155,-0.6462,-0.81788832,-0.0008492400000000289,-0.57539622,-13.42,69.24,-21.14,-7.36479415,0.1372931,5.88399,-0.043463984095742605,0.9591087382902428,0.27979824679786086,106.24761490526741,-14.125,23.746,-10.987,0.08456404608030448,-54.87396175245022,93.4102729807681,36.9
94958.457613494,-0.5998,-0.343,0.3261,-0.6452,-0.83379676,0.009336640000000007,-0.55201958,6.94,31.32,-9.88,-8.1983594,0.0196133,5.442690750000001,-0.06414743586641383,0.9188969195901451,0.389356078249236,112.91341424431045,-14.125,23.746,-10.988,-0.96898567354788,-56.490755722390574,94.70077246022234,36.9
94958.497804038,-0.5948,-0.3481,0.332,-0.644,-0.8433,0.013516240000000013,-0.5372047799999999,-0.2,18.7,-3.68,-8.2768126,-0.18632634999999997,5.20733115,-0.08967828023704344,0.8995019062021319,0.4273757023471858,115.3038955022118,-14.125,23.746,-10.988,-1.4412756247297434,-57.490249835669296,95.33109993922046,36.9
94958.537723217,-0.592,-0.3507,0.3349,-0.6437,-0.84801278,0.01592146,-0.529703,1.66,6.67,-6.65,-8.316039199999999,-0.10787314999999999,5.1975245,-0.08505305721003331,0.8948046594163428,0.43816972662783243,115.98852778489137,-14.125,23.746,-10.988,-1.7216400392821747,-57.99618176021019,95.74192367431495,36.9
94958.667741389,-0.5921,-0.3441,0.3251,-0.6522,-0.83382746,0.016577220000000004,-0.5518103599999999,9.72,-25.36,-3.32,-8.237585999999999,-0.10787314999999999,5.4132708,-0.0978711392878922,0.9141218547566052,0.3935871444909491,113.17655794133036,-14.125,23.746,-10.988,-1.720734576392475,-56.493942002138745,96.45921636014282,36.9
94958.708091941,-0.5926,-0.3391,0.3137,-0.6598,-0.8192736,0.01205719999999999,-0.573207,29.8,-58.27,-4.99,-7.8845466,-0.29419949999999995,5.521143949999999,-0.1290348408622391,0.9307535152374691,0.3417774992797253,109.9876656957679,-14.125,23.746,-10.988,-1.2050181051752156,-55.012144298665575,96.76122008091508,36.9
94958.748052222,-0.603,-0.3082,0.2817,-0.6797,-0.7586972799999999,0.011253780000000047,-0.65131574,6.02,-213.22,-14.55,-6.5116156,-0.34323275000000003,6.24683605,-0.15220327981114412,0.9835999979343018,0.0961034744971877,95.51519261365985,-14.125,23.745,-10.989,-0.9898884706836061,-49.34948717890389,97.29384162889575,36.9
94958.77790382,-0.6141,-0.272,0.2443,-0.6995,-0.68057726,0.007705300000000026,-0.7326670200000001,25.62,-205.25,-5.61,-6.59987545,0.00980665,7.090207949999999,-0.12465128627440662,0.9896323873895327,-0.07257071714341784,85.83871413876564,-14.125,23.744,-10.989,-0.6025450614964992,-42.888768660550134,97.68262681527493,36.9
94958.818159563,-0.6232,-0.2201,0.1839,-0.7275,-0.54945846,-0.0067581399999999126,-0.8354735600000001,62.83,-309.17,-41.45,-3.14793465,-0.17651969999999997,7.207887749999999,-0.15604061717019044,0.8234279866213268,-0.5454414146068551,56.94309055220293,-14.124,23.744,-10.99,0.4634550665407786,-33.329868992314644,98.68544194298204,36.9
94958.858173601,-0.6264,-0.1349,0.0917,-0.7622,-0.32052331999999994,-0.029215239999999976,-0.9467862,-53.58,-381.82,-60.88,-3.6971070499999996,-0.6472389,9.52225715,-0.21093904777599326,0.6107188154039581,-0.7632058440134719,40.250869173765636,-14.124,23.745,-10.993,1.7674306720834652,-18.694576005010333,100.87612400918515,36.9
94958.897742377,-0.6368,-0.057,0.0364,-0.7681,-0.13392244,-0.016677520000000008,-0.99085208,8.66,-250.04,11.03,-3.4225208499999997,0.30400615,12.719225049999999,-0.06454581665704687,0.3814112876816115,-0.9221589223575933,22.757445670766334,-14.124,23.746,-10.992,0.9642824673012557,-7.6963144404943815,100.61743411092702,36.9
94958.947904346,-0.6493,0.0086,-0.0196,-0.7603,0.038529719999999996,-0.0186358,-0.99908376,20.7,-117.68,44.74,1.06892485,0.2353596,9.3359308,0.03027844179633827,-0.14901780384389762,-0.9883727497199887,8.746470136727112,-14.126,23.748,-10.988,1.0686079805578481,2.20813691614659,99.03153393372094,36.9
94958.997788763,-0.6611,0.0446,-0.0562,-0.7469,0.14093112000000002,-0.024981439999999994,-0.9897048,-7.26,-101.67,27.37,1.4317708999999998,0.0392266,9.6301303,0.01434493584425605,-0.28537496993948785,-0.9583119340224966,16.602750070945692,-14.127,23.748,-10.988,1.4459131815014443,8.101729719790145,97.08015974308668,36.9
94959.037929901,-0.6623,0.073,-0.076,-0.7418,0.2089724,-0.016057799999999997,-0.97779,-10.54,-85.01,14.22,2.2555295,-0.8531785499999999,10.0812362,-0.04997504049189433,-0.42424801383241495,-0.9041681443537921,25.2887593060415,-14.127,23.748,-10.987,0.9408579241800155,12.062139064768331,96.58143346024964,36.9
94959.077560868,-0.6564,0.1074,-0.0945,-0.7407,0.28316196,0.001002419999999976,-0.95906998,-1.74,-52.3,2.01,2.157463,0.6080123,8.42391235,0.1315999517894849,-0.4987873140807514,-0.8566679114381514,31.054903239981268,-14.126,23.748,-10.987,-0.05988553033939982,16.44901137012185,96.89511543554319,36.9
94959.127994694,-0.6538,0.1295,-0.111,-0.7372,0.3360784,0.005675800000000036,-0.9418175,-23.22,-83.22,-13.45,3.97169325,-0.0588399,9.2574776,0.08027074524975372,-0.6754386560200578,-0.7330389676596712,42.858442844107614,-14.126,23.748,-10.988,-0.3452849926805144,19.63812823307304,96.80315290055248,36.9
94959.177933965,-0.6383,0.1698,-0.1393,-0.7378,0.42838726000000005,0.011215599999999964,-0.90352694,-18.73,-120.89,-47.9,5.099458,0.45110589999999995,8.46313895,0.17307936388146572,-0.8158825150326743,-0.5517186564634871,56.51526942660068,-14.125,23.747,-10.987,-0.7111836003791456,25.365255075171103,98.1119654958728,36.9
94959.218124551,-0.6134,0.1997,-0.1626,-0.7466,0.49766972,0.002197639999999945,-0.8673623,-11.41,-112.72,-46.73,4.2756994,-0.37265269999999995,8.85540495,0.12455143121320011,-0.8160647558730743,-0.564370159974844,55.641207726149524,-14.125,23.747,-10.986,-0.1451702794152767,29.84594929827379,101.14821091740203,36.9
94959.267727513,-0.5898,0.2309,-0.1892,-0.7503,0.5696688599999999,-0.011543880000000006,-0.8217771,-6.92,-77.65,-41.55,5.34462425,0.6962721499999999,7.7864801,0.28434700890526365,-0.890493815660027,-0.3550324089263274,69.20326875085165,-14.126,23.746,-10.985,0.8048071702163059,34.72713758240166,103.90590792974241,36.9
94959.307537795,-0.5788,0.2419,-0.1994,-0.7528,0.59503008,-0.020193199999999967,-0.80344806,3.74,-8.38,-12.14,5.32501095,0.37265269999999995,7.1588544999999995,0.2742936556211966,-0.9168323205468054,-0.2901196903219091,73.1347734891202,-14.127,23.746,-10.985,1.4397217086254537,36.514776463776684,105.36382471934454,36.9
94959.347645364,-0.5872,0.226,-0.1914,-0.7533,0.56527176,-0.022948839999999915,-0.82458008,26.22,120.18,41.34,4.1776329,0.37265269999999995,7.44324735,0.24496938254153344,-0.8623967197743194,-0.4429747795718729,63.705662735285536,-14.128,23.745,-10.986,1.5941839772503967,34.42116493609542,104.61908201986662,36.9
94959.39774554,-0.6263,0.155,-0.1515,-0.7488,0.4218969,-0.032733399999999996,-0.9060455000000001,87.37,237.76,97.12,3.7853669,0.43149259999999995,8.97308475,0.14755167747875955,-0.7260260981847071,-0.6716084732126211,47.807199155931706,-14.13,23.745,-10.99,2.0690686467137898,24.95440476068347,100.63507807823333,36.9
94959.447724606,-0.6628,0.0712,-0.1071,-0.7377,0.24702024,-0.06363262000000001,-0.9669203,61.07,181.55,57.54,2.20649625,2.4124358999999997,9.561483749999999,0.22647653755684963,-0.42549804796724844,-0.876168065348025,28.817038019592687,-14.132,23.745,-10.994,3.7651819743880495,14.301255125952727,96.59774932995835,36.9
94959.48773571,-0.6784,0.0081,-0.0717,-0.7311,0.10912638000000001,-0.09384966,-0.989587,58.56,228.27,18.87,1.0002783,1.2552512,9.71839015,0.05031489873578884,-0.2060859229367545,-0.9772385844386142,12.247749244411986,-14.134,23.746,-10.995,5.417568020501075,6.264957665774316,94.57579473803494,36.9
94959.527877305,-0.6855,-0.0706,-0.0268,-0.7242,-0.06551424,-0.13560972,-0.9885948,56.35,256.66,7.0,-0.08825984999999999,1.5102240999999998,9.5516771,0.01671296218597304,0.07555584832446471,-0.9970036189187791,4.438102499895553,-14.135,23.746,-10.995,7.81075620528718,-3.7563798611879617,92.89306306983846,36.9
94959.577798147,-0.6869,-0.1617,0.0182,-0.7083,-0.25406738000000006,-0.19636134,-0.94704374,34.69,147.35,6.13,-5.648630399999999,-0.8629851999999999,17.7696498,-0.24074685512236826,0.5261348887774341,-0.815611601849809,35.35208924373232,-14.135,23.746,-10.995,11.713806665745421,-14.718330072115506,90.23934458841724,36.9
94959.617690825,-0.6844,-0.1982,0.0495,-0.6999,-0.34519595999999997,-0.20200606000000002,-0.91653302,12.12,186.47,2.63,-3.5402006499999996,2.5006957499999998,9.306510849999999,0.05335939477920096,0.646536001703383,-0.7610132406127396,40.44630064758425,-14.134,23.746,-10.994,12.429407075040189,-20.19375834918893,89.06106226184234,36.9
94959.657720033,-0.679,-0.2496,0.0968,-0.6836,-0.47270751999999994,-0.20661184000000002,-0.8566592,0.27,203.53,0.19,-3.9814999,1.6671305,7.972806449999999,0.015576875525954437,0.8118073332887199,-0.5837395237218163,54.28653463293609,-14.134,23.746,-10.993,13.55981831807579,-28.210191535926946,86.96607983522003,36.9
94959.707823704,-0.6705,-0.2985,0.1541,-0.6615,-0.6015636,-0.1964142,-0.77430188,-26.35,159.63,-5.14,-5.08965135,1.0198915999999998,7.46286065,-0.0014108764519086547,0.9471169422980077,-0.3208896058214118,71.28329254765937,-14.133,23.745,-10.995,14.233772653270368,-36.9819645166866,84.44395653249671,36.9
94959.747873071,-0.6645,-0.327,0.2039,-0.6403,-0.6897393,-0.17346866,-0.70299158,-60.92,186.19,-8.83,-6.040896399999999,1.32389775,7.031368049999999,0.09070104224921818,0.9901155121652544,-0.10743263587781754,83.83296148904353,-14.132,23.743,-10.996,13.861273802273358,-43.60947574639918,82.31121454207967,36.9
94959.798085309,-0.659,-0.3386,0.2342,-0.6295,-0.734973,-0.15141700000000008,-0.6610008,-15.04,-36.2,-25.36,-6.825428399999999,0.3138128,6.786201799999999,0.018606941630386897,0.9986201944003497,0.050187190910224444,92.87656831063381,-14.131,23.74,-10.999,12.902273714925714,-47.304934689772196,81.71169381230926,36.9
94959.838050636,-0.6573,-0.3117,0.232,-0.6457,-0.7075165800000001,-0.11015601999999991,-0.69803822,-57.33,-94.89,-64.5,-6.46258235,0.8531785499999999,6.746975199999999,0.06049263039045173,0.9978153397772082,-0.024648776986669507,88.58751709831681,-14.128,23.738,-11.002,8.967778145291863,-45.033214999640585,85.25163122010626,36.9
94959.887942704,-0.6533,-0.2814,0.22,-0.6675,-0.663121,-0.07397723999999994,-0.74482808,-11.07,-38.63,-31.4,-7.3157609,0.9218251,6.3350959,0.04605123839540395,0.998856424732195,0.006633200331426892,90.38008019073088,-14.128,23.737,-11.001,5.672084875563847,-41.53833460627522,89.07461451092352,36.9
94959.927953999,-0.6506,-0.2683,0.2152,-0.677,-0.64329644,-0.05773115999999989,-0.76340814,-8.27,-53.08,-30.59,-5.825150099999999,-0.14709974999999997,7.32556755,-0.08659339945537214,0.9766451906130039,-0.1962093803198648,78.68365804646953,-14.129,23.738,-11.0,4.324643270219787,-40.03806823601125,90.69461498076303,36.9
94959.967872266,-0.6522,-0.2427,0.1978,-0.6904,-0.59313048,-0.04345563999999996,-0.80394374,-0.19,-130.75,-6.43,-5.609403799999999,0.8727918499999999,7.168661149999999,0.015312900066724554,0.962623429302196,-0.27055537183765216,74.30331508828819,-14.13,23.739,-10.999,3.094002746750318,-36.37947269628107,92.24596943495077,36.9
94960.017989417,-0.6681,-0.18,0.1409,-0.7081,-0.44318658,-0.04097342000000004,-0.89549438,-0.28,-284.79,7.54,-3.3832942499999996,0.46091255,7.5315072,-0.022530045471525345,0.7709160867480258,-0.6365500220243553,50.46531639018715,-14.131,23.739,-11.0,2.6197460167166566,-26.307374928240773,92.71845059910864,36.9
94960.058364803,-0.6764,-0.0884,0.0695,-0.7279,-0.22271232000000002,-0.018409419999999996,-0.97471038,-66.94,-316.07,-21.96,-6.040896399999999,2.4124358999999997,22.1434157,0.05279830225947172,0.4742149715955577,-0.8788245384104447,28.499111983435558,-14.133,23.739,-11.002,1.0820205639418865,-12.868390722926481,94.07852747572542,36.9
94960.097963621,-0.6722,-0.0418,0.0265,-0.7387,-0.09738192,-0.017044819999999995,-0.99510102,1.99,-141.91,-45.55,-2.44185585,1.01008495,9.610517,0.05294816909487331,0.3443053215144767,-0.9373609857284072,20.38664740388072,-14.135,23.739,-11.0,0.981308165447199,-5.588429601072169,95.34801084181336,36.9
94960.147940386,-0.6575,0.0095,-0.0214,-0.7531,0.0424499,-0.019740180000000003,-0.99890358,25.46,-157.27,-49.22,1.2062179499999999,-0.8041453,9.54187045,-0.07932081997938985,-0.17914334574121132,-0.9806206548175934,11.298389834748349,-14.137,23.739,-10.997,1.1321230838956775,2.432931172061781,97.77914747418674,36.9
94960.188076633,-0.6438,0.0549,-0.0628,-0.7606,0.16437516,-0.024842119999999995,-0.9860843,-28.37,-180.03,-33.96,0.9218251,0.73549875,9.8654899,0.09094161831218953,-0.24319860987083297,-0.9657022404136257,15.049071216196527,-14.139,23.738,-10.995,1.4431297861787136,9.46093817548735,99.62487301654495,36.9
94960.238274877,-0.6115,0.1364,-0.1131,-0.7711,0.34867738000000004,-0.007605620000000007,-0.93720686,-130.97,-159.43,-111.4,5.3936575,-1.3533177,10.002782999999999,0.0490148957588285,-0.7549281652502482,-0.6539104143920959,49.16088178769266,-14.14,23.739,-10.994,0.46495643541406423,20.406439091017056,103.2487306712372,36.9
94960.277987443,-0.5959,0.1943,-0.1303,-0.7682,0.45381406,0.03137382,-0.89053884,-44.8,-155.25,17.3,3.97169325,-1.0787315,9.228057649999998,0.11186533023684105,-0.7615983428824663,-0.6382861730831212,50.33479191943607,-14.14,23.739,-10.994,-2.0177046140182107,26.988654693027293,103.91098700914303,36.9
94960.317931243,-0.6161,0.2152,-0.1563,-0.7414,0.51169142,0.033407800000000015,-0.8585185399999999,130.19,29.35,215.13,6.089929649999999,-0.9414384,7.4922806,0.09555819884870095,-0.9336920280954119,-0.3450754141070267,69.81348700421049,-14.141,23.739,-10.994,-2.22844420719286,30.776560194031067,99.93334177420745,36.9
94960.367402305,-0.6268,0.2232,-0.1691,-0.7272,0.53660584,0.03386448000000003,-0.8431739,8.49,-7.63,8.6,3.18716125,0.17651969999999997,7.7276402,0.16871889974211268,-0.8013286740569445,-0.5740393381121222,54.96992264609589,-14.143,23.74,-10.995,-2.299940153944634,32.45288120021667,97.8197411366862,36.9
94960.417431286,-0.63,0.2152,-0.1636,-0.728,0.5194672,0.03295040000000002,-0.8538479999999999,4.19,50.92,4.11,4.962164899999999,-0.45110589999999995,7.5511205,0.1024756772364332,-0.8972505652497412,-0.4293958024104164,64.56996847081561,-14.144,23.741,-10.996,-2.2099747393835205,31.29651911061491,97.63335317075625,36.9
94960.457752774,-0.6431,0.1901,-0.1474,-0.7271,0.4660293,0.030157539999999983,-0.88427046,51.11,113.39,55.13,5.10926465,0.93163175,8.4533323,0.21899742167453998,-0.8315407925121137,-0.5106075819813332,59.29807363304379,-14.144,23.741,-10.997,-1.9532828405085187,27.77685693615076,96.54087161542284,36.9
94960.498023882,-0.6676,0.1341,-0.1364,-0.7196,0.375118,-0.017256560000000004,-0.92682446,141.91,169.8,22.87,3.4617474499999994,-0.38245935,9.492837199999999,-0.002571947857030287,-0.6715112997257036,-0.7410349765900024,42.18245976137301,-14.145,23.742,-10.998,1.0666678210960199,22.031606143535,94.50739102880351,36.9
94960.53799573,-0.6841,0.0614,-0.129,-0.7153,0.26433664,-0.10053992000000002,-0.95917808,78.51,100.97,-18.38,-1.0395048999999998,-1.7553903499999999,10.6892485,-0.25291651393123377,-0.17679639303965528,-0.9512044819651161,17.973754308469257,-14.146,23.742,-10.999,5.983825431560836,15.32753957346202,93.36367274770916,36.9
94960.58755451,-0.691,0.0129,-0.1247,-0.7119,0.19070241999999998,-0.15972006,-0.968567,85.42,68.32,33.39,2.06920315,1.5494507,9.6301303,0.013957449258186372,-0.39003114962695407,-0.9206958224431764,22.971974286519426,-14.147,23.742,-10.998,9.364000880139304,10.993779456234707,92.61010566983079,36.9
94960.627605129,-0.7011,-0.0236,-0.1248,-0.7016,0.14187903999999996,-0.20821128,-0.967736,60.66,89.19,35.84,1.61809725,1.97113665,9.09076455,0.006458605662918643,-0.3093631973982593,-0.9509201701960767,18.024952568410164,-14.148,23.742,-10.997,12.142257509101784,8.156592811601211,90.90510246934649,36.9
94960.667801296,-0.7097,-0.0465,-0.1143,-0.6937,0.09772331999999999,-0.22458192,-0.96954652,-19.95,65.98,6.6,1.5102240999999998,1.8142302499999998,9.1397978,-0.03418037688250006,-0.255253289093828,-0.966271104394601,14.923629759312819,-14.148,23.741,-10.997,13.041761408228973,5.608084125134218,89.34192987803571,36.9
94960.718048344,-0.7254,-0.0726,-0.0631,-0.6816,-0.007422839999999986,-0.19134600000000002,-0.98149526,-31.6,148.09,52.01,-0.1372931,1.2160246,8.46313895,-0.04822372860010643,0.026560020541456696,-0.9984839593485292,3.1559659133598905,-14.148,23.74,-10.997,11.03164591388636,-0.4253013096430322,86.39490515349208,36.9
94960.758085992,-0.7447,-0.0924,-0.0031,-0.661,-0.11753566,-0.14171876,-0.98290526,-84.35,188.99,155.73,-3.0792881,1.6867437999999997,9.5320638,0.08265904469145947,0.4057889812269124,-0.9102308892731781,24.463822876983595,-14.148,23.74,-10.998,8.204565511166996,-6.749899756164669,82.7029254223562,36.9
94960.797945986,-0.807,-0.0962,0.0366,-0.5816,-0.17097224,-0.11269368000000002,-0.978812,-113.83,68.69,398.37,-5.815343449999999,1.9024900999999999,6.61948875,0.3677722140943735,0.6819610712499634,-0.6322677832435176,50.784466196375824,-14.147,23.743,-10.998,6.567723979223313,-9.84435194493668,70.99959848288577,36.9
94960.847944945,-0.8695,-0.0967,0.06,-0.4807,-0.19730738,-0.11047730000000001,-0.97409822,-16.29,90.41,130.11,-2.3241760499999997,3.2754211,10.051816249999998,0.38096139429800957,0.22962836078366272,-0.8956316000085085,26.411292680159125,-14.146,23.748,-10.997,6.470548991441479,-11.379545933791276,57.229059632247036,36.9
94960.887750865,-0.8761,-0.0951,0.0722,-0.467,-0.21533224,-0.09919942,-0.9714863,-5.48,-44.03,-6.78,-2.4712758,0.35303939999999995,10.277369199999999,0.19370217803626982,0.39723130923078925,-0.8970322872411874,26.228171279929956,-14.147,23.749,-10.997,5.830320764665113,-12.435019818934416,55.47834207019271,36.9
94960.927854201,-0.8749,-0.0833,0.055,-0.4739,-0.17519074,-0.09362934,-0.98007222,-8.78,-70.69,-32.56,-1.6671305,0.6668522,9.6301303,0.1667802691006734,0.297543858501902,-0.9400273034954029,19.94380549132738,-14.147,23.749,-10.997,5.457082309706761,-10.089758184579267,56.403091502311476,36.9
94960.978032006,-0.8705,-0.0641,0.044,-0.486,-0.1389092,-0.06883010000000003,-0.98791038,-34.12,-12.66,-36.24,-1.1866046499999998,0.77472535,9.6889702,0.14500463003857098,0.21349828432082482,-0.9661227143377865,14.956454951748817,-14.146,23.749,-10.997,3.985494683860588,-7.984731277587377,58.07150941334279,36.9
94961.017731718,-0.8653,-0.0507,0.0527,-0.4959,-0.14148687999999998,-0.03547356,-0.98930444,-40.86,8.43,-25.38,-1.0395048999999998,0.3334261,9.8654899,0.12231640519350524,0.21158105380163605,-0.9696765874426498,14.145949680238578,-14.146,23.748,-10.997,2.0535790460961536,-8.133894722187023,59.488110210266825,36.9
94961.067834041,-0.8625,-0.0435,0.0535,-0.5013,-0.1359006,-0.021398399999999998,-0.990491,-20.14,-30.09,0.04,-1.4023509499999998,0.25497289999999995,9.60071035,0.14202422371871215,0.23858324669246123,-0.9606791809744317,16.120378298428122,-14.147,23.749,-10.997,1.2376158093905603,-7.810700436420709,60.245414300050555,36.9
94961.10778702,-0.8615,-0.0404,0.0516,-0.5036,-0.12959768000000002,-0.01763767999999999,-0.99141056,1.22,-11.66,-12.72,-1.7848102999999997,0.6864655000000001,9.669356899999999,0.1962871756948569,0.24154485078135354,-0.9503348057604841,18.134108095071912,-14.147,23.749,-10.997,1.0192124941205825,-7.44634440902393,60.55606265277297,36.9
94961.157917071,-0.856,-0.0292,0.0319,-0.5152,-0.08470048,-0.01712064,-0.9962595,0.15,-147.72,-24.03,-0.9218251,0.37265269999999995,9.69877685,0.10234592758356487,0.14778079979141479,-0.9837110567844736,10.355805777423774,-14.146,23.749,-10.997,0.98452648874187,-4.858801525392065,62.04500183026436,36.9
94961.19788088,-0.8498,-0.0142,0.0082,-0.5269,-0.028900680000000005,-0.015493159999999999,-0.99946224,-0.16,-5.42,-20.33,-0.08825984999999999,0.34323275000000003,9.77723005,0.03440942933756091,0.025241696390960168,-0.9990891216214057,2.445837482060508,-14.146,23.75,-10.997,0.8880991706679395,-1.656117588818377,63.59002499562854,36.9
94961.247398615,-0.8478,-0.0152,0.0095,-0.53,-0.032220200000000004,-0.01570312,-0.99935742,-0.06,0.77,0.46,0.04903325,0.1176798,9.77723005,0.00861872122134662,0.026066830911594112,-0.9996230365769855,1.5732376804045658,-14.146,23.75,-10.997,0.90022693125893,-1.8464010399457345,64.00769322778226,36.9
94961.287494457,-0.8484,-0.0163,0.0112,-0.529,-0.03624956,-0.01580824,-0.99921774,-1.73,0.01,21.34,0.8041453,1.4121575999999998,9.845876599999999,0.09334694746116559,-0.0955574284633953,-0.991037638518282,7.676786649451061,-14.146,23.75,-10.997,0.9063789019252018,-2.077401928324025,63.87359969944409,36.9
94961.338096125,-0.8557,-0.0131,0.007,-0.5173,-0.02553306,-0.015177140000000002,-0.99955878,-3.04,-43.37,26.59,-0.46091255,-0.21574629999999997,10.0616229,0.0007260671286499403,0.08006494309259174,-0.9967895011530383,4.592487372194307,-14.147,23.75,-10.997,0.8699030675599174,-1.4630955798236558,62.2998464737441,36.9
94961.378095997,-0.8557,0.0001,-0.0078,-0.5175,0.01345242,-0.007901859999999998,-0.9998783,-35.71,-23.23,-25.73,-0.8433718999999998,-0.6962721499999999,10.110656149999999,-0.03530366357264281,0.09704548566715665,-0.9946542869418706,5.927354595182884,-14.147,23.75,-10.996,0.4527889077686307,0.7707901394369466,62.336006345465805,36.9
94961.417942545,-0.8449,0.0249,-0.0087,-0.5343,0.041309399999999996,0.0327792,-0.9986086,-87.27,-52.38,-93.68,0.1569064,-0.43149259999999995,10.002782999999999,-0.03375095645902142,-0.04702462455514146,-0.9983234925909625,3.3183062780068884,-14.145,23.75,-10.996,-1.8800516183048877,2.3675279512687584,64.5797017606074,36.9
94961.468109693,-0.818,0.0709,0.0044,-0.5708,0.07374104000000001,0.12101544,-0.98990766,-122.6,-28.26,-110.33,0.81395195,-1.06892485,9.757616749999999,-0.04274650288201862,-0.15043699060798257,-0.9876944203800371,8.997559397463732,-14.143,23.752,-10.994,-6.969780867373008,4.228888890732013,69.55605078975721,36.9
94961.508029142,-0.7911,0.1157,0.022,-0.6002,0.10407787999999998,0.20946934,-0.97225902,-116.75,-24.52,-101.79,2.61837555,-3.2361945,9.3359308,-0.2117485888154051,-0.30761089505276085,-0.9276412987767504,21.928526842248854,-14.144,23.751,-10.994,-12.158304113682323,5.974041892984932,73.73482832280533,36.9
94961.548224535,-0.7595,0.1689,0.0297,-0.6275,0.16685519999999998,0.2938326,-0.9411814000000001,-123.24,-122.44,-105.95,1.8436502,-1.6475172,7.8845466,0.010244293556167738,-0.3931560400678309,-0.9194159786757475,23.159307205775708,-14.144,23.751,-10.994,-17.338129003331478,9.605023798111716,77.65965297348151,36.9
94961.588027975,-0.7283,0.224,0.0098,-0.6475,0.27580532,0.3389694,-0.89945592,-89.7,-127.39,-106.34,2.549729,-3.87362675,8.7279185,-0.1407681213339707,-0.4974087560800302,-0.8559952879879661,31.128193858098975,-14.145,23.75,-10.994,-20.649444055726892,16.010011716879934,80.33938980988293,36.9
94961.628076281,-0.7007,0.2787,-0.0141,-0.6566,0.38574858,0.37205405999999996,-0.844255,-82.38,-184.99,-74.89,5.099458,-3.4519407999999996,6.825428399999999,-0.1676037026950068,-0.8164206708090341,-0.5525654811725772,56.45609006240022,-14.146,23.749,-10.994,-23.78256937550497,22.690220886585315,81.43789501709219,36.9
94961.67805874,-0.6644,0.3478,-0.0383,-0.6605,0.5103368399999999,0.41156234,-0.75513654,-110.61,-63.79,-72.11,4.6287388,-3.8638201,7.3353741999999995,-0.11307859482673738,-0.8575374239406125,-0.5020548138179401,59.8675567818641,-14.147,23.745,-10.995,-28.591140196498674,30.686269089364774,81.67404582441388,36.9
94961.717924526,-0.6359,0.3787,-0.035,-0.6715,0.5531071,0.43462565999999997,-0.7107226200000001,-60.28,-43.53,-52.94,6.10954295,-3.67749375,6.874461649999999,-0.06387169192348519,-0.9473541453580561,-0.31347219881278865,71.72973163475098,-14.147,23.746,-10.995,-31.446887671313878,33.58043525352495,83.40137062871595,36.9
94961.757450089,-0.6223,0.3904,-0.0344,-0.6776,0.57188432,0.43927296000000005,-0.69280896,0.53,2.26,-8.63,5.638823749999999,-4.0011132,6.22722275,-0.0968494155759354,-0.9470941592684428,-0.3059745457629405,72.18308111743757,-14.147,23.745,-10.996,-32.37658965840383,34.881729917804904,84.4491408988105,36.9
94961.807863075,-0.6331,0.363,-0.0426,-0.6823,0.54928992,0.40149864,-0.73283248,101.86,85.84,-55.39,4.795451849999999,-3.6284604999999996,8.041452999999999,-0.0010492354617628319,-0.8827862611777219,-0.46963857887600785,61.98722713728915,-14.146,23.744,-10.998,-28.71711551273309,33.31831214345014,85.51740965237344,36.9
94961.847870174,-0.6306,0.3125,-0.0455,-0.7089,0.5004470999999999,0.32961510000000005,-0.800547,91.76,134.84,-43.82,5.579983849999999,-3.5598139499999997,8.659271949999999,0.009835180709877489,-0.8730023714557911,-0.4874724670515451,60.82315989530439,-14.144,23.743,-11.001,-22.378794865461835,30.029584308917308,90.610176356697,36.9
94961.897858078,-0.6349,0.2638,-0.0638,-0.7233,0.46262632,0.24268016,-0.85267824,123.09,26.43,-15.26,5.099458,-2.0593964999999996,8.129712849999999,0.07750997127184656,-0.8525068326035088,-0.5168177139842495,58.87882839868099,-14.143,23.743,-11.003,-15.886846189509049,27.556709409136975,93.52263550035912,36.9
94961.937751114,-0.6497,0.2315,-0.0899,-0.7185,0.44948156,0.17162480000000005,-0.87665148,109.7,17.77,25.49,4.32473265,-1.34351105,8.89463155,0.08215948442610153,-0.7884840718262693,-0.6095691337073763,52.44234635564221,-14.143,23.742,-11.003,-11.076876928810757,26.710426243371604,93.12176134290976,36.9
94961.987604323,-0.6611,0.2021,-0.1038,-0.7151,0.42628778,0.11876186000000002,-0.8967623,50.23,37.17,0.7,4.158019599999999,-1.08853815,8.835791649999999,0.04585028438987891,-0.7677211236880495,-0.6391748399018161,50.27069376144702,-14.144,23.742,-11.003,-7.544012074048298,25.232202945215686,92.80594448772497,36.9
94962.027573145,-0.6674,0.1794,-0.1061,-0.7149,0.3981284,0.08776134,-0.91311686,48.37,59.15,8.9,2.8145085499999998,-0.8041453,9.24767095,0.040226156546840613,-0.6459409840076156,-0.7623029438929935,40.331131217247844,-14.144,23.742,-11.003,-5.489939724054459,23.461227750998486,92.79187511421497,36.9
94962.067725815,-0.6748,0.1403,-0.0957,-0.7182,0.33068363999999995,0.051885400000000026,-0.94231484,58.95,129.04,14.8,2.6477955,-0.36284605,9.1594111,0.0454499618367928,-0.577961149499351,-0.8148003947592896,35.432549927412616,-14.145,23.743,-11.003,-3.1516171187922573,19.31027489934821,93.03327436812424,36.9
94962.117992743,-0.6824,0.083,-0.0688,-0.723,0.21391624,0.013793600000000003,-0.97675512,46.33,154.39,-9.29,2.7262487,-0.2745862,9.2770909,0.012195480468919115,-0.480610764267953,-0.8768534836707197,28.73529065394685,-14.146,23.744,-11.004,-0.809069251531164,12.351953261759363,93.22316013881819,36.9
94962.157790764,-0.6834,0.0266,-0.0374,-0.7286,0.08987984,-0.018142400000000003,-0.99578736,46.76,175.46,-9.69,1.6867437999999997,-0.0196133,10.0223963,-0.00340419260722454,-0.2546621206990293,-0.9670240953218192,14.754913282648936,-14.145,23.743,-11.004,1.0437649647393308,5.156694414230054,93.71397012938633,36.9
94962.207558348,-0.682,0.0006,-0.012,-0.7312,0.01724544,-0.0167304,-0.99971128,1.31,-5.77,8.69,-0.08825984999999999,0.0588399,9.8851032,-0.010174623735557291,-0.009049290905809864,-0.9999072747396294,0.7801995979303998,-14.144,23.741,-11.003,0.9587686509740385,0.9881399116321213,93.9916478542299,36.9
94962.247666279,-0.6825,0.0019,-0.0138,-0.7308,0.02161404,-0.01757658,-0.9996119,-2.16,8.03,-9.66,0.37265269999999995,0.00980665,9.659550249999999,-0.012394607093204947,-0.0611307230684704,-0.9980529569117345,3.5761226281423735,-14.144,23.74,-11.003,1.0073510377690063,1.23848971319112,93.92950910724625,36.9
94962.28784667,-0.6822,-0.0013,-0.0087,-0.7311,0.00996942,-0.014494859999999998,-0.99984524,-0.11,-3.33,18.52,0.45110589999999995,0.10787314999999999,9.6889702,0.0005541557768780365,-0.05655819258965441,-0.9983991107232977,3.2424318039753453,-14.144,23.74,-11.003,0.8305646675978822,0.5712151525754886,93.96635125342401,36.9
94962.337672535,-0.6903,-0.0109,-0.0005,-0.7234,-0.015079820000000002,-0.01577194,-0.99976188,1.95,53.27,22.92,-0.3138128,0.1372931,9.7870367,-0.003942663259742248,0.04697725991155516,-0.9988880292833715,2.702063448283009,-14.145,23.74,-11.003,0.9038058563072832,-0.8640427912887916,92.67231659600888,36.9
94962.377512925,-0.6933,-0.0223,0.0094,-0.7202,-0.045154959999999994,-0.01738142,-0.9988287,1.09,18.93,9.7,-0.65704555,0.4903325,9.80665,0.028250959316232466,0.11286582546742047,-0.993207667678483,6.681376127355063,-14.145,23.74,-11.003,0.996949227596518,-2.5880686399396704,92.15445907633902,36.9
94962.417598286,-0.6959,-0.0235,0.0104,-0.7176,-0.048201919999999995,-0.01778122,-0.99867918,0.2,0.64,12.31,-0.73549875,0.24516625,9.7674234,0.0035500331341457754,0.12319481923055559,-0.992374611870755,7.079484243796368,-14.145,23.74,-11.003,1.0200285001471374,-2.762837159768685,91.72798214312445,36.9
94962.467552541,-0.7004,-0.0233,0.0105,-0.7132,-0.04794352,-0.017661440000000004,-0.99869372,0.5,12.86,6.93,-0.18632634999999997,-0.1176798,9.7085835,-0.030970791556789345,0.06654004599313298,-0.9973026150113276,4.208987071753651,-14.145,23.74,-11.003,1.013143950676191,-2.748014793250553,91.00568034226741,36.9
94962.507555661,-0.702,-0.0282,0.0153,-0.7115,-0.0616098,-0.017820899999999997,-0.99794134,-0.17,11.44,4.78,0.32361945,-0.24516625,9.826263299999999,-0.043130006439198974,0.02811903553085328,-0.9986736854058265,2.9512740103283446,-14.145,23.74,-11.003,1.0230599729222463,-3.5322185045711088,90.74236957910684,36.9
94962.54803035,-0.7028,-0.0247,0.012,-0.7109,-0.051985659999999996,-0.017656719999999997,-0.99849182,-0.15,-11.7,-6.07,-1.2944778,0.46091255,9.69877685,0.027514588752402976,0.18380139015010738,-0.9825802265714157,10.710637776628548,-14.144,23.739,-11.003,1.0130780108236215,-2.979902144354794,90.63369821035339,36.9
94962.597688401,-0.7012,-0.0231,0.0104,-0.7126,-0.04750708,-0.017573359999999996,-0.99871646,0.99,-5.85,-18.74,-1.4219642499999998,0.1372931,9.7085835,-0.006444909662069379,0.19168819809053714,-0.9814387694728406,11.057600636014746,-14.144,23.739,-11.003,1.0080693607606446,-2.7229800959679387,90.90701574679187,36.9
94962.637549271,-0.6984,-0.0216,0.009,-0.7153,-0.04347216,-0.017295480000000002,-0.99890488,0.18,-2.49,-7.31,-0.93163175,0.17651969999999997,9.7085835,-0.002397453685734921,0.13866614650497522,-0.990335664589569,7.971873122410393,-14.144,23.739,-11.003,0.9919452992030493,-2.4915564840884006,91.34618798270013,36.9
94962.687432383,-0.6968,-0.0214,0.0087,-0.7169,-0.042807639999999994,-0.01734898,-0.9989327,0.41,5.01,-2.88,-0.38245935,0.18632634999999997,9.80665,-0.0006625983880003024,0.08171685596389486,-0.9966554207540521,4.687411673427442,-14.144,23.739,-11.003,0.9949853561849779,-2.4534468134462672,91.60839230614617,36.9
94962.727646309,-0.6963,-0.0222,0.0093,-0.7174,-0.04480374,-0.017572080000000004,-0.99884134,0.33,1.99,-5.7,-0.4707192,0.3138128,9.80665,0.011646181969961433,0.09300931880624888,-0.9955977684178715,5.378548120088294,-14.144,23.739,-11.003,1.0078699520796082,-2.5679248289437475,91.69195213727404,36.9
94962.767639706,-0.6954,-0.0225,0.0095,-0.7182,-0.04553159999999999,-0.017647200000000002,-0.998807,0.19,1.42,-1.31,-0.392266,0.18632634999999997,9.7870367,-0.0013549846590171742,0.08549382368683434,-0.9963377087013835,4.905040035487349,-14.144,23.739,-11.003,1.0122124572971807,-2.609670740991094,91.82439748407312,36.9
94962.807727059,-0.6952,-0.0228,0.0097,-0.7184,-0.04624592,-0.017764160000000005,-0.99877214,0.06,0.45,-1.07,-0.43149259999999995,0.17651969999999997,9.80665,-0.0027065542797136306,0.09006515197547828,-0.9959323060296668,5.1696937448062315,-14.144,23.739,-11.003,1.0189552239099564,-2.6506414234107396,91.85782409341104,36.9
94962.847607326,-0.6947,-0.0225,0.0093,-0.7189,-0.04527191999999999,-0.01788996,-0.99881452,0.16,-3.93,-5.12,-0.5197524499999999,0.24516625,9.79684335,0.0037773016376672214,0.09830039619042402,-0.9951497787248016,5.645484086456686,-14.144,23.739,-11.003,1.0261260642520695,-2.5947768144332732,91.93934345582376,36.9
94962.897655574,-0.6936,-0.0212,0.008,-0.72,-0.0416256,-0.01788864,-0.99897312,-0.03,-4.03,-3.04,-0.48052585,0.25497289999999995,9.77723005,0.004802624929586965,0.0908422739160544,-0.9958536682410029,5.219363517564727,-14.144,23.739,-11.003,1.025887504291311,-2.3856604734559896,92.1181487188525,36.9
94962.937834117,-0.6929,-0.0202,0.0072,-0.7207,-0.03909404,-0.017615079999999998,-0.99908024,-0.08,-2.3,-1.26,-0.3334261,0.1176798,9.79684335,-0.008457196947037953,0.07278138314009377,-0.9973119648239566,4.2018906043544435,-14.144,23.739,-11.003,1.0100942221376616,-2.2404944511389053,92.23230960272281,36.9
94962.987679802,-0.6922,-0.0197,0.0065,-0.7215,-0.0374257,-0.01789318,-0.99913932,-0.08,-2.25,-2.36,-0.35303939999999995,0.10787314999999999,9.80665,-0.009914894084280597,0.07301056380720958,-0.9972824952589947,4.225420424163671,-14.144,23.739,-11.003,1.0259771548392778,-2.1448355599679156,92.3630983515155,36.9
94963.027967837,-0.6913,-0.0189,0.0057,-0.7223,-0.03518376,-0.01789692,-0.9992206,-0.29,-5.81,-3.9,-0.392266,0.2353596,9.80665,0.0028076630825377945,0.07528053608476966,-0.9971584568278865,4.320348692095784,-14.144,23.739,-11.003,1.0261081008072075,-2.0162970960759194,92.4946664136616,36.9
94963.077865481,-0.6899,-0.0174,0.0043,-0.7236,-0.03111442,-0.01778556,-0.9993575,0.06,-0.55,-2.84,-0.3138128,-0.12748644999999997,9.80665,-0.03372086825765748,0.0615181591160211,-0.9975357735530191,4.022832954196782,-14.144,23.739,-11.003,1.0195850404971316,-1.7830127181710418,92.70879108186033,36.9
94963.117548683,-0.6897,-0.0175,0.0045,-0.7239,-0.0315438,-0.017624400000000002,-0.999347,-0.0,0.76,0.09,-0.37265269999999995,0.06864655,9.80665,-0.013955760750209226,0.0688827487266392,-0.9975273299830394,4.030198812754448,-14.144,23.739,-11.003,1.010358828713387,-1.8076264624902239,92.75840522672986,36.9
94963.167421007,-0.6899,-0.0162,0.0034,-0.7237,-0.028139199999999996,-0.017431599999999995,-0.999452,0.41,-22.1,0.13,0.55897905,0.14709974999999997,9.826263299999999,-0.0011020185471602162,-0.02875580326832167,-0.999585822172723,1.6490233168595265,-14.144,23.739,-11.003,0.9992034201461965,-1.6124702428747135,92.72409004756912,36.9
94963.2076677,-0.6903,-0.0098,-0.0021,-0.7235,-0.01128134,-0.01656858,-0.9997991,-1.59,-26.26,2.85,0.44129925,0.36284605,9.924329799999999,0.021488859170979813,-0.032151402876047876,-0.9992521240503648,2.2162652048256763,-14.143,23.738,-11.003,0.9494135556266216,-0.6463868805422448,92.68890525508989,36.9
94963.257751053,-0.6927,-0.0009,-0.0098,-0.7212,0.01227876,-0.01538238,-0.9998063,-2.1,-28.3,6.44,0.28439285,0.6276256,9.934136449999999,0.04928841127707256,-0.038855720850774766,-0.9980286976527435,3.5983829945034302,-14.143,23.735,-11.003,0.8814466580686404,0.7035388049261885,92.31833287918423,36.9
94963.297609807,-0.6956,-0.0004,-0.0104,-0.7183,0.01389384,-0.01549712,-0.99978336,10.18,-9.8,7.68,0.44129925,0.5491724,9.845876599999999,0.04202667132912042,-0.05724761710699697,-0.997474754822814,4.072450707393782,-14.144,23.732,-11.003,0.8880408540831063,0.7960840071466143,91.84133173393963,36.9
94963.347542939,-0.699,-0.0002,-0.0104,-0.7151,0.014253159999999999,-0.015153679999999997,-0.9997836,4.42,-6.67,7.91,-0.1176798,0.45110589999999995,10.012589649999999,0.02991319546866021,-0.0018183394590388854,-0.999550931118041,1.7173204099954478,-14.144,23.731,-11.003,0.8683633430170105,0.8166735658720956,91.31521742659922,36.9
94963.38756871,-0.6995,-0.0004,-0.0102,-0.7146,0.013698120000000001,-0.015137440000000002,-0.9997916,8.07,-2.64,0.18,-0.53936575,0.06864655,9.77723005,-0.008995356188541687,0.04121846804011573,-0.9991098498130311,2.417946300084934,-14.144,23.732,-11.003,0.8674259318399665,0.7848690098416431,91.23282255284681,36.9
94963.427682697,-0.6992,-0.001,-0.0099,-0.7149,0.012414360000000001,-0.015553420000000002,-0.99980198,0.3,0.83,1.01,-0.30400615,-0.0784532,9.747810099999999,-0.02400470311659148,0.018234413692916437,-0.9995456340215751,1.727441459284793,-14.144,23.734,-11.003,0.8912499316210819,0.7113087048689206,91.28126066667379,36.9
94963.467588319,-0.6983,-0.0012,-0.0097,-0.7157,0.011829340000000002,-0.015560500000000001,-0.99980894,0.01,-0.57,-5.1,0.16671305,0.18632634999999997,9.855683249999998,0.004047274696844742,-0.02864524215235268,-0.999581432520129,1.6577837946099245,-14.143,23.734,-11.003,0.8916493617664393,0.6777870645471225,91.41215594778681,36.9
94963.507494325,-0.6962,-0.0011,-0.0097,-0.7177,0.011927340000000002,-0.015455020000000002,-0.9998094,0.03,0.12,-9.56,0.12748644999999997,0.12748644999999997,9.77723005,-0.0016588339793353942,-0.025024448288067505,-0.999685447178161,1.437092687378106,-14.143,23.734,-11.003,0.8856056945572346,0.6834024471067195,91.74094707113446,36.9
94963.547653405,-0.6945,-0.0011,-0.0095,-0.7194,0.011612820000000001,-0.015196500000000002,-0.99981708,-0.31,-0.17,-2.35,0.25497289999999995,0.43149259999999995,9.81645665,0.030020393971034426,-0.03650638444687064,-0.9988823385335958,2.709070204748597,-14.143,23.734,-11.003,0.8707875583246992,0.6653805300855253,92.02050338309083,36.9
94963.57793552,-0.6935,-0.0013,-0.0094,-0.7204,0.011164760000000001,-0.015346620000000002,-0.9998199,-0.04,0.46,-6.14,-0.12748644999999997,0.1372931,9.7674234,-0.0013636940455043333,0.001834774537952815,-0.9999973889137932,0.13098156232804875,-14.143,23.734,-11.003,0.8793858878042797,0.6397069178560438,92.1852798278389,36.9
94963.627569496,-0.6914,-0.0055,-0.0058,-0.7224,7.384000000000036e-05,-0.015985239999999998,-0.99987222,1.65,19.5,-6.48,0.0784532,0.16671305,9.81645665,0.0013469409823454875,-0.008013447975839872,-0.9999669812706318,0.4655826002952692,-14.143,23.734,-11.003,0.9159258039851482,0.004230720363090578,92.50993650642316,36.9
94963.677611244,-0.6896,-0.0119,-0.0005,-0.7241,-0.016543980000000003,-0.01713658,-0.99971628,0.91,12.11,-7.18,0.30400615,0.0784532,9.9439431,-0.00855280327832182,-0.014450386022183456,-0.9998590108668078,0.9621437234541905,-14.143,23.735,-11.003,0.9820361838202849,-0.9479434762416163,92.7884386157886,36.9
94963.717713318,-0.6883,-0.0124,-0.0002,-0.7253,-0.017712119999999998,-0.01735996,-0.9996924,1.06,-5.23,-5.79,-0.34323275000000003,0.18632634999999997,9.9635564,-0.0013855067821376792,0.052115662836645066,-0.9986400022522378,2.9884176106246607,-14.143,23.735,-11.003,0.9948584967012346,-1.0148827916488354,92.9881857780506,36.9
94963.757707765,-0.687,-0.0118,-0.0008,-0.7265,-0.0160462,-0.0173756,-0.99972024,1.01,-5.3,-6.4,0.18632634999999997,-0.08825984999999999,9.79684335,-0.026173959024805772,-0.004437020906378814,-0.999647545934887,1.5212314600238184,-14.143,23.735,-11.003,0.9957268839677296,-0.9194189955173097,93.18833102199916,36.9
94963.807708387,-0.6934,-0.001,-0.0101,-0.7205,0.012565680000000001,-0.0159409,-0.99979398,-2.89,18.1,13.65,1.01008495,0.16671305,8.89463155,0.0075955177577940545,-0.12509607293707162,-0.9921159073412625,7.199605799312347,-14.144,23.734,-11.003,0.91345709781406,0.7199793785746442,92.20336434013196,36.9
94963.847494061,-0.695,-0.0015,-0.0096,-0.7189,0.011187299999999997,-0.01588788,-0.99981118,0.0,0.0,0.0,0.06864655,0.16671305,9.826263299999999,0.0016884854485952252,-0.018125245434005822,-0.9998342960916483,1.0430540735893923,-14.144,23.734,-11.003,0.9104037597319551,0.6409984453870636,91.93828902333985,36.9
94963.887685381,-0.6947,-0.0016,-0.0095,-0.7192,0.010897859999999999,-0.01588784,-0.99981438,-0.1,0.14,-7.91,0.0196133,0.18632634999999997,9.875296549999998,0.003420840111422607,-0.012773153715979224,-0.9999125667022923,0.7576612338925813,-14.144,23.734,-11.003,0.9103985547115032,0.6244137437186266,91.98751076523892,36.9
94963.937587952,-0.695,-0.0016,-0.0097,-0.719,0.0111822,-0.0161726,-0.9998067,-0.01,0.66,1.8,0.6472389,-0.04903325,9.7870367,-0.01849429551071285,-0.07781891634016562,-0.9967963335710002,4.587781745193499,-14.144,23.734,-11.003,0.9267200532893896,0.6407062186323913,91.95470366298028,36.9
94963.977538233,-0.6955,-0.0016,-0.0097,-0.7185,0.011193499999999999,-0.016164500000000002,-0.9998067,0.05,-0.02,1.56,0.22555294999999997,0.1569064,9.80665,0.0009496383400716922,-0.03416774229199501,-0.9994156877954559,1.958804904372254,-14.144,23.734,-11.003,0.9262559891117754,0.6413537014642222,91.87234282249227,36.9
94964.027347381,-0.6959,-0.0016,-0.0098,-0.718,0.011342039999999998,-0.016299679999999997,-0.9998028,0.0,0.0,0.0,0.16671305,0.1569064,9.81645665,0.0005656811057211768,-0.028313739442149783,-0.9995989025071981,1.6227985092009674,-14.144,23.734,-11.003,0.9340043313270007,0.6498649568838065,91.79051703324805,36.9
94964.067614481,-0.696,-0.0015,-0.0099,-0.718,0.011626800000000001,-0.0163044,-0.99979948,-0.01,-0.15,0.46,0.17651969999999997,0.18632634999999997,9.80665,0.0036154539789972594,-0.02951903656076893,-0.9995576912978414,1.7042059943674324,-14.144,23.734,-11.003,0.9342778507175986,0.6661815791637673,91.7904885630321,36.9
94964.117375349,-0.6962,-0.0015,-0.0099,-0.7178,0.011631360000000002,-0.016301040000000003,-0.99979948,0.0,0.0,0.0,0.12748644999999997,0.16671305,9.80665,0.0014506092884999239,-0.02459350713157329,-0.9996964857113128,1.4116960240810716,-14.144,23.734,-11.003,0.9340853494710732,0.6664428655865448,91.75758174839707,36.9
94964.157369676,-0.6962,-0.0014,-0.01,-0.7178,0.01191416,-0.01630536,-0.99979608,0.0,0.0,0.0,0.16671305,0.17651969999999997,9.826263299999999,0.0025397495798987306,-0.02880780648292282,-0.9995817507890286,1.6571988716061479,-14.144,23.734,-11.003,0.9343360278862316,0.6826472350713936,91.75781267421615,36.9
94964.197643786,-0.6966,-0.0013,-0.0102,-0.7174,0.012345400000000001,-0.01644612,-0.99978854,0.14,-0.39,7.11,0.45110589999999995,0.26477955,9.77723005,0.01233560174676936,-0.05806222933248414,-0.9982367946275306,3.4029714507335576,-14.144,23.734,-11.003,0.9424075691781754,0.7073572851011926,91.69249079084109,36.9
94964.237445111,-0.6986,-0.0012,-0.0103,-0.7154,0.0126742,-0.01641388,-0.99978494,0.21,0.11,8.28,0.25497289999999995,0.20593965,9.81645665,0.005476385200242753,-0.038507254912354905,-0.9992432793789056,2.229065811887624,-14.144,23.734,-11.003,0.9405638475178095,0.7261976117570538,91.36432499618566,36.9
94964.277517877,-0.7006,-0.0012,-0.0104,-0.7135,0.01286008,-0.01652224,-0.9997808,0.02,-0.14,7.79,0.08825984999999999,0.18632634999999997,9.81645665,0.0028556699869313196,-0.021798758639040412,-0.9997583028142557,1.259749861996978,-14.144,23.734,-11.003,0.9467759890887739,0.7368486193600582,91.0532552734086,36.9
94964.327430246,-0.7017,-0.0012,-0.0104,-0.7124,0.0128856,-0.016502,-0.9997808,0.1,0.01,4.06,0.196133,0.1569064,9.80665,-4.12664668178811e-06,-0.032878713549987504,-0.9994593510781369,1.8841511013784857,-14.144,23.734,-11.003,0.9456163845617734,0.7383109288179488,90.87350850862197,36.9
94964.367401208,-0.7022,-0.0012,-0.0104,-0.7119,0.012897200000000001,-0.0164928,-0.9997808,0.0,0.0,0.0,0.1569064,0.17651969999999997,9.79684335,0.0019202830845175788,-0.028881783980300474,-0.9995809888799336,1.658689595417648,-14.144,23.734,-11.003,0.9450892913387837,0.7389756150941051,90.7918955616625,36.9
94964.417395029,-0.7022,-0.0012,-0.0104,-0.7119,0.012897200000000001,-0.0164928,-0.9997808,0.0,0.0,0.0,0.1372931,0.16671305,9.79684335,0.0008921893231454217,-0.02689562423964386,-0.9996378484890669,1.5420395407429115,-14.144,23.734,-11.003,0.9450892913387837,0.7389756150941051,90.7918955616625,36.9
94964.457395675,-0.7022,-0.0011,-0.0104,-0.7119,0.01303958,-0.01635236,-0.99978126,0.0,0.0,0.0,0.1176798,0.1569064,9.81645665,-2.59346641018586e-05,-0.025026009607594657,-0.9996867995680373,1.4340352155770004,-14.144,23.734,-11.003,0.9370426478385658,0.7471340742582395,90.79189720889985,36.9
94964.507441842,-0.7022,-0.0011,-0.0105,-0.7119,0.013180020000000002,-0.01649474,-0.99977708,0.0,0.0,0.0,0.16671305,0.16671305,9.80665,0.0009184352705500463,-0.03016191140681605,-0.9995446035789891,1.7292137226204924,-14.144,23.734,-11.003,0.945203955562438,0.755181385102397,90.7921365294663,36.9
94964.547348191,-0.7022,-0.0011,-0.0106,-0.7119,0.013320460000000001,-0.01663712,-0.99977286,0.0,0.0,0.0,0.14709974999999997,0.16671305,9.80665,0.0007504799314354757,-0.028306105585419364,-0.9995990201945867,1.6226071884949693,-14.144,23.734,-11.003,0.9533653313071077,0.7632287108447445,90.79237814171512,36.9
94964.587342396,-0.7022,-0.001,-0.0106,-0.7119,0.013462840000000002,-0.01649668,-0.99977328,0.0,0.0,0.0,0.1569064,0.16671305,9.81645665,0.0008894747384517489,-0.029429855709341632,-0.9995664521901917,1.687220329004519,-14.144,23.734,-11.003,0.945318696260728,0.7713872155294944,90.7923798216558,36.9
94964.637417493,-0.7022,-0.001,-0.0106,-0.7119,0.013462840000000002,-0.01649668,-0.99977328,0.0,0.0,0.0,0.1372931,0.16671305,9.80665,0.0008790477367643205,-0.027447325930303412,-0.9996228646402353,1.5736200800285767,-14.144,23.734,-11.003,0.945318696260728,0.7713872155294944,90.7923798216558,36.9
94964.677398376,-0.7022,-0.001,-0.0107,-0.7119,0.01360328,-0.016639059999999997,-0.99976902,0.0,0.0,0.0,0.1569064,0.16671305,9.80665,0.0007663327227777905,-0.029587929807372595,-0.9995618880272618,1.6960797126418818,-14.144,23.734,-11.003,0.9534801411093418,0.7794345717560219,90.79262374195463,36.9
94964.717367283,-0.7022,-0.001,-0.0107,-0.7119,0.01360328,-0.016639059999999997,-0.99976902,0.0,0.0,0.0,0.1569064,0.16671305,9.80665,0.0007663327227777905,-0.029587929807372595,-0.9995618880272618,1.6960797126418818,-14.144,23.734,-11.003,0.9534801411093418,0.7794345717560219,90.79262374195463,36.9
94964.767316012,-0.7022,-0.0009,-0.0107,-0.7119,0.01374566,-0.01649862,-0.9997694,0.0,0.0,0.0,0.14709974999999997,0.1569064,9.80665,-0.0001046222413759075,-0.02874328493103362,-0.9995868212907051,1.647106681023922,-14.144,23.734,-11.003,0.9454335134620541,0.7875931076725764,90.79262543827258,36.9
94964.807424998,-0.7022,-0.0009,-0.0108,-0.7119,0.013886100000000002,-0.016641,-0.9997651,0.0,0.0,0.0,0.1569064,0.17651969999999997,9.80665,0.0017678439595680134,-0.029856524542985437,-0.9995526321556785,1.7139045687592152,-14.144,23.734,-11.003,0.9535950280772949,0.7956404950274408,90.79287166664865,36.9
94964.847326663,-0.7022,-0.0009,-0.0108,-0.7119,0.013886100000000002,-0.016641,-0.9997651,0.0,0.0,0.0,0.1569064,0.16671305,9.79684335,0.000785603921809451,-0.029886408762834465,-0.9995529936649757,1.7132118608591473,-14.144,23.734,-11.003,0.9535950280772949,0.7956404950274408,90.79287166664865,36.9
94964.897486622,-0.7026,-0.0009,-0.0108,-0.7115,0.013895460000000002,-0.01663308,-0.9997651,0.04,0.19,4.37,0.22555294999999997,0.22555294999999997,9.80665,0.006826526941913838,-0.03679338320571118,-0.9992995755331221,2.1445839172639882,-14.144,23.734,-11.003,0.9531412645417172,0.7961768352706173,90.72762161699289,36.9
94964.937501758,-0.7046,-0.0007,-0.011,-0.7095,0.0145079,-0.01659544,-0.99975702,-0.26,1.31,5.65,0.1569064,0.06864655,9.8654899,-0.009424447764689106,-0.030472853632377037,-0.9994911549627928,1.8278703140459154,-14.144,23.734,-11.003,0.9509924246593434,0.8312706021937462,90.4024162553925,36.9
94964.987380634,-0.7055,-0.0009,-0.0109,-0.7086,0.01410442,-0.01671738,-0.99976076,0.0,0.0,0.0,0.20593965,0.17651969999999997,9.79684335,0.0014526179019140398,-0.03510587633203345,-0.9993825286245896,2.013554217721105,-14.144,23.734,-11.003,0.957975247779533,0.8081505348494733,90.25589219805305,36.9
94965.037615886,-0.7057,0.0009,-0.0106,-0.7084,0.01623596,-0.013747820000000001,-0.99977366,-13.64,-9.59,4.8,0.06864655,0.1176798,10.1204628,-0.0020329592937578297,-0.023025366092356992,-0.9997328107626938,1.3245064208027841,-14.144,23.734,-11.003,0.7878207367402326,0.930292859254444,90.22268193290004,36.9
94965.077861348,-0.7064,0.01,-0.0093,-0.7077,0.027293039999999998,0.0009647800000000036,-0.99962702,-24.03,-13.63,2.65,0.61781895,-0.12748644999999997,9.81645665,-0.011831435016671731,-0.09004507358424112,-0.995867589177326,5.2107267114974665,-14.144,23.734,-11.003,-0.05529843020346374,1.5639702125954011,90.10612332368751,36.9
94965.117932463,-0.7078,0.024,-0.0152,-0.7059,0.05540032,0.012515040000000002,-0.99838592,-18.81,-57.61,5.56,0.26477955,-0.1569064,9.855683249999998,-0.0036317817114215525,-0.08218425476690354,-0.9966109568781604,4.71873697904103,-14.144,23.734,-11.003,-0.7181806190595965,3.1758304753606335,89.83082876692558,36.9
94965.167924001,-0.7089,0.0493,-0.0285,-0.703,0.10972309999999999,0.02982653999999999,-0.99351452,-17.14,-60.53,9.28,1.36312435,-0.28439285,9.610517,-0.002060064015180909,-0.2481504276518996,-0.9687188692807499,14.36860313266618,-14.144,23.734,-11.003,-1.7195739929271345,6.299353749463515,89.42599683742736,36.9
94965.207916481,-0.7109,0.0679,-0.0409,-0.6989,0.15306224,0.0393702,-0.98743356,-12.38,-65.44,12.83,1.6867437999999997,-0.26477955,9.669356899999999,0.005863369411093014,-0.32074243440736205,-0.9471583145456699,18.710887825212573,-14.144,23.734,-11.003,-2.2832443588761513,8.804429782374193,88.8560267412653,36.9
94965.247807273,-0.713,0.0855,-0.0558,-0.6937,0.19819350000000002,0.04450608,-0.97915222,-7.14,-52.4,10.16,1.7946169499999998,-0.46091255,9.6301303,-0.01432650382932462,-0.37394991757353035,-0.9273396546199026,21.976344549580364,-14.144,23.734,-11.003,-2.602513203741419,11.431339674049912,88.16810935819197,36.9
94965.297702145,-0.7135,0.0955,-0.062,-0.6914,0.2205314,0.05054489999999999,-0.9740715,-0.82,4.67,-1.61,2.2359162,-0.6080123,9.306510849999999,-0.02945701384680382,-0.44106356811092806,-0.8970058292629323,26.23416346458757,-14.144,23.734,-11.003,-2.9704332434912786,12.740246580492434,87.87063306795005,36.9
94965.337609088,-0.7134,0.0878,-0.0604,-0.6926,0.20779928000000003,0.04160696,-0.977286,21.66,32.72,2.54,2.42224255,-0.6668522,9.757616749999999,-0.039790567124077254,-0.4356868306057643,-0.8992169478145471,25.944519596234002,-14.144,23.733,-11.004,-2.437837501724063,11.993415526679252,88.04824948070464,36.9
94965.377634912,-0.7159,0.0801,-0.0555,-0.6914,0.19022718,0.037941779999999994,-0.98100748,6.67,30.03,-4.58,2.22610955,-1.1866046499999998,8.070872949999998,-0.12023669233719168,-0.4366244427450573,-0.8915815201665664,26.92820936450844,-14.143,23.732,-11.004,-2.214887170436424,10.966042456883825,87.79514622679253,36.9
94965.427665264,-0.7157,0.0425,-0.0312,-0.6965,0.10386218,0.01737290000000001,-0.99444062,10.96,63.07,-1.49,0.29419949999999995,-0.24516625,10.6892485,-0.0091443509177856,-0.13097855181499166,-0.9913444668888375,7.544558149855014,-14.143,23.731,-11.006,-1.0008567441151746,5.961615849513544,88.39684467904388,36.9
94965.467758233,-0.7153,0.0342,-0.0255,-0.6975,0.0841893,0.013354020000000008,-0.99636022,11.53,55.54,-7.74,0.81395195,-0.16671305,8.6886919,-0.010310061898268996,-0.17653484827213856,-0.9842399376129379,10.185504414588387,-14.143,23.73,-11.007,-0.7678780830769417,4.829408079548933,88.52280733540437,36.9
94965.507806836,-0.7136,0.0034,-0.0118,-0.7004,0.02160368,-0.01167696,-0.9996984,55.06,52.6,-2.15,0.22555294999999997,0.63743225,11.189387649999999,0.044415756437597056,-0.042526851944965305,-0.9981074227560216,3.525469100055263,-14.143,23.73,-11.008,0.6692119357999166,1.2378959902818485,88.93385234945377,36.9
94965.55761333,-0.7135,0.0002,-0.0114,-0.7005,0.016548000000000004,-0.015686,-0.99974,-0.04,-0.46,6.32,-0.0784532,0.18632634999999997,9.80665,0.003151190223210417,-0.008611487713250876,-0.9999579495081088,0.5254059796905366,-14.143,23.73,-11.008,0.8989015724288301,0.9481738368102992,88.94892631004407,36.9
94965.607326605,-0.714,0.0001,-0.0113,-0.7001,0.01627642,-0.01567946,-0.9997446,0.0,0.0,0.0,0.14709974999999997,0.1569064,9.80665,-0.00029235773641738197,-0.03126916812915576,-0.9995109715703697,1.7919617680274182,-14.143,23.73,-11.008,0.898522719187613,0.9326113528608082,88.88461205643783,36.9
94965.647256428,-0.714,0.0001,-0.0113,-0.7001,0.01627642,-0.01567946,-0.9997446,0.0,0.0,0.0,0.16671305,0.1569064,9.79684335,-0.0003155903776645812,-0.033284410048393595,-0.9994458890916265,1.9074942515688382,-14.143,23.73,-11.008,0.898522719187613,0.9326113528608082,88.88461205643783,36.9
94965.687311239,-0.714,0.0001,-0.0113,-0.7001,0.01627642,-0.01567946,-0.9997446,0.0,0.0,0.0,0.1569064,0.16671305,9.79684335,0.0007043610567613323,-0.03230367621553538,-0.9994778682289164,1.851626491405983,-14.143,23.73,-11.008,0.898522719187613,0.9326113528608082,88.88461205643783,36.9
94965.737418864,-0.714,0.0001,-0.0113,-0.7001,0.01627642,-0.01567946,-0.9997446,0.05,-0.02,0.88,0.196133,0.1569064,9.81645665,-0.0004052094563425559,-0.03624323801894014,-0.9993429411693252,2.077169281134638,-14.143,23.73,-11.008,0.898522719187613,0.9326113528608082,88.88461205643783,36.9
94965.777336682,-0.7142,0.0,-0.0113,-0.6999,0.016140919999999996,-0.015817739999999997,-0.99974462,0.0,0.0,0.0,0.1569064,0.16671305,9.81645665,0.0005174189443971321,-0.032133232358533326,-0.9994834778294073,1.84165433920691,-14.143,23.73,-11.008,0.90644561941735,0.9248467547024088,88.85252672864019,36.9
94965.817367255,-0.7142,-0.0,-0.0113,-0.6999,0.016140919999999996,-0.015817739999999997,-0.99974462,0.0,0.0,0.0,0.1569064,0.1569064,9.80665,-0.0004653999128686262,-0.03212979006630255,-0.9994836140574989,1.841411431026057,-14.143,23.73,-11.008,0.90644561941735,0.9248467547024088,88.85252672864019,36.9
94965.867384829,-0.7142,-0.0,-0.0113,-0.6999,0.016140919999999996,-0.015817739999999997,-0.99974462,0.0,0.0,0.0,0.1569064,0.16671305,9.79684335,0.0005507595878724986,-0.03216586957366284,-0.9994824102721829,1.8435567695901158,-14.143,23.73,-11.008,0.90644561941735,0.9248467547024088,88.85252672864019,36.9
94965.907325285,-0.7142,-0.0001,-0.0113,-0.6999,0.016000939999999995,-0.01596058,-0.9997446,0.0,0.0,0.0,0.14709974999999997,0.16671305,9.79684335,0.00043082520656244697,-0.031023118943790916,-0.9995185894378442,1.7779504733193634,-14.143,23.73,-11.008,0.9146297901689351,0.9168254555630407,88.85252932191217,36.9
94965.957915009,-0.7134,-0.0013,-0.01,-0.7007,0.012446180000000001,-0.015868840000000002,-0.99979662,1.04,36.21,-17.65,0.29419949999999995,-0.43149259999999995,9.69877685,-0.061020038982099276,-0.041623608021986516,-0.9972683749276753,4.235983741610642,-14.143,23.73,-11.008,0.9093261572606306,0.7131319974384828,88.97778786962118,36.9
94965.997720349,-0.7086,-0.0236,0.0101,-0.7052,-0.04759916,-0.019200879999999997,-0.99868206,3.69,96.16,-20.39,-1.0591182,0.4216859499999999,10.1400761,0.02300593345915416,0.15089995738539494,-0.9882830611171259,8.780143150796082,-14.143,23.731,-11.009,1.1014455027211059,-2.728261866559095,89.70278445103925,36.9
94966.037640206,-0.7037,-0.0315,0.0176,-0.7096,-0.06947504,-0.01935518,-0.99739598,0.53,8.97,-10.5,-0.25497289999999995,0.0588399,10.032202949999999,-0.014261069137358197,0.09468588456000551,-0.9954052095371196,5.494707653164089,-14.144,23.731,-11.009,1.1117259077105155,-3.9838358179521793,90.44130987772802,36.9
94966.087705879,-0.7028,-0.0267,0.0129,-0.7107,-0.05608362,-0.019193460000000002,-0.9982414,-0.2,-14.81,1.13,-0.38245935,0.2745862,9.79684335,0.007779304637429426,0.0950529570499485,-0.9954410234727656,5.472664151830359,-14.144,23.73,-11.008,1.1015058747026965,-3.2150416475015637,90.60387647643381,36.9
94966.127511872,-0.7031,-0.0249,0.0112,-0.7106,-0.05113732,-0.019096939999999996,-0.9985091,0.02,3.88,0.11,-0.7158854499999999,-0.2353596,9.855683249999998,-0.04412322163710646,0.12284860339425432,-0.9914446392330881,7.500339195567647,-14.144,23.73,-11.008,1.0956742234971502,-2.931231100122057,90.58261738031977,36.9
94966.177927469,-0.7038,-0.0249,0.0113,-0.7099,-0.051258899999999996,-0.019005499999999998,-0.9985046,0.05,-7.23,1.53,-0.4903325,-0.0392266,9.7674234,-0.02384246802034097,0.10106329471569356,-0.9945945635101006,5.960199638927118,-14.144,23.73,-11.008,1.090434097210648,-2.9382062688163475,90.4687892271906,36.9
94966.20782202,-0.7036,-0.0216,0.0084,-0.7102,-0.04250112,-0.01846416,-0.99892576,-1.51,-27.0,-3.75,-0.37265269999999995,0.00980665,9.826263299999999,-0.01818718991863287,0.08016627993558634,-0.9966154431901082,4.71523169501881,-14.144,23.73,-11.008,1.0589355334521722,-2.435868512814474,90.51094135453371,36.9
94966.257776875,-0.7033,-0.0092,-0.0024,-0.7109,-0.00970472,-0.01635304,-0.9998192,-2.2,-40.93,2.11,-0.50013915,0.0784532,9.747810099999999,-0.008949332607011966,0.06084199145135151,-0.9981077091194842,3.5257219335872394,-14.144,23.73,-11.008,0.9370460541053854,-0.5560482258401532,90.61700482569898,36.9
94966.297594849,-0.704,0.0003,-0.011,-0.7101,0.015914059999999997,-0.015199799999999998,-0.99975782,-0.63,-2.05,-1.51,0.7649187,0.18632634999999997,9.3359308,0.005587712707080465,-0.09744694902825049,-0.9952248915687189,5.60138943332824,-14.144,23.73,-11.008,0.8710282439258875,0.9118469643310201,90.50004433238693,36.9
94966.337632572,-0.7053,0.0014,-0.013,-0.7088,0.02032244,-0.016453959999999997,-0.99965808,5.58,-18.69,11.34,0.25497289999999995,0.1372931,9.826263299999999,-0.0022487601097480707,-0.04625933983447711,-0.998926945783358,2.6545443171686496,-14.144,23.73,-11.008,0.9429797664437333,1.1644702054593417,90.29414952462594,36.9
94966.387607169,-0.7099,0.0056,-0.02,-0.704,0.0362808,-0.020209119999999997,-0.99913728,2.97,-16.12,14.82,0.5295591,0.24516625,9.7674234,0.004143868652113931,-0.09034802084148597,-0.9959016540972676,5.189093038492596,-14.144,23.73,-11.008,1.158739085760575,2.0791930266569687,89.54316406207326,36.9
94966.427571794,-0.7135,0.008,-0.024,-0.7002,0.045451200000000004,-0.0221936,-0.99872,1.49,-5.93,10.89,0.50013915,0.196133,9.71839015,-0.003807197312087434,-0.0966692447219211,-0.9953092891097816,5.55171676287672,-14.144,23.73,-11.008,1.273019826119673,2.6050593863215563,88.9510391542844,36.9
94966.477575574,-0.7157,0.0063,-0.0215,-0.6981,0.039571159999999994,-0.021000480000000002,-0.99899612,-2.34,13.77,2.27,0.36284605,0.25497289999999995,9.826263299999999,0.0030532272369951513,-0.07650183895789155,-0.9970649155974807,4.391018427376578,-14.144,23.73,-11.008,1.2042706220437234,2.267852584158874,88.60151874029353,36.9
94966.517554887,-0.7163,0.0038,-0.0178,-0.6976,0.03080204,-0.019390679999999997,-0.99933744,-1.87,10.14,0.49,0.25497289999999995,0.20593965,9.836069949999999,5.261036203894551e-05,-0.05670826253855727,-0.9983908517460559,3.2508892804086917,-14.144,23.73,-11.008,1.111601229903747,1.7651060794679336,88.50523662898746,36.9
94966.557376609,-0.7165,0.0026,-0.0159,-0.6974,0.026411180000000003,-0.01845152,-0.99948086,-1.9,7.33,0.6,0.2745862,0.17651969999999997,9.79684335,-0.0018989882077768937,-0.05437216091572124,-0.9985189327768716,3.1187346351945275,-14.144,23.73,-11.008,1.0576231990438758,1.5134251291384646,88.46599523297598,36.9
94966.607468853,-0.7164,0.0002,-0.0116,-0.6976,0.01689952,-0.015897759999999997,-0.9997308,-0.17,1.47,-2.9,0.2745862,0.1569064,9.81645665,-0.001103991455225689,-0.04483303431786888,-0.9989938912329448,2.570384405314264,-14.144,23.73,-11.008,0.9110430370401753,0.968317266424518,88.48475702767863,36.9
94966.647734917,-0.7157,0.0001,-0.0114,-0.6983,0.01645762,-0.0157781,-0.99974006,0.03,1.25,-6.38,-0.02941995,0.16671305,9.757616749999999,0.0009731256146994147,-0.013471587214595949,-0.9999087803439934,0.7738997808775733,-14.144,23.73,-11.008,0.9041785250991075,0.9429947389632749,88.59622116709865,36.9
94966.687603054,-0.7149,0.0,-0.0114,-0.6991,0.01629972,-0.015939480000000002,-0.99974008,-0.07,-0.17,-1.62,0.0,0.12748644999999997,9.826263299999999,-0.003330925359710222,-0.01623026869992849,-0.9998627317232495,0.9493511446544423,-14.144,23.73,-11.008,0.9134249771310017,0.9339465216461984,88.72435044175432,36.9
94966.737567733,-0.7138,-0.0,-0.0114,-0.7002,0.01627464,-0.015964560000000003,-0.99974008,-0.0,0.15,-0.7,0.25497289999999995,0.16671305,9.7870367,0.00025290669096162885,-0.04231703317317708,-0.9991041481399583,2.425355084802844,-14.144,23.73,-11.008,0.9148619630220135,0.9325093528628438,88.90076815627127,36.9
94966.777727353,-0.7135,-0.0001,-0.0113,-0.7006,0.01598498,-0.01597626,-0.9997446,-0.07,-0.1,-0.52,0.17651969999999997,0.1569064,9.81645665,-0.0006097859583323491,-0.03395152509171326,-0.9994233104804994,1.9459668906099559,-14.144,23.73,-11.008,0.9155281883011095,0.915910897954142,88.96487735071489,36.9
94966.827655244,-0.7132,-0.0002,-0.0113,-0.7009,0.015837959999999998,-0.016125619999999997,-0.99974454,-0.01,0.09,-0.4,0.12748644999999997,0.16671305,9.826263299999999,0.0003397735289633781,-0.02881607175835385,-0.9995846798316853,1.6513826785326613,-14.144,23.73,-11.008,0.924085921693243,0.9074862059148378,89.01306369700112,36.9
94966.867739704,-0.7129,-0.0002,-0.0113,-0.7012,0.015831059999999997,-0.01613228,-0.99974454,-0.06,0.58,-0.33,0.2353596,0.18632634999999997,9.80665,0.002209345763863245,-0.03985400804900405,-0.9992030908392641,2.2875801470305217,-14.144,23.73,-11.008,0.9244675097724456,0.907090815464628,89.0612686588913,36.9
94966.917596477,-0.7126,-0.0003,-0.0112,-0.7014,0.015541399999999999,-0.01613892,-0.99974894,-0.0,0.08,-1.31,0.08825984999999999,0.16671305,9.81645665,0.00045126098682815585,-0.024540077062667087,-0.999698736789388,1.4064217931408132,-14.144,23.73,-11.008,0.9248438822139476,0.890492477711827,89.09303387084096,36.9
94966.95731728,-0.7126,-0.0002,-0.0113,-0.7015,0.01582416,-0.01613894,-0.99974454,0.0,0.0,0.0,0.1372931,0.1569064,9.81645665,-0.0006221719335177678,-0.029797583708421137,-0.9995557650904175,1.7079008124629715,-14.144,23.73,-11.008,0.9248490977696315,0.9066954250576194,89.10949456093954,36.9
94966.997376812,-0.7126,-0.0002,-0.0113,-0.7015,0.01582416,-0.01613894,-0.99974454,0.0,0.0,0.0,0.14709974999999997,0.16671305,9.80665,0.00037758693262473705,-0.0308261956254824,-0.9995246947337763,1.76662329674143,-14.144,23.73,-11.008,0.9248490977696315,0.9066954250576194,89.10949456093954,36.9
94967.037509948,-0.7126,-0.0003,-0.0113,-0.7015,0.01568386,-0.01628146,-0.99974444,0.0,0.0,0.0,0.1372931,0.17651969999999997,9.81645665,0.0012345758167329017,-0.02968567098523457,-0.9995585262377195,1.7025844678853173,-14.144,23.73,-11.008,0.9330149253162905,0.8986558294545066,89.1094965735913,36.9
94967.07757231,-0.7126,-0.0003,-0.0113,-0.7015,0.01568386,-0.01628146,-0.99974444,0.0,0.0,0.0,0.16671305,0.17651969999999997,9.80665,0.0012056668397278057,-0.03269697353295524,-0.9994645916942385,1.8750064066226149,-14.144,23.73,-11.008,0.9330149253162905,0.8986558294545066,89.1094965735913,36.9
94967.117678659,-0.7126,-0.0003,-0.0113,-0.7015,0.01568386,-0.01628146,-0.99974444,-0.01,-0.34,-0.28,0.14709974999999997,0.16671305,9.80665,0.00023728456570080644,-0.03068374443073628,-0.9995291209363882,1.7583776189612919,-14.144,23.73,-11.008,0.9330149253162905,0.8986558294545066,89.1094965735913,36.9
94967.157647171,-0.7128,-0.0003,-0.0111,-0.7013,0.01540338,-0.015996540000000004,-0.9997534,-0.36,0.56,-2.78,0.14709974999999997,-0.04903325,9.80665,-0.021482740925197287,-0.03005234059218055,-0.9993174597237265,2.1170557877125167,-14.144,23.73,-11.008,0.9166820789558277,0.8825835674842866,89.07683025824728,36.9
94967.197660795,-0.7126,-0.0002,-0.0112,-0.7015,0.01568164,-0.01599864,-0.99974904,-0.01,-0.1,-0.95,0.14709974999999997,0.1569064,9.80665,-0.000479520869095449,-0.030670645516538912,-0.999529435710278,1.7577890250375279,-14.144,23.73,-11.008,0.9168063965428995,0.8985286171791819,89.10923670047094,36.9
94967.237918141,-0.7126,-0.0002,-0.0112,-0.7015,0.01568164,-0.01599864,-0.99974904,-0.0,0.2,-1.25,-0.02941995,0.18632634999999997,9.80665,0.0027989691785904637,-0.012726971867954453,-0.9999150918958813,0.7466492069118662,-14.144,23.73,-11.008,0.9168063965428995,0.8985286171791819,89.10923670047094,36.9
94967.287710725,-0.7126,-0.0001,-0.0113,-0.7015,0.01596446,-0.01599642,-0.9997446,-0.01,-0.1,-0.64,0.1372931,0.14709974999999997,9.81645665,-0.001480441909085058,-0.029924727491096568,-0.9995510641663691,1.7169144273924173,-14.144,23.73,-11.008,0.9166832709522864,0.9147350385141673,89.10949254827865,36.9
94967.327629793,-0.7121,-0.0006,-0.011,-0.702,0.014823799999999998,-0.016298519999999997,-0.99975728,1.14,3.69,-5.32,-0.4707192,0.34323275000000003,9.7674234,0.019271742123219054,0.03302931484355365,-0.9992685968806927,2.191553421060033,-14.144,23.73,-11.008,0.9339803884168668,0.849372285841772,89.18915797295227,36.9
94967.377700453,-0.7095,-0.0022,-0.0094,-0.7046,0.01023836,-0.016368280000000002,-0.9998136,2.9,14.54,-12.23,0.3138128,0.0,9.581097049999999,-0.01665593770916532,-0.042850729412969746,-0.9989425802709231,2.635042995877931,-14.144,23.731,-11.008,0.9379244182827249,0.5866250661724706,89.6045584978159,36.9
94967.417807367,-0.7072,-0.0066,-0.0054,-0.707,-0.0016946399999999981,-0.016970640000000002,-0.99985456,0.42,17.21,-11.2,0.29419949999999995,0.1569064,9.79684335,-0.0009623536375812543,-0.028319198979056867,-0.9995984944783285,1.623724472496914,-14.144,23.73,-11.008,0.9723941155436387,-0.09709576626743434,89.98603889181908,36.9
94967.457561252,-0.7034,-0.0139,0.0011,-0.7106,-0.02130216,-0.0179912,-0.99961116,3.12,49.7,-23.15,0.0980665,0.2353596,9.914523149999999,0.005620748969353252,0.011470696659168339,-0.9999183513935296,0.7319041818863566,-14.144,23.73,-11.008,1.031109480357389,-1.2206161899978603,90.56782228963847,36.9
94967.507765518,-0.7015,-0.033,0.0186,-0.7116,-0.0730614,-0.01982748,-0.99713008,0.33,74.95,-0.15,-1.22583125,0.392266,9.610517,0.018054691545610905,0.19879216331076277,-0.9798722395303606,11.51421050349605,-14.144,23.73,-11.008,1.1391505016361234,-4.189843059943971,90.7722713626338,36.9
94967.547813315,-0.699,-0.0521,0.0368,-0.7122,-0.12565764000000001,-0.020417879999999992,-0.9918627,1.7,82.07,-7.08,-0.8041453,-0.5982056499999999,9.9635564,-0.08373647516322735,0.20308342025654247,-0.9755718687301053,12.689651023700852,-14.145,23.73,-11.008,1.1792893783516538,-7.218735236793817,90.9915602581219,36.9
94967.587887409,-0.6974,-0.0525,0.0369,-0.7138,-0.12641712,-0.02054856,-0.99176428,-0.71,-14.25,7.91,-1.0787315,0.7158854499999999,9.747810099999999,0.04710186382260283,0.2353893305350725,-0.9707588716269467,13.889829279318803,-14.145,23.731,-11.008,1.1869527445600352,-7.262600036684579,91.25602823839718,36.9
94967.637642609,-0.7016,-0.0295,0.015,-0.7118,-0.0630442,-0.0200404,-0.9978095,1.65,-1.32,-23.85,0.73549875,-0.26477955,9.845876599999999,-0.0466567582454763,-0.012163572324547692,-0.9988369174419076,2.7636584700876434,-14.145,23.731,-11.008,1.1505963662830407,-3.6145636747778447,90.79047565434817,36.9
94967.677552828,-0.6973,-0.0308,0.016,-0.7159,-0.06641304,-0.02004488,-0.99759072,-2.13,6.39,10.55,0.46091255,0.9120184499999999,9.757616749999999,0.07243370073747933,0.021149460493532737,-0.9971482093258862,4.327553384764532,-14.144,23.729,-11.008,1.151105835038363,-3.807989714428688,91.4666790710268,36.9
94967.717938113,-0.7003,-0.0308,0.0161,-0.713,-0.06647046,-0.020179880000000008,-0.9975843,-0.14,-5.85,4.34,-0.6276256,0.22555294999999997,9.80665,0.0005145105668548193,0.13007394898639263,-0.9915041195221745,7.473924682977132,-14.144,23.728,-11.008,1.1588637514364701,-3.811286923914277,90.99096404523166,36.9
94967.767502849,-0.7021,-0.0296,0.0143,-0.7114,-0.062194940000000004,-0.02121828,-0.9978387,5.67,-1.84,9.83,-0.5982056499999999,0.17651969999999997,10.3754357,-0.005740546936572104,0.11947819479863486,-0.9928215412289881,6.869933697103684,-14.144,23.728,-11.008,1.2181675315331233,-3.565808976975519,90.72262462669545,36.9
94967.80815005,-0.6994,-0.0291,-0.0026,-0.7141,-0.03792374,-0.044418400000000004,-0.99829286,62.88,-57.45,-15.87,-0.4903325,0.7943386499999999,10.1596894,0.03179474627946319,0.08652977640554144,-0.9957411321355114,5.289397468476899,-14.145,23.727,-11.008,2.5476585772746674,-2.1733914233649165,91.14062920096283,36.9
94967.857843359,-0.6918,-0.029,-0.0466,-0.72,0.02271576000000001,-0.1072284,-0.99397488,76.41,-76.61,-8.11,0.5197524499999999,1.1375714,9.738003449999999,0.011919440056610553,-0.07518132067454245,-0.997098638446818,4.36559629136252,-14.146,23.727,-11.007,6.1571643925607376,1.3016291341558939,92.3586021425867,36.9
94967.897893876,-0.6902,-0.0289,-0.0838,-0.7182,0.07416556000000002,-0.16026388,-0.9842847,76.47,-61.02,11.56,-0.24516625,1.61809725,9.894909849999998,0.0029690510177433904,-0.049673577604483724,-0.9987613869100386,2.8523429704531797,-14.145,23.727,-11.007,9.247898292870504,4.253278882215134,92.62456683232134,36.9
94967.93774533,-0.6895,-0.0325,-0.1133,-0.7147,0.1097852,-0.20676852,-0.97221372,59.3,-47.49,4.98,0.6472389,1.2846711499999999,9.60071035,-0.06785838629073476,-0.17890403712759173,-0.9815237166209818,11.031058150679307,-14.145,23.728,-11.007,12.006659813114815,6.302933443142554,92.72534969091646,36.9
94967.977883943,-0.6907,-0.0385,-0.132,-0.71,0.1276748,-0.2406239,-0.9621875,42.56,-13.79,11.08,1.2160246,1.61809725,9.1005712,-0.05728326800195138,-0.25837013963202415,-0.9643466288826764,15.345799233025334,-14.145,23.729,-11.008,14.040560224003633,7.3352484803180165,92.48741014030556,36.9
94968.027520245,-0.6951,-0.0418,-0.1376,-0.7043,0.13241204,-0.25193372,-0.958638,0.38,18.52,4.57,0.9218251,1.9122967499999999,9.5320638,-0.05188380070387025,-0.22684462711231151,-0.9725478200076239,13.456228784437425,-14.142,23.729,-11.008,14.724587650241729,7.60899720237638,91.73140970525262,36.9
94968.067995876,-0.6951,-0.0497,-0.121,-0.7069,0.09794834000000001,-0.24016273999999999,-0.96577782,-36.6,67.91,-17.79,0.9414384,2.1672696499999997,9.394770699999999,-0.011320864837135819,-0.19459518099132947,-0.98081823459767,11.240296828375607,-14.142,23.729,-11.009,13.964654954494883,5.62103897146929,91.65243280323297,36.9
94968.108164253,-0.6921,-0.0571,-0.0865,-0.7143,0.03816024,-0.20261172,-0.97851468,-114.93,43.11,-24.85,2.2751428,-0.29419949999999995,7.4138274,-0.21903565960501095,-0.3363253779100629,-0.9159171044293396,23.6634016900801,-14.141,23.729,-11.009,11.69837576967592,2.186951690966314,92.03101131926842,36.9
94968.148124331,-0.6898,-0.0131,-0.0375,-0.7229,0.032795019999999994,-0.07229026,-0.99684428,-190.09,-21.85,-41.16,0.8433718999999998,4.707191999999999,15.2395341,0.22873005805551716,-0.07378611880295124,-0.9706886278205465,13.906438430795454,-14.14,23.728,-11.011,4.1477780220502956,1.8793532160018036,92.75170388262269,36.9
94968.187848675,-0.69,-0.0126,-0.0147,-0.7235,0.002053799999999998,-0.038658899999999996,-0.9992503,-57.03,66.41,14.96,1.10815145,1.65732385,10.012589649999999,0.12938370359330698,-0.10455701208287442,-0.9860645596693788,9.575686909628079,-14.14,23.726,-11.011,2.21554869961512,0.11767415469085017,92.71341896086268,36.9
94968.237918815,-0.6934,-0.0095,-0.0044,-0.7205,-0.00758758,-0.019515,-0.99978078,-2.9,-26.4,11.69,-0.35303939999999995,0.10787314999999999,9.67916355,-0.010045401592148043,0.04367828989586129,-0.9989952299951792,2.568774444126494,-14.14,23.724,-11.011,1.118230305112275,-0.4347404822201304,92.1937607479324,36.9
94968.277722071,-0.6948,-0.0004,-0.0126,-0.719,0.01693376,-0.01867464,-0.99968216,-3.15,13.83,7.15,-0.0196133,0.28439285,9.561483749999999,0.011557656445817382,-0.014498043763955614,-0.9998280774188978,1.0623881495115417,-14.14,23.725,-11.011,1.0701937711028215,0.9702793546832863,91.96271526463387,36.9
94968.317564363,-0.6954,-0.0007,-0.0121,-0.7185,0.015822779999999998,-0.018361259999999997,-0.9997062,-0.32,1.6,4.37,0.5883989999999999,0.26477955,9.71839015,0.01135032694114296,-0.07586497510857851,-0.9970533849058151,4.399444334558823,-14.141,23.726,-11.011,1.0522135744652354,0.9066163469813999,91.87863143516506,36.9
94968.367481511,-0.6948,-0.0006,-0.012,-0.7191,0.01581228,-0.01809216,-0.99971128,-0.07,0.34,0.21,0.16671305,0.17651969999999997,9.80665,0.0010344678041932405,-0.03278649427905016,-0.9994618419968917,1.8797997808435019,-14.141,23.726,-11.011,1.0367906067418142,0.9060146660232419,91.97721533655991,36.9
94968.40758372,-0.6947,-0.0006,-0.012,-0.7192,0.015809760000000003,-0.01809444,-0.99971128,0.05,0.09,0.34,0.18632634999999997,0.1569064,9.80665,-0.000886772872753832,-0.034850588971195445,-0.9993921406671379,1.9978427842491329,-14.141,23.726,-11.011,1.0369212360582565,0.9058702626081548,91.99369891640373,36.9
94968.447949868,-0.6965,-0.0006,-0.012,-0.7175,0.015855,-0.018055800000000004,-0.99971128,-0.74,-2.18,10.34,-0.26477955,-0.0392266,9.757616749999999,-0.022397886772219915,0.010614649589144348,-0.9996928632213581,1.4202673389162794,-14.141,23.726,-11.011,1.0347074114501464,0.9084626486031652,91.71353230795711,36.9
94968.487342147,-0.6964,-0.0006,-0.0119,-0.7176,0.0157132,-0.01791456,-0.99971606,0.0,0.0,0.0,0.14709974999999997,0.1569064,9.80665,-0.000991116565122411,-0.030749715142580007,-0.9995266377031178,1.7630220054831003,-14.141,23.726,-11.011,1.0266103299333909,0.9003370948069944,91.72970459204406,36.9
94968.537634351,-0.6963,-0.0006,-0.0119,-0.7176,0.01571082,-0.01791444,-0.99971606,-0.01,-0.03,0.33,0.16671305,0.16671305,9.80665,6.838997815149239e-05,-0.03271441150085176,-0.9994647179625972,1.874736345304342,-14.141,23.726,-11.011,1.0266034546947862,0.9002007140167383,91.72995285125887,36.9
94968.577606424,-0.6963,-0.0005,-0.0119,-0.7176,0.01585434,-0.01777518,-0.99971628,-0.08,0.07,3.57,0.2353596,0.20593965,9.79684335,0.004439990931008806,-0.0397420149622224,-0.9992000660756931,2.291827282148573,-14.141,23.726,-11.011,1.018624496304831,0.9084248286349744,91.72995696875549,36.9
94968.627477078,-0.6967,-0.0006,-0.0118,-0.7172,0.015581479999999998,-0.017761959999999997,-0.9997208,0.0,0.0,0.0,0.1372931,0.16671305,9.80665,9.228930255706508e-05,-0.02958496467574566,-0.9995622481379554,1.695349267367671,-14.141,23.726,-11.011,1.0178624693309029,0.8927891706534634,91.6639018671761,36.9
94968.667364492,-0.6967,-0.0005,-0.0118,-0.7172,0.015724919999999996,-0.01762262,-0.99972102,0.0,0.0,0.0,0.14709974999999997,0.1569064,9.80665,-0.0007343361333919107,-0.030752164313625176,-0.9995267508359126,1.7627496101110531,-14.141,23.726,-11.011,1.009878923908003,0.9010086843191565,91.66390579429718,36.9
94968.707585574,-0.6966,-0.0005,-0.0118,-0.7174,0.01572236,-0.01762724,-0.99972102,-0.01,0.03,0.34,0.1569064,0.16671305,9.80665,0.0003074082026751565,-0.031718751157646496,-0.9994967995414581,1.8177408120266356,-14.141,23.726,-11.011,1.0101436220065534,0.9008619889885298,91.69654784052679,36.9
94968.757369127,-0.6964,-0.0005,-0.0118,-0.7175,0.015717540000000002,-0.0176294,-0.99972102,0.0,0.0,0.0,0.1569064,0.16671305,9.79684335,0.0003315867712730923,-0.031729550974653936,-0.9994964163583115,1.8183738936809075,-14.141,23.726,-11.011,1.0102673769469266,0.9005857892023602,91.71323734466517,36.9
94968.797410535,-0.6964,-0.0005,-0.0118,-0.7175,0.015717540000000002,-0.0176294,-0.99972102,0.0,0.0,0.0,0.1569064,0.16671305,9.81645665,0.00029666312790826294,-0.031698621706191754,-0.9994974088065468,1.8165811437447135,-14.141,23.726,-11.011,1.0102673769469266,0.9005857892023602,91.71323734466517,36.9
94968.847516012,-0.6974,-0.0005,-0.0117,-0.7165,0.015602659999999999,-0.017463500000000003,-0.99972572,2.0,4.21,11.85,2.22610955,0.0392266,9.649743599999999,-0.006567784270668184,-0.2401987889929431,-0.9706949022350146,13.903663130189665,-14.141,23.725,-11.011,1.0007575787251288,0.8940028428020651,91.54860743410754,36.9
94968.887721485,-0.7011,-0.0121,-0.0015,-0.7129,-0.01514888,-0.01910532,-0.99970268,4.09,65.32,14.55,-0.4216859499999999,0.0784532,9.7870367,-0.01204024361069063,0.0579782263206418,-0.9982449294278549,3.3947690995177786,-14.141,23.725,-11.011,1.0948464842022343,-0.8680000898582877,90.94316606803959,36.9
94968.938107969,-0.6995,-0.0582,0.0426,-0.711,-0.1423578,-0.020844600000000005,-0.989596,-11.8,166.25,-3.39,-2.2555295,-0.0,10.581375349999998,-0.025712716579222562,0.34521456100894865,-0.9381736757229494,20.253240231316397,-14.141,23.726,-11.011,1.2066853765932772,-8.184305027625497,90.84927637239387,36.9
94968.977689819,-0.6979,-0.0842,0.0584,-0.7088,-0.20087664,-0.034738519999999995,-0.9789996,15.22,30.51,5.98,-2.0005566,0.50013915,9.757616749999999,0.010747962593811257,0.3934209754491417,-0.9192907319723507,23.176788873664215,-14.141,23.725,-11.011,2.032213148564579,-11.588227227012942,90.67943932189593,36.9
94969.027476116,-0.699,-0.095,0.0596,-0.7063,-0.2175178,-0.048619039999999974,-0.97484568,8.1,8.39,2.8,-2.3339827,0.48052585,9.492837199999999,-0.0014612384923392285,0.44401104114078793,-0.8960265892319178,26.36007205243679,-14.141,23.726,-11.011,2.855179676270832,-12.563283150950184,90.28314732300889,36.9
94969.06795112,-0.6987,-0.096,0.0592,-0.7065,-0.21837408000000003,-0.0505008,-0.97455872,-5.32,-11.09,-6.58,-2.2751428,0.36284605,9.306510849999999,-0.014833334460140339,0.4436352456339258,-0.89609215897688,26.35171534008612,-14.141,23.726,-11.011,2.9663651091204963,-12.613552823384317,90.31079957201753,36.9
94969.108083852,-0.697,-0.0842,0.0568,-0.7098,-0.19870952,-0.036741519999999986,-0.97936824,-27.21,-51.16,-15.05,-1.5984839499999999,0.21574629999999997,9.4536106,-0.019649325289310144,0.35900560219670946,-0.9331227504667274,21.07224781052875,-14.141,23.725,-11.011,2.148474064153594,-11.461505417892456,90.82348556516975,36.9
94969.147917885,-0.6949,-0.0515,0.0354,-0.7164,-0.12298812,-0.02085357999999999,-0.99218918,-0.45,-167.28,-5.91,-1.6475172,0.35303939999999995,10.3754357,0.004750855754342177,0.27726522295905737,-0.9607829513507742,16.099459032906,-14.141,23.725,-11.011,1.2040508570494493,-7.064587049170398,91.6724258689607,36.9
94969.187841222,-0.6949,0.0033,-0.0172,-0.7189,0.0286493,-0.02014382,-0.99938654,43.65,-196.57,18.71,0.9414384,0.5883989999999999,11.95430635,0.03257870256336931,-0.10587971008622979,-0.9938451941455725,6.360196413468475,-14.141,23.725,-11.011,1.1547079741889599,1.641708609173067,91.96217967776708,36.9
94969.228096413,-0.6923,0.0486,-0.0696,-0.7166,0.16602168,-0.03245916,-0.98558776,-38.04,-141.57,-32.09,-1.6965504499999997,0.1569064,10.738281749999999,-0.0176977790689669,-0.01075336433110849,-0.9997855686128726,1.1866003423104925,-14.14,23.725,-11.01,1.886286533912729,9.556591071363318,92.13396823737567,36.9
94969.268173936,-0.6801,0.0874,-0.0868,-0.7227,0.24439332000000002,-0.006579239999999986,-0.969654,-40.24,-107.29,-16.38,2.69682875,0.48052585,9.36535075,0.07357520908761044,-0.49905911183166185,-0.8634397072485043,30.295055494914468,-14.14,23.726,-11.009,0.38875402945291204,14.145983671253658,93.52731764718362,36.9
94969.307658574,-0.6745,0.1204,-0.1025,-0.7211,0.31191337999999996,0.014594100000000026,-0.94999518,-28.38,-93.61,5.36,3.2950344,0.0784532,9.24767095,0.061754040947729356,-0.6098916920054743,-0.7900536733474989,37.8082260562366,-14.14,23.726,-11.009,-0.8801250608564606,18.17457755012321,93.680333013672,36.9
94969.358018255,-0.6713,0.1535,-0.1192,-0.7152,0.37960432,0.035585420000000006,-0.92445822,-17.46,-62.68,7.19,3.77556025,-0.29419949999999995,8.60043205,0.04394022665596883,-0.7179451284596178,-0.6946681908353095,45.99755350571212,-14.14,23.725,-11.009,-2.2044135655662025,22.309175485654535,93.18764746170392,36.9
94969.398145091,-0.6704,0.1711,-0.1277,-0.7106,0.41438748000000003,0.04792363999999999,-0.9088350000000001,-12.17,-41.14,11.34,4.01091985,-0.3334261,8.5317855,0.04792833695457385,-0.7605636337842875,-0.6474712926192785,49.64813031633679,-14.14,23.725,-11.009,-3.018459445273128,24.480749104957454,92.67789367240049,36.9
94969.44761631,-0.6734,0.1807,-0.1302,-0.7049,0.43010422,0.05981079999999997,-0.90079094,-4.58,0.82,18.7,4.08937305,-0.61781895,8.404299049999999,0.017598186737698404,-0.7808798831598471,-0.6243981934359497,51.36096666599506,-14.14,23.725,-11.01,-3.798754474593933,25.47417438621283,91.75660965683966,36.9
94969.487750275,-0.6793,0.1753,-0.1232,-0.7018,0.4134306,0.06523906000000002,-0.90818334,13.43,55.5,21.95,5.08965135,-1.06892485,7.75706015,-0.04033552873376557,-0.842852207929913,-0.5364907689045209,57.55218396836664,-14.141,23.725,-11.011,-4.108766329004356,24.420522706211635,90.9694254135213,36.9
94969.52786826,-0.6923,0.1476,-0.1038,-0.6987,0.34997772000000005,0.05931684000000001,-0.9348796,36.24,148.1,35.16,2.53992235,-0.6472389,8.71811185,-0.0116549532383452,-0.5974012187597133,-0.801864975323586,36.69187659828189,-14.14,23.723,-11.014,-3.6304727890749238,20.48595237684728,89.8723086371802,36.9
94969.577593085,-0.7064,0.0683,-0.0465,-0.703,0.161725,0.031115240000000016,-0.98634572,30.82,269.65,2.64,0.6962721499999999,0.0196133,10.806928300000001,0.03161547536307307,-0.22499132536544786,-0.9738488465174014,13.132368012856018,-14.14,23.721,-11.018,-1.8068521745067037,9.30703558691771,89.5786410313282,36.9
94969.617693325,-0.7074,0.0015,0.0073,-0.7068,-0.00820764,0.012441480000000001,-0.99988892,18.62,215.53,-5.04,0.36284605,-0.43149259999999995,10.6696352,-0.02797791563282501,-0.025739550552868445,-0.999277175192681,2.1787354442458913,-14.139,23.722,-11.02,-0.7128866971049655,-0.47026841182990503,89.95640146869252,36.9
94969.657980612,-0.7009,-0.0442,0.0504,-0.7101,-0.13342356,0.009618519999999998,-0.9910124,-2.93,160.54,-25.54,-0.9610517,-0.37265269999999995,9.404577349999999,-0.03293064979646552,0.23291808335065442,-0.9719385522502071,13.605446362408635,-14.138,23.721,-11.02,-0.5560811320680503,-7.667471873895621,90.78421802066096,36.9
94969.697989812,-0.6912,-0.089,0.102,-0.7099,-0.26736699999999997,0.021785999999999986,-0.96335,-24.34,217.92,-3.19,-3.3734875999999994,0.5982056499999999,9.18883105,0.06480903816798017,0.5837642561739972,-0.8093452345803394,35.9688059553506,-14.136,23.72,-11.021,-1.2955136976829695,-15.507647894753177,91.7081196485266,36.9
94969.737882878,-0.6833,-0.1479,0.1559,-0.6978,-0.41946218,0.015453899999999993,-0.90764156,28.77,202.77,22.76,-4.295312699999999,0.08825984999999999,7.93357985,0.004929480571342785,0.8012745686443219,-0.598278859993621,53.25333123155843,-14.135,23.721,-11.021,-0.9754486107001179,-24.800637324364118,91.417700210385,36.9
94969.788063627,-0.6792,-0.1695,0.1663,-0.6944,-0.46130352,0.0007086399999999826,-0.88722812,-4.16,-43.62,-0.54,-3.93246665,0.1176798,8.34545915,-0.004236484627636056,0.7954686914479903,-0.6058956172478605,52.70445442302083,-14.135,23.722,-11.021,-0.04576283330631803,-27.47125329918166,91.27207902372572,36.9
94969.82805106,-0.686,-0.1313,0.1234,-0.7049,-0.35441153999999997,-0.006174280000000032,-0.9350655,3.96,-267.98,-11.91,-4.9425516,0.1176798,8.129712849999999,-0.013722057655233736,0.788446231144567,-0.6149084508356499,52.05357340774659,-14.135,23.722,-11.023,0.3783211382808527,-20.757383343761965,91.48448321315136,36.9
94969.867812801,-0.6933,-0.0434,0.0303,-0.7187,-0.10439714,-0.016625220000000003,-0.9943967,24.81,-484.77,-6.33,0.7060787999999999,1.87307015,10.34601575,0.15994031794918523,0.04179232178431252,-0.986241410905988,9.51526413765401,-14.135,23.722,-11.025,0.9578332280420785,-5.992434337712769,92.01077416860963,36.9
94969.917893139,-0.6877,0.1074,-0.1027,-0.7106,0.29389045999999996,0.0017607199999999934,-0.9558359,-88.31,-404.01,32.42,4.7268053,0.28439285,12.640771849999998,0.042570953552008295,-0.6088339878743206,-0.7921433166172438,37.613074803472465,-14.137,23.72,-11.026,-0.10554291882033821,17.091016424976864,91.85858617537839,36.9
94969.958133701,-0.6789,0.2088,-0.1486,-0.688,0.48907787999999996,0.07903503999999997,-0.8686412,-105.14,-222.82,41.13,2.83412185,-1.12776475,8.77695175,-0.0429033395009735,-0.7310554472929836,-0.680922529018623,47.082580397530485,-14.139,23.718,-11.02,-5.19885504644121,29.279991306973265,89.39901328190514,36.9
94970.007852392,-0.6666,0.281,-0.1636,-0.6708,0.59510112,0.15514344000000002,-0.78854808,-73.44,-89.21,21.44,4.63854545,-1.5984839499999999,6.805815099999999,-0.08474756693958346,-0.9365733358641616,-0.34020716689635006,70.11146421203247,-14.14,23.719,-11.013,-11.130534302250856,36.519841050064606,86.68145375262884,36.9
94970.0478902,-0.6656,0.302,-0.1572,-0.6642,0.61044144,0.19319791999999994,-0.76816832,-29.84,32.0,31.03,3.9913065499999996,-2.6870221,7.18827445,-0.17616837895391346,-0.8919047226905744,-0.4167037219738134,65.37559566453943,-14.14,23.72,-11.01,-14.11735470042373,37.62142879886308,85.05735363641314,36.9
94970.097886504,-0.6793,0.2719,-0.1138,-0.6721,0.52009666,0.21643337999999995,-0.8262399,22.33,245.21,17.33,5.4721107,-3.65788045,7.217694399999999,-0.24887108357258392,-0.8820384119336093,-0.4001943037595964,66.41072559560546,-14.139,23.724,-11.009,-14.678808182626591,31.338735482151673,85.2546466247282,36.9
94970.137797221,-0.691,0.182,-0.0295,-0.6989,0.2951686,0.21028889999999997,-0.9320115,-1.32,432.63,4.65,3.24600115,-1.0395048999999998,9.6889702,0.0959402485816296,-0.5823977423113509,-0.8071968041461756,36.17541914047023,-14.136,23.726,-11.009,-12.714685869654392,17.167647637942263,88.72027239346495,36.9
94970.177503362,-0.6895,0.0786,0.0732,-0.7163,0.011659560000000013,0.21325572000000004,-0.9769276,6.63,412.08,0.22,0.8727918499999999,-1.01008495,9.394770699999999,0.11089382984797161,-0.09950133294555387,-0.988840092831684,8.568376215919537,-14.134,23.728,-11.008,-12.314055225025186,0.6680587161407742,92.11407158378684,36.9
94970.228352317,-0.6676,-0.0452,0.1915,-0.7181,-0.32060703999999995,0.21468126,-0.92256942,-9.7,354.69,15.65,-2.3535959999999996,-1.8828768,9.394770699999999,-0.02959550146235998,0.5371809299727497,-0.8429564406795392,32.54702261941213,-14.133,23.729,-11.007,-13.099565851336777,-18.69964005555007,96.3443459897735,36.9
94970.268125951,-0.6493,-0.1274,0.2615,-0.7027,-0.51863186,0.20207046,-0.83077398,14.63,291.86,47.78,-2.73605535,-1.99074995,6.756781849999999,-0.15942851523150187,0.7775366064190834,-0.6082874999861773,52.53409423661937,-14.133,23.728,-11.006,-13.67067569949879,-31.240524039221565,98.36208089535786,36.9
94970.317957926,-0.6438,-0.2121,0.3086,-0.6673,-0.68042202,0.13875759999999993,-0.71955926,43.34,131.92,70.86,-8.9044382,-1.5102240999999998,5.97224985,-0.14171571566467478,0.9794643305407875,0.14332158716940196,98.24020264284034,-14.133,23.725,-11.009,-10.914765949611205,-42.87662998281719,96.34978569232577,36.9
94970.357809,-0.6418,-0.2354,0.3234,-0.6543,-0.72316068,0.12104180000000003,-0.67999856,-5.41,25.96,20.26,-6.354709199999999,-1.4219642499999998,5.7663101999999995,-0.13898560635259177,0.9886255816458313,0.05774637136402655,93.31041164451953,-14.133,23.725,-11.011,-10.093107773632537,-46.316052387872304,95.43257975803273,36.9
94970.398141932,-0.6527,-0.2245,0.3067,-0.6554,-0.6946407799999998,0.10896005999999997,-0.71106972,6.07,-167.07,11.9,-6.24683605,-1.34351105,5.79573015,-0.1176143765166546,0.993054290697323,0.008317261678040033,90.47653539382385,-14.132,23.726,-11.014,-8.711896436846922,-43.9985989275721,93.76411987874651,36.9
94970.448013578,-0.6862,-0.1351,0.2155,-0.6815,-0.47989350000000003,0.10831526,-0.87061548,7.75,-430.92,-14.75,-3.9422733,-0.37265269999999995,8.070872949999998,0.0494725665422938,0.816196962540015,-0.5756554676378117,54.85453746314608,-14.129,23.729,-11.021,-7.091858341041441,-28.67844656322766,91.42154834985107,36.9
94970.488073074,-0.7077,-0.023,0.0905,-0.7003,-0.1603075,0.09420010000000001,-0.9825615,56.47,-450.49,-15.36,-0.5687857,-0.16671305,10.6500219,0.08032277642456438,0.2119787596081093,-0.9739673530337738,13.1020725350263,-14.129,23.73,-11.027,-5.476321380353097,-9.22474506505195,89.83866649407337,36.9
94970.537976742,-0.7059,0.0632,-0.0165,-0.7053,0.11244462000000001,0.06595086,-0.99146702,13.99,-226.76,-27.14,1.1179581,-0.77472535,10.836348249999999,-0.005906744763175084,-0.2135443175777202,-0.9769159555858568,12.33492453782858,-14.129,23.731,-11.033,-3.8056207478496638,6.456256475133438,89.73710447773522,36.9
94970.578023367,-0.6958,0.1118,-0.0671,-0.7063,0.25130504000000004,0.06079541999999996,-0.9659967,-8.75,-179.7,-31.41,2.83412185,-1.0493115499999999,10.228335949999998,-0.034483084802541586,-0.49953458688599073,-0.8656071194637721,30.047875980834707,-14.128,23.731,-11.036,-3.6011850622390136,14.554751167405676,90.3980459161219,36.9
94970.618118601,-0.6766,0.1631,-0.1109,-0.7095,0.38150878,0.06333981999999996,-0.92219916,-33.58,-236.25,-72.33,4.697385349999999,-0.3138128,8.79656505,0.05517813933256177,-0.7702185523456067,-0.6354489843533065,50.54851440823463,-14.128,23.731,-11.037,-3.929101165024705,22.427171318688156,91.9451288612425,36.9
94970.668118371,-0.6459,0.229,-0.1546,-0.7117,0.52567088,0.07576456000000006,-0.84731568,-66.2,-76.78,-29.53,3.5696205999999995,-0.5099457999999999,8.54159215,0.08526843862000544,-0.8084576456707113,-0.5823874370665447,54.38237987256199,-14.127,23.73,-11.037,-5.109636769892539,31.713417552078944,94.10067460763875,36.9
94970.708184714,-0.6287,0.2554,-0.1602,-0.7169,0.567628,0.09144520000000006,-0.8182136,-40.1,-37.02,-23.24,5.0504247499999995,-1.0591182,7.58054045,0.06626330384758874,-0.9250218956944622,-0.3743188701837978,68.01975550400563,-14.127,23.73,-11.036,-6.377028305454354,34.584984063056304,95.52083452314179,36.9
94970.747666707,-0.6279,0.258,-0.1542,-0.7179,0.56408076,0.10259604000000003,-0.81931672,5.5,49.03,25.12,4.89351835,-1.0787315,7.65899365,0.07417993564959764,-0.9151827391086849,-0.39611361984385957,66.6641600586215,-14.126,23.731,-11.036,-7.137509803997572,34.33848196728034,95.4426177390399,36.9
94970.797791485,-0.6463,0.2258,-0.1253,-0.7181,0.48625673999999997,0.11191322000000001,-0.86662854,10.13,161.16,55.65,5.0798447,-2.22610955,9.69877685,-0.026777700057172227,-0.8324508213019952,-0.5535208833489056,56.392564644875335,-14.124,23.733,-11.037,-7.358243919307785,29.094843448438482,94.11675089608468,36.9
94970.838128645,-0.6662,0.1634,-0.0692,-0.7243,0.32890332,0.11747103999999998,-0.9370236000000001,10.86,283.06,23.72,3.7461403,-0.46091255,9.0417313,0.10936612588059193,-0.658580277441579,-0.7444798297181895,41.88361629674824,-14.121,23.735,-11.037,-7.14567144361806,19.20222499987793,93.5700112760189,36.9
94970.887921102,-0.6754,0.0876,-0.004,-0.7322,0.13368464,0.11247247999999999,-0.98462048,23.41,177.39,13.03,1.2944778,-1.06892485,8.571012099999999,0.010162939996198425,-0.27907843859480086,-0.9602117823919859,16.216292438553275,-14.119,23.737,-11.037,-6.516609484757756,7.682565875305265,94.18186142660794,36.9
94970.927803289,-0.6779,0.0359,0.0342,-0.7335,0.006296940000000008,0.09884462,-0.9950831,13.96,184.35,13.38,-0.55897905,-0.7943386499999999,9.502643849999998,0.011438665619605382,0.053291614847370126,-0.9985135209901833,3.1244779407453143,-14.118,23.738,-11.039,-5.67275447303465,0.3607904701849801,94.49561929273108,36.9
94970.967871894,-0.6768,-0.0171,0.0724,-0.7324,-0.12304872,0.08290496000000001,-0.98893166,35.65,190.16,10.89,-1.4415775499999999,-0.7453053999999999,8.845598299999999,-0.023962745839804137,0.27951044777606193,-0.9598436618520771,16.292180841588618,-14.117,23.74,-11.041,-4.792063357609453,-7.068085748171299,94.81511592418953,36.9
94971.017963845,-0.6763,-0.0599,0.0909,-0.7286,-0.21023762000000001,0.05143873999999998,-0.97629836,40.12,29.65,12.71,-1.5298374,-0.21574629999999997,8.7867584,-0.002385787659332464,0.3757124419017394,-0.9267408958618053,22.068656108947067,-14.115,23.741,-11.045,-3.0159838638669405,-12.136277742731792,94.58983160399468,36.9
94971.057947229,-0.6795,-0.0748,0.0777,-0.7257,-0.21415902,0.011120579999999991,-0.97673534,61.65,-42.63,23.34,-3.3146477,-0.46091255,10.149882749999998,-0.06612506955443966,0.503132837623112,-0.8616741388575716,30.494800349867507,-14.114,23.742,-11.051,-0.6523105536220689,-12.366193543764943,93.836436213514,36.9
94971.097941021,-0.6813,-0.0749,0.0539,-0.7262,-0.18222889999999997,-0.023774379999999998,-0.98296956,28.08,-19.92,-9.86,-2.52030905,0.38245935,10.463695549999999,-0.013077578349790515,0.40723631855315,-0.9132365154291613,24.04434156077658,-14.113,23.743,-11.055,1.3855018206522294,-10.499613922598009,93.52998106454547,36.9
94971.14757768,-0.6734,-0.0723,0.0491,-0.7341,-0.17227873999999999,-0.025285020000000005,-0.9847238,2.96,12.78,-30.38,0.45110589999999995,1.569064,11.77778665,0.0948952646630242,0.14226404286974675,-0.985269819626498,9.84650119283248,-14.111,23.746,-11.059,1.4708760614940528,-9.920336322810535,94.81165935556845,36.9
94971.187972834,-0.6686,-0.0672,0.0467,-0.7391,-0.16178227999999997,-0.020827899999999996,-0.98660654,3.51,-21.54,-13.9,-1.63771055,-0.08825984999999999,9.649743599999999,-0.06154745383077441,0.3200419004415231,-0.9454014023078263,19.02050372879679,-14.111,23.746,-11.059,1.209371202370971,-9.310361284714492,95.63517594256307,36.9
94971.227944882,-0.6649,-0.06,0.0393,-0.7435,-0.14148114,-0.02134889999999999,-0.98971102,3.56,-38.23,-15.19,-1.2062179499999999,-0.0196133,9.894909849999998,-0.051792086925843334,0.25605874919788,-0.9652741749289379,15.143876900498732,-14.111,23.746,-11.059,1.2357265670204678,-8.133562502461947,96.30229758387443,36.9
94971.277888068,-0.663,-0.049,0.0286,-0.7465,-0.11108060000000002,-0.0222742,-0.99356208,-1.03,-35.78,11.12,-1.2062179499999999,1.3140911,9.669356899999999,0.08376791920580966,0.24292343569953234,-0.9664255534149891,14.889748789924557,-14.111,23.746,-11.059,1.2842719516381726,-6.377611161511687,96.71190719545731,36.9
94971.327837141,-0.6658,-0.04,0.021,-0.7448,-0.0875476,-0.0219824,-0.995918,-1.58,-36.08,10.75,-0.6472389,0.1372931,9.7674234,-0.02491050332320626,0.15139089966419805,-0.9881610818155966,8.825549475831316,-14.111,23.746,-11.059,1.2644557711929687,-5.022537917230358,96.35879477834644,36.9
94971.367806529,-0.6666,-0.0301,0.0126,-0.7447,-0.06162926,-0.021362879999999994,-0.99787046,-1.02,-36.68,6.78,-0.5295591,0.10787314999999999,9.81645665,-0.022984888067545586,0.11346193250653626,-0.9932764222278044,6.647845814199209,-14.111,23.746,-11.059,1.2264276443195445,-3.533335603250546,96.29700688670322,36.9
94971.417728534,-0.6695,-0.0166,0.0016,-0.7427,-0.02680004,-0.019850760000000002,-0.99944376,-2.25,-39.68,4.19,-0.50013915,0.392266,9.79684335,0.012011398062842783,0.07935795008296777,-0.9967746991376427,4.603610600466417,-14.111,23.746,-11.059,1.1378481599657777,-1.5357130558461476,95.92554792795791,36.9
94971.45809772,-0.6694,-0.0009,-0.0112,-0.7428,0.013657520000000001,-0.01784364,-0.9997475,3.46,-65.73,-1.81,1.0296982499999998,-0.0196133,10.5715687,-0.00803258199322078,-0.11196080606210135,-0.9936798893753165,6.444954565733074,-14.111,23.747,-11.059,1.0225149085982481,0.7825425835659487,95.9561423058125,36.9
94971.507772734,-0.6682,-0.0012,-0.011,-0.7439,0.01291504,-0.01796948,-0.99975512,0.04,-1.68,0.02,0.28439285,0.17651969999999997,9.7870367,0.004551322743415593,-0.04170073001921241,-0.9991197806471496,2.4041697771173527,-14.111,23.747,-11.059,1.0297166708679228,0.7399978569405334,96.14386193073975,36.9
94971.547708847,-0.6681,-0.0011,-0.0111,-0.744,0.01319502,-0.017986620000000002,-0.99975116,-0.01,-0.4,0.09,0.21574629999999997,0.1176798,9.79684335,-0.0021633290506982254,-0.035642940435905976,-0.9993622556326169,2.046383156281466,-14.111,23.747,-11.059,1.0307027252346392,0.7560408965374615,96.1611721368437,36.9
94971.597588261,-0.6678,-0.0009,-0.0111,-0.7443,0.013485419999999998,-0.0177255,-0.99975196,-0.07,0.03,-0.52,0.35303939999999995,0.16671305,9.77723005,0.004688686378814061,-0.049336686405249075,-0.9987712846168944,2.840683734080351,-14.111,23.747,-11.059,1.0157418871198525,0.772681071687461,96.21235011149429,36.9
94971.637651575,-0.6676,0.0009,-0.0141,-0.7444,0.02016624,-0.0197904,-0.99960076,6.19,-23.34,-0.7,0.196133,0.196133,9.7674234,0.004652459356400011,-0.03996144841347449,-0.9991904013492898,2.305709674650167,-14.111,23.747,-11.059,1.134211098640369,1.1555187702041732,96.23922558735362,36.9
94971.687540033,-0.6676,0.0055,-0.0205,-0.7442,0.0355578,-0.0231686,-0.999099,1.26,-8.24,-0.36,0.28439285,0.2353596,9.63993695,0.00827534820413018,-0.0644860661793945,-0.9978842551511028,3.7277074369231515,-14.111,23.747,-11.059,1.3284220333225245,2.0377414281858517,96.23344145254396,36.9
94971.727733183,-0.6671,0.0029,-0.0169,-0.7448,0.02686782,-0.021305059999999997,-0.99941196,-3.7,16.13,-1.76,0.46091255,0.3138128,9.67916355,0.019200122526253645,-0.07268865358215006,-0.9971699851496825,4.311660725086205,-14.111,23.747,-11.059,1.2212232887413434,1.539597962716795,96.31875815475014,36.9
94971.777619463,-0.6678,-0.001,-0.0109,-0.7443,0.01306944,-0.017561339999999998,-0.99976038,0.07,-3.36,2.95,-0.77472535,0.24516625,10.0223963,-9.366474183138823e-05,0.06438369465715439,-0.9979256229940234,3.6914697237544285,-14.111,23.746,-11.059,1.0063283339323958,0.7488450720350943,96.2118375749655,36.9
94971.817398884,-0.6678,-0.0008,-0.0111,-0.7442,0.01363444,-0.01758972,-0.9997523,0.0,0.0,0.0,0.10787314999999999,0.17651969999999997,9.845876599999999,0.002985347947666018,-0.0244071839385001,-0.9996976326977394,1.408992616879339,-14.111,23.746,-11.059,1.0079624199981847,0.7812200738349242,96.19623215477638,36.9
94971.857430057,-0.6678,-0.0008,-0.0111,-0.7442,0.01363444,-0.01758972,-0.9997523,0.0,0.0,0.0,0.1372931,0.14709974999999997,9.80665,0.0004038631957430511,-0.027747489288124573,-0.9996148668524593,1.5901865841634717,-14.111,23.746,-11.059,1.0079624199981847,0.7812200738349242,96.19623215477638,36.9
94971.89745069,-0.6678,-0.0008,-0.0111,-0.7442,0.01363444,-0.01758972,-0.9997523,0.0,0.0,0.0,0.12748644999999997,0.1569064,9.80665,0.0012896962286641465,-0.026646028000539425,-0.9996440859970199,1.5286735539806053,-14.111,23.746,-11.059,1.0079624199981847,0.7812200738349242,96.19623215477638,36.9
94971.947439662,-0.6678,-0.0008,-0.0111,-0.7442,0.01363444,-0.01758972,-0.9997523,0.0,0.0,0.0,0.1569064,0.16671305,9.80665,0.002606936826479094,-0.029517892429958295,-0.9995608309752693,1.6980822705026726,-14.111,23.746,-11.059,1.0079624199981847,0.7812200738349242,96.19623215477638,36.9
94971.987388254,-0.6678,-0.0007,-0.0111,-0.7442,0.013783279999999998,-0.01745616,-0.9997526,0.0,0.0,0.0,0.14709974999999997,0.16671305,9.80665,0.0026479307292267065,-0.02865813128643669,-0.999585744985877,1.6492118657808765,-14.111,23.746,-11.059,1.0003101503441172,0.7897487791150984,96.196245886225,36.9
94972.037425664,-0.6678,-0.0007,-0.0111,-0.7442,0.013783279999999998,-0.01745616,-0.9997526,0.0,0.0,0.0,0.14709974999999997,0.16671305,9.80665,0.0026479307292267065,-0.02865813128643669,-0.999585744985877,1.6492118657808765,-14.111,23.746,-11.059,1.0003101503441172,0.7897487791150984,96.196245886225,36.9
94972.0774179,-0.6678,-0.0007,-0.0111,-0.7442,0.013783279999999998,-0.01745616,-0.9997526,0.0,0.0,0.0,0.14709974999999997,0.16671305,9.80665,0.0026479307292267065,-0.02865813128643669,-0.999585744985877,1.6492118657808765,-14.111,23.746,-11.059,1.0003101503441172,0.7897487791150984,96.196245886225,36.9
94972.107403226,-0.6678,-0.0007,-0.0111,-0.7442,0.013783279999999998,-0.01745616,-0.9997526,0.0,0.0,0.0,0.1372931,0.16671305,9.826263299999999,0.0025033509004563047,-0.027640728912082028,-0.9996147709307565,1.5903831994942867,-14.111,23.746,-11.059,1.0003101503441172,0.7897487791150984,96.196245886225,36.9
94972.157393457,-0.6678,-0.0007,-0.0111,-0.7442,0.013783279999999998,-0.01745616,-0.9997526,0.0,0.0,0.0,0.1372931,0.16671305,9.80665,0.0025400815648887465,-0.027664818514745095,-0.9996140117867921,1.591949454347096,-14.111,23.746,-11.059,1.0003101503441172,0.7897487791150984,96.196245886225,36.9
94972.197446406,-0.6678,-0.0006,-0.0111,-0.7442,0.01393212,-0.0173226,-0.99975286,0.0,0.0,0.0,0.1372931,0.16671305,9.79684335,0.002707343635440087,-0.027810400327446694,-0.9996095327058997,1.6011596227060956,-14.111,23.746,-11.059,0.9926578893007989,0.7982775018952835,96.19625961773423,36.9
94972.237551023,-0.6678,-0.0006,-0.0111,-0.7442,0.01393212,-0.0173226,-0.99975286,0.0,0.0,0.0,0.14709974999999997,0.16671305,9.79684335,0.0028152982355624107,-0.02880470215735901,-0.9995810742300393,1.6584835055542335,-14.111,23.746,-11.059,0.9926578893007989,0.7982775018952835,96.19625961773423,36.9
94972.27742494,-0.6678,-0.0006,-0.0111,-0.7442,0.01393212,-0.0173226,-0.99975286,0.0,0.0,0.0,0.1569064,0.1569064,9.79684335,0.0019286150587546104,-0.02990718582504285,-0.9995507973153703,1.7173719482482181,-14.111,23.746,-11.059,0.9926578893007989,0.7982775018952835,96.19625961773423,36.9
94972.327378052,-0.6678,-0.0006,-0.0111,-0.7442,0.01393212,-0.0173226,-0.99975286,0.0,0.0,0.0,0.14709974999999997,0.16671305,9.81645665,0.002778279207793378,-0.028778580140779192,-0.9995819303129372,1.656788056889792,-14.111,23.746,-11.059,0.9926578893007989,0.7982775018952835,96.19625961773423,36.9
94972.367488669,-0.6678,-0.0006,-0.0111,-0.7442,0.01393212,-0.0173226,-0.99975286,0.0,0.0,0.0,0.14709974999999997,0.17651969999999997,9.80665,0.0037903887810437874,-0.02868348606343297,-0.9995813375718543,1.6579612128660481,-14.111,23.746,-11.059,0.9926578893007989,0.7982775018952835,96.19625961773423,36.9
94972.407428597,-0.6678,-0.0006,-0.0111,-0.7442,0.01393212,-0.0173226,-0.99975286,0.0,0.0,0.0,0.14709974999999997,0.17651969999999997,9.79684335,0.0038099104871218564,-0.02869645119437475,-0.9995808911790898,1.65884486882375,-14.111,23.746,-11.059,0.9926578893007989,0.7982775018952835,96.19625961773423,36.9
94972.447413771,-0.6678,-0.0006,-0.0112,-0.7442,0.014065679999999999,-0.01747144,-0.9997484,0.0,0.0,0.0,0.1569064,0.1569064,9.80665,0.0017775168539161633,-0.030041813639866417,-0.9995470408623145,1.7245398766978464,-14.111,23.746,-11.059,1.0011897845595508,0.8059306761427075,96.19651297051793,36.9
94972.497517215,-0.6678,-0.0006,-0.0112,-0.7442,0.014065679999999999,-0.01747144,-0.9997484,0.0,0.0,0.0,0.14709974999999997,0.16671305,9.81645665,0.002644818229584619,-0.02892738377771009,-0.9995779976751238,1.6645642410663248,-14.111,23.746,-11.059,1.0011897845595508,0.8059306761427075,96.19651297051793,36.9
94972.537373641,-0.6678,-0.0005,-0.0112,-0.7442,0.014214519999999998,-0.01733788,-0.99974862,0.0,0.0,0.0,0.1372931,0.16671305,9.80665,0.0027042979672384747,-0.028080625093872706,-0.9996019865825505,1.6165595430655273,-14.111,23.746,-11.059,0.9935375349720413,0.8144594326460778,96.19652682635189,36.9
94972.57743865,-0.6678,-0.0005,-0.0112,-0.7442,0.014214519999999998,-0.01733788,-0.99974862,0.0,0.0,0.0,0.1372931,0.16671305,9.79684335,0.0027227184786049706,-0.028092705773618158,-0.9996015970963679,1.6173503154778748,-14.111,23.746,-11.059,0.9935375349720413,0.8144594326460778,96.19652682635189,36.9
94972.627476463,-0.6678,-0.0005,-0.0112,-0.7442,0.014214519999999998,-0.01733788,-0.99974862,0.0,0.0,0.0,0.1372931,0.17651969999999997,9.80665,0.003697934661945599,-0.027972494136749005,-0.9996018358604366,1.616864709668287,-14.111,23.746,-11.059,0.9935375349720413,0.8144594326460778,96.19652682635189,36.9
94972.667462232,-0.6678,-0.0005,-0.0112,-0.7442,0.014214519999999998,-0.01733788,-0.99974862,0.0,0.0,0.0,0.14709974999999997,0.16671305,9.80665,0.0028121492104988613,-0.0290739275005376,-0.9995732888266986,1.6738256073769298,-14.111,23.746,-11.059,0.9935375349720413,0.8144594326460778,96.19652682635189,36.9
94972.717580019,-0.6678,-0.0005,-0.0112,-0.7442,0.014214519999999998,-0.01733788,-0.99974862,0.0,0.0,0.0,0.1569064,0.16671305,9.81645665,0.0029013959508647456,-0.030053132222717077,-0.9995440695252115,1.7301864879910693,-14.111,23.746,-11.059,0.9935375349720413,0.8144594326460778,96.19652682635189,36.9
94972.757591354,-0.6678,-0.0005,-0.0112,-0.7442,0.014214519999999998,-0.01733788,-0.99974862,0.0,0.0,0.0,0.1372931,0.16671305,9.79684335,0.0027227184786049706,-0.028092705773618158,-0.9996015970963679,1.6173503154778748,-14.111,23.746,-11.059,0.9935375349720413,0.8144594326460778,96.19652682635189,36.9
94972.797393122,-0.6678,-0.0005,-0.0112,-0.7442,0.014214519999999998,-0.01733788,-0.99974862,0.0,0.0,0.0,0.12748644999999997,0.16671305,9.826263299999999,0.0025599248443335144,-0.027065158498068335,-0.9996303792896728,1.5578323024086056,-14.111,23.746,-11.059,0.9935375349720413,0.8144594326460778,96.19652682635189,36.9
94972.847412115,-0.6678,-0.0005,-0.0112,-0.7442,0.014214519999999998,-0.01733788,-0.99974862,0.0,0.0,0.0,0.14709974999999997,0.17651969999999997,9.757616749999999,0.0039037707932961,-0.029030865781165482,-0.9995708725119494,1.6785572331095902,-14.111,23.746,-11.059,0.9935375349720413,0.8144594326460778,96.19652682635189,36.9
94972.877758087,-0.6678,-0.0005,-0.0112,-0.7442,0.014214519999999998,-0.01733788,-0.99974862,-1.36,-1.11,0.14,-0.02941995,0.29419949999999995,8.56120545,0.01807154682826189,-0.008881375085014364,-0.999797213460134,1.1537874467566316,-14.111,23.746,-11.059,0.9935375349720413,0.8144594326460778,96.19652682635189,36.9
94972.927612272,-0.6678,-0.0003,-0.0112,-0.7442,0.014512199999999998,-0.01707076,-0.99974894,-0.26,-0.52,0.03,0.18632634999999997,0.18632634999999997,9.875296549999998,0.005382748995652865,-0.03298016647984242,-0.999441478283476,1.9149834738688256,-14.111,23.746,-11.059,0.9782330572237495,0.8315169999855044,96.19655453820496,36.9
94972.967531903,-0.6678,-0.0002,-0.0112,-0.7442,0.014661039999999998,-0.0169372,-0.99974904,0.0,0.0,0.0,0.10787314999999999,0.18632634999999997,9.826263299999999,0.004774521451944885,-0.02526701358615184,-0.9996693242137747,1.473475278241036,-14.111,23.746,-11.059,0.9705808277725827,0.8400458111997551,96.19656839422407,36.9
94973.017416708,-0.6678,-0.0002,-0.0112,-0.7442,0.014661039999999998,-0.0169372,-0.99974904,0.0,0.0,0.0,0.10787314999999999,0.20593965,9.845876599999999,0.006713869701968547,-0.025033953925619294,-0.9996640422872943,1.4851939112829367,-14.111,23.746,-11.059,0.9705808277725827,0.8400458111997551,96.19656839422407,36.9
94973.047486772,-0.6678,-0.0002,-0.0112,-0.7442,0.014661039999999998,-0.0169372,-0.99974904,0.0,0.0,0.0,0.1569064,0.10787314999999999,9.79684335,-0.0025831093518566186,-0.031130801405942335,-0.9995119566837186,1.7900845288076623,-14.111,23.746,-11.059,0.9705808277725827,0.8400458111997551,96.19656839422407,36.9
94973.097549439,-0.6678,-0.0002,-0.0112,-0.7442,0.014661039999999998,-0.0169372,-0.99974904,0.0,0.0,0.0,0.14709974999999997,0.1569064,9.79684335,0.0022825465507973937,-0.029595720963453972,-0.999559324219384,1.7009954815353898,-14.111,23.746,-11.059,0.9705808277725827,0.8400458111997551,96.19656839422407,36.9
94973.137433463,-0.6678,-0.0002,-0.0112,-0.7442,0.014661039999999998,-0.0169372,-0.99974904,0.0,0.0,0.0,0.14709974999999997,0.1372931,9.826263299999999,0.0002466011571836003,-0.029771995049458107,-0.9995566652532136,1.706120336983534,-14.111,23.746,-11.059,0.9705808277725827,0.8400458111997551,96.19656839422407,36.9
94973.18741263,-0.6678,-0.0001,-0.0112,-0.7442,0.014809879999999997,-0.01680364,-0.9997491,0.0,0.0,0.0,0.17651969999999997,0.14709974999999997,9.914523149999999,0.0015604641839903205,-0.03262686296760418,-0.9994663549239505,1.871851426517104,-14.111,23.746,-11.059,0.962928603743133,0.8485746410291658,96.19658225030493,36.9
94973.227559489,-0.6678,-0.0001,-0.0112,-0.7442,0.014809879999999997,-0.01680364,-0.9997491,0.0,0.0,0.0,0.14709974999999997,0.17651969999999997,9.7870367,0.004440209867813407,-0.029525703437964172,-0.9995541378045963,1.7109748769469388,-14.111,23.746,-11.059,0.962928603743133,0.8485746410291658,96.19658225030493,36.9
94973.267364005,-0.6678,-0.0001,-0.0112,-0.7442,0.014809879999999997,-0.01680364,-0.9997491,0.0,0.0,0.0,0.16671305,0.1569064,9.80665,0.002629552744480894,-0.03170245337818646,-0.9994938653009298,1.8229619901045409,-14.111,23.746,-11.059,0.962928603743133,0.8485746410291658,96.19658225030493,36.9
94973.317541255,-0.6678,-0.0001,-0.0112,-0.7442,0.014809879999999997,-0.01680364,-0.9997491,0.0,0.0,0.0,0.14709974999999997,0.1569064,9.81645665,0.002396353288571509,-0.02970287769286123,-0.9995558790389049,1.7076319237628077,-14.111,23.746,-11.059,0.962928603743133,0.8485746410291658,96.19658225030493,36.9
94973.357434593,-0.6678,-0.0001,-0.0112,-0.7442,0.014809879999999997,-0.01680364,-0.9997491,0.0,0.0,0.0,0.1569064,0.16671305,9.826263299999999,0.0034781850446451573,-0.030573081529327376,-0.9995264586560739,1.7632864330493259,-14.111,23.746,-11.059,0.962928603743133,0.8485746410291658,96.19658225030493,36.9
94973.39746638,-0.6678,-0.0,-0.0112,-0.7442,0.014958719999999998,-0.01667008,-0.99974912,0.0,0.0,0.0,0.16671305,0.1569064,9.836069949999999,0.002725352485557558,-0.03179061589004474,-0.9994908081374586,1.828459535586353,-14.111,23.746,-11.059,0.9552763844901883,0.8571034896628432,96.19659610644752,36.9
94973.447353014,-0.6678,-0.0,-0.0112,-0.7442,0.014958719999999998,-0.01667008,-0.99974912,0.0,0.0,0.0,0.14709974999999997,0.1569064,9.79684335,0.0025802265757453747,-0.029862710645584975,-0.9995506584395591,1.717639447841409,-14.111,23.746,-11.059,0.9552763844901883,0.8571034896628432,96.19659610644752,36.9
94973.487577393,-0.6678,-0.0,-0.0112,-0.7442,0.014958719999999998,-0.01667008,-0.99974912,0.0,0.0,0.0,0.14709974999999997,0.14709974999999997,9.80665,0.0015690022142082361,-0.029957633890506673,-0.9995499169640992,1.7190564515084141,-14.111,23.746,-11.059,0.9552763844901883,0.8571034896628432,96.19659610644752,36.9
94973.527316581,-0.6678,0.0,-0.0112,-0.7442,0.014958719999999998,-0.01667008,-0.99974912,0.0,0.0,0.0,0.14709974999999997,0.1569064,9.80665,0.002562692466557359,-0.0298495283714712,-0.9995510973412821,1.7168003601401272,-14.111,23.746,-11.059,0.9552763844901883,0.8571034896628432,96.19659610644752,36.9
94973.577344493,-0.6678,0.0,-0.0112,-0.7442,0.014958719999999998,-0.01667008,-0.99974912,0.0,0.0,0.0,0.1569064,0.1569064,9.80665,0.002670543308399019,-0.03084276510253084,-0.9995206572156639,1.7740556755948123,-14.111,23.746,-11.059,0.9552763844901883,0.8571034896628432,96.19659610644752,36.9
94973.617312911,-0.6678,0.0,-0.0112,-0.7442,0.014958719999999998,-0.01667008,-0.99974912,0.0,0.0,0.0,0.1569064,0.16671305,9.80665,0.003664182046399506,-0.03073461851726196,-0.9995208395114588,1.7737177617531992,-14.111,23.746,-11.059,0.9552763844901883,0.8571034896628432,96.19659610644752,36.9
94973.667501405,-0.6678,0.0001,-0.0112,-0.7442,0.015107559999999999,-0.01653652,-0.9997491,0.0,0.0,0.0,0.16671305,0.1569064,9.79684335,0.0029449725338501105,-0.03198459257734658,-0.999483995885343,1.840650499687025,-14.111,23.746,-11.059,0.9476241693685292,0.8656323572898973,96.1966099626518,36.9
94973.707354845,-0.6678,0.0001,-0.0112,-0.7442,0.015107559999999999,-0.01653652,-0.9997491,0.0,0.0,0.0,0.14709974999999997,0.1569064,9.80665,0.002711532514829189,-0.029983022350029094,-0.9995467088365905,1.7251720419945356,-14.111,23.746,-11.059,0.9476241693685292,0.8656323572898973,96.1966099626518,36.9
94973.747318523,-0.6678,0.0001,-0.0112,-0.7442,0.015107559999999999,-0.01653652,-0.9997491,0.0,0.0,0.0,0.1569064,0.16671305,9.80665,0.0038130195736978713,-0.030868105966886723,-0.9995161688240476,1.7823419780470093,-14.111,23.746,-11.059,0.9476241693685292,0.8656323572898973,96.1966099626518,36.9
94973.797391213,-0.6678,0.0001,-0.0112,-0.7442,0.015107559999999999,-0.01653652,-0.9997491,0.0,0.0,0.0,0.1569064,0.1569064,9.81645665,0.0028017746191264393,-0.0309621078422018,-0.99951660786691,1.7815336023722008,-14.111,23.746,-11.059,0.9476241693685292,0.8656323572898973,96.1966099626518,36.9
94973.837313812,-0.6678,0.0001,-0.0112,-0.7442,0.015107559999999999,-0.01653652,-0.9997491,0.0,0.0,0.0,0.1569064,0.1569064,9.81645665,0.0028017746191264393,-0.0309621078422018,-0.99951660786691,1.7815336023722008,-14.111,23.746,-11.059,0.9476241693685292,0.8656323572898973,96.1966099626518,36.9
94973.887370489,-0.6678,0.0001,-0.0112,-0.7442,0.015107559999999999,-0.01653652,-0.9997491,0.0,0.0,0.0,0.1569064,0.1569064,9.79684335,0.0028370227111113484,-0.030990429996711796,-0.9995156305991897,1.783333593353026,-14.111,23.746,-11.059,0.9476241693685292,0.8656323572898973,96.1966099626518,36.9
94973.927400947,-0.6678,0.0001,-0.0112,-0.7442,0.015107559999999999,-0.01653652,-0.9997491,0.0,0.0,0.0,0.1569064,0.1569064,9.80665,0.002819381050812829,-0.03097625477354813,-0.9995161199770483,1.782432454701503,-14.111,23.746,-11.059,0.9476241693685292,0.8656323572898973,96.1966099626518,36.9
94973.967323614,-0.6678,0.0001,-0.0112,-0.7442,0.015107559999999999,-0.01653652,-0.9997491,0.0,0.0,0.0,0.14709974999999997,0.1569064,9.80665,0.002711532514829189,-0.029983022350029094,-0.9995467088365905,1.7251720419945356,-14.111,23.746,-11.059,0.9476241693685292,0.8656323572898973,96.1966099626518,36.9
94974.017354674,-0.6678,0.0001,-0.0112,-0.7442,0.015107559999999999,-0.01653652,-0.9997491,0.0,0.0,0.0,0.16671305,0.1569064,9.79684335,0.0029449725338501105,-0.03198459257734658,-0.999483995885343,1.840650499687025,-14.111,23.746,-11.059,0.9476241693685292,0.8656323572898973,96.1966099626518,36.9
94974.057489566,-0.6678,0.0001,-0.0112,-0.7442,0.015107559999999999,-0.01653652,-0.9997491,0.0,0.0,0.0,0.14709974999999997,0.16671305,9.80665,0.0037051882089608485,-0.02987488824007207,-0.9995467569245214,1.7250800076144148,-14.111,23.746,-11.059,0.9476241693685292,0.8656323572898973,96.1966099626518,36.9
94974.097336081,-0.6678,0.0002,-0.0112,-0.7442,0.015256399999999998,-0.01640296,-0.99974904,0.0,0.0,0.0,0.14709974999999997,0.16671305,9.81645665,0.003835537200742053,-0.029995332235840645,-0.9995426577671516,1.732863662493712,-14.111,23.746,-11.059,0.9399719577329282,0.8741612440994418,96.19662381891783,36.9
94974.137281638,-0.6678,0.0002,-0.0112,-0.7442,0.015256399999999998,-0.01640296,-0.99974904,0.0,0.0,0.0,0.1569064,0.14709974999999997,9.79684335,0.001991193489838885,-0.03123215124575453,-0.999510149281431,1.793396419985799,-14.111,23.746,-11.059,0.9399719577329282,0.8741612440994418,96.19662381891783,36.9
94974.187328238,-0.6678,0.0002,-0.0112,-0.7442,0.015256399999999998,-0.01640296,-0.99974904,0.0,0.0,0.0,0.14709974999999997,0.1569064,9.79684335,0.002877906600693354,-0.03012969776577072,-0.9995418326982773,1.734426571120824,-14.111,23.746,-11.059,0.9399719577329282,0.8741612440994418,96.19662381891783,36.9
94974.227308428,-0.6678,0.0002,-0.0112,-0.7442,0.015256399999999998,-0.01640296,-0.99974904,0.0,0.0,0.0,0.1569064,0.16671305,9.81645665,0.003943258942388193,-0.030987554639147978,-0.9995119670656639,1.7900648788263935,-14.111,23.746,-11.059,0.9399719577329282,0.8741612440994418,96.19662381891783,36.9
94974.277317966,-0.6678,0.0002,-0.0112,-0.7442,0.015256399999999998,-0.01640296,-0.99974904,0.0,0.0,0.0,0.14709974999999997,0.1569064,9.826263299999999,0.002825409427690006,-0.0300902303881328,-0.9995431715121337,1.7318905708603656,-14.111,23.746,-11.059,0.9399719577329282,0.8741612440994418,96.19662381891783,36.9
94974.317346331,-0.6678,0.0002,-0.0112,-0.7442,0.015256399999999998,-0.01640296,-0.99974904,0.0,0.0,0.0,0.14709974999999997,0.1569064,9.80665,0.002860372563101019,-0.03011651568874085,-0.9995422803415155,1.733579051714979,-14.111,23.746,-11.059,0.9399719577329282,0.8741612440994418,96.19662381891783,36.9
94974.357319353,-0.6678,0.0002,-0.0112,-0.7442,0.015256399999999998,-0.01640296,-0.99974904,0.0,0.0,0.0,0.1569064,0.16671305,9.81645665,0.003943258942388193,-0.030987554639147978,-0.9995119670656639,1.7900648788263935,-14.111,23.746,-11.059,0.9399719577329282,0.8741612440994418,96.19662381891783,36.9
94974.407452144,-0.6678,0.0002,-0.0112,-0.7442,0.015256399999999998,-0.01640296,-0.99974904,0.0,0.0,0.0,0.1569064,0.16671305,9.79684335,0.003980492470694477,-0.03101565890632666,-0.9995109476664155,1.7919334878100788,-14.111,23.746,-11.059,0.9399719577329282,0.8741612440994418,96.19662381891783,36.9
94974.447328447,-0.6678,0.0002,-0.0112,-0.7442,0.015256399999999998,-0.01640296,-0.99974904,0.0,0.0,0.0,0.1372931,0.1569064,9.80665,0.00275252024070358,-0.02912322769412208,-0.9995720200047816,1.676313343532621,-14.111,23.746,-11.059,0.9399719577329282,0.8741612440994418,96.19662381891783,36.9
94974.497298465,-0.6678,0.0002,-0.0112,-0.7442,0.015256399999999998,-0.01640296,-0.99974904,0.0,0.0,0.0,0.1569064,0.1569064,9.79684335,0.002985860413111564,-0.03112391892265151,-0.999511048851393,1.7917485769333155,-14.111,23.746,-11.059,0.9399719577329282,0.8741612440994418,96.19662381891783,36.9
94974.537315148,-0.6678,0.0002,-0.0112,-0.7442,0.015256399999999998,-0.01640296,-0.99974904,0.0,0.0,0.0,0.16671305,0.1569064,9.81645665,0.003058344881884077,-0.03208777135360398,-0.9994803479312347,1.847145755821694,-14.111,23.746,-11.059,0.9399719577329282,0.8741612440994418,96.19662381891783,36.9
94974.58737702,-0.6678,0.0002,-0.0112,-0.7442,0.015256399999999998,-0.01640296,-0.99974904,0.0,0.0,0.0,0.14709974999999997,0.1569064,9.81645665,0.0028428735403516845,-0.03010335992241977,-0.9995427266109527,1.7327337207308338,-14.111,23.746,-11.059,0.9399719577329282,0.8741612440994418,96.19662381891783,36.9
94974.637327974,-0.6678,0.0002,-0.0112,-0.7442,0.015256399999999998,-0.01640296,-0.99974904,0.0,0.0,0.0,0.14709974999999997,0.1569064,9.80665,0.002860372563101019,-0.03011651568874085,-0.9995422803415155,1.733579051714979,-14.111,23.746,-11.059,0.9399719577329282,0.8741612440994418,96.19662381891783,36.9
94974.677351061,-0.6678,0.0002,-0.0112,-0.7442,0.015256399999999998,-0.01640296,-0.99974904,0.0,0.0,0.0,0.14709974999999997,0.1569064,9.80665,0.002860372563101019,-0.03011651568874085,-0.9995422803415155,1.733579051714979,-14.111,23.746,-11.059,0.9399719577329282,0.8741612440994418,96.19662381891783,36.9
94974.71736281,-0.6678,0.0002,-0.0112,-0.7442,0.015256399999999998,-0.01640296,-0.99974904,0.0,0.0,0.0,0.14709974999999997,0.1569064,9.80665,0.002860372563101019,-0.03011651568874085,-0.9995422803415155,1.733579051714979,-14.111,23.746,-11.059,0.9399719577329282,0.8741612440994418,96.19662381891783,36.9
94974.767484849,-0.6678,0.0003,-0.0112,-0.7442,0.015405239999999999,-0.0162694,-0.99974894,0.0,0.0,0.0,0.1569064,0.14709974999999997,9.79684335,0.00214003126061078,-0.03136564170349183,-0.999505661133633,1.8015938521569344,-14.111,23.746,-11.059,0.9323197489381487,0.8826901502805945,96.1966376752456,36.9
94974.807483171,-0.6678,0.0003,-0.0112,-0.7442,0.015405239999999999,-0.0162694,-0.99974894,0.0,0.0,0.0,0.1569064,0.1569064,9.80665,0.003117056535640445,-0.03124323219607404,-0.9995069255305253,1.7992879915619133,-14.111,23.746,-11.059,0.9323197489381487,0.8826901502805945,96.1966376752456,36.9
94974.857361211,-0.6678,0.0003,-0.0112,-0.7442,0.015405239999999999,-0.0162694,-0.99974894,0.0,0.0,0.0,0.14709974999999997,0.1569064,9.80665,0.0030092126113728454,-0.030250008387606466,-0.9995378118560572,1.7420208786760714,-14.111,23.746,-11.059,0.9323197489381487,0.8826901502805945,96.1966376752456,36.9
94974.897379766,-0.6678,0.0003,-0.0112,-0.7442,0.015405239999999999,-0.0162694,-0.99974894,0.0,0.0,0.0,0.1569064,0.1569064,9.80665,0.003117056535640445,-0.03124323219607404,-0.9995069255305253,1.7992879915619133,-14.111,23.746,-11.059,0.9323197489381487,0.8826901502805945,96.1966376752456,36.9
94974.937409918,-0.6678,0.0003,-0.0112,-0.7442,0.015405239999999999,-0.0162694,-0.99974894,0.0,0.0,0.0,0.1569064,0.16671305,9.79684335,0.004129329954906585,-0.03114914488593511,-0.9995061923480414,1.8006248178254334,-14.111,23.746,-11.059,0.9323197489381487,0.8826901502805945,96.1966376752456,36.9
94974.987340468,-0.6678,0.0003,-0.0112,-0.7442,0.015405239999999999,-0.0162694,-0.99974894,0.0,0.0,0.0,0.14709974999999997,0.16671305,9.80665,0.00400286787511484,-0.030141869714647773,-0.9995375930393375,1.7424327428762185,-14.111,23.746,-11.059,0.9323197489381487,0.8826901502805945,96.1966376752456,36.9
94975.027320482,-0.6678,0.0003,-0.0112,-0.7442,0.015405239999999999,-0.0162694,-0.99974894,0.0,0.0,0.0,0.14709974999999997,0.1569064,9.7870367,0.003044315734836059,-0.030276398732096338,-0.9995369064399966,1.7437263737492235,-14.111,23.746,-11.059,0.9323197489381487,0.8826901502805945,96.1966376752456,36.9
94975.067385069,-0.6678,0.0003,-0.0112,-0.7442,0.015405239999999999,-0.0162694,-0.99974894,0.0,0.0,0.0,0.14709974999999997,0.1569064,9.77723005,0.003061920081974666,-0.030289633567798076,-0.9995364516441486,1.744582425020174,-14.111,23.746,-11.059,0.9323197489381487,0.8826901502805945,96.1966376752456,36.9
94975.117356572,-0.6678,0.0003,-0.0112,-0.7442,0.015405239999999999,-0.0162694,-0.99974894,0.0,0.0,0.0,0.14709974999999997,0.14709974999999997,9.81645665,0.001999015505771846,-0.030344855997807056,-0.9995374678325428,1.7426694009180423,-14.111,23.746,-11.059,0.9323197489381487,0.8826901502805945,96.1966376752456,36.9
94975.157405959,-0.6678,0.0003,-0.0112,-0.7442,0.015405239999999999,-0.0162694,-0.99974894,0.0,0.0,0.0,0.14709974999999997,0.14709974999999997,9.845876599999999,0.0019496915496872123,-0.030305221502984824,-0.9995387678607253,1.74021857241365,-14.111,23.746,-11.059,0.9323197489381487,0.8826901502805945,96.1966376752456,36.9
94975.207380169,-0.6678,0.0003,-0.0112,-0.7442,0.015405239999999999,-0.0162694,-0.99974894,0.0,0.0,0.0,0.1569064,0.16671305,9.7870367,0.004148002604199888,-0.0311632391012304,-0.9995056756355359,1.801566669554945,-14.111,23.746,-11.059,0.9323197489381487,0.8826901502805945,96.1966376752456,36.9
94975.247369872,-0.6678,0.0003,-0.0112,-0.7442,0.015405239999999999,-0.0162694,-0.99974894,0.0,0.0,0.0,0.1569064,0.14709974999999997,9.80665,0.0021233835476505425,-0.03135135780491511,-0.999506144831061,1.8007122021381659,-14.111,23.746,-11.059,0.9323197489381487,0.8826901502805945,96.1966376752456,36.9
94975.287397815,-0.6678,0.0003,-0.0112,-0.7442,0.015405239999999999,-0.0162694,-0.99974894,0.0,0.0,0.0,0.1569064,0.14709974999999997,9.80665,0.0021233835476505425,-0.03135135780491511,-0.999506144831061,1.8007122021381659,-14.111,23.746,-11.059,0.9323197489381487,0.8826901502805945,96.1966376752456,36.9
94975.337338234,-0.6678,0.0003,-0.0112,-0.7442,0.015405239999999999,-0.0162694,-0.99974894,0.0,0.0,0.0,0.16671305,0.14709974999999997,9.826263299999999,0.002197828620362864,-0.03231407000079478,-0.9994753195102931,1.8560619617481229,-14.111,23.746,-11.059,0.9323197489381487,0.8826901502805945,96.1966376752456,36.9
94975.377347988,-0.6678,0.0003,-0.0112,-0.7442,0.015405239999999999,-0.0162694,-0.99974894,0.0,0.0,0.0,0.1372931,0.16671305,9.81645665,0.0038766504346004604,-0.029136544895454815,-0.9995679037080416,1.684355233565222,-14.111,23.746,-11.059,0.9323197489381487,0.8826901502805945,96.1966376752456,36.9
94975.417321695,-0.6678,0.0003,-0.0112,-0.7442,0.015405239999999999,-0.0162694,-0.99974894,0.0,0.0,0.0,0.1569064,0.1569064,9.81645665,0.003099450184467731,-0.031229085475292538,-0.9995074224411556,1.7983810930628839,-14.111,23.746,-11.059,0.9323197489381487,0.8826901502805945,96.1966376752456,36.9
94975.467302991,-0.6678,0.0003,-0.0112,-0.7442,0.015405239999999999,-0.0162694,-0.99974894,0.0,0.0,0.0,0.1569064,0.14709974999999997,9.79684335,0.00214003126061078,-0.03136564170349183,-0.999505661133633,1.8015938521569344,-14.111,23.746,-11.059,0.9323197489381487,0.8826901502805945,96.1966376752456,36.9
94975.507279908,-0.6678,0.0003,-0.0112,-0.7442,0.015405239999999999,-0.0162694,-0.99974894,0.0,0.0,0.0,0.1569064,0.16671305,9.8851032,0.0039629423139792425,-0.031023553929049815,-0.9995107724787011,1.7922546262652375,-14.111,23.746,-11.059,0.9323197489381487,0.8826901502805945,96.1966376752456,36.9
94975.557329427,-0.6678,0.0003,-0.0112,-0.7442,0.015405239999999999,-0.0162694,-0.99974894,0.0,0.0,0.0,0.14709974999999997,0.16671305,9.80665,0.00400286787511484,-0.030141869714647773,-0.9995375930393375,1.7424327428762185,-14.111,23.746,-11.059,0.9323197489381487,0.8826901502805945,96.1966376752456,36.9
94975.597447834,-0.6678,0.0003,-0.0112,-0.7442,0.015405239999999999,-0.0162694,-0.99974894,0.0,0.0,0.0,0.14709974999999997,0.16671305,9.80665,0.00400286787511484,-0.030141869714647773,-0.9995375930393375,1.7424327428762185,-14.111,23.746,-11.059,0.9323197489381487,0.8826901502805945,96.1966376752456,36.9
94975.647321886,-0.6678,0.0003,-0.0112,-0.7442,0.015405239999999999,-0.0162694,-0.99974894,0.0,0.0,0.0,0.1569064,0.1569064,9.80665,0.003117056535640445,-0.03124323219607404,-0.9995069255305253,1.7992879915619133,-14.111,23.746,-11.059,0.9323197489381487,0.8826901502805945,96.1966376752456,36.9
94975.687498543,-0.6678,0.0003,-0.0112,-0.7442,0.015405239999999999,-0.0162694,-0.99974894,0.0,0.0,0.0,0.14709974999999997,0.1569064,9.80665,0.0030092126113728454,-0.030250008387606466,-0.9995378118560572,1.7420208786760714,-14.111,23.746,-11.059,0.9323197489381487,0.8826901502805945,96.1966376752456,36.9
94975.737330485,-0.6678,0.0003,-0.0112,-0.7442,0.015405239999999999,-0.0162694,-0.99974894,0.0,0.0,0.0,0.14709974999999997,0.1569064,9.826263299999999,0.0029742495471293297,-0.030223723285215442,-0.9995387117419797,1.7403241446212157,-14.111,23.746,-11.059,0.9323197489381487,0.8826901502805945,96.1966376752456,36.9
94975.77740483,-0.6678,0.0003,-0.0112,-0.7442,0.015405239999999999,-0.0162694,-0.99974894,0.0,0.0,0.0,0.14709974999999997,0.16671305,9.81645665,0.003984377072136733,-0.030128822736947673,-0.999538060324805,1.74155209426413,-14.111,23.746,-11.059,0.9323197489381487,0.8826901502805945,96.1966376752456,36.9
94975.817498182,-0.6678,0.0003,-0.0112,-0.7442,0.015405239999999999,-0.0162694,-0.99974894,0.0,0.0,0.0,0.14709974999999997,0.1569064,9.826263299999999,0.0029742495471293297,-0.030223723285215442,-0.9995387117419797,1.7403241446212157,-14.111,23.746,-11.059,0.9323197489381487,0.8826901502805945,96.1966376752456,36.9
94975.867395179,-0.6678,0.0003,-0.0112,-0.7442,0.015405239999999999,-0.0162694,-0.99974894,0.0,0.0,0.0,0.14709974999999997,0.1569064,9.80665,0.0030092126113728454,-0.030250008387606466,-0.9995378118560572,1.7420208786760714,-14.111,23.746,-11.059,0.9323197489381487,0.8826901502805945,96.1966376752456,36.9
94975.907481257,-0.6678,0.0003,-0.0112,-0.7442,0.015405239999999999,-0.0162694,-0.99974894,0.0,0.0,0.0,0.14709974999999997,0.1569064,9.80665,0.0030092126113728454,-0.030250008387606466,-0.9995378118560572,1.7420208786760714,-14.111,23.746,-11.059,0.9323197489381487,0.8826901502805945,96.1966376752456,36.9
94975.947661476,-0.6678,0.0003,-0.0112,-0.7442,0.015405239999999999,-0.0162694,-0.99974894,0.0,0.0,0.0,0.14709974999999997,0.16671305,9.80665,0.00400286787511484,-0.030141869714647773,-0.9995375930393375,1.7424327428762185,-14.111,23.746,-11.059,0.9323197489381487,0.8826901502805945,96.1966376752456,36.9
94975.997339751,-0.6678,0.0003,-0.0112,-0.7442,0.015405239999999999,-0.0162694,-0.99974894,0.0,0.0,0.0,0.1569064,0.14709974999999997,9.81645665,0.0021067690798592543,-0.03133710241683872,-0.9995066270827034,1.7998327575210669,-14.111,23.746,-11.059,0.9323197489381487,0.8826901502805945,96.1966376752456,36.9
94976.037340923,-0.6678,0.0003,-0.0112,-0.7442,0.015405239999999999,-0.0162694,-0.99974894,0.0,0.0,0.0,0.14709974999999997,0.16671305,9.79684335,0.004021395675623268,-0.030154942783498583,-0.9995371243050962,1.7433156749769383,-14.111,23.746,-11.059,0.9323197489381487,0.8826901502805945,96.1966376752456,36.9
94976.087525007,-0.6678,0.0003,-0.0112,-0.7442,0.015405239999999999,-0.0162694,-0.99974894,0.0,0.0,0.0,0.1569064,0.1569064,9.81645665,0.003099450184467731,-0.031229085475292538,-0.9995074224411556,1.7983810930628839,-14.111,23.746,-11.059,0.9323197489381487,0.8826901502805945,96.1966376752456,36.9
94976.127289275,-0.6678,0.0003,-0.0112,-0.7442,0.015405239999999999,-0.0162694,-0.99974894,0.0,0.0,0.0,0.1569064,0.1569064,9.81645665,0.003099450184467731,-0.031229085475292538,-0.9995074224411556,1.7983810930628839,-14.111,23.746,-11.059,0.9323197489381487,0.8826901502805945,96.1966376752456,36.9
94976.167514056,-0.6678,0.0003,-0.0112,-0.7442,0.015405239999999999,-0.0162694,-0.99974894,0.0,0.0,0.0,0.1569064,0.16671305,9.80665,0.0041106946282946,-0.031135078826691927,-0.9995067074819122,1.7996853530233397,-14.111,23.746,-11.059,0.9323197489381487,0.8826901502805945,96.1966376752456,36.9
94976.217303476,-0.6678,0.0003,-0.0112,-0.7442,0.015405239999999999,-0.0162694,-0.99974894,0.0,0.0,0.0,0.1569064,0.16671305,9.80665,0.0041106946282946,-0.031135078826691927,-0.9995067074819122,1.7996853530233397,-14.111,23.746,-11.059,0.9323197489381487,0.8826901502805945,96.1966376752456,36.9
94976.257366161,-0.6678,0.0003,-0.0112,-0.7442,0.015405239999999999,-0.0162694,-0.99974894,0.0,0.0,0.0,0.1569064,0.16671305,9.80665,0.0041106946282946,-0.031135078826691927,-0.9995067074819122,1.7996853530233397,-14.111,23.746,-11.059,0.9323197489381487,0.8826901502805945,96.1966376752456,36.9
94976.297354421,-0.6678,0.0003,-0.0112,-0.7442,0.015405239999999999,-0.0162694,-0.99974894,0.0,0.0,0.0,0.14709974999999997,0.14709974999999997,9.79684335,0.0020320626424557096,-0.030371411114119035,-0.9995365945710428,1.7443137506237665,-14.111,23.746,-11.059,0.9323197489381487,0.8826901502805945,96.1966376752456,36.9
94976.347379592,-0.6678,0.0003,-0.0112,-0.7442,0.015405239999999999,-0.0162694,-0.99974894,0.0,0.0,0.0,0.14709974999999997,0.1569064,9.80665,0.0030092126113728454,-0.030250008387606466,-0.9995378118560572,1.7420208786760714,-14.111,23.746,-11.059,0.9323197489381487,0.8826901502805945,96.1966376752456,36.9
94976.387320161,-0.6678,0.0003,-0.0112,-0.7442,0.015405239999999999,-0.0162694,-0.99974894,0.0,0.0,0.0,0.14709974999999997,0.16671305,9.80665,0.00400286787511484,-0.030141869714647773,-0.9995375930393375,1.7424327428762185,-14.111,23.746,-11.059,0.9323197489381487,0.8826901502805945,96.1966376752456,36.9
94976.42756111,-0.6678,0.0003,-0.0112,-0.7442,0.015405239999999999,-0.0162694,-0.99974894,0.0,0.0,0.0,0.1372931,0.14709974999999997,9.80665,0.001907656320599983,-0.02936482265527547,-0.999566920944011,1.6862704283863874,-14.111,23.746,-11.059,0.9323197489381487,0.8826901502805945,96.1966376752456,36.9
94976.477386935,-0.6678,0.0003,-0.0112,-0.7442,0.015405239999999999,-0.0162694,-0.99974894,0.0,0.0,0.0,0.14709974999999997,0.1569064,9.80665,0.0030092126113728454,-0.030250008387606466,-0.9995378118560572,1.7420208786760714,-14.111,23.746,-11.059,0.9323197489381487,0.8826901502805945,96.1966376752456,36.9
94976.527304279,-0.6678,0.0003,-0.0112,-0.7442,0.015405239999999999,-0.0162694,-0.99974894,0.0,0.0,0.0,0.14709974999999997,0.1569064,9.80665,0.0030092126113728454,-0.030250008387606466,-0.9995378118560572,1.7420208786760714,-14.111,23.746,-11.059,0.9323197489381487,0.8826901502805945,96.1966376752456,36.9
94976.567361582,-0.6678,0.0003,-0.0112,-0.7442,0.015405239999999999,-0.0162694,-0.99974894,0.0,0.0,0.0,0.1569064,0.1569064,9.80665,0.003117056535640445,-0.03124323219607404,-0.9995069255305253,1.7992879915619133,-14.111,23.746,-11.059,0.9323197489381487,0.8826901502805945,96.1966376752456,36.9
94976.607309793,-0.6678,0.0003,-0.0112,-0.7442,0.015405239999999999,-0.0162694,-0.99974894,0.0,0.0,0.0,0.14709974999999997,0.1569064,9.80665,0.0030092126113728454,-0.030250008387606466,-0.9995378118560572,1.7420208786760714,-14.111,23.746,-11.059,0.9323197489381487,0.8826901502805945,96.1966376752456,36.9
94976.647436578,-0.6678,0.0003,-0.0112,-0.7442,0.015405239999999999,-0.0162694,-0.99974894,0.0,0.0,0.0,0.1569064,0.1569064,9.80665,0.003117056535640445,-0.03124323219607404,-0.9995069255305253,1.7992879915619133,-14.111,23.746,-11.059,0.9323197489381487,0.8826901502805945,96.1966376752456,36.9
94976.697322338,-0.6678,0.0003,-0.0112,-0.7442,0.015405239999999999,-0.0162694,-0.99974894,0.0,0.0,0.0,0.14709974999999997,0.1569064,9.81645665,0.002991713624278412,-0.030236852720524808,-0.9995382624874966,1.7411714201768618,-14.111,23.746,-11.059,0.9323197489381487,0.8826901502805945,96.1966376752456,36.9
94976.737317144,-0.6678,0.0003,-0.0112,-0.7442,0.015405239999999999,-0.0162694,-0.99974894,0.0,0.0,0.0,0.1569064,0.1372931,9.79684335,0.0011453323774867335,-0.03147384804418912,-0.9995038943164707,1.804810766306987,-14.111,23.746,-11.059,0.9323197489381487,0.8826901502805945,96.1966376752456,36.9
94976.787342187,-0.6678,0.0003,-0.0112,-0.7442,0.015405239999999999,-0.0162694,-0.99974894,0.0,0.0,0.0,0.1569064,0.1569064,9.80665,0.003117056535640445,-0.03124323219607404,-0.9995069255305253,1.7992879915619133,-14.111,23.746,-11.059,0.9323197489381487,0.8826901502805945,96.1966376752456,36.9
94976.827331979,-0.6678,0.0003,-0.0112,-0.7442,0.015405239999999999,-0.0162694,-0.99974894,0.0,0.0,0.0,0.1569064,0.1569064,9.826263299999999,0.0030818789562052,-0.03121496696117857,-0.9995079178517763,1.7974764767683762,-14.111,23.746,-11.059,0.9323197489381487,0.8826901502805945,96.1966376752456,36.9
94976.867329645,-0.6678,0.0003,-0.0112,-0.7442,0.015405239999999999,-0.0162694,-0.99974894,0.0,0.0,0.0,0.1569064,0.16671305,9.81645665,0.004092096512605829,-0.031121040839236926,-0.9995072210435095,1.7987482672781017,-14.111,23.746,-11.059,0.9323197489381487,0.8826901502805945,96.1966376752456,36.9
94976.917361829,-0.6678,0.0003,-0.0112,-0.7442,0.015405239999999999,-0.0162694,-0.99974894,0.0,0.0,0.0,0.1569064,0.16671305,9.80665,0.0041106946282946,-0.031135078826691927,-0.9995067074819122,1.7996853530233397,-14.111,23.746,-11.059,0.9323197489381487,0.8826901502805945,96.1966376752456,36.9
94976.957300265,-0.6678,0.0003,-0.0112,-0.7442,0.015405239999999999,-0.0162694,-0.99974894,0.0,0.0,0.0,0.14709974999999997,0.1569064,9.79684335,0.0030267466131673436,-0.030263190365134127,-0.9995373598420901,1.7428725274222563,-14.111,23.746,-11.059,0.9323197489381487,0.8826901502805945,96.1966376752456,36.9
94977.007437093,-0.6678,0.0003,-0.0112,-0.7442,0.015405239999999999,-0.0162694,-0.99974894,0.0,0.0,0.0,0.1569064,0.1569064,9.81645665,0.003099450184467731,-0.031229085475292538,-0.9995074224411556,1.7983810930628839,-14.111,23.746,-11.059,0.9323197489381487,0.8826901502805945,96.1966376752456,36.9
94977.047334803,-0.6678,0.0003,-0.0112,-0.7442,0.015405239999999999,-0.0162694,-0.99974894,0.0,0.0,0.0,0.16671305,0.14709974999999997,9.79684335,0.0022479942758770136,-0.032359809024912804,-0.9994737279358036,1.8588750415728583,-14.111,23.746,-11.059,0.9323197489381487,0.8826901502805945,96.1966376752456,36.9
94977.097391788,-0.6678,0.0003,-0.0112,-0.7442,0.015405239999999999,-0.0162694,-0.99974894,0.0,0.0,0.0,0.1569064,0.1569064,9.826263299999999,0.0030818789562052,-0.03121496696117857,-0.9995079178517763,1.7974764767683762,-14.111,23.746,-11.059,0.9323197489381487,0.8826901502805945,96.1966376752456,36.9
94977.137378839,-0.6678,0.0003,-0.0112,-0.7442,0.015405239999999999,-0.0162694,-0.99974894,0.0,0.0,0.0,0.14709974999999997,0.1569064,9.81645665,0.002991713624278412,-0.030236852720524808,-0.9995382624874966,1.7411714201768618,-14.111,23.746,-11.059,0.9323197489381487,0.8826901502805945,96.1966376752456,36.9
94977.177541275,-0.6678,0.0003,-0.0112,-0.7442,0.015405239999999999,-0.0162694,-0.99974894,0.0,0.0,0.0,0.16671305,0.14709974999999997,9.80665,0.0022312389652525463,-0.03234453222310624,-0.999474260033829,1.8579350415615448,-14.111,23.746,-11.059,0.9323197489381487,0.8826901502805945,96.1966376752456,36.9
94977.217353603,-0.6678,0.0003,-0.0112,-0.7442,0.015405239999999999,-0.0162694,-0.99974894,0.0,0.0,0.0,0.1569064,0.1569064,9.80665,0.003117056535640445,-0.03124323219607404,-0.9995069255305253,1.7992879915619133,-14.111,23.746,-11.059,0.9323197489381487,0.8826901502805945,96.1966376752456,36.9
94977.257418012,-0.6678,0.0004,-0.0112,-0.7442,0.015554079999999998,-0.016135840000000002,-0.9997488,0.0,0.0,0.0,0.14709974999999997,0.16671305,9.81645665,0.004133216943531411,-0.030262312558908183,-0.9995334228927137,1.750272430828022,-14.111,23.746,-11.059,0.9246675423389473,0.8912190760224767,96.19665153163507,36.9
94977.29740147,-0.6678,0.0003,-0.0112,-0.7442,0.015405239999999999,-0.0162694,-0.99974894,0.0,0.0,0.0,0.14709974999999997,0.1569064,9.79684335,0.0030267466131673436,-0.030263190365134127,-0.9995373598420901,1.7428725274222563,-14.111,23.746,-11.059,0.9323197489381487,0.8826901502805945,96.1966376752456,36.9
94977.337503248,-0.6678,0.0004,-0.0112,-0.7442,0.015554079999999998,-0.016135840000000002,-0.9997488,0.0,0.0,0.0,0.14709974999999997,0.1569064,9.80665,0.0031580526596446737,-0.030383500446625952,-0.9995333033802152,1.7504970200157928,-14.111,23.746,-11.059,0.9246675423389473,0.8912190760224767,96.19665153163507,36.9
94977.37749715,-0.6678,0.0003,-0.0112,-0.7442,0.015405239999999999,-0.0162694,-0.99974894,0.0,0.0,0.0,0.1569064,0.1569064,9.80665,0.003117056535640445,-0.03124323219607404,-0.9995069255305253,1.7992879915619133,-14.111,23.746,-11.059,0.9323197489381487,0.8826901502805945,96.1966376752456,36.9
94977.417353689,-0.6678,0.0004,-0.0112,-0.7442,0.015554079999999998,-0.016135840000000002,-0.9997488,0.0,0.0,0.0,0.1569064,0.1569064,9.79684335,0.0032835358171119915,-0.03139089485310183,-0.999501765386569,1.8086789317655558,-14.111,23.746,-11.059,0.9246675423389473,0.8912190760224767,96.19665153163507,36.9
94977.44733437,-0.6678,0.0003,-0.0112,-0.7442,0.015405239999999999,-0.0162694,-0.99974894,0.0,0.0,0.0,0.1372931,0.1569064,9.79684335,0.002918788837000424,-0.02926891334708151,-0.9995672926540652,1.6855462883267667,-14.111,23.746,-11.059,0.9323197489381487,0.8826901502805945,96.1966376752456,36.9
94977.497413249,-0.6678,0.0004,-0.0112,-0.7442,0.015554079999999998,-0.016135840000000002,-0.9997488,0.0,0.0,0.0,0.1569064,0.14709974999999997,9.80665,0.0022722213564608934,-0.031484847764439466,-0.9995016210788926,1.8089411239474396,-14.111,23.746,-11.059,0.9246675423389473,0.8912190760224767,96.19665153163507,36.9
94977.537351019,-0.6678,0.0004,-0.0112,-0.7442,0.015554079999999998,-0.016135840000000002,-0.9997488,0.0,0.0,0.0,0.1372931,0.1569064,9.80665,0.0030502046516272564,-0.02939022080049697,-0.9995633405261223,1.693226562292887,-14.111,23.746,-11.059,0.9246675423389473,0.8912190760224767,96.19665153163507,36.9
94977.587368985,-0.6678,0.0003,-0.0112,-0.7442,0.015405239999999999,-0.0162694,-0.99974894,0.0,0.0,0.0,0.14709974999999997,0.1569064,9.80665,0.0030092126113728454,-0.030250008387606466,-0.9995378118560572,1.7420208786760714,-14.111,23.746,-11.059,0.9323197489381487,0.8826901502805945,96.1966376752456,36.9
94977.627557127,-0.6678,0.0004,-0.0112,-0.7442,0.015554079999999998,-0.016135840000000002,-0.9997488,0.0,0.0,0.0,0.1569064,0.14709974999999997,9.80665,0.0022722213564608934,-0.031484847764439466,-0.9995016210788926,1.8089411239474396,-14.111,23.746,-11.059,0.9246675423389473,0.8912190760224767,96.19665153163507,36.9
94977.677336264,-0.6678,0.0004,-0.0112,-0.7442,0.015554079999999998,-0.016135840000000002,-0.9997488,0.0,0.0,0.0,0.1569064,0.17651969999999997,9.81645665,0.005233542305984414,-0.031146451885924,-0.9995011036730789,1.8098786527311161,-14.111,23.746,-11.059,0.9246675423389473,0.8912190760224767,96.19665153163507,36.9
94977.717404477,-0.6678,0.0004,-0.0112,-0.7442,0.015554079999999998,-0.016135840000000002,-0.9997488,0.0,0.0,0.0,0.14709974999999997,0.14709974999999997,9.80665,0.0021643626731716378,-0.030491614558369746,-0.9995326568471886,1.7517094246233162,-14.111,23.746,-11.059,0.9246675423389473,0.8912190760224767,96.19665153163507,36.9
94977.7573385,-0.6678,0.0004,-0.0112,-0.7442,0.015554079999999998,-0.016135840000000002,-0.9997488,0.0,0.0,0.0,0.1569064,0.16671305,9.81645665,0.004240934082823462,-0.03125452636018986,-0.9995024350322289,1.8074626012848856,-14.111,23.746,-11.059,0.9246675423389473,0.8912190760224767,96.19665153163507,36.9
94977.79735019,-0.6678,0.0004,-0.0112,-0.7442,0.015554079999999998,-0.016135840000000002,-0.9997488,0.0,0.0,0.0,0.14709974999999997,0.16671305,9.80665,0.004151707708191838,-0.03027535943219766,-0.9995329511121596,1.7511571227857743,-14.111,23.746,-11.059,0.9246675423389473,0.8912190760224767,96.19665153163507,36.9
94977.837702612,-0.6678,0.0004,-0.0112,-0.7442,0.015554079999999998,-0.016135840000000002,-0.9997488,0.0,0.0,0.0,0.14709974999999997,0.1569064,9.80665,0.0031580526596446737,-0.030383500446625952,-0.9995333033802152,1.7504970200157928,-14.111,23.746,-11.059,0.9246675423389473,0.8912190760224767,96.19665153163507,36.9
94977.877377868,-0.6678,0.0004,-0.0112,-0.7442,0.015554079999999998,-0.016135840000000002,-0.9997488,0.0,0.0,0.0,0.1569064,0.1569064,9.81645665,0.003248287967138377,-0.03136257333304188,-0.9995027697436019,1.8068549601016954,-14.111,23.746,-11.059,0.9246675423389473,0.8912190760224767,96.19665153163507,36.9
94977.917304853,-0.6678,0.0004,-0.0112,-0.7442,0.015554079999999998,-0.016135840000000002,-0.9997488,0.0,0.0,0.0,0.1569064,0.1569064,9.80665,0.0032658942780542533,-0.03137671994758266,-0.999502268322618,1.8077658002113886,-14.111,23.746,-11.059,0.9246675423389473,0.8912190760224767,96.19665153163507,36.9
94977.957430875,-0.6678,0.0004,-0.0112,-0.7442,0.015554079999999998,-0.016135840000000002,-0.9997488,0.0,0.0,0.0,0.1569064,0.14709974999999997,9.80665,0.0022722213564608934,-0.031484847764439466,-0.9995016210788926,1.8089411239474396,-14.111,23.746,-11.059,0.9246675423389473,0.8912190760224767,96.19665153163507,36.9
94977.997367875,-0.6678,0.0004,-0.0112,-0.7442,0.015554079999999998,-0.016135840000000002,-0.9997488,0.0,0.0,0.0,0.1569064,0.16671305,9.81645665,0.004240934082823462,-0.03125452636018986,-0.9995024350322289,1.8074626012848856,-14.111,23.746,-11.059,0.9246675423389473,0.8912190760224767,96.19665153163507,36.9
94978.037353942,-0.6678,0.0004,-0.0112,-0.7442,0.015554079999999998,-0.016135840000000002,-0.9997488,0.0,0.0,0.0,0.1569064,0.1569064,9.80665,0.0032658942780542533,-0.03137671994758266,-0.999502268322618,1.8077658002113886,-14.111,23.746,-11.059,0.9246675423389473,0.8912190760224767,96.19665153163507,36.9
94978.087367029,-0.6678,0.0004,-0.0112,-0.7442,0.015554079999999998,-0.016135840000000002,-0.9997488,0.0,0.0,0.0,0.14709974999999997,0.1569064,9.80665,0.0031580526596446737,-0.030383500446625952,-0.9995333033802152,1.7504970200157928,-14.111,23.746,-11.059,0.9246675423389473,0.8912190760224767,96.19665153163507,36.9
94978.127384337,-0.6678,0.0004,-0.0112,-0.7442,0.015554079999999998,-0.016135840000000002,-0.9997488,0.0,0.0,0.0,0.14709974999999997,0.16671305,9.80665,0.004151707708191838,-0.03027535943219766,-0.9995329511121596,1.7511571227857743,-14.111,23.746,-11.059,0.9246675423389473,0.8912190760224767,96.19665153163507,36.9
94978.177357012,-0.6678,0.0004,-0.0112,-0.7442,0.015554079999999998,-0.016135840000000002,-0.9997488,0.0,0.0,0.0,0.1569064,0.1569064,9.79684335,0.0032835358171119915,-0.03139089485310183,-0.999501765386569,1.8086789317655558,-14.111,23.746,-11.059,0.9246675423389473,0.8912190760224767,96.19665153163507,36.9
94978.217392844,-0.6678,0.0004,-0.0112,-0.7442,0.015554079999999998,-0.016135840000000002,-0.9997488,0.0,0.0,0.0,0.16671305,0.1569064,9.80665,0.0033737291840234673,-0.032369876330205445,-0.9994702355391628,1.8650327848970538,-14.111,23.746,-11.059,0.9246675423389473,0.8912190760224767,96.19665153163507,36.9
94978.257441966,-0.6678,0.0004,-0.0112,-0.7442,0.015554079999999998,-0.016135840000000002,-0.9997488,0.0,0.0,0.0,0.14709974999999997,0.1569064,9.80665,0.0031580526596446737,-0.030383500446625952,-0.9995333033802152,1.7504970200157928,-14.111,23.746,-11.059,0.9246675423389473,0.8912190760224767,96.19665153163507,36.9
94978.297324907,-0.6678,0.0004,-0.0112,-0.7442,0.015554079999999998,-0.016135840000000002,-0.9997488,0.0,0.0,0.0,0.14709974999999997,0.1569064,9.80665,0.0031580526596446737,-0.030383500446625952,-0.9995333033802152,1.7504970200157928,-14.111,23.746,-11.059,0.9246675423389473,0.8912190760224767,96.19665153163507,36.9
94978.34737894,-0.6678,0.0004,-0.0112,-0.7442,0.015554079999999998,-0.016135840000000002,-0.9997488,0.0,0.0,0.0,0.14709974999999997,0.1569064,9.80665,0.0031580526596446737,-0.030383500446625952,-0.9995333033802152,1.7504970200157928,-14.111,23.746,-11.059,0.9246675423389473,0.8912190760224767,96.19665153163507,36.9
94978.38737575,-0.6678,0.0004,-0.0112,-0.7442,0.015554079999999998,-0.016135840000000002,-0.9997488,0.0,0.0,0.0,0.14709974999999997,0.1569064,9.81645665,0.003140553708205136,-0.03037034487942261,-0.9995337583736377,1.7496434905408769,-14.111,23.746,-11.059,0.9246675423389473,0.8912190760224767,96.19665153163507,36.9
94978.42737861,-0.6678,0.0004,-0.0112,-0.7442,0.015554079999999998,-0.016135840000000002,-0.9997488,0.0,0.0,0.0,0.1569064,0.14709974999999997,9.80665,0.0022722213564608934,-0.031484847764439466,-0.9995016210788926,1.8089411239474396,-14.111,23.746,-11.059,0.9246675423389473,0.8912190760224767,96.19665153163507,36.9
94978.467454971,-0.6678,0.0004,-0.0112,-0.7442,0.015554079999999998,-0.016135840000000002,-0.9997488,0.0,0.0,0.0,0.16671305,0.1569064,9.79684335,0.0033914782615956495,-0.03238504409149949,-0.9994696840568589,1.8660033132790819,-14.111,23.746,-11.059,0.9246675423389473,0.8912190760224767,96.19665153163507,36.9
94978.507375047,-0.6678,0.0004,-0.0112,-0.7442,0.015554079999999998,-0.016135840000000002,-0.9997488,0.0,0.0,0.0,0.1569064,0.14709974999999997,9.80665,0.0022722213564608934,-0.031484847764439466,-0.9995016210788926,1.8089411239474396,-14.111,23.746,-11.059,0.9246675423389473,0.8912190760224767,96.19665153163507,36.9
94978.547390588,-0.6678,0.0004,-0.0112,-0.7442,0.015554079999999998,-0.016135840000000002,-0.9997488,0.0,0.0,0.0,0.1569064,0.1569064,9.80665,0.0032658942780542533,-0.03137671994758266,-0.999502268322618,1.8077658002113886,-14.111,23.746,-11.059,0.9246675423389473,0.8912190760224767,96.19665153163507,36.9
94978.587404358,-0.6678,0.0004,-0.0112,-0.7442,0.015554079999999998,-0.016135840000000002,-0.9997488,0.0,0.0,0.0,0.1569064,0.14709974999999997,9.81645665,0.002255606926560653,-0.031470592478337785,-0.9995021077077719,1.8080577323705624,-14.111,23.746,-11.059,0.9246675423389473,0.8912190760224767,96.19665153163507,36.9
94978.63735207,-0.6678,0.0004,-0.0112,-0.7442,0.015554079999999998,-0.016135840000000002,-0.9997488,0.0,0.0,0.0,0.1569064,0.16671305,9.81645665,0.004240934082823462,-0.03125452636018986,-0.9995024350322289,1.8074626012848856,-14.111,23.746,-11.059,0.9246675423389473,0.8912190760224767,96.19665153163507,36.9
94978.677419535,-0.6678,0.0004,-0.0112,-0.7442,0.015554079999999998,-0.016135840000000002,-0.9997488,0.0,0.0,0.0,0.1569064,0.16671305,9.81645665,0.004240934082823462,-0.03125452636018986,-0.9995024350322289,1.8074626012848856,-14.111,23.746,-11.059,0.9246675423389473,0.8912190760224767,96.19665153163507,36.9
94978.717418555,-0.6678,0.0004,-0.0112,-0.7442,0.015554079999999998,-0.016135840000000002,-0.9997488,0.0,0.0,0.0,0.16671305,0.1569064,9.81645665,0.003356015548011522,-0.032354738840033107,-0.9994707853766285,1.8640646482428,-14.111,23.746,-11.059,0.9246675423389473,0.8912190760224767,96.19665153163507,36.9
94978.767309052,-0.6678,0.0004,-0.0112,-0.7442,0.015554079999999998,-0.016135840000000002,-0.9997488,0.0,0.0,0.0,0.16671305,0.1569064,9.80665,0.0033737291840234673,-0.032369876330205445,-0.9994702355391628,1.8650327848970538,-14.111,23.746,-11.059,0.9246675423389473,0.8912190760224767,96.19665153163507,36.9
94978.797359084,-0.6678,0.0004,-0.0112,-0.7442,0.015554079999999998,-0.016135840000000002,-0.9997488,0.0,0.0,0.0,0.1569064,0.1569064,9.79684335,0.0032835358171119915,-0.03139089485310183,-0.999501765386569,1.8086789317655558,-14.111,23.746,-11.059,0.9246675423389473,0.8912190760224767,96.19665153163507,36.9
94978.847391469,-0.6678,0.0004,-0.0112,-0.7442,0.015554079999999998,-0.016135840000000002,-0.9997488,0.0,0.0,0.0,0.1569064,0.1569064,9.79684335,0.0032835358171119915,-0.03139089485310183,-0.999501765386569,1.8086789317655558,-14.111,23.746,-11.059,0.9246675423389473,0.8912190760224767,96.19665153163507,36.9
94978.887384439,-0.6678,0.0004,-0.0112,-0.7442,0.015554079999999998,-0.016135840000000002,-0.9997488,0.0,0.0,0.0,0.1569064,0.14709974999999997,9.80665,0.0022722213564608934,-0.031484847764439466,-0.9995016210788926,1.8089411239474396,-14.111,23.746,-11.059,0.9246675423389473,0.8912190760224767,96.19665153163507,36.9
94978.927368978,-0.6678,0.0004,-0.0112,-0.7442,0.015554079999999998,-0.016135840000000002,-0.9997488,0.0,0.0,0.0,0.1569064,0.14709974999999997,9.81645665,0.002255606926560653,-0.031470592478337785,-0.9995021077077719,1.8080577323705624,-14.111,23.746,-11.059,0.9246675423389473,0.8912190760224767,96.19665153163507,36.9
94978.977453727,-0.6678,0.0004,-0.0112,-0.7442,0.015554079999999998,-0.016135840000000002,-0.9997488,0.0,0.0,0.0,0.1569064,0.16671305,9.79684335,0.004278167439118687,-0.031282630185048656,-0.9995013970405847,1.80934698495293,-14.111,23.746,-11.059,0.9246675423389473,0.8912190760224767,96.19665153163507,36.9
94979.017368797,-0.6678,0.0004,-0.0112,-0.7442,0.015554079999999998,-0.016135840000000002,-0.9997488,0.0,0.0,0.0,0.16671305,0.1569064,9.79684335,0.0033914782615956495,-0.03238504409149949,-0.9994696840568589,1.8660033132790819,-14.111,23.746,-11.059,0.9246675423389473,0.8912190760224767,96.19665153163507,36.9
94979.067410441,-0.6678,0.0004,-0.0112,-0.7442,0.015554079999999998,-0.016135840000000002,-0.9997488,0.0,0.0,0.0,0.14709974999999997,0.1569064,9.80665,0.0031580526596446737,-0.030383500446625952,-0.9995333033802152,1.7504970200157928,-14.111,23.746,-11.059,0.9246675423389473,0.8912190760224767,96.19665153163507,36.9
94979.107435143,-0.6678,0.0004,-0.0112,-0.7442,0.015554079999999998,-0.016135840000000002,-0.9997488,0.0,0.0,0.0,0.14709974999999997,0.16671305,9.80665,0.004151707708191838,-0.03027535943219766,-0.9995329511121596,1.7511571227857743,-14.111,23.746,-11.059,0.9246675423389473,0.8912190760224767,96.19665153163507,36.9
94979.147404696,-0.6678,0.0004,-0.0112,-0.7442,0.015554079999999998,-0.016135840000000002,-0.9997488,0.0,0.0,0.0,0.1569064,0.1569064,9.80665,0.0032658942780542533,-0.03137671994758266,-0.999502268322618,1.8077658002113886,-14.111,23.746,-11.059,0.9246675423389473,0.8912190760224767,96.19665153163507,36.9
94979.187423018,-0.6678,0.0004,-0.0112,-0.7442,0.015554079999999998,-0.016135840000000002,-0.9997488,0.0,0.0,0.0,0.14709974999999997,0.1569064,9.81645665,0.003140553708205136,-0.03037034487942261,-0.9995337583736377,1.7496434905408769,-14.111,23.746,-11.059,0.9246675423389473,0.8912190760224767,96.19665153163507,36.9
94979.227509907,-0.6678,0.0004,-0.0112,-0.7442,0.015554079999999998,-0.016135840000000002,-0.9997488,0.0,0.0,0.0,0.14709974999999997,0.14709974999999997,9.80665,0.0021643626731716378,-0.030491614558369746,-0.9995326568471886,1.7517094246233162,-14.111,23.746,-11.059,0.9246675423389473,0.8912190760224767,96.19665153163507,36.9
94979.267364415,-0.6678,0.0004,-0.0112,-0.7442,0.015554079999999998,-0.016135840000000002,-0.9997488,0.0,0.0,0.0,0.1569064,0.1569064,9.80665,0.0032658942780542533,-0.03137671994758266,-0.999502268322618,1.8077658002113886,-14.111,23.746,-11.059,0.9246675423389473,0.8912190760224767,96.19665153163507,36.9
94979.29732957,-0.6678,0.0004,-0.0112,-0.7442,0.015554079999999998,-0.016135840000000002,-0.9997488,0.0,0.0,0.0,0.14709974999999997,0.1569064,9.81645665,0.003140553708205136,-0.03037034487942261,-0.9995337583736377,1.7496434905408769,-14.111,23.746,-11.059,0.9246675423389473,0.8912190760224767,96.19665153163507,36.9
94979.337401628,-0.6678,0.0004,-0.0112,-0.7442,0.015554079999999998,-0.016135840000000002,-0.9997488,0.0,0.0,0.0,0.1569064,0.16671305,9.80665,0.00425953215559296,-0.03126856423687237,-0.9995019168271878,1.8084036029265462,-14.111,23.746,-11.059,0.9246675423389473,0.8912190760224767,96.19665153163507,36.9
94979.377427707,-0.6678,0.0004,-0.0112,-0.7442,0.015554079999999998,-0.016135840000000002,-0.9997488,0.0,0.0,0.0,0.14709974999999997,0.1569064,9.80665,0.0031580526596446737,-0.030383500446625952,-0.9995333033802152,1.7504970200157928,-14.111,23.746,-11.059,0.9246675423389473,0.8912190760224767,96.19665153163507,36.9
94979.417369238,-0.6678,0.0004,-0.0112,-0.7442,0.015554079999999998,-0.016135840000000002,-0.9997488,0.0,0.0,0.0,0.1569064,0.14709974999999997,9.79684335,0.0022888690313826697,-0.0314991315607732,-0.9995011329954708,1.8098267229406542,-14.111,23.746,-11.059,0.9246675423389473,0.8912190760224767,96.19665153163507,36.9
94979.457452431,-0.6678,0.0004,-0.0112,-0.7442,0.015554079999999998,-0.016135840000000002,-0.9997488,0.0,0.0,0.0,0.1569064,0.1569064,9.80665,0.0032658942780542533,-0.03137671994758266,-0.999502268322618,1.8077658002113886,-14.111,23.746,-11.059,0.9246675423389473,0.8912190760224767,96.19665153163507,36.9
94979.497398752,-0.6678,0.0004,-0.0112,-0.7442,0.015554079999999998,-0.016135840000000002,-0.9997488,0.0,0.0,0.0,0.14709974999999997,0.1569064,9.81645665,0.003140553708205136,-0.03037034487942261,-0.9995337583736377,1.7496434905408769,-14.111,23.746,-11.059,0.9246675423389473,0.8912190760224767,96.19665153163507,36.9
94979.537377185,-0.6678,0.0004,-0.0112,-0.7442,0.015554079999999998,-0.016135840000000002,-0.9997488,0.0,0.0,0.0,0.1569064,0.16671305,9.80665,0.00425953215559296,-0.03126856423687237,-0.9995019168271878,1.8084036029265462,-14.111,23.746,-11.059,0.9246675423389473,0.8912190760224767,96.19665153163507,36.9
94979.567383156,-0.6678,0.0004,-0.0112,-0.7442,0.015554079999999998,-0.016135840000000002,-0.9997488,0.0,0.0,0.0,0.16671305,0.16671305,9.79684335,0.004386091665987975,-0.032276764794000455,-0.9994693165199632,1.8666494348067515,-14.111,23.746,-11.059,0.9246675423389473,0.8912190760224767,96.19665153163507,36.9
94979.607359234,-0.6678,0.0004,-0.0112,-0.7442,0.015554079999999998,-0.016135840000000002,-0.9997488,0.0,0.0,0.0,0.14709974999999997,0.16671305,9.79684335,0.0041702354702294105,-0.030288432396360303,-0.9995324778738393,1.7520440996389266,-14.111,23.746,-11.059,0.9246675423389473,0.8912190760224767,96.19665153163507,36.9
94979.647363506,-0.6678,0.0004,-0.0112,-0.7442,0.015554079999999998,-0.016135840000000002,-0.9997488,0.0,0.0,0.0,0.1569064,0.14709974999999997,9.80665,0.0022722213564608934,-0.031484847764439466,-0.9995016210788926,1.8089411239474396,-14.111,23.746,-11.059,0.9246675423389473,0.8912190760224767,96.19665153163507,36.9
94979.687390175,-0.6678,0.0004,-0.0112,-0.7442,0.015554079999999998,-0.016135840000000002,-0.9997488,0.0,0.0,0.0,0.14709974999999997,0.1569064,9.79684335,0.0031755866256413315,-0.030396682324011215,-0.9995328469955387,1.7513527415386554,-14.111,23.746,-11.059,0.9246675423389473,0.8912190760224767,96.19665153163507,36.9
94979.727441021,-0.6678,0.0004,-0.0112,-0.7442,0.015554079999999998,-0.016135840000000002,-0.9997488,0.0,0.0,0.0,0.1569064,0.1569064,9.81645665,0.003248287967138377,-0.03136257333304188,-0.9995027697436019,1.8068549601016954,-14.111,23.746,-11.059,0.9246675423389473,0.8912190760224767,96.19665153163507,36.9
94979.767401099,-0.6678,0.0004,-0.0112,-0.7442,0.015554079999999998,-0.016135840000000002,-0.9997488,0.0,0.0,0.0,0.1569064,0.1569064,9.81645665,0.003248287967138377,-0.03136257333304188,-0.9995027697436019,1.8068549601016954,-14.111,23.746,-11.059,0.9246675423389473,0.8912190760224767,96.19665153163507,36.9
94979.807374602,-0.6678,0.0004,-0.0112,-0.7442,0.015554079999999998,-0.016135840000000002,-0.9997488,0.0,0.0,0.0,0.14709974999999997,0.1569064,9.80665,0.0031580526596446737,-0.030383500446625952,-0.9995333033802152,1.7504970200157928,-14.111,23.746,-11.059,0.9246675423389473,0.8912190760224767,96.19665153163507,36.9
94979.847362109,-0.6678,0.0004,-0.0112,-0.7442,0.015554079999999998,-0.016135840000000002,-0.9997488,0.0,0.0,0.0,0.1569064,0.1569064,9.80665,0.0032658942780542533,-0.03137671994758266,-0.999502268322618,1.8077658002113886,-14.111,23.746,-11.059,0.9246675423389473,0.8912190760224767,96.19665153163507,36.9
94979.887339643,-0.6678,0.0004,-0.0112,-0.7442,0.015554079999999998,-0.016135840000000002,-0.9997488,0.0,0.0,0.0,0.1569064,0.1569064,9.81645665,0.003248287967138377,-0.03136257333304188,-0.9995027697436019,1.8068549601016954,-14.111,23.746,-11.059,0.9246675423389473,0.8912190760224767,96.19665153163507,36.9
94979.927382159,-0.6678,0.0004,-0.0112,-0.7442,0.015554079999999998,-0.016135840000000002,-0.9997488,0.0,0.0,0.0,0.14709974999999997,0.14709974999999997,9.79684335,0.0021809027237741745,-0.030504905285424006,-0.9995322153179969,1.752536728880268,-14.111,23.746,-11.059,0.9246675423389473,0.8912190760224767,96.19665153163507,36.9
94979.957529584,-0.6678,0.0004,-0.0112,-0.7442,0.015554079999999998,-0.016135840000000002,-0.9997488,0.0,0.0,0.0,0.1569064,0.1569064,9.81645665,0.003248287967138377,-0.03136257333304188,-0.9995027697436019,1.8068549601016954,-14.111,23.746,-11.059,0.9246675423389473,0.8912190760224767,96.19665153163507,36.9
94979.997552867,-0.6678,0.0004,-0.0112,-0.7442,0.015554079999999998,-0.016135840000000002,-0.9997488,0.0,0.0,0.0,0.1569064,0.1569064,9.81645665,0.003248287967138377,-0.03136257333304188,-0.9995027697436019,1.8068549601016954,-14.111,23.746,-11.059,0.9246675423389473,0.8912190760224767,96.19665153163507,36.9
94980.037393863,-0.6678,0.0004,-0.0112,-0.7442,0.015554079999999998,-0.016135840000000002,-0.9997488,0.0,0.0,0.0,0.1569064,0.14709974999999997,9.81645665,0.002255606926560653,-0.031470592478337785,-0.9995021077077719,1.8080577323705624,-14.111,23.746,-11.059,0.9246675423389473,0.8912190760224767,96.19665153163507,36.9
94980.077537528,-0.6678,0.0004,-0.0112,-0.7442,0.015554079999999998,-0.016135840000000002,-0.9997488,0.0,0.0,0.0,0.1372931,0.1569064,9.80665,0.0030502046516272564,-0.02939022080049697,-0.9995633405261223,1.693226562292887,-14.111,23.746,-11.059,0.9246675423389473,0.8912190760224767,96.19665153163507,36.9
94980.117380827,-0.6678,0.0004,-0.0112,-0.7442,0.015554079999999998,-0.016135840000000002,-0.9997488,0.0,0.0,0.0,0.16671305,0.1569064,9.79684335,0.0033914782615956495,-0.03238504409149949,-0.9994696840568589,1.8660033132790819,-14.111,23.746,-11.059,0.9246675423389473,0.8912190760224767,96.19665153163507,36.9
94980.15742016,-0.6678,0.0004,-0.0112,-0.7442,0.015554079999999998,-0.016135840000000002,-0.9997488,0.0,0.0,0.0,0.14709974999999997,0.1569064,9.81645665,0.003140553708205136,-0.03037034487942261,-0.9995337583736377,1.7496434905408769,-14.111,23.746,-11.059,0.9246675423389473,0.8912190760224767,96.19665153163507,36.9
94980.197374036,-0.6678,0.0004,-0.0112,-0.7442,0.015554079999999998,-0.016135840000000002,-0.9997488,0.0,0.0,0.0,0.14709974999999997,0.14709974999999997,9.80665,0.0021643626731716378,-0.030491614558369746,-0.9995326568471886,1.7517094246233162,-14.111,23.746,-11.059,0.9246675423389473,0.8912190760224767,96.19665153163507,36.9
94980.237363417,-0.6678,0.0004,-0.0112,-0.7442,0.015554079999999998,-0.016135840000000002,-0.9997488,0.0,0.0,0.0,0.14709974999999997,0.1569064,9.80665,0.0031580526596446737,-0.030383500446625952,-0.9995333033802152,1.7504970200157928,-14.111,23.746,-11.059,0.9246675423389473,0.8912190760224767,96.19665153163507,36.9
94980.277430646,-0.6678,0.0004,-0.0112,-0.7442,0.015554079999999998,-0.016135840000000002,-0.9997488,0.0,0.0,0.0,0.14709974999999997,0.1569064,9.80665,0.0031580526596446737,-0.030383500446625952,-0.9995333033802152,1.7504970200157928,-14.111,23.746,-11.059,0.9246675423389473,0.8912190760224767,96.19665153163507,36.9
94980.317386455,-0.6678,0.0004,-0.0112,-0.7442,0.015554079999999998,-0.016135840000000002,-0.9997488,0.0,0.0,0.0,0.14709974999999997,0.1569064,9.80665,0.0031580526596446737,-0.030383500446625952,-0.9995333033802152,1.7504970200157928,-14.111,23.746,-11.059,0.9246675423389473,0.8912190760224767,96.19665153163507,36.9
94980.347374833,-0.6678,0.0004,-0.0112,-0.7442,0.015554079999999998,-0.016135840000000002,-0.9997488,0.0,0.0,0.0,0.14709974999999997,0.1569064,9.80665,0.0031580526596446737,-0.030383500446625952,-0.9995333033802152,1.7504970200157928,-14.111,23.746,-11.059,0.9246675423389473,0.8912190760224767,96.19665153163507,36.9
94980.387367636,-0.6678,0.0004,-0.0112,-0.7442,0.015554079999999998,-0.016135840000000002,-0.9997488,0.0,0.0,0.0,0.14709974999999997,0.1569064,9.79684335,0.0031755866256413315,-0.030396682324011215,-0.9995328469955387,1.7513527415386554,-14.111,23.746,-11.059,0.9246675423389473,0.8912190760224767,96.19665153163507,36.9
94980.427520416,-0.6678,0.0003,-0.0112,-0.7442,0.015405239999999999,-0.0162694,-0.99974894,0.0,0.0,0.0,0.1569064,0.16671305,9.826263299999999,0.004073535496527806,-0.031107030839641933,-0.9995077330391623,1.797813552751285,-14.111,23.746,-11.059,0.9323197489381487,0.8826901502805945,96.1966376752456,36.9
94980.467363097,-0.6678,0.0003,-0.0112,-0.7442,0.015405239999999999,-0.0162694,-0.99974894,0.0,0.0,0.0,0.1569064,0.1569064,9.826263299999999,0.0030818789562052,-0.03121496696117857,-0.9995079178517763,1.7974764767683762,-14.111,23.746,-11.059,0.9323197489381487,0.8826901502805945,96.1966376752456,36.9
94980.507368371,-0.6678,0.0003,-0.0112,-0.7442,0.015405239999999999,-0.0162694,-0.99974894,0.0,0.0,0.0,0.1569064,0.1569064,9.80665,0.003117056535640445,-0.03124323219607404,-0.9995069255305253,1.7992879915619133,-14.111,23.746,-11.059,0.9323197489381487,0.8826901502805945,96.1966376752456,36.9
94980.547286451,-0.6678,0.0003,-0.0112,-0.7442,0.015405239999999999,-0.0162694,-0.99974894,0.0,0.0,0.0,0.14709974999999997,0.17651969999999997,9.80665,0.00499648537295668,-0.03003370459930057,-0.9995363755122463,1.7447245980742951,-14.111,23.746,-11.059,0.9323197489381487,0.8826901502805945,96.1966376752456,36.9
94980.587406439,-0.6678,0.0003,-0.0112,-0.7442,0.015405239999999999,-0.0162694,-0.99974894,0.0,0.0,0.0,0.14709974999999997,0.16671305,9.80665,0.00400286787511484,-0.030141869714647773,-0.9995375930393375,1.7424327428762185,-14.111,23.746,-11.059,0.9323197489381487,0.8826901502805945,96.1966376752456,36.9
94980.627554387,-0.6678,0.0003,-0.0112,-0.7442,0.015405239999999999,-0.0162694,-0.99974894,0.0,0.0,0.0,0.1569064,0.1569064,9.826263299999999,0.0030818789562052,-0.03121496696117857,-0.9995079178517763,1.7974764767683762,-14.111,23.746,-11.059,0.9323197489381487,0.8826901502805945,96.1966376752456,36.9
94980.657470746,-0.6678,0.0003,-0.0112,-0.7442,0.015405239999999999,-0.0162694,-0.99974894,0.0,0.0,0.0,0.1569064,0.1569064,9.79684335,0.0031346981151117795,-0.03125740720811485,-0.9995064271138527,1.8001971798192231,-14.111,23.746,-11.059,0.9323197489381487,0.8826901502805945,96.1966376752456,36.9
94980.697551148,-0.6678,0.0003,-0.0112,-0.7442,0.015405239999999999,-0.0162694,-0.99974894,0.0,0.0,0.0,0.16671305,0.1569064,9.81645665,0.0032071802149477996,-0.032221255416411965,-0.9994755866484948,1.8555890952586473,-14.111,23.746,-11.059,0.9323197489381487,0.8826901502805945,96.1966376752456,36.9
94980.737535051,-0.6678,0.0003,-0.0112,-0.7442,0.015405239999999999,-0.0162694,-0.99974894,0.0,0.0,0.0,0.14709974999999997,0.1569064,9.80665,0.0030092126113728454,-0.030250008387606466,-0.9995378118560572,1.7420208786760714,-14.111,23.746,-11.059,0.9323197489381487,0.8826901502805945,96.1966376752456,36.9
94980.777399251,-0.6678,0.0003,-0.0112,-0.7442,0.015405239999999999,-0.0162694,-0.99974894,0.0,0.0,0.0,0.1569064,0.1569064,9.80665,0.003117056535640445,-0.03124323219607404,-0.9995069255305253,1.7992879915619133,-14.111,23.746,-11.059,0.9323197489381487,0.8826901502805945,96.1966376752456,36.9
94980.817372651,-0.6678,0.0003,-0.0112,-0.7442,0.015405239999999999,-0.0162694,-0.99974894,0.0,0.0,0.0,0.14709974999999997,0.17651969999999997,9.80665,0.00499648537295668,-0.03003370459930057,-0.9995363755122463,1.7447245980742951,-14.111,23.746,-11.059,0.9323197489381487,0.8826901502805945,96.1966376752456,36.9
94980.857591274,-0.6678,0.0003,-0.0112,-0.7442,0.015405239999999999,-0.0162694,-0.99974894,0.0,0.0,0.0,0.14709974999999997,0.1569064,9.80665,0.0030092126113728454,-0.030250008387606466,-0.9995378118560572,1.7420208786760714,-14.111,23.746,-11.059,0.9323197489381487,0.8826901502805945,96.1966376752456,36.9
94980.897371106,-0.6678,0.0003,-0.0112,-0.7442,0.015405239999999999,-0.0162694,-0.99974894,0.0,0.0,0.0,0.16671305,0.1569064,9.81645665,0.0032071802149477996,-0.032221255416411965,-0.9994755866484948,1.8555890952586473,-14.111,23.746,-11.059,0.9323197489381487,0.8826901502805945,96.1966376752456,36.9
94981.017423756,-0.6678,0.0003,-0.0112,-0.7442,0.015405239999999999,-0.0162694,-0.99974894,0.0,0.0,0.0,0.1569064,0.1569064,9.80665,0.003117056535640445,-0.03124323219607404,-0.9995069255305253,1.7992879915619133,-14.111,23.746,-11.059,0.9323197489381487,0.8826901502805945,96.1966376752456,36.9
94981.057431487,-0.6678,0.0003,-0.0112,-0.7442,0.015405239999999999,-0.0162694,-0.99974894,0.0,0.0,0.0,0.1569064,0.1569064,9.80665,0.003117056535640445,-0.03124323219607404,-0.9995069255305253,1.7992879915619133,-14.111,23.746,-11.059,0.9323197489381487,0.8826901502805945,96.1966376752456,36.9
94981.097527056,-0.6678,0.0003,-0.0112,-0.7442,0.015405239999999999,-0.0162694,-0.99974894,0.0,0.0,0.0,0.16671305,0.1569064,9.80665,0.0032248938961149543,-0.03223639301945299,-0.9994750414697251,1.8565534116986957,-14.111,23.746,-11.059,0.9323197489381487,0.8826901502805945,96.1966376752456,36.9
94981.137445426,-0.6678,0.0003,-0.0112,-0.7442,0.015405239999999999,-0.0162694,-0.99974894,0.0,0.0,0.0,0.1569064,0.16671305,9.80665,0.0041106946282946,-0.031135078826691927,-0.9995067074819122,1.7996853530233397,-14.111,23.746,-11.059,0.9323197489381487,0.8826901502805945,96.1966376752456,36.9
94981.16745177,-0.6678,0.0003,-0.0112,-0.7442,0.015405239999999999,-0.0162694,-0.99974894,0.0,0.0,0.0,0.1372931,0.14709974999999997,9.80665,0.001907656320599983,-0.02936482265527547,-0.999566920944011,1.6862704283863874,-14.111,23.746,-11.059,0.9323197489381487,0.8826901502805945,96.1966376752456,36.9
94981.217358184,-0.6678,0.0003,-0.0112,-0.7442,0.015405239999999999,-0.0162694,-0.99974894,0.0,0.0,0.0,0.14709974999999997,0.1569064,9.79684335,0.0030267466131673436,-0.030263190365134127,-0.9995373598420901,1.7428725274222563,-14.111,23.746,-11.059,0.9323197489381487,0.8826901502805945,96.1966376752456,36.9
94981.257360212,-0.6678,0.0003,-0.0112,-0.7442,0.015405239999999999,-0.0162694,-0.99974894,0.0,0.0,0.0,0.14709974999999997,0.14709974999999997,9.79684335,0.0020320626424557096,-0.030371411114119035,-0.9995365945710428,1.7443137506237665,-14.111,23.746,-11.059,0.9323197489381487,0.8826901502805945,96.1966376752456,36.9
94981.287376425,-0.6678,0.0003,-0.0112,-0.7442,0.015405239999999999,-0.0162694,-0.99974894,0.0,0.0,0.0,0.1569064,0.1569064,9.79684335,0.0031346981151117795,-0.03125740720811485,-0.9995064271138527,1.8001971798192231,-14.111,23.746,-11.059,0.9323197489381487,0.8826901502805945,96.1966376752456,36.9
94981.327399664,-0.6678,0.0003,-0.0112,-0.7442,0.015405239999999999,-0.0162694,-0.99974894,0.0,0.0,0.0,0.14709974999999997,0.14709974999999997,9.81645665,0.001999015505771846,-0.030344855997807056,-0.9995374678325428,1.7426694009180423,-14.111,23.746,-11.059,0.9323197489381487,0.8826901502805945,96.1966376752456,36.9
94981.43738645,-0.6678,0.0003,-0.0112,-0.7442,0.015405239999999999,-0.0162694,-0.99974894,0.0,0.0,0.0,0.14709974999999997,0.1569064,9.80665,0.0030092126113728454,-0.030250008387606466,-0.9995378118560572,1.7420208786760714,-14.111,23.746,-11.059,0.9323197489381487,0.8826901502805945,96.1966376752456,36.9
94981.477401372,-0.6678,0.0003,-0.0112,-0.7442,0.015405239999999999,-0.0162694,-0.99974894,0.0,0.0,0.0,0.14709974999999997,0.1569064,9.80665,0.0030092126113728454,-0.030250008387606466,-0.9995378118560572,1.7420208786760714,-14.111,23.746,-11.059,0.9323197489381487,0.8826901502805945,96.1966376752456,36.9
94981.517409088,-0.6678,0.0003,-0.0112,-0.7442,0.015405239999999999,-0.0162694,-0.99974894,0.0,0.0,0.0,0.1372931,0.14709974999999997,9.80665,0.001907656320599983,-0.02936482265527547,-0.999566920944011,1.6862704283863874,-14.111,23.746,-11.059,0.9323197489381487,0.8826901502805945,96.1966376752456,36.9
94981.547596681,-0.6678,0.0003,-0.0112,-0.7442,0.015405239999999999,-0.0162694,-0.99974894,0.0,0.0,0.0,0.14709974999999997,0.1569064,9.80665,0.0030092126113728454,-0.030250008387606466,-0.9995378118560572,1.7420208786760714,-14.111,23.746,-11.059,0.9323197489381487,0.8826901502805945,96.1966376752456,36.9
94981.597404343,-0.6678,0.0003,-0.0112,-0.7442,0.015405239999999999,-0.0162694,-0.99974894,0.0,0.0,0.0,0.14709974999999997,0.14709974999999997,9.80665,0.002015522558430788,-0.03035812029120155,-0.9995370318629208,1.7434905247005947,-14.111,23.746,-11.059,0.9323197489381487,0.8826901502805945,96.1966376752456,36.9
94981.627382398,-0.6678,0.0003,-0.0112,-0.7442,0.015405239999999999,-0.0162694,-0.99974894,0.0,0.0,0.0,0.1569064,0.1569064,9.80665,0.003117056535640445,-0.03124323219607404,-0.9995069255305253,1.7992879915619133,-14.111,23.746,-11.059,0.9323197489381487,0.8826901502805945,96.1966376752456,36.9
94981.667390912,-0.6678,0.0003,-0.0112,-0.7442,0.015405239999999999,-0.0162694,-0.99974894,0.0,0.0,0.0,0.1569064,0.1569064,9.79684335,0.0031346981151117795,-0.03125740720811485,-0.9995064271138527,1.8001971798192231,-14.111,23.746,-11.059,0.9323197489381487,0.8826901502805945,96.1966376752456,36.9
94981.707381618,-0.6678,0.0003,-0.0112,-0.7442,0.015405239999999999,-0.0162694,-0.99974894,0.0,0.0,0.0,0.1569064,0.1569064,9.80665,0.003117056535640445,-0.03124323219607404,-0.9995069255305253,1.7992879915619133,-14.111,23.746,-11.059,0.9323197489381487,0.8826901502805945,96.1966376752456,36.9
94981.747417564,-0.6678,0.0003,-0.0112,-0.7442,0.015405239999999999,-0.0162694,-0.99974894,0.0,0.0,0.0,0.14709974999999997,0.16671305,9.81645665,0.003984377072136733,-0.030128822736947673,-0.999538060324805,1.74155209426413,-14.111,23.746,-11.059,0.9323197489381487,0.8826901502805945,96.1966376752456,36.9
94981.787364041,-0.6678,0.0003,-0.0112,-0.7442,0.015405239999999999,-0.0162694,-0.99974894,0.0,0.0,0.0,0.1569064,0.1569064,9.80665,0.003117056535640445,-0.03124323219607404,-0.9995069255305253,1.7992879915619133,-14.111,23.746,-11.059,0.9323197489381487,0.8826901502805945,96.1966376752456,36.9
94981.82750277,-0.6678,0.0003,-0.0112,-0.7442,0.015405239999999999,-0.0162694,-0.99974894,0.0,0.0,0.0,0.17651969999999997,0.1569064,9.79684335,0.0033505810011440866,-0.03324564844127893,-0.9994415626619141,1.914841217110737,-14.111,23.746,-11.059,0.9323197489381487,0.8826901502805945,96.1966376752456,36.9
94981.867448995,-0.6678,0.0003,-0.0112,-0.7442,0.015405239999999999,-0.0162694,-0.99974894,0.0,0.0,0.0,0.14709974999999997,0.1569064,9.81645665,0.002991713624278412,-0.030236852720524808,-0.9995382624874966,1.7411714201768618,-14.111,23.746,-11.059,0.9323197489381487,0.8826901502805945,96.1966376752456,36.9
94981.89747233,-0.6678,0.0003,-0.0112,-0.7442,0.015405239999999999,-0.0162694,-0.99974894,0.0,0.0,0.0,0.14709974999999997,0.16671305,9.80665,0.00400286787511484,-0.030141869714647773,-0.9995375930393375,1.7424327428762185,-14.111,23.746,-11.059,0.9323197489381487,0.8826901502805945,96.1966376752456,36.9
94981.947412071,-0.6678,0.0003,-0.0112,-0.7442,0.015405239999999999,-0.0162694,-0.99974894,0.0,0.0,0.0,0.14709974999999997,0.1569064,9.79684335,0.0030267466131673436,-0.030263190365134127,-0.9995373598420901,1.7428725274222563,-14.111,23.746,-11.059,0.9323197489381487,0.8826901502805945,96.1966376752456,36.9
94981.977541938,-0.6678,0.0003,-0.0112,-0.7442,0.015405239999999999,-0.0162694,-0.99974894,0.0,0.0,0.0,0.1569064,0.1569064,9.80665,0.003117056535640445,-0.03124323219607404,-0.9995069255305253,1.7992879915619133,-14.111,23.746,-11.059,0.9323197489381487,0.8826901502805945,96.1966376752456,36.9
94982.017497995,-0.6678,0.0003,-0.0112,-0.7442,0.015405239999999999,-0.0162694,-0.99974894,0.0,0.0,0.0,0.1569064,0.1569064,9.81645665,0.003099450184467731,-0.031229085475292538,-0.9995074224411556,1.7983810930628839,-14.111,23.746,-11.059,0.9323197489381487,0.8826901502805945,96.1966376752456,36.9
94982.05739647,-0.6678,0.0003,-0.0112,-0.7442,0.015405239999999999,-0.0162694,-0.99974894,0.0,0.0,0.0,0.1569064,0.16671305,9.81645665,0.004092096512605829,-0.031121040839236926,-0.9995072210435095,1.7987482672781017,-14.111,23.746,-11.059,0.9323197489381487,0.8826901502805945,96.1966376752456,36.9
94982.097432794,-0.6678,0.0003,-0.0112,-0.7442,0.015405239999999999,-0.0162694,-0.99974894,0.0,0.0,0.0,0.14709974999999997,0.1569064,9.80665,0.0030092126113728454,-0.030250008387606466,-0.9995378118560572,1.7420208786760714,-14.111,23.746,-11.059,0.9323197489381487,0.8826901502805945,96.1966376752456,36.9
94982.137374919,-0.6678,0.0003,-0.0112,-0.7442,0.015405239999999999,-0.0162694,-0.99974894,0.0,0.0,0.0,0.1569064,0.1569064,9.80665,0.003117056535640445,-0.03124323219607404,-0.9995069255305253,1.7992879915619133,-14.111,23.746,-11.059,0.9323197489381487,0.8826901502805945,96.1966376752456,36.9
94982.177467566,-0.6678,0.0003,-0.0112,-0.7442,0.015405239999999999,-0.0162694,-0.99974894,0.0,0.0,0.0,0.1569064,0.1569064,9.79684335,0.0031346981151117795,-0.03125740720811485,-0.9995064271138527,1.8001971798192231,-14.111,23.746,-11.059,0.9323197489381487,0.8826901502805945,96.1966376752456,36.9
94982.207719999,-0.6678,0.0003,-0.0112,-0.7442,0.015405239999999999,-0.0162694,-0.99974894,0.0,0.0,0.0,0.14709974999999997,0.1569064,9.81645665,0.002991713624278412,-0.030236852720524808,-0.9995382624874966,1.7411714201768618,-14.111,23.746,-11.059,0.9323197489381487,0.8826901502805945,96.1966376752456,36.9
94982.247496069,-0.6678,0.0003,-0.0112,-0.7442,0.015405239999999999,-0.0162694,-0.99974894,0.0,0.0,0.0,0.1569064,0.16671305,9.81645665,0.004092096512605829,-0.031121040839236926,-0.9995072210435095,1.7987482672781017,-14.111,23.746,-11.059,0.9323197489381487,0.8826901502805945,96.1966376752456,36.9
94982.287730971,-0.6678,0.0003,-0.0112,-0.7442,0.015405239999999999,-0.0162694,-0.99974894,0.0,0.0,0.0,0.1569064,0.1569064,9.80665,0.003117056535640445,-0.03124323219607404,-0.9995069255305253,1.7992879915619133,-14.111,23.746,-11.059,0.9323197489381487,0.8826901502805945,96.1966376752456,36.9
94982.327343073,-0.6678,0.0003,-0.0112,-0.7442,0.015405239999999999,-0.0162694,-0.99974894,0.0,0.0,0.0,0.1569064,0.1569064,9.80665,0.003117056535640445,-0.03124323219607404,-0.9995069255305253,1.7992879915619133,-14.111,23.746,-11.059,0.9323197489381487,0.8826901502805945,96.1966376752456,36.9
94982.36734458,-0.6678,0.0003,-0.0112,-0.7442,0.015405239999999999,-0.0162694,-0.99974894,0.0,0.0,0.0,0.1569064,0.1569064,9.80665,0.003117056535640445,-0.03124323219607404,-0.9995069255305253,1.7992879915619133,-14.111,23.746,-11.059,0.9323197489381487,0.8826901502805945,96.1966376752456,36.9
94982.40738852,-0.6678,0.0003,-0.0112,-0.7442,0.015405239999999999,-0.0162694,-0.99974894,0.0,0.0,0.0,0.14709974999999997,0.16671305,9.80665,0.00400286787511484,-0.030141869714647773,-0.9995375930393375,1.7424327428762185,-14.111,23.746,-11.059,0.9323197489381487,0.8826901502805945,96.1966376752456,36.9
94982.440403437,-0.6678,0.0003,-0.0112,-0.7442,0.015405239999999999,-0.0162694,-0.99974894,0.0,0.0,0.0,0.14709974999999997,0.1569064,9.80665,0.0030092126113728454,-0.030250008387606466,-0.9995378118560572,1.7420208786760714,-14.111,23.746,-11.059,0.9323197489381487,0.8826901502805945,96.1966376752456,36.9
94982.479487335,-0.6678,0.0003,-0.0112,-0.7442,0.015405239999999999,-0.0162694,-0.99974894,0.0,0.0,0.0,0.1569064,0.14709974999999997,9.80665,0.0021233835476505425,-0.03135135780491511,-0.999506144831061,1.8007122021381659,-14.111,23.746,-11.059,0.9323197489381487,0.8826901502805945,96.1966376752456,36.9
94982.517795828,-0.6678,0.0003,-0.0112,-0.7442,0.015405239999999999,-0.0162694,-0.99974894,0.0,0.0,0.0,0.1569064,0.16671305,9.80665,0.0041106946282946,-0.031135078826691927,-0.9995067074819122,1.7996853530233397,-14.111,23.746,-11.059,0.9323197489381487,0.8826901502805945,96.1966376752456,36.9
94982.557381018,-0.6678,0.0003,-0.0112,-0.7442,0.015405239999999999,-0.0162694,-0.99974894,0.0,0.0,0.0,0.14709974999999997,0.1569064,9.80665,0.0030092126113728454,-0.030250008387606466,-0.9995378118560572,1.7420208786760714,-14.111,23.746,-11.059,0.9323197489381487,0.8826901502805945,96.1966376752456,36.9
94982.597419117,-0.6678,0.0003,-0.0112,-0.7442,0.015405239999999999,-0.0162694,-0.99974894,0.0,0.0,0.0,0.14709974999999997,0.1569064,9.80665,0.0030092126113728454,-0.030250008387606466,-0.9995378118560572,1.7420208786760714,-14.111,23.746,-11.059,0.9323197489381487,0.8826901502805945,96.1966376752456,36.9
94982.637539863,-0.6678,0.0003,-0.0112,-0.7442,0.015405239999999999,-0.0162694,-0.99974894,0.0,0.0,0.0,0.1372931,0.1569064,9.79684335,0.002918788837000424,-0.02926891334708151,-0.9995672926540652,1.6855462883267667,-14.111,23.746,-11.059,0.9323197489381487,0.8826901502805945,96.1966376752456,36.9
94982.672005249,-0.6678,0.0003,-0.0112,-0.7442,0.015405239999999999,-0.0162694,-0.99974894,0.0,0.0,0.0,0.14709974999999997,0.1569064,9.80665,0.0030092126113728454,-0.030250008387606466,-0.9995378118560572,1.7420208786760714,-14.111,23.746,-11.059,0.9323197489381487,0.8826901502805945,96.1966376752456,36.9
94982.710641707,-0.6678,0.0003,-0.0112,-0.7442,0.015405239999999999,-0.0162694,-0.99974894,0.0,0.0,0.0,0.1569064,0.16671305,9.80665,0.0041106946282946,-0.031135078826691927,-0.9995067074819122,1.7996853530233397,-14.111,23.746,-11.059,0.9323197489381487,0.8826901502805945,96.1966376752456,36.9
94982.749261006,-0.6678,0.0003,-0.0112,-0.7442,0.015405239999999999,-0.0162694,-0.99974894,0.0,0.0,0.0,0.1569064,0.1372931,9.81645665,0.001114056167023588,-0.03144509133797069,-0.9995048348780627,1.8030990331104633,-14.111,23.746,-11.059,0.9323197489381487,0.8826901502805945,96.1966376752456,36.9
94982.78916324,-0.6678,0.0003,-0.0111,-0.7442,0.01527168,-0.01612056,-0.9997534,0.0,0.0,0.0,0.14709974999999997,0.14709974999999997,9.80665,0.0021489847328190533,-0.030209314668700814,-0.999541261711312,1.735505559742216,-14.111,23.746,-11.059,0.923787820938304,0.8750368256176227,96.19638320404547,36.9
94982.827643924,-0.6678,0.0003,-0.0111,-0.7442,0.01527168,-0.01612056,-0.9997534,0.0,0.0,0.0,0.14709974999999997,0.1569064,9.81645665,0.003125173802839219,-0.030088049331088447,-0.99954234384567,1.7334569997001703,-14.111,23.746,-11.059,0.923787820938304,0.8750368256176227,96.19638320404547,36.9
94982.867374912,-0.6678,0.0003,-0.0111,-0.7442,0.01527168,-0.01612056,-0.9997534,0.0,0.0,0.0,0.1569064,0.14709974999999997,9.80665,0.002256839195425877,-0.03120255454779608,-0.999510508141811,1.792737450540989,-14.111,23.746,-11.059,0.923787820938304,0.8750368256176227,96.19638320404547,36.9
94982.907146379,-0.6678,0.0003,-0.0111,-0.7442,0.01527168,-0.01612056,-0.9997534,0.0,0.0,0.0,0.1569064,0.14709974999999997,9.80665,0.002256839195425877,-0.03120255454779608,-0.999510508141811,1.792737450540989,-14.111,23.746,-11.059,0.923787820938304,0.8750368256176227,96.19638320404547,36.9
94982.947228596,-0.6678,0.0003,-0.0111,-0.7442,0.01527168,-0.01612056,-0.9997534,0.0,0.0,0.0,0.1569064,0.1569064,9.80665,0.0032505100559111436,-0.03109443124424304,-0.9995111399717665,1.791579697272811,-14.111,23.746,-11.059,0.923787820938304,0.8750368256176227,96.19638320404547,36.9
94982.987165444,-0.6678,0.0003,-0.0111,-0.7442,0.01527168,-0.01612056,-0.9997534,0.0,0.0,0.0,0.1569064,0.14709974999999997,9.80665,0.002256839195425877,-0.03120255454779608,-0.999510508141811,1.792737450540989,-14.111,23.746,-11.059,0.923787820938304,0.8750368256176227,96.19638320404547,36.9
94983.027264189,-0.6678,0.0003,-0.0111,-0.7442,0.01527168,-0.01612056,-0.9997534,0.0,0.0,0.0,0.1569064,0.1569064,9.80665,0.0032505100559111436,-0.03109443124424304,-0.9995111399717665,1.791579697272811,-14.111,23.746,-11.059,0.923787820938304,0.8750368256176227,96.19638320404547,36.9
94983.067196113,-0.6678,0.0003,-0.0111,-0.7442,0.01527168,-0.01612056,-0.9997534,0.0,0.0,0.0,0.12748644999999997,0.14709974999999997,9.80665,0.0019332599852894504,-0.028222657963919814,-0.9995997747972786,1.6210448404126254,-14.111,23.746,-11.059,0.923787820938304,0.8750368256176227,96.19638320404547,36.9
94983.107115903,-0.6678,0.0003,-0.0111,-0.7442,0.01527168,-0.01612056,-0.9997534,0.0,0.0,0.0,0.16671305,0.1569064,9.81645665,0.0033406272248940865,-0.03207245689651487,-0.9994799346569986,1.8478781070434802,-14.111,23.746,-11.059,0.923787820938304,0.8750368256176227,96.19638320404547,36.9
94983.137140287,-0.6678,0.0003,-0.0111,-0.7442,0.01527168,-0.01612056,-0.9997534,0.0,0.0,0.0,0.14709974999999997,0.14709974999999997,9.81645665,0.002132477807818252,-0.030196050307575238,-0.9995416979117533,1.7346802233773462,-14.111,23.746,-11.059,0.923787820938304,0.8750368256176227,96.19638320404547,36.9
94983.177165941,-0.6678,0.0003,-0.0111,-0.7442,0.01527168,-0.01612056,-0.9997534,0.0,0.0,0.0,0.14709974999999997,0.1569064,9.81645665,0.003125173802839219,-0.030088049331088447,-0.99954234384567,1.7334569997001703,-14.111,23.746,-11.059,0.923787820938304,0.8750368256176227,96.19638320404547,36.9
94983.217208837,-0.6678,0.0003,-0.0111,-0.7442,0.01527168,-0.01612056,-0.9997534,0.0,0.0,0.0,0.14709974999999997,0.1569064,9.81645665,0.003125173802839219,-0.030088049331088447,-0.99954234384567,1.7334569997001703,-14.111,23.746,-11.059,0.923787820938304,0.8750368256176227,96.19638320404547,36.9
94983.257217648,-0.6678,0.0003,-0.0111,-0.7442,0.01527168,-0.01612056,-0.9997534,0.0,0.0,0.0,0.1569064,0.14709974999999997,9.81645665,0.0022402248638703198,-0.031188299087328033,-0.9995109904910695,1.7918539173899233,-14.111,23.746,-11.059,0.923787820938304,0.8750368256176227,96.19638320404547,36.9
94983.297309768,-0.6678,0.0003,-0.0111,-0.7442,0.01527168,-0.01612056,-0.9997534,0.0,0.0,0.0,0.14709974999999997,0.1569064,9.80665,0.0031426726580903626,-0.030101205070501853,-0.9995418928346997,1.7343109509732515,-14.111,23.746,-11.059,0.923787820938304,0.8750368256176227,96.19638320404547,36.9
94983.33714299,-0.6678,0.0003,-0.0111,-0.7442,0.01527168,-0.01612056,-0.9997534,0.0,0.0,0.0,0.1569064,0.1569064,9.80665,0.0032505100559111436,-0.03109443124424304,-0.9995111399717665,1.791579697272811,-14.111,23.746,-11.059,0.923787820938304,0.8750368256176227,96.19638320404547,36.9
94983.377250439,-0.6678,0.0003,-0.0111,-0.7442,0.01527168,-0.01612056,-0.9997534,0.0,0.0,0.0,0.1569064,0.1569064,9.80665,0.0032505100559111436,-0.03109443124424304,-0.9995111399717665,1.791579697272811,-14.111,23.746,-11.059,0.923787820938304,0.8750368256176227,96.19638320404547,36.9
94983.417188048,-0.6678,0.0003,-0.0112,-0.7442,0.015405239999999999,-0.0162694,-0.99974894,0.0,0.0,0.0,0.14709974999999997,0.1569064,9.80665,0.0030092126113728454,-0.030250008387606466,-0.9995378118560572,1.7420208786760714,-14.111,23.746,-11.059,0.9323197489381487,0.8826901502805945,96.1966376752456,36.9
94983.457146525,-0.6678,0.0003,-0.0112,-0.7442,0.015405239999999999,-0.0162694,-0.99974894,0.0,0.0,0.0,0.14709974999999997,0.1569064,9.80665,0.0030092126113728454,-0.030250008387606466,-0.9995378118560572,1.7420208786760714,-14.111,23.746,-11.059,0.9323197489381487,0.8826901502805945,96.1966376752456,36.9
94983.487687421,-0.6678,0.0003,-0.0112,-0.7442,0.015405239999999999,-0.0162694,-0.99974894,0.0,0.0,0.0,0.1569064,0.16671305,9.79684335,0.004129329954906585,-0.03114914488593511,-0.9995061923480414,1.8006248178254334,-14.111,23.746,-11.059,0.9323197489381487,0.8826901502805945,96.1966376752456,36.9
94983.527192653,-0.6678,0.0003,-0.0112,-0.7442,0.015405239999999999,-0.0162694,-0.99974894,0.0,0.0,0.0,0.1569064,0.1569064,9.80665,0.003117056535640445,-0.03124323219607404,-0.9995069255305253,1.7992879915619133,-14.111,23.746,-11.059,0.9323197489381487,0.8826901502805945,96.1966376752456,36.9
94983.567297373,-0.6678,0.0003,-0.0111,-0.7442,0.01527168,-0.01612056,-0.9997534,0.0,0.0,0.0,0.14709974999999997,0.1569064,9.81645665,0.003125173802839219,-0.030088049331088447,-0.99954234384567,1.7334569997001703,-14.111,23.746,-11.059,0.923787820938304,0.8750368256176227,96.19638320404547,36.9
94983.607180064,-0.6678,0.0003,-0.0112,-0.7442,0.015405239999999999,-0.0162694,-0.99974894,0.0,0.0,0.0,0.1569064,0.1569064,9.79684335,0.0031346981151117795,-0.03125740720811485,-0.9995064271138527,1.8001971798192231,-14.111,23.746,-11.059,0.9323197489381487,0.8826901502805945,96.1966376752456,36.9
94983.642267758,-0.6678,0.0003,-0.0112,-0.7442,0.015405239999999999,-0.0162694,-0.99974894,0.0,0.0,0.0,0.1569064,0.1569064,9.81645665,0.003099450184467731,-0.031229085475292538,-0.9995074224411556,1.7983810930628839,-14.111,23.746,-11.059,0.9323197489381487,0.8826901502805945,96.1966376752456,36.9
94983.68730136,-0.6678,0.0003,-0.0112,-0.7442,0.015405239999999999,-0.0162694,-0.99974894,0.0,0.0,0.0,0.1569064,0.1569064,9.79684335,0.0031346981151117795,-0.03125740720811485,-0.9995064271138527,1.8001971798192231,-14.111,23.746,-11.059,0.9323197489381487,0.8826901502805945,96.1966376752456,36.9
94983.727292544,-0.6678,0.0003,-0.0112,-0.7442,0.015405239999999999,-0.0162694,-0.99974894,0.0,0.0,0.0,0.1569064,0.1569064,9.79684335,0.0031346981151117795,-0.03125740720811485,-0.9995064271138527,1.8001971798192231,-14.111,23.746,-11.059,0.9323197489381487,0.8826901502805945,96.1966376752456,36.9
94983.757147371,-0.6678,0.0003,-0.0112,-0.7442,0.015405239999999999,-0.0162694,-0.99974894,0.0,0.0,0.0,0.14709974999999997,0.1569064,9.80665,0.0030092126113728454,-0.030250008387606466,-0.9995378118560572,1.7420208786760714,-14.111,23.746,-11.059,0.9323197489381487,0.8826901502805945,96.1966376752456,36.9
94983.797334826,-0.6678,0.0003,-0.0112,-0.7442,0.015405239999999999,-0.0162694,-0.99974894,0.0,0.0,0.0,0.14709974999999997,0.14709974999999997,9.81645665,0.001999015505771846,-0.030344855997807056,-0.9995374678325428,1.7426694009180423,-14.111,23.746,-11.059,0.9323197489381487,0.8826901502805945,96.1966376752456,36.9
94983.837301887,-0.6678,0.0003,-0.0112,-0.7442,0.015405239999999999,-0.0162694,-0.99974894,0.0,0.0,0.0,0.1569064,0.16671305,9.79684335,0.004129329954906585,-0.03114914488593511,-0.9995061923480414,1.8006248178254334,-14.111,23.746,-11.059,0.9323197489381487,0.8826901502805945,96.1966376752456,36.9
94983.877314891,-0.6678,0.0003,-0.0112,-0.7442,0.015405239999999999,-0.0162694,-0.99974894,0.0,0.0,0.0,0.1569064,0.1569064,9.826263299999999,0.0030818789562052,-0.03121496696117857,-0.9995079178517763,1.7974764767683762,-14.111,23.746,-11.059,0.9323197489381487,0.8826901502805945,96.1966376752456,36.9
94983.91725351,-0.6678,0.0003,-0.0112,-0.7442,0.015405239999999999,-0.0162694,-0.99974894,0.0,0.0,0.0,0.14709974999999997,0.1569064,9.80665,0.0030092126113728454,-0.030250008387606466,-0.9995378118560572,1.7420208786760714,-14.111,23.746,-11.059,0.9323197489381487,0.8826901502805945,96.1966376752456,36.9
94983.957291649,-0.6678,0.0003,-0.0112,-0.7442,0.015405239999999999,-0.0162694,-0.99974894,0.0,0.0,0.0,0.14709974999999997,0.1569064,9.81645665,0.002991713624278412,-0.030236852720524808,-0.9995382624874966,1.7411714201768618,-14.111,23.746,-11.059,0.9323197489381487,0.8826901502805945,96.1966376752456,36.9
94983.997286656,-0.6678,0.0003,-0.0112,-0.7442,0.015405239999999999,-0.0162694,-0.99974894,0.0,0.0,0.0,0.1569064,0.1569064,9.81645665,0.003099450184467731,-0.031229085475292538,-0.9995074224411556,1.7983810930628839,-14.111,23.746,-11.059,0.9323197489381487,0.8826901502805945,96.1966376752456,36.9
94984.037296199,-0.6678,0.0003,-0.0112,-0.7442,0.015405239999999999,-0.0162694,-0.99974894,0.0,0.0,0.0,0.14709974999999997,0.16671305,9.79684335,0.004021395675623268,-0.030154942783498583,-0.9995371243050962,1.7433156749769383,-14.111,23.746,-11.059,0.9323197489381487,0.8826901502805945,96.1966376752456,36.9
94984.077398347,-0.6678,0.0003,-0.0112,-0.7442,0.015405239999999999,-0.0162694,-0.99974894,0.0,0.0,0.0,0.1569064,0.14709974999999997,9.80665,0.0021233835476505425,-0.03135135780491511,-0.999506144831061,1.8007122021381659,-14.111,23.746,-11.059,0.9323197489381487,0.8826901502805945,96.1966376752456,36.9
94984.117338186,-0.6678,0.0003,-0.0112,-0.7442,0.015405239999999999,-0.0162694,-0.99974894,0.0,0.0,0.0,0.1569064,0.1569064,9.80665,0.003117056535640445,-0.03124323219607404,-0.9995069255305253,1.7992879915619133,-14.111,23.746,-11.059,0.9323197489381487,0.8826901502805945,96.1966376752456,36.9
94984.157366148,-0.6678,0.0003,-0.0112,-0.7442,0.015405239999999999,-0.0162694,-0.99974894,0.0,0.0,0.0,0.1569064,0.1569064,9.81645665,0.003099450184467731,-0.031229085475292538,-0.9995074224411556,1.7983810930628839,-14.111,23.746,-11.059,0.9323197489381487,0.8826901502805945,96.1966376752456,36.9
94984.437266735,-0.6678,0.0003,-0.0112,-0.7442,0.015405239999999999,-0.0162694,-0.99974894,0.0,0.0,0.0,0.1569064,0.14709974999999997,9.80665,0.0021233835476505425,-0.03135135780491511,-0.999506144831061,1.8007122021381659,-14.111,23.746,-11.059,0.9323197489381487,0.8826901502805945,96.1966376752456,36.9
94984.467384478,-0.6678,0.0003,-0.0112,-0.7442,0.015405239999999999,-0.0162694,-0.99974894,0.0,0.0,0.0,0.14709974999999997,0.14709974999999997,9.80665,0.002015522558430788,-0.03035812029120155,-0.9995370318629208,1.7434905247005947,-14.111,23.746,-11.059,0.9323197489381487,0.8826901502805945,96.1966376752456,36.9
94985.267326997,-0.6678,0.0003,-0.0112,-0.7442,0.015405239999999999,-0.0162694,-0.99974894,0.0,0.0,0.0,0.1569064,0.1569064,9.79684335,0.0031346981151117795,-0.03125740720811485,-0.9995064271138527,1.8001971798192231,-14.111,23.746,-11.059,0.9323197489381487,0.8826901502805945,96.1966376752456,36.9
94985.307308007,-0.6678,0.0003,-0.0112,-0.7442,0.015405239999999999,-0.0162694,-0.99974894,0.0,0.0,0.0,0.1569064,0.1569064,9.80665,0.003117056535640445,-0.03124323219607404,-0.9995069255305253,1.7992879915619133,-14.111,23.746,-11.059,0.9323197489381487,0.8826901502805945,96.1966376752456,36.9
94985.34737749,-0.6678,0.0003,-0.0112,-0.7442,0.015405239999999999,-0.0162694,-0.99974894,0.0,0.0,0.0,0.14709974999999997,0.14709974999999997,9.81645665,0.001999015505771846,-0.030344855997807056,-0.9995374678325428,1.7426694009180423,-14.111,23.746,-11.059,0.9323197489381487,0.8826901502805945,96.1966376752456,36.9
94985.387291364,-0.6678,0.0003,-0.0112,-0.7442,0.015405239999999999,-0.0162694,-0.99974894,0.0,0.0,0.0,0.1569064,0.16671305,9.80665,0.0041106946282946,-0.031135078826691927,-0.9995067074819122,1.7996853530233397,-14.111,23.746,-11.059,0.9323197489381487,0.8826901502805945,96.1966376752456,36.9
94985.427421846,-0.6678,0.0003,-0.0112,-0.7442,0.015405239999999999,-0.0162694,-0.99974894,0.0,0.0,0.0,0.1569064,0.16671305,9.826263299999999,0.004073535496527806,-0.031107030839641933,-0.9995077330391623,1.797813552751285,-14.111,23.746,-11.059,0.9323197489381487,0.8826901502805945,96.1966376752456,36.9
94985.467315809,-0.6678,0.0003,-0.0112,-0.7442,0.015405239999999999,-0.0162694,-0.99974894,0.0,0.0,0.0,0.1569064,0.1569064,9.81645665,0.003099450184467731,-0.031229085475292538,-0.9995074224411556,1.7983810930628839,-14.111,23.746,-11.059,0.9323197489381487,0.8826901502805945,96.1966376752456,36.9
94985.507327483,-0.6678,0.0003,-0.0112,-0.7442,0.015405239999999999,-0.0162694,-0.99974894,0.0,0.0,0.0,0.14709974999999997,0.1569064,9.81645665,0.002991713624278412,-0.030236852720524808,-0.9995382624874966,1.7411714201768618,-14.111,23.746,-11.059,0.9323197489381487,0.8826901502805945,96.1966376752456,36.9
94985.547302288,-0.6678,0.0003,-0.0112,-0.7442,0.015405239999999999,-0.0162694,-0.99974894,0.0,0.0,0.0,0.1569064,0.14709974999999997,9.80665,0.0021233835476505425,-0.03135135780491511,-0.999506144831061,1.8007122021381659,-14.111,23.746,-11.059,0.9323197489381487,0.8826901502805945,96.1966376752456,36.9
94985.587313311,-0.6678,0.0003,-0.0112,-0.7442,0.015405239999999999,-0.0162694,-0.99974894,0.0,0.0,0.0,0.1569064,0.1569064,9.80665,0.003117056535640445,-0.03124323219607404,-0.9995069255305253,1.7992879915619133,-14.111,23.746,-11.059,0.9323197489381487,0.8826901502805945,96.1966376752456,36.9
94985.63738941,-0.6678,0.0003,-0.0112,-0.7442,0.015405239999999999,-0.0162694,-0.99974894,0.0,0.0,0.0,0.1372931,0.1569064,9.79684335,0.002918788837000424,-0.02926891334708151,-0.9995672926540652,1.6855462883267667,-14.111,23.746,-11.059,0.9323197489381487,0.8826901502805945,96.1966376752456,36.9
94985.677462142,-0.6678,0.0003,-0.0112,-0.7442,0.015405239999999999,-0.0162694,-0.99974894,0.0,0.0,0.0,0.1569064,0.14709974999999997,9.81645665,0.0021067690798592543,-0.03133710241683872,-0.9995066270827034,1.7998327575210669,-14.111,23.746,-11.059,0.9323197489381487,0.8826901502805945,96.1966376752456,36.9
94985.727350787,-0.6678,0.0003,-0.0112,-0.7442,0.015405239999999999,-0.0162694,-0.99974894,0.0,0.0,0.0,0.14709974999999997,0.17651969999999997,9.81645665,0.00497700288154654,-0.030020766373066405,-0.9995368614435067,1.7438100067921776,-14.111,23.746,-11.059,0.9323197489381487,0.8826901502805945,96.1966376752456,36.9
94985.767450494,-0.6678,0.0003,-0.0112,-0.7442,0.015405239999999999,-0.0162694,-0.99974894,0.0,0.0,0.0,0.1372931,0.1569064,9.80665,0.0029013624461654217,-0.029256724567237227,-0.9995677002609336,1.6847522015228853,-14.111,23.746,-11.059,0.9323197489381487,0.8826901502805945,96.1966376752456,36.9
94985.817450077,-0.6678,0.0003,-0.0112,-0.7442,0.015405239999999999,-0.0162694,-0.99974894,0.0,0.0,0.0,0.1569064,0.1569064,9.79684335,0.0031346981151117795,-0.03125740720811485,-0.9995064271138527,1.8001971798192231,-14.111,23.746,-11.059,0.9323197489381487,0.8826901502805945,96.1966376752456,36.9
94985.857296333,-0.6678,0.0003,-0.0112,-0.7442,0.015405239999999999,-0.0162694,-0.99974894,0.0,0.0,0.0,0.14709974999999997,0.1569064,9.79684335,0.0030267466131673436,-0.030263190365134127,-0.9995373598420901,1.7428725274222563,-14.111,23.746,-11.059,0.9323197489381487,0.8826901502805945,96.1966376752456,36.9
94985.897310864,-0.6678,0.0003,-0.0112,-0.7442,0.015405239999999999,-0.0162694,-0.99974894,0.0,0.0,0.0,0.14709974999999997,0.1569064,9.80665,0.0030092126113728454,-0.030250008387606466,-0.9995378118560572,1.7420208786760714,-14.111,23.746,-11.059,0.9323197489381487,0.8826901502805945,96.1966376752456,36.9
94985.947480676,-0.6678,0.0003,-0.0112,-0.7442,0.015405239999999999,-0.0162694,-0.99974894,0.0,0.0,0.0,0.16671305,0.14709974999999997,9.79684335,0.0022479942758770136,-0.032359809024912804,-0.9994737279358036,1.8588750415728583,-14.111,23.746,-11.059,0.9323197489381487,0.8826901502805945,96.1966376752456,36.9
94985.987285168,-0.6678,0.0003,-0.0112,-0.7442,0.015405239999999999,-0.0162694,-0.99974894,0.0,0.0,0.0,0.1569064,0.1569064,9.80665,0.003117056535640445,-0.03124323219607404,-0.9995069255305253,1.7992879915619133,-14.111,23.746,-11.059,0.9323197489381487,0.8826901502805945,96.1966376752456,36.9
94986.037321737,-0.6678,0.0003,-0.0112,-0.7442,0.015405239999999999,-0.0162694,-0.99974894,0.0,0.0,0.0,0.1569064,0.1569064,9.79684335,0.0031346981151117795,-0.03125740720811485,-0.9995064271138527,1.8001971798192231,-14.111,23.746,-11.059,0.9323197489381487,0.8826901502805945,96.1966376752456,36.9
94986.077379471,-0.6678,0.0003,-0.0112,-0.7442,0.015405239999999999,-0.0162694,-0.99974894,0.0,0.0,0.0,0.14709974999999997,0.14709974999999997,9.80665,0.002015522558430788,-0.03035812029120155,-0.9995370318629208,1.7434905247005947,-14.111,23.746,-11.059,0.9323197489381487,0.8826901502805945,96.1966376752456,36.9
94986.117418108,-0.6678,0.0003,-0.0112,-0.7442,0.015405239999999999,-0.0162694,-0.99974894,0.0,0.0,0.0,0.14709974999999997,0.1569064,9.80665,0.0030092126113728454,-0.030250008387606466,-0.9995378118560572,1.7420208786760714,-14.111,23.746,-11.059,0.9323197489381487,0.8826901502805945,96.1966376752456,36.9
94986.167417047,-0.6678,0.0003,-0.0112,-0.7442,0.015405239999999999,-0.0162694,-0.99974894,0.0,0.0,0.0,0.14709974999999997,0.16671305,9.80665,0.00400286787511484,-0.030141869714647773,-0.9995375930393375,1.7424327428762185,-14.111,23.746,-11.059,0.9323197489381487,0.8826901502805945,96.1966376752456,36.9
94986.20740622,-0.6678,0.0003,-0.0112,-0.7442,0.015405239999999999,-0.0162694,-0.99974894,0.0,0.0,0.0,0.14709974999999997,0.14709974999999997,9.80665,0.002015522558430788,-0.03035812029120155,-0.9995370318629208,1.7434905247005947,-14.111,23.746,-11.059,0.9323197489381487,0.8826901502805945,96.1966376752456,36.9
94986.247318939,-0.6678,0.0003,-0.0111,-0.7442,0.01527168,-0.01612056,-0.9997534,0.0,0.0,0.0,0.1569064,0.14709974999999997,9.81645665,0.0022402248638703198,-0.031188299087328033,-0.9995109904910695,1.7918539173899233,-14.111,23.746,-11.059,0.923787820938304,0.8750368256176227,96.19638320404547,36.9
94986.297332548,-0.6678,0.0003,-0.0112,-0.7442,0.015405239999999999,-0.0162694,-0.99974894,0.0,0.0,0.0,0.14709974999999997,0.14709974999999997,9.81645665,0.001999015505771846,-0.030344855997807056,-0.9995374678325428,1.7426694009180423,-14.111,23.746,-11.059,0.9323197489381487,0.8826901502805945,96.1966376752456,36.9
94986.337307902,-0.6678,0.0003,-0.0111,-0.7442,0.01527168,-0.01612056,-0.9997534,0.0,0.0,0.0,0.14709974999999997,0.16671305,9.79684335,0.004154853324743099,-0.030006141997867365,-0.9995410558853791,1.7358940303353683,-14.111,23.746,-11.059,0.923787820938304,0.8750368256176227,96.19638320404547,36.9
94986.377375951,-0.6678,0.0003,-0.0111,-0.7442,0.01527168,-0.01612056,-0.9997534,0.0,0.0,0.0,0.1569064,0.16671305,9.79684335,0.0042627810691587015,-0.031000346470136067,-0.9995102575244998,1.7931955303274951,-14.111,23.746,-11.059,0.923787820938304,0.8750368256176227,96.19638320404547,36.9
94986.417316234,-0.6678,0.0003,-0.0111,-0.7442,0.01527168,-0.01612056,-0.9997534,0.0,0.0,0.0,0.14709974999999997,0.1569064,9.80665,0.0031426726580903626,-0.030101205070501853,-0.9995418928346997,1.7343109509732515,-14.111,23.746,-11.059,0.923787820938304,0.8750368256176227,96.19638320404547,36.9
94986.467356757,-0.6678,0.0003,-0.0112,-0.7442,0.015405239999999999,-0.0162694,-0.99974894,0.0,0.0,0.0,0.1372931,0.16671305,9.80665,0.003895033888780375,-0.029148600701182144,-0.9995674807092106,1.6851794900492587,-14.111,23.746,-11.059,0.9323197489381487,0.8826901502805945,96.1966376752456,36.9
94986.50730476,-0.6678,0.0003,-0.0112,-0.7442,0.015405239999999999,-0.0162694,-0.99974894,0.0,0.0,0.0,0.1372931,0.1569064,9.80665,0.0029013624461654217,-0.029256724567237227,-0.9995677002609336,1.6847522015228853,-14.111,23.746,-11.059,0.9323197489381487,0.8826901502805945,96.1966376752456,36.9
94986.547310205,-0.6678,0.0003,-0.0111,-0.7442,0.01527168,-0.01612056,-0.9997534,0.0,0.0,0.0,0.14709974999999997,0.1569064,9.79684335,0.0031602065277135504,-0.030114387120577582,-0.9995414404404406,1.7351670992359567,-14.111,23.746,-11.059,0.923787820938304,0.8750368256176227,96.19638320404547,36.9
94986.597351637,-0.6678,0.0003,-0.0112,-0.7442,0.015405239999999999,-0.0162694,-0.99974894,0.0,0.0,0.0,0.1569064,0.14709974999999997,9.80665,0.0021233835476505425,-0.03135135780491511,-0.999506144831061,1.8007122021381659,-14.111,23.746,-11.059,0.9323197489381487,0.8826901502805945,96.1966376752456,36.9
94986.637303938,-0.6678,0.0003,-0.0112,-0.7442,0.015405239999999999,-0.0162694,-0.99974894,0.0,0.0,0.0,0.14709974999999997,0.1569064,9.80665,0.0030092126113728454,-0.030250008387606466,-0.9995378118560572,1.7420208786760714,-14.111,23.746,-11.059,0.9323197489381487,0.8826901502805945,96.1966376752456,36.9
94986.687402827,-0.6678,0.0003,-0.0111,-0.7442,0.01527168,-0.01612056,-0.9997534,0.0,0.0,0.0,0.1569064,0.1569064,9.826263299999999,0.003215332756968413,-0.031066165855593134,-0.9995121327851776,1.7897594866992927,-14.111,23.746,-11.059,0.923787820938304,0.8750368256176227,96.19638320404547,36.9
94986.727331171,-0.6678,0.0003,-0.0112,-0.7442,0.015405239999999999,-0.0162694,-0.99974894,0.0,0.0,0.0,0.14709974999999997,0.16671305,9.80665,0.00400286787511484,-0.030141869714647773,-0.9995375930393375,1.7424327428762185,-14.111,23.746,-11.059,0.9323197489381487,0.8826901502805945,96.1966376752456,36.9
94986.777381015,-0.6678,0.0003,-0.0112,-0.7442,0.015405239999999999,-0.0162694,-0.99974894,0.0,0.0,0.0,0.14709974999999997,0.14709974999999997,9.81645665,0.001999015505771846,-0.030344855997807056,-0.9995374678325428,1.7426694009180423,-14.111,23.746,-11.059,0.9323197489381487,0.8826901502805945,96.1966376752456,36.9
94986.817391707,-0.6678,0.0003,-0.0112,-0.7442,0.015405239999999999,-0.0162694,-0.99974894,0.0,0.0,0.0,0.14709974999999997,0.1569064,9.80665,0.0030092126113728454,-0.030250008387606466,-0.9995378118560572,1.7420208786760714,-14.111,23.746,-11.059,0.9323197489381487,0.8826901502805945,96.1966376752456,36.9
94986.86737752,-0.6678,0.0003,-0.0112,-0.7442,0.015405239999999999,-0.0162694,-0.99974894,0.0,0.0,0.0,0.1569064,0.14709974999999997,9.81645665,0.0021067690798592543,-0.03133710241683872,-0.9995066270827034,1.7998327575210669,-14.111,23.746,-11.059,0.9323197489381487,0.8826901502805945,96.1966376752456,36.9
94986.907400715,-0.6678,0.0003,-0.0112,-0.7442,0.015405239999999999,-0.0162694,-0.99974894,0.0,0.0,0.0,0.1372931,0.16671305,9.81645665,0.0038766504346004604,-0.029136544895454815,-0.9995679037080416,1.684355233565222,-14.111,23.746,-11.059,0.9323197489381487,0.8826901502805945,96.1966376752456,36.9
94986.947316718,-0.6678,0.0003,-0.0112,-0.7442,0.015405239999999999,-0.0162694,-0.99974894,0.0,0.0,0.0,0.1569064,0.14709974999999997,9.826263299999999,0.002090187757775124,-0.031322875454008275,-0.999507107894321,1.7989555110260764,-14.111,23.746,-11.059,0.9323197489381487,0.8826901502805945,96.1966376752456,36.9
94986.987328077,-0.6678,0.0003,-0.0112,-0.7442,0.015405239999999999,-0.0162694,-0.99974894,0.0,0.0,0.0,0.16671305,0.16671305,9.80665,0.004218513825620747,-0.032128225064259566,-0.99947482422231,1.8569371067737945,-14.111,23.746,-11.059,0.9323197489381487,0.8826901502805945,96.1966376752456,36.9
94987.037371196,-0.6678,0.0003,-0.0112,-0.7442,0.015405239999999999,-0.0162694,-0.99974894,0.0,0.0,0.0,0.1569064,0.1569064,9.80665,0.003117056535640445,-0.03124323219607404,-0.9995069255305253,1.7992879915619133,-14.111,23.746,-11.059,0.9323197489381487,0.8826901502805945,96.1966376752456,36.9
94987.077393419,-0.6678,0.0003,-0.0112,-0.7442,0.015405239999999999,-0.0162694,-0.99974894,0.0,0.0,0.0,0.1569064,0.1569064,9.80665,0.003117056535640445,-0.03124323219607404,-0.9995069255305253,1.7992879915619133,-14.111,23.746,-11.059,0.9323197489381487,0.8826901502805945,96.1966376752456,36.9
94987.127376729,-0.6678,0.0003,-0.0112,-0.7442,0.015405239999999999,-0.0162694,-0.99974894,0.0,0.0,0.0,0.1569064,0.1569064,9.81645665,0.003099450184467731,-0.031229085475292538,-0.9995074224411556,1.7983810930628839,-14.111,23.746,-11.059,0.9323197489381487,0.8826901502805945,96.1966376752456,36.9
94987.167347987,-0.6678,0.0003,-0.0112,-0.7442,0.015405239999999999,-0.0162694,-0.99974894,0.0,0.0,0.0,0.1569064,0.1569064,9.80665,0.003117056535640445,-0.03124323219607404,-0.9995069255305253,1.7992879915619133,-14.111,23.746,-11.059,0.9323197489381487,0.8826901502805945,96.1966376752456,36.9
94987.217366425,-0.6678,0.0003,-0.0112,-0.7442,0.015405239999999999,-0.0162694,-0.99974894,0.0,0.0,0.0,0.1569064,0.1569064,9.80665,0.003117056535640445,-0.03124323219607404,-0.9995069255305253,1.7992879915619133,-14.111,23.746,-11.059,0.9323197489381487,0.8826901502805945,96.1966376752456,36.9
94987.257307128,-0.6678,0.0003,-0.0112,-0.7442,0.015405239999999999,-0.0162694,-0.99974894,0.0,0.0,0.0,0.1569064,0.14709974999999997,9.80665,0.0021233835476505425,-0.03135135780491511,-0.999506144831061,1.8007122021381659,-14.111,23.746,-11.059,0.9323197489381487,0.8826901502805945,96.1966376752456,36.9
94987.297331164,-0.6678,0.0003,-0.0112,-0.7442,0.015405239999999999,-0.0162694,-0.99974894,0.0,0.0,0.0,0.14709974999999997,0.16671305,9.79684335,0.004021395675623268,-0.030154942783498583,-0.9995371243050962,1.7433156749769383,-14.111,23.746,-11.059,0.9323197489381487,0.8826901502805945,96.1966376752456,36.9
94987.337375015,-0.6678,0.0003,-0.0112,-0.7442,0.015405239999999999,-0.0162694,-0.99974894,0.0,0.0,0.0,0.1569064,0.1569064,9.81645665,0.003099450184467731,-0.031229085475292538,-0.9995074224411556,1.7983810930628839,-14.111,23.746,-11.059,0.9323197489381487,0.8826901502805945,96.1966376752456,36.9
94987.387410215,-0.6678,0.0003,-0.0112,-0.7442,0.015405239999999999,-0.0162694,-0.99974894,0.0,0.0,0.0,0.1569064,0.1569064,9.80665,0.003117056535640445,-0.03124323219607404,-0.9995069255305253,1.7992879915619133,-14.111,23.746,-11.059,0.9323197489381487,0.8826901502805945,96.1966376752456,36.9
94987.427367362,-0.6678,0.0003,-0.0112,-0.7442,0.015405239999999999,-0.0162694,-0.99974894,0.0,0.0,0.0,0.14709974999999997,0.1569064,9.80665,0.0030092126113728454,-0.030250008387606466,-0.9995378118560572,1.7420208786760714,-14.111,23.746,-11.059,0.9323197489381487,0.8826901502805945,96.1966376752456,36.9
94987.477357609,-0.6678,0.0003,-0.0112,-0.7442,0.015405239999999999,-0.0162694,-0.99974894,0.0,0.0,0.0,0.14709974999999997,0.16671305,9.80665,0.00400286787511484,-0.030141869714647773,-0.9995375930393375,1.7424327428762185,-14.111,23.746,-11.059,0.9323197489381487,0.8826901502805945,96.1966376752456,36.9
94987.517306937,-0.6678,0.0003,-0.0112,-0.7442,0.015405239999999999,-0.0162694,-0.99974894,0.0,0.0,0.0,0.14709974999999997,0.1569064,9.80665,0.0030092126113728454,-0.030250008387606466,-0.9995378118560572,1.7420208786760714,-14.111,23.746,-11.059,0.9323197489381487,0.8826901502805945,96.1966376752456,36.9
94987.557357749,-0.6678,0.0003,-0.0112,-0.7442,0.015405239999999999,-0.0162694,-0.99974894,0.0,0.0,0.0,0.14709974999999997,0.1569064,9.81645665,0.002991713624278412,-0.030236852720524808,-0.9995382624874966,1.7411714201768618,-14.111,23.746,-11.059,0.9323197489381487,0.8826901502805945,96.1966376752456,36.9
94987.597328071,-0.6678,0.0003,-0.0112,-0.7442,0.015405239999999999,-0.0162694,-0.99974894,0.0,0.0,0.0,0.1569064,0.1569064,9.79684335,0.0031346981151117795,-0.03125740720811485,-0.9995064271138527,1.8001971798192231,-14.111,23.746,-11.059,0.9323197489381487,0.8826901502805945,96.1966376752456,36.9
94987.637328606,-0.6678,0.0003,-0.0112,-0.7442,0.015405239999999999,-0.0162694,-0.99974894,0.0,0.0,0.0,0.1569064,0.14709974999999997,9.81645665,0.0021067690798592543,-0.03133710241683872,-0.9995066270827034,1.7998327575210669,-14.111,23.746,-11.059,0.9323197489381487,0.8826901502805945,96.1966376752456,36.9
94987.67731343,-0.6678,0.0003,-0.0112,-0.7442,0.015405239999999999,-0.0162694,-0.99974894,0.0,0.0,0.0,0.14709974999999997,0.1569064,9.80665,0.0030092126113728454,-0.030250008387606466,-0.9995378118560572,1.7420208786760714,-14.111,23.746,-11.059,0.9323197489381487,0.8826901502805945,96.1966376752456,36.9
94987.717407847,-0.6678,0.0003,-0.0112,-0.7442,0.015405239999999999,-0.0162694,-0.99974894,0.0,0.0,0.0,0.1569064,0.1569064,9.81645665,0.003099450184467731,-0.031229085475292538,-0.9995074224411556,1.7983810930628839,-14.111,23.746,-11.059,0.9323197489381487,0.8826901502805945,96.1966376752456,36.9
94987.767337073,-0.6678,0.0003,-0.0112,-0.7442,0.015405239999999999,-0.0162694,-0.99974894,0.0,0.0,0.0,0.1569064,0.1569064,9.80665,0.003117056535640445,-0.03124323219607404,-0.9995069255305253,1.7992879915619133,-14.111,23.746,-11.059,0.9323197489381487,0.8826901502805945,96.1966376752456,36.9
94987.807377355,-0.6678,0.0003,-0.0112,-0.7442,0.015405239999999999,-0.0162694,-0.99974894,0.0,0.0,0.0,0.14709974999999997,0.14709974999999997,9.81645665,0.001999015505771846,-0.030344855997807056,-0.9995374678325428,1.7426694009180423,-14.111,23.746,-11.059,0.9323197489381487,0.8826901502805945,96.1966376752456,36.9
94987.847430804,-0.6678,0.0003,-0.0112,-0.7442,0.015405239999999999,-0.0162694,-0.99974894,0.0,0.0,0.0,0.1569064,0.1569064,9.80665,0.003117056535640445,-0.03124323219607404,-0.9995069255305253,1.7992879915619133,-14.111,23.746,-11.059,0.9323197489381487,0.8826901502805945,96.1966376752456,36.9
94987.887443574,-0.6678,0.0003,-0.0112,-0.7442,0.015405239999999999,-0.0162694,-0.99974894,0.0,0.0,0.0,0.14709974999999997,0.16671305,9.79684335,0.004021395675623268,-0.030154942783498583,-0.9995371243050962,1.7433156749769383,-14.111,23.746,-11.059,0.9323197489381487,0.8826901502805945,96.1966376752456,36.9
94987.927374332,-0.6678,0.0003,-0.0112,-0.7442,0.015405239999999999,-0.0162694,-0.99974894,0.0,0.0,0.0,0.1569064,0.1569064,9.80665,0.003117056535640445,-0.03124323219607404,-0.9995069255305253,1.7992879915619133,-14.111,23.746,-11.059,0.9323197489381487,0.8826901502805945,96.1966376752456,36.9
94987.967305893,-0.6678,0.0003,-0.0112,-0.7442,0.015405239999999999,-0.0162694,-0.99974894,0.0,0.0,0.0,0.1569064,0.14709974999999997,9.80665,0.0021233835476505425,-0.03135135780491511,-0.999506144831061,1.8007122021381659,-14.111,23.746,-11.059,0.9323197489381487,0.8826901502805945,96.1966376752456,36.9
94988.017318242,-0.6678,0.0003,-0.0112,-0.7442,0.015405239999999999,-0.0162694,-0.99974894,0.0,0.0,0.0,0.1569064,0.1569064,9.80665,0.003117056535640445,-0.03124323219607404,-0.9995069255305253,1.7992879915619133,-14.111,23.746,-11.059,0.9323197489381487,0.8826901502805945,96.1966376752456,36.9
94988.0573535,-0.6678,0.0003,-0.0112,-0.7442,0.015405239999999999,-0.0162694,-0.99974894,0.0,0.0,0.0,0.1569064,0.14709974999999997,9.81645665,0.0021067690798592543,-0.03133710241683872,-0.9995066270827034,1.7998327575210669,-14.111,23.746,-11.059,0.9323197489381487,0.8826901502805945,96.1966376752456,36.9
94988.097293898,-0.6678,0.0003,-0.0112,-0.7442,0.015405239999999999,-0.0162694,-0.99974894,0.0,0.0,0.0,0.1569064,0.1569064,9.79684335,0.0031346981151117795,-0.03125740720811485,-0.9995064271138527,1.8001971798192231,-14.111,23.746,-11.059,0.9323197489381487,0.8826901502805945,96.1966376752456,36.9
94988.147307089,-0.6678,0.0003,-0.0112,-0.7442,0.015405239999999999,-0.0162694,-0.99974894,0.0,0.0,0.0,0.1372931,0.1569064,9.80665,0.0029013624461654217,-0.029256724567237227,-0.9995677002609336,1.6847522015228853,-14.111,23.746,-11.059,0.9323197489381487,0.8826901502805945,96.1966376752456,36.9
94988.18738001,-0.6678,0.0003,-0.0112,-0.7442,0.015405239999999999,-0.0162694,-0.99974894,0.0,0.0,0.0,0.1569064,0.1569064,9.80665,0.003117056535640445,-0.03124323219607404,-0.9995069255305253,1.7992879915619133,-14.111,23.746,-11.059,0.9323197489381487,0.8826901502805945,96.1966376752456,36.9
94988.227526294,-0.6678,0.0003,-0.0112,-0.7442,0.015405239999999999,-0.0162694,-0.99974894,0.0,0.0,0.0,0.14709974999999997,0.1569064,9.81645665,0.002991713624278412,-0.030236852720524808,-0.9995382624874966,1.7411714201768618,-14.111,23.746,-11.059,0.9323197489381487,0.8826901502805945,96.1966376752456,36.9
94988.277405055,-0.6678,0.0003,-0.0112,-0.7442,0.015405239999999999,-0.0162694,-0.99974894,0.0,0.0,0.0,0.1569064,0.1569064,9.80665,0.003117056535640445,-0.03124323219607404,-0.9995069255305253,1.7992879915619133,-14.111,23.746,-11.059,0.9323197489381487,0.8826901502805945,96.1966376752456,36.9
94988.317390632,-0.6678,0.0003,-0.0112,-0.7442,0.015405239999999999,-0.0162694,-0.99974894,0.0,0.0,0.0,0.14709974999999997,0.16671305,9.80665,0.00400286787511484,-0.030141869714647773,-0.9995375930393375,1.7424327428762185,-14.111,23.746,-11.059,0.9323197489381487,0.8826901502805945,96.1966376752456,36.9
94988.367432672,-0.6678,0.0003,-0.0112,-0.7442,0.015405239999999999,-0.0162694,-0.99974894,0.0,0.0,0.0,0.1569064,0.1569064,9.80665,0.003117056535640445,-0.03124323219607404,-0.9995069255305253,1.7992879915619133,-14.111,23.746,-11.059,0.9323197489381487,0.8826901502805945,96.1966376752456,36.9
94988.407314363,-0.6678,0.0003,-0.0112,-0.7442,0.015405239999999999,-0.0162694,-0.99974894,0.0,0.0,0.0,0.1569064,0.14709974999999997,9.80665,0.0021233835476505425,-0.03135135780491511,-0.999506144831061,1.8007122021381659,-14.111,23.746,-11.059,0.9323197489381487,0.8826901502805945,96.1966376752456,36.9
94988.457895431,-0.6678,0.0003,-0.0112,-0.7442,0.015405239999999999,-0.0162694,-0.99974894,0.0,0.0,0.0,0.14709974999999997,0.1569064,9.80665,0.0030092126113728454,-0.030250008387606466,-0.9995378118560572,1.7420208786760714,-14.111,23.746,-11.059,0.9323197489381487,0.8826901502805945,96.1966376752456,36.9
94988.497427082,-0.6678,0.0003,-0.0112,-0.7442,0.015405239999999999,-0.0162694,-0.99974894,0.0,0.0,0.0,0.16671305,0.1569064,9.80665,0.0032248938961149543,-0.03223639301945299,-0.9994750414697251,1.8565534116986957,-14.111,23.746,-11.059,0.9323197489381487,0.8826901502805945,96.1966376752456,36.9
94988.537432059,-0.6678,0.0003,-0.0112,-0.7442,0.015405239999999999,-0.0162694,-0.99974894,0.0,0.0,0.0,0.1569064,0.1569064,9.79684335,0.0031346981151117795,-0.03125740720811485,-0.9995064271138527,1.8001971798192231,-14.111,23.746,-11.059,0.9323197489381487,0.8826901502805945,96.1966376752456,36.9
94988.587347117,-0.6678,0.0003,-0.0112,-0.7442,0.015405239999999999,-0.0162694,-0.99974894,0.0,0.0,0.0,0.1569064,0.1569064,9.81645665,0.003099450184467731,-0.031229085475292538,-0.9995074224411556,1.7983810930628839,-14.111,23.746,-11.059,0.9323197489381487,0.8826901502805945,96.1966376752456,36.9
94988.627365947,-0.6678,0.0003,-0.0112,-0.7442,0.015405239999999999,-0.0162694,-0.99974894,0.0,0.0,0.0,0.14709974999999997,0.1569064,9.81645665,0.002991713624278412,-0.030236852720524808,-0.9995382624874966,1.7411714201768618,-14.111,23.746,-11.059,0.9323197489381487,0.8826901502805945,96.1966376752456,36.9
94988.667404015,-0.6678,0.0003,-0.0112,-0.7442,0.015405239999999999,-0.0162694,-0.99974894,0.0,0.0,0.0,0.14709974999999997,0.1569064,9.80665,0.0030092126113728454,-0.030250008387606466,-0.9995378118560572,1.7420208786760714,-14.111,23.746,-11.059,0.9323197489381487,0.8826901502805945,96.1966376752456,36.9
94988.717380506,-0.6678,0.0003,-0.0112,-0.7442,0.015405239999999999,-0.0162694,-0.99974894,0.0,0.0,0.0,0.14709974999999997,0.16671305,9.79684335,0.004021395675623268,-0.030154942783498583,-0.9995371243050962,1.7433156749769383,-14.111,23.746,-11.059,0.9323197489381487,0.8826901502805945,96.1966376752456,36.9
94988.757317781,-0.6678,0.0003,-0.0112,-0.7442,0.015405239999999999,-0.0162694,-0.99974894,0.0,0.0,0.0,0.14709974999999997,0.16671305,9.80665,0.00400286787511484,-0.030141869714647773,-0.9995375930393375,1.7424327428762185,-14.111,23.746,-11.059,0.9323197489381487,0.8826901502805945,96.1966376752456,36.9
94988.807335319,-0.6678,0.0003,-0.0112,-0.7442,0.015405239999999999,-0.0162694,-0.99974894,0.0,0.0,0.0,0.14709974999999997,0.1569064,9.80665,0.0030092126113728454,-0.030250008387606466,-0.9995378118560572,1.7420208786760714,-14.111,23.746,-11.059,0.9323197489381487,0.8826901502805945,96.1966376752456,36.9
94988.847348913,-0.6678,0.0003,-0.0112,-0.7442,0.015405239999999999,-0.0162694,-0.99974894,0.0,0.0,0.0,0.1569064,0.14709974999999997,9.80665,0.0021233835476505425,-0.03135135780491511,-0.999506144831061,1.8007122021381659,-14.111,23.746,-11.059,0.9323197489381487,0.8826901502805945,96.1966376752456,36.9
94988.88757942,-0.6678,0.0003,-0.0112,-0.7442,0.015405239999999999,-0.0162694,-0.99974894,0.0,0.0,0.0,0.1569064,0.1569064,9.79684335,0.0031346981151117795,-0.03125740720811485,-0.9995064271138527,1.8001971798192231,-14.111,23.746,-11.059,0.9323197489381487,0.8826901502805945,96.1966376752456,36.9
94988.937347063,-0.6678,0.0003,-0.0112,-0.7442,0.015405239999999999,-0.0162694,-0.99974894,0.0,0.0,0.0,0.1372931,0.1569064,9.81645665,0.0028839708562702817,-0.029244560116408812,-0.9995681066028239,1.683960206422657,-14.111,23.746,-11.059,0.9323197489381487,0.8826901502805945,96.1966376752456,36.9
94988.977703048,-0.6678,0.0003,-0.0112,-0.7442,0.015405239999999999,-0.0162694,-0.99974894,0.0,0.0,0.0,0.1569064,0.17651969999999997,9.79684335,0.005123923794514679,-0.031040855065048677,-0.999504956936119,1.8028752865023527,-14.111,23.746,-11.059,0.9323197489381487,0.8826901502805945,96.1966376752456,36.9
94989.027425592,-0.6678,0.0003,-0.0112,-0.7442,0.015405239999999999,-0.0162694,-0.99974894,0.0,0.0,0.0,0.1569064,0.1569064,9.80665,0.003117056535640445,-0.03124323219607404,-0.9995069255305253,1.7992879915619133,-14.111,23.746,-11.059,0.9323197489381487,0.8826901502805945,96.1966376752456,36.9
94989.067496112,-0.6678,0.0003,-0.0112,-0.7442,0.015405239999999999,-0.0162694,-0.99974894,0.0,0.0,0.0,0.14709974999999997,0.14709974999999997,9.80665,0.002015522558430788,-0.03035812029120155,-0.9995370318629208,1.7434905247005947,-14.111,23.746,-11.059,0.9323197489381487,0.8826901502805945,96.1966376752456,36.9
94989.117398403,-0.6678,0.0003,-0.0112,-0.7442,0.015405239999999999,-0.0162694,-0.99974894,0.0,0.0,0.0,0.1569064,0.14709974999999997,9.80665,0.0021233835476505425,-0.03135135780491511,-0.999506144831061,1.8007122021381659,-14.111,23.746,-11.059,0.9323197489381487,0.8826901502805945,96.1966376752456,36.9
94989.157501833,-0.6678,0.0003,-0.0112,-0.7442,0.015405239999999999,-0.0162694,-0.99974894,0.0,0.0,0.0,0.1569064,0.16671305,9.80665,0.0041106946282946,-0.031135078826691927,-0.9995067074819122,1.7996853530233397,-14.111,23.746,-11.059,0.9323197489381487,0.8826901502805945,96.1966376752456,36.9
94989.197478313,-0.6678,0.0003,-0.0112,-0.7442,0.015405239999999999,-0.0162694,-0.99974894,0.0,0.0,0.0,0.16671305,0.1569064,9.80665,0.0032248938961149543,-0.03223639301945299,-0.9994750414697251,1.8565534116986957,-14.111,23.746,-11.059,0.9323197489381487,0.8826901502805945,96.1966376752456,36.9
94989.24736732,-0.6678,0.0003,-0.0112,-0.7442,0.015405239999999999,-0.0162694,-0.99974894,0.0,0.0,0.0,0.1569064,0.1569064,9.80665,0.003117056535640445,-0.03124323219607404,-0.9995069255305253,1.7992879915619133,-14.111,23.746,-11.059,0.9323197489381487,0.8826901502805945,96.1966376752456,36.9
94989.287321176,-0.6678,0.0003,-0.0112,-0.7442,0.015405239999999999,-0.0162694,-0.99974894,0.0,0.0,0.0,0.1569064,0.17651969999999997,9.80665,0.005104294849067147,-0.03102689802387592,-0.9995054907846944,1.8019029006056122,-14.111,23.746,-11.059,0.9323197489381487,0.8826901502805945,96.1966376752456,36.9
94989.32756855,-0.6678,0.0003,-0.0112,-0.7442,0.015405239999999999,-0.0162694,-0.99974894,0.0,0.0,0.0,0.1569064,0.16671305,9.80665,0.0041106946282946,-0.031135078826691927,-0.9995067074819122,1.7996853530233397,-14.111,23.746,-11.059,0.9323197489381487,0.8826901502805945,96.1966376752456,36.9
94989.377352547,-0.6678,0.0003,-0.0112,-0.7442,0.015405239999999999,-0.0162694,-0.99974894,0.0,0.0,0.0,0.14709974999999997,0.1569064,9.81645665,0.002991713624278412,-0.030236852720524808,-0.9995382624874966,1.7411714201768618,-14.111,23.746,-11.059,0.9323197489381487,0.8826901502805945,96.1966376752456,36.9
94989.417420284,-0.6678,0.0003,-0.0112,-0.7442,0.015405239999999999,-0.0162694,-0.99974894,0.0,0.0,0.0,0.14709974999999997,0.16671305,9.81645665,0.003984377072136733,-0.030128822736947673,-0.999538060324805,1.74155209426413,-14.111,23.746,-11.059,0.9323197489381487,0.8826901502805945,96.1966376752456,36.9
94989.467377049,-0.6678,0.0003,-0.0112,-0.7442,0.015405239999999999,-0.0162694,-0.99974894,0.0,0.0,0.0,0.1569064,0.14709974999999997,9.80665,0.0021233835476505425,-0.03135135780491511,-0.999506144831061,1.8007122021381659,-14.111,23.746,-11.059,0.9323197489381487,0.8826901502805945,96.1966376752456,36.9
94989.507359314,-0.6678,0.0003,-0.0112,-0.7442,0.015405239999999999,-0.0162694,-0.99974894,0.0,0.0,0.0,0.14709974999999997,0.1569064,9.80665,0.0030092126113728454,-0.030250008387606466,-0.9995378118560572,1.7420208786760714,-14.111,23.746,-11.059,0.9323197489381487,0.8826901502805945,96.1966376752456,36.9
94989.557369986,-0.6678,0.0003,-0.0112,-0.7442,0.015405239999999999,-0.0162694,-0.99974894,0.0,0.0,0.0,0.14709974999999997,0.1569064,9.80665,0.0030092126113728454,-0.030250008387606466,-0.9995378118560572,1.7420208786760714,-14.111,23.746,-11.059,0.9323197489381487,0.8826901502805945,96.1966376752456,36.9
94989.597376354,-0.6678,0.0003,-0.0112,-0.7442,0.015405239999999999,-0.0162694,-0.99974894,0.0,0.0,0.0,0.14709974999999997,0.16671305,9.79684335,0.004021395675623268,-0.030154942783498583,-0.9995371243050962,1.7433156749769383,-14.111,23.746,-11.059,0.9323197489381487,0.8826901502805945,96.1966376752456,36.9
94989.637524867,-0.6678,0.0003,-0.0112,-0.7442,0.015405239999999999,-0.0162694,-0.99974894,0.0,0.0,0.0,0.16671305,0.1569064,9.80665,0.0032248938961149543,-0.03223639301945299,-0.9994750414697251,1.8565534116986957,-14.111,23.746,-11.059,0.9323197489381487,0.8826901502805945,96.1966376752456,36.9
94989.687386311,-0.6678,0.0003,-0.0112,-0.7442,0.015405239999999999,-0.0162694,-0.99974894,0.0,0.0,0.0,0.1569064,0.16671305,9.80665,0.0041106946282946,-0.031135078826691927,-0.9995067074819122,1.7996853530233397,-14.111,23.746,-11.059,0.9323197489381487,0.8826901502805945,96.1966376752456,36.9
94989.72735515,-0.6678,0.0003,-0.0112,-0.7442,0.015405239999999999,-0.0162694,-0.99974894,0.0,0.0,0.0,0.1569064,0.1569064,9.80665,0.003117056535640445,-0.03124323219607404,-0.9995069255305253,1.7992879915619133,-14.111,23.746,-11.059,0.9323197489381487,0.8826901502805945,96.1966376752456,36.9
94989.767374815,-0.6678,0.0003,-0.0112,-0.7442,0.015405239999999999,-0.0162694,-0.99974894,0.0,0.0,0.0,0.14709974999999997,0.16671305,9.79684335,0.004021395675623268,-0.030154942783498583,-0.9995371243050962,1.7433156749769383,-14.111,23.746,-11.059,0.9323197489381487,0.8826901502805945,96.1966376752456,36.9
94989.817393502,-0.6678,0.0003,-0.0112,-0.7442,0.015405239999999999,-0.0162694,-0.99974894,0.0,0.0,0.0,0.1569064,0.1569064,9.80665,0.003117056535640445,-0.03124323219607404,-0.9995069255305253,1.7992879915619133,-14.111,23.746,-11.059,0.9323197489381487,0.8826901502805945,96.1966376752456,36.9
94989.857383306,-0.6678,0.0003,-0.0112,-0.7442,0.015405239999999999,-0.0162694,-0.99974894,0.0,0.0,0.0,0.14709974999999997,0.1569064,9.81645665,0.002991713624278412,-0.030236852720524808,-0.9995382624874966,1.7411714201768618,-14.111,23.746,-11.059,0.9323197489381487,0.8826901502805945,96.1966376752456,36.9
94989.897406346,-0.6678,0.0003,-0.0112,-0.7442,0.015405239999999999,-0.0162694,-0.99974894,0.0,0.0,0.0,0.1569064,0.17651969999999997,9.79684335,0.005123923794514679,-0.031040855065048677,-0.999504956936119,1.8028752865023527,-14.111,23.746,-11.059,0.9323197489381487,0.8826901502805945,96.1966376752456,36.9
94989.947394734,-0.6678,0.0003,-0.0112,-0.7442,0.015405239999999999,-0.0162694,-0.99974894,0.0,0.0,0.0,0.14709974999999997,0.16671305,9.80665,0.00400286787511484,-0.030141869714647773,-0.9995375930393375,1.7424327428762185,-14.111,23.746,-11.059,0.9323197489381487,0.8826901502805945,96.1966376752456,36.9
94989.987407152,-0.6678,0.0003,-0.0112,-0.7442,0.015405239999999999,-0.0162694,-0.99974894,0.0,0.0,0.0,0.1569064,0.16671305,9.80665,0.0041106946282946,-0.031135078826691927,-0.9995067074819122,1.7996853530233397,-14.111,23.746,-11.059,0.9323197489381487,0.8826901502805945,96.1966376752456,36.9
94990.027440733,-0.6678,0.0003,-0.0112,-0.7442,0.015405239999999999,-0.0162694,-0.99974894,0.0,0.0,0.0,0.14709974999999997,0.16671305,9.81645665,0.003984377072136733,-0.030128822736947673,-0.999538060324805,1.74155209426413,-14.111,23.746,-11.059,0.9323197489381487,0.8826901502805945,96.1966376752456,36.9
94990.077447384,-0.6678,0.0003,-0.0112,-0.7442,0.015405239999999999,-0.0162694,-0.99974894,0.0,0.0,0.0,0.1569064,0.16671305,9.79684335,0.004129329954906585,-0.03114914488593511,-0.9995061923480414,1.8006248178254334,-14.111,23.746,-11.059,0.9323197489381487,0.8826901502805945,96.1966376752456,36.9
94990.117379148,-0.6678,0.0003,-0.0112,-0.7442,0.015405239999999999,-0.0162694,-0.99974894,0.0,0.0,0.0,0.1569064,0.1569064,9.80665,0.003117056535640445,-0.03124323219607404,-0.9995069255305253,1.7992879915619133,-14.111,23.746,-11.059,0.9323197489381487,0.8826901502805945,96.1966376752456,36.9
94990.167432611,-0.6678,0.0003,-0.0112,-0.7442,0.015405239999999999,-0.0162694,-0.99974894,0.0,0.0,0.0,0.1569064,0.1569064,9.80665,0.003117056535640445,-0.03124323219607404,-0.9995069255305253,1.7992879915619133,-14.111,23.746,-11.059,0.9323197489381487,0.8826901502805945,96.1966376752456,36.9
94990.207339372,-0.6678,0.0003,-0.0112,-0.7442,0.015405239999999999,-0.0162694,-0.99974894,0.0,0.0,0.0,0.14709974999999997,0.1569064,9.80665,0.0030092126113728454,-0.030250008387606466,-0.9995378118560572,1.7420208786760714,-14.111,23.746,-11.059,0.9323197489381487,0.8826901502805945,96.1966376752456,36.9
94990.257397536,-0.6678,0.0003,-0.0112,-0.7442,0.015405239999999999,-0.0162694,-0.99974894,0.0,0.0,0.0,0.1569064,0.1569064,9.80665,0.003117056535640445,-0.03124323219607404,-0.9995069255305253,1.7992879915619133,-14.111,23.746,-11.059,0.9323197489381487,0.8826901502805945,96.1966376752456,36.9
94990.297328049,-0.6678,0.0003,-0.0112,-0.7442,0.015405239999999999,-0.0162694,-0.99974894,0.0,0.0,0.0,0.1569064,0.14709974999999997,9.80665,0.0021233835476505425,-0.03135135780491511,-0.999506144831061,1.8007122021381659,-14.111,23.746,-11.059,0.9323197489381487,0.8826901502805945,96.1966376752456,36.9
94990.33744666,-0.6678,0.0003,-0.0112,-0.7442,0.015405239999999999,-0.0162694,-0.99974894,0.0,0.0,0.0,0.1569064,0.16671305,9.81645665,0.004092096512605829,-0.031121040839236926,-0.9995072210435095,1.7987482672781017,-14.111,23.746,-11.059,0.9323197489381487,0.8826901502805945,96.1966376752456,36.9
94990.387400088,-0.6678,0.0003,-0.0112,-0.7442,0.015405239999999999,-0.0162694,-0.99974894,0.0,0.0,0.0,0.1372931,0.1569064,9.81645665,0.0028839708562702817,-0.029244560116408812,-0.9995681066028239,1.683960206422657,-14.111,23.746,-11.059,0.9323197489381487,0.8826901502805945,96.1966376752456,36.9
94990.427368331,-0.6678,0.0003,-0.0112,-0.7442,0.015405239999999999,-0.0162694,-0.99974894,0.0,0.0,0.0,0.14709974999999997,0.1569064,9.79684335,0.0030267466131673436,-0.030263190365134127,-0.9995373598420901,1.7428725274222563,-14.111,23.746,-11.059,0.9323197489381487,0.8826901502805945,96.1966376752456,36.9
94990.467580661,-0.6678,0.0003,-0.0112,-0.7442,0.015405239999999999,-0.0162694,-0.99974894,0.0,0.0,0.0,0.1569064,0.1569064,9.80665,0.003117056535640445,-0.03124323219607404,-0.9995069255305253,1.7992879915619133,-14.111,23.746,-11.059,0.9323197489381487,0.8826901502805945,96.1966376752456,36.9
94990.517374595,-0.6678,0.0003,-0.0112,-0.7442,0.015405239999999999,-0.0162694,-0.99974894,0.0,0.0,0.0,0.1569064,0.1569064,9.79684335,0.0031346981151117795,-0.03125740720811485,-0.9995064271138527,1.8001971798192231,-14.111,23.746,-11.059,0.9323197489381487,0.8826901502805945,96.1966376752456,36.9
94990.547331332,-0.6678,0.0003,-0.0112,-0.7442,0.015405239999999999,-0.0162694,-0.99974894,0.0,0.0,0.0,0.1569064,0.1569064,9.80665,0.003117056535640445,-0.03124323219607404,-0.9995069255305253,1.7992879915619133,-14.111,23.746,-11.059,0.9323197489381487,0.8826901502805945,96.1966376752456,36.9
94990.597374554,-0.6678,0.0003,-0.0112,-0.7442,0.015405239999999999,-0.0162694,-0.99974894,0.0,0.0,0.0,0.14709974999999997,0.1569064,9.80665,0.0030092126113728454,-0.030250008387606466,-0.9995378118560572,1.7420208786760714,-14.111,23.746,-11.059,0.9323197489381487,0.8826901502805945,96.1966376752456,36.9
94990.637395928,-0.6678,0.0003,-0.0112,-0.7442,0.015405239999999999,-0.0162694,-0.99974894,0.0,0.0,0.0,0.16671305,0.16671305,9.826263299999999,0.004181140355115624,-0.032098197373980404,-0.9994759461804456,1.854952448769848,-14.111,23.746,-11.059,0.9323197489381487,0.8826901502805945,96.1966376752456,36.9
94990.677408715,-0.6678,0.0003,-0.0112,-0.7442,0.015405239999999999,-0.0162694,-0.99974894,0.0,0.0,0.0,0.1569064,0.1569064,9.80665,0.003117056535640445,-0.03124323219607404,-0.9995069255305253,1.7992879915619133,-14.111,23.746,-11.059,0.9323197489381487,0.8826901502805945,96.1966376752456,36.9
94990.72751874,-0.6678,0.0003,-0.0112,-0.7442,0.015405239999999999,-0.0162694,-0.99974894,0.0,0.0,0.0,0.14709974999999997,0.16671305,9.79684335,0.004021395675623268,-0.030154942783498583,-0.9995371243050962,1.7433156749769383,-14.111,23.746,-11.059,0.9323197489381487,0.8826901502805945,96.1966376752456,36.9
94990.767350291,-0.6678,0.0003,-0.0112,-0.7442,0.015405239999999999,-0.0162694,-0.99974894,0.0,0.0,0.0,0.14709974999999997,0.14709974999999997,9.79684335,0.0020320626424557096,-0.030371411114119035,-0.9995365945710428,1.7443137506237665,-14.111,23.746,-11.059,0.9323197489381487,0.8826901502805945,96.1966376752456,36.9
94990.817634236,-0.6678,0.0003,-0.0112,-0.7442,0.015405239999999999,-0.0162694,-0.99974894,0.0,0.0,0.0,0.1569064,0.1569064,9.81645665,0.003099450184467731,-0.031229085475292538,-0.9995074224411556,1.7983810930628839,-14.111,23.746,-11.059,0.9323197489381487,0.8826901502805945,96.1966376752456,36.9
94990.857396031,-0.6678,0.0003,-0.0112,-0.7442,0.015405239999999999,-0.0162694,-0.99974894,0.0,0.0,0.0,0.1569064,0.1569064,9.81645665,0.003099450184467731,-0.031229085475292538,-0.9995074224411556,1.7983810930628839,-14.111,23.746,-11.059,0.9323197489381487,0.8826901502805945,96.1966376752456,36.9
94990.897388901,-0.6678,0.0003,-0.0112,-0.7442,0.015405239999999999,-0.0162694,-0.99974894,0.0,0.0,0.0,0.1569064,0.1569064,9.80665,0.003117056535640445,-0.03124323219607404,-0.9995069255305253,1.7992879915619133,-14.111,23.746,-11.059,0.9323197489381487,0.8826901502805945,96.1966376752456,36.9
94990.947392702,-0.6678,0.0003,-0.0112,-0.7442,0.015405239999999999,-0.0162694,-0.99974894,0.0,0.0,0.0,0.14709974999999997,0.1569064,9.80665,0.0030092126113728454,-0.030250008387606466,-0.9995378118560572,1.7420208786760714,-14.111,23.746,-11.059,0.9323197489381487,0.8826901502805945,96.1966376752456,36.9
94990.987320593,-0.6678,0.0003,-0.0112,-0.7442,0.015405239999999999,-0.0162694,-0.99974894,0.0,0.0,0.0,0.14709974999999997,0.1569064,9.80665,0.0030092126113728454,-0.030250008387606466,-0.9995378118560572,1.7420208786760714,-14.111,23.746,-11.059,0.9323197489381487,0.8826901502805945,96.1966376752456,36.9
94991.027336975,-0.6678,0.0003,-0.0112,-0.7442,0.015405239999999999,-0.0162694,-0.99974894,0.0,0.0,0.0,0.14709974999999997,0.16671305,9.80665,0.00400286787511484,-0.030141869714647773,-0.9995375930393375,1.7424327428762185,-14.111,23.746,-11.059,0.9323197489381487,0.8826901502805945,96.1966376752456,36.9
94991.077358681,-0.6678,0.0003,-0.0112,-0.7442,0.015405239999999999,-0.0162694,-0.99974894,0.0,0.0,0.0,0.1569064,0.1569064,9.80665,0.003117056535640445,-0.03124323219607404,-0.9995069255305253,1.7992879915619133,-14.111,23.746,-11.059,0.9323197489381487,0.8826901502805945,96.1966376752456,36.9
94991.117517079,-0.6678,0.0003,-0.0112,-0.7442,0.015405239999999999,-0.0162694,-0.99974894,0.0,0.0,0.0,0.1569064,0.1569064,9.80665,0.003117056535640445,-0.03124323219607404,-0.9995069255305253,1.7992879915619133,-14.111,23.746,-11.059,0.9323197489381487,0.8826901502805945,96.1966376752456,36.9
94991.16733441,-0.6678,0.0003,-0.0112,-0.7442,0.015405239999999999,-0.0162694,-0.99974894,0.0,0.0,0.0,0.16671305,0.16671305,9.81645665,0.0041998084342709085,-0.03211319623815377,-0.999475386048838,1.8559435439129215,-14.111,23.746,-11.059,0.9323197489381487,0.8826901502805945,96.1966376752456,36.9
94991.207624778,-0.6678,0.0003,-0.0112,-0.7442,0.015405239999999999,-0.0162694,-0.99974894,0.0,0.0,0.0,0.1372931,0.16671305,9.79684335,0.003913454126924199,-0.029160680616807277,-0.9995670563791406,1.6860059357588242,-14.111,23.746,-11.059,0.9323197489381487,0.8826901502805945,96.1966376752456,36.9
94991.257382926,-0.6678,0.0003,-0.0112,-0.7442,0.015405239999999999,-0.0162694,-0.99974894,0.0,0.0,0.0,0.1569064,0.16671305,9.81645665,0.004092096512605829,-0.031121040839236926,-0.9995072210435095,1.7987482672781017,-14.111,23.746,-11.059,0.9323197489381487,0.8826901502805945,96.1966376752456,36.9
94991.297361212,-0.6678,0.0003,-0.0112,-0.7442,0.015405239999999999,-0.0162694,-0.99974894,0.0,0.0,0.0,0.14709974999999997,0.1569064,9.80665,0.0030092126113728454,-0.030250008387606466,-0.9995378118560572,1.7420208786760714,-14.111,23.746,-11.059,0.9323197489381487,0.8826901502805945,96.1966376752456,36.9
94991.337300794,-0.6678,0.0003,-0.0112,-0.7442,0.015405239999999999,-0.0162694,-0.99974894,0.0,0.0,0.0,0.1569064,0.1569064,9.79684335,0.0031346981151117795,-0.03125740720811485,-0.9995064271138527,1.8001971798192231,-14.111,23.746,-11.059,0.9323197489381487,0.8826901502805945,96.1966376752456,36.9
94991.387286672,-0.6678,0.0003,-0.0112,-0.7442,0.015405239999999999,-0.0162694,-0.99974894,0.0,0.0,0.0,0.14709974999999997,0.1569064,9.79684335,0.0030267466131673436,-0.030263190365134127,-0.9995373598420901,1.7428725274222563,-14.111,23.746,-11.059,0.9323197489381487,0.8826901502805945,96.1966376752456,36.9
94991.427432166,-0.6678,0.0003,-0.0112,-0.7442,0.015405239999999999,-0.0162694,-0.99974894,0.0,0.0,0.0,0.14709974999999997,0.16671305,9.80665,0.00400286787511484,-0.030141869714647773,-0.9995375930393375,1.7424327428762185,-14.111,23.746,-11.059,0.9323197489381487,0.8826901502805945,96.1966376752456,36.9
94991.477373423,-0.6678,0.0003,-0.0112,-0.7442,0.015405239999999999,-0.0162694,-0.99974894,0.0,0.0,0.0,0.1569064,0.17651969999999997,9.80665,0.005104294849067147,-0.03102689802387592,-0.9995054907846944,1.8019029006056122,-14.111,23.746,-11.059,0.9323197489381487,0.8826901502805945,96.1966376752456,36.9
94991.517316573,-0.6678,0.0003,-0.0112,-0.7442,0.015405239999999999,-0.0162694,-0.99974894,0.0,0.0,0.0,0.14709974999999997,0.1569064,9.80665,0.0030092126113728454,-0.030250008387606466,-0.9995378118560572,1.7420208786760714,-14.111,23.746,-11.059,0.9323197489381487,0.8826901502805945,96.1966376752456,36.9
94991.557346334,-0.6678,0.0003,-0.0112,-0.7442,0.015405239999999999,-0.0162694,-0.99974894,0.0,0.0,0.0,0.1372931,0.1569064,9.81645665,0.0028839708562702817,-0.029244560116408812,-0.9995681066028239,1.683960206422657,-14.111,23.746,-11.059,0.9323197489381487,0.8826901502805945,96.1966376752456,36.9
94991.607299405,-0.6678,0.0003,-0.0112,-0.7442,0.015405239999999999,-0.0162694,-0.99974894,0.0,0.0,0.0,0.14709974999999997,0.1569064,9.80665,0.0030092126113728454,-0.030250008387606466,-0.9995378118560572,1.7420208786760714,-14.111,23.746,-11.059,0.9323197489381487,0.8826901502805945,96.1966376752456,36.9
94991.647568227,-0.6678,0.0003,-0.0112,-0.7442,0.015405239999999999,-0.0162694,-0.99974894,0.0,0.0,0.0,0.1569064,0.1569064,9.80665,0.003117056535640445,-0.03124323219607404,-0.9995069255305253,1.7992879915619133,-14.111,23.746,-11.059,0.9323197489381487,0.8826901502805945,96.1966376752456,36.9
94991.68741905,-0.6678,0.0003,-0.0112,-0.7442,0.015405239999999999,-0.0162694,-0.99974894,0.0,0.0,0.0,0.1569064,0.1569064,9.79684335,0.0031346981151117795,-0.03125740720811485,-0.9995064271138527,1.8001971798192231,-14.111,23.746,-11.059,0.9323197489381487,0.8826901502805945,96.1966376752456,36.9
94991.737334865,-0.6678,0.0003,-0.0112,-0.7442,0.015405239999999999,-0.0162694,-0.99974894,0.0,0.0,0.0,0.14709974999999997,0.1569064,9.79684335,0.0030267466131673436,-0.030263190365134127,-0.9995373598420901,1.7428725274222563,-14.111,23.746,-11.059,0.9323197489381487,0.8826901502805945,96.1966376752456,36.9
94991.78743237,-0.6678,0.0003,-0.0112,-0.7442,0.015405239999999999,-0.0162694,-0.99974894,0.0,0.0,0.0,0.14709974999999997,0.16671305,9.81645665,0.003984377072136733,-0.030128822736947673,-0.999538060324805,1.74155209426413,-14.111,23.746,-11.059,0.9323197489381487,0.8826901502805945,96.1966376752456,36.9
94991.827286234,-0.6678,0.0003,-0.0112,-0.7442,0.015405239999999999,-0.0162694,-0.99974894,0.0,0.0,0.0,0.16671305,0.16671305,9.80665,0.004218513825620747,-0.032128225064259566,-0.99947482422231,1.8569371067737945,-14.111,23.746,-11.059,0.9323197489381487,0.8826901502805945,96.1966376752456,36.9
94991.867442783,-0.6678,0.0003,-0.0112,-0.7442,0.015405239999999999,-0.0162694,-0.99974894,0.0,0.0,0.0,0.1569064,0.1569064,9.79684335,0.0031346981151117795,-0.03125740720811485,-0.9995064271138527,1.8001971798192231,-14.111,23.746,-11.059,0.9323197489381487,0.8826901502805945,96.1966376752456,36.9
94991.917348288,-0.6678,0.0003,-0.0112,-0.7442,0.015405239999999999,-0.0162694,-0.99974894,0.0,0.0,0.0,0.1569064,0.1569064,9.81645665,0.003099450184467731,-0.031229085475292538,-0.9995074224411556,1.7983810930628839,-14.111,23.746,-11.059,0.9323197489381487,0.8826901502805945,96.1966376752456,36.9
94991.957405303,-0.6678,0.0003,-0.0112,-0.7442,0.015405239999999999,-0.0162694,-0.99974894,0.0,0.0,0.0,0.14709974999999997,0.1569064,9.79684335,0.0030267466131673436,-0.030263190365134127,-0.9995373598420901,1.7428725274222563,-14.111,23.746,-11.059,0.9323197489381487,0.8826901502805945,96.1966376752456,36.9
94991.997297587,-0.6678,0.0003,-0.0112,-0.7442,0.015405239999999999,-0.0162694,-0.99974894,0.0,0.0,0.0,0.14709974999999997,0.1569064,9.80665,0.0030092126113728454,-0.030250008387606466,-0.9995378118560572,1.7420208786760714,-14.111,23.746,-11.059,0.9323197489381487,0.8826901502805945,96.1966376752456,36.9
94992.047581786,-0.6678,0.0003,-0.0112,-0.7442,0.015405239999999999,-0.0162694,-0.99974894,0.0,0.0,0.0,0.1569064,0.16671305,9.80665,0.0041106946282946,-0.031135078826691927,-0.9995067074819122,1.7996853530233397,-14.111,23.746,-11.059,0.9323197489381487,0.8826901502805945,96.1966376752456,36.9
94992.087350229,-0.6678,0.0003,-0.0112,-0.7442,0.015405239999999999,-0.0162694,-0.99974894,0.0,0.0,0.0,0.14709974999999997,0.14709974999999997,9.80665,0.002015522558430788,-0.03035812029120155,-0.9995370318629208,1.7434905247005947,-14.111,23.746,-11.059,0.9323197489381487,0.8826901502805945,96.1966376752456,36.9
94992.137528447,-0.6678,0.0003,-0.0112,-0.7442,0.015405239999999999,-0.0162694,-0.99974894,0.0,0.0,0.0,0.1569064,0.1569064,9.7870367,0.0031523750286921153,-0.031271610596345284,-0.9995059271850746,1.8011086654200716,-14.111,23.746,-11.059,0.9323197489381487,0.8826901502805945,96.1966376752456,36.9
94992.17742095,-0.6678,0.0003,-0.0112,-0.7442,0.015405239999999999,-0.0162694,-0.99974894,0.0,0.0,0.0,0.16671305,0.14709974999999997,9.80665,0.0022312389652525463,-0.03234453222310624,-0.999474260033829,1.8579350415615448,-14.111,23.746,-11.059,0.9323197489381487,0.8826901502805945,96.1966376752456,36.9
94992.227328018,-0.6678,0.0003,-0.0112,-0.7442,0.015405239999999999,-0.0162694,-0.99974894,0.0,0.0,0.0,0.1569064,0.1569064,9.81645665,0.003099450184467731,-0.031229085475292538,-0.9995074224411556,1.7983810930628839,-14.111,23.746,-11.059,0.9323197489381487,0.8826901502805945,96.1966376752456,36.9
94992.267382371,-0.6678,0.0003,-0.0112,-0.7442,0.015405239999999999,-0.0162694,-0.99974894,0.0,0.0,0.0,0.1569064,0.16671305,9.79684335,0.004129329954906585,-0.03114914488593511,-0.9995061923480414,1.8006248178254334,-14.111,23.746,-11.059,0.9323197489381487,0.8826901502805945,96.1966376752456,36.9
94992.30736744,-0.6678,0.0003,-0.0112,-0.7442,0.015405239999999999,-0.0162694,-0.99974894,0.0,0.0,0.0,0.1569064,0.1569064,9.80665,0.003117056535640445,-0.03124323219607404,-0.9995069255305253,1.7992879915619133,-14.111,23.746,-11.059,0.9323197489381487,0.8826901502805945,96.1966376752456,36.9
94992.347312885,-0.6678,0.0003,-0.0112,-0.7442,0.015405239999999999,-0.0162694,-0.99974894,0.0,0.0,0.0,0.1569064,0.14709974999999997,9.80665,0.0021233835476505425,-0.03135135780491511,-0.999506144831061,1.8007122021381659,-14.111,23.746,-11.059,0.9323197489381487,0.8826901502805945,96.1966376752456,36.9
94992.397372565,-0.6678,0.0003,-0.0112,-0.7442,0.015405239999999999,-0.0162694,-0.99974894,0.0,0.0,0.0,0.1372931,0.1569064,9.80665,0.0029013624461654217,-0.029256724567237227,-0.9995677002609336,1.6847522015228853,-14.111,23.746,-11.059,0.9323197489381487,0.8826901502805945,96.1966376752456,36.9
94992.437303736,-0.6678,0.0003,-0.0112,-0.7442,0.015405239999999999,-0.0162694,-0.99974894,0.0,0.0,0.0,0.14709974999999997,0.16671305,9.80665,0.00400286787511484,-0.030141869714647773,-0.9995375930393375,1.7424327428762185,-14.111,23.746,-11.059,0.9323197489381487,0.8826901502805945,96.1966376752456,36.9
94992.477316421,-0.6678,0.0003,-0.0112,-0.7442,0.015405239999999999,-0.0162694,-0.99974894,0.0,0.0,0.0,0.14709974999999997,0.16671305,9.80665,0.00400286787511484,-0.030141869714647773,-0.9995375930393375,1.7424327428762185,-14.111,23.746,-11.059,0.9323197489381487,0.8826901502805945,96.1966376752456,36.9
94992.517406485,-0.6678,0.0003,-0.0112,-0.7442,0.015405239999999999,-0.0162694,-0.99974894,0.0,0.0,0.0,0.1372931,0.14709974999999997,9.80665,0.001907656320599983,-0.02936482265527547,-0.999566920944011,1.6862704283863874,-14.111,23.746,-11.059,0.9323197489381487,0.8826901502805945,96.1966376752456,36.9
94992.55734691,-0.6678,0.0003,-0.0112,-0.7442,0.015405239999999999,-0.0162694,-0.99974894,0.0,0.0,0.0,0.1569064,0.1569064,9.80665,0.003117056535640445,-0.03124323219607404,-0.9995069255305253,1.7992879915619133,-14.111,23.746,-11.059,0.9323197489381487,0.8826901502805945,96.1966376752456,36.9
94992.597354753,-0.6678,0.0003,-0.0112,-0.7442,0.015405239999999999,-0.0162694,-0.99974894,0.0,0.0,0.0,0.1372931,0.1569064,9.80665,0.0029013624461654217,-0.029256724567237227,-0.9995677002609336,1.6847522015228853,-14.111,23.746,-11.059,0.9323197489381487,0.8826901502805945,96.1966376752456,36.9
94992.637570396,-0.6678,0.0003,-0.0112,-0.7442,0.015405239999999999,-0.0162694,-0.99974894,0.0,0.0,0.0,0.1569064,0.14709974999999997,9.80665,0.0021233835476505425,-0.03135135780491511,-0.999506144831061,1.8007122021381659,-14.111,23.746,-11.059,0.9323197489381487,0.8826901502805945,96.1966376752456,36.9
94992.677366215,-0.6678,0.0003,-0.0112,-0.7442,0.015405239999999999,-0.0162694,-0.99974894,0.0,0.0,0.0,0.1372931,0.1569064,9.81645665,0.0028839708562702817,-0.029244560116408812,-0.9995681066028239,1.683960206422657,-14.111,23.746,-11.059,0.9323197489381487,0.8826901502805945,96.1966376752456,36.9
94992.707531231,-0.6678,0.0003,-0.0112,-0.7442,0.015405239999999999,-0.0162694,-0.99974894,0.0,0.0,0.0,0.1569064,0.1569064,9.79684335,0.0031346981151117795,-0.03125740720811485,-0.9995064271138527,1.8001971798192231,-14.111,23.746,-11.059,0.9323197489381487,0.8826901502805945,96.1966376752456,36.9
94992.747387668,-0.6678,0.0003,-0.0112,-0.7442,0.015405239999999999,-0.0162694,-0.99974894,0.0,0.0,0.0,0.14709974999999997,0.14709974999999997,9.81645665,0.001999015505771846,-0.030344855997807056,-0.9995374678325428,1.7426694009180423,-14.111,23.746,-11.059,0.9323197489381487,0.8826901502805945,96.1966376752456,36.9
94992.797338951,-0.6678,0.0003,-0.0112,-0.7442,0.015405239999999999,-0.0162694,-0.99974894,0.0,0.0,0.0,0.1569064,0.16671305,9.81645665,0.004092096512605829,-0.031121040839236926,-0.9995072210435095,1.7987482672781017,-14.111,23.746,-11.059,0.9323197489381487,0.8826901502805945,96.1966376752456,36.9
94992.83741313,-0.6678,0.0003,-0.0112,-0.7442,0.015405239999999999,-0.0162694,-0.99974894,0.0,0.0,0.0,0.14709974999999997,0.1569064,9.80665,0.0030092126113728454,-0.030250008387606466,-0.9995378118560572,1.7420208786760714,-14.111,23.746,-11.059,0.9323197489381487,0.8826901502805945,96.1966376752456,36.9
94992.887374794,-0.6678,0.0003,-0.0112,-0.7442,0.015405239999999999,-0.0162694,-0.99974894,0.0,0.0,0.0,0.14709974999999997,0.1569064,9.79684335,0.0030267466131673436,-0.030263190365134127,-0.9995373598420901,1.7428725274222563,-14.111,23.746,-11.059,0.9323197489381487,0.8826901502805945,96.1966376752456,36.9
94992.927483627,-0.6678,0.0003,-0.0112,-0.7442,0.015405239999999999,-0.0162694,-0.99974894,0.0,0.0,0.0,0.16671305,0.16671305,9.80665,0.004218513825620747,-0.032128225064259566,-0.99947482422231,1.8569371067737945,-14.111,23.746,-11.059,0.9323197489381487,0.8826901502805945,96.1966376752456,36.9
94992.987431966,-0.6678,0.0003,-0.0112,-0.7442,0.015405239999999999,-0.0162694,-0.99974894,0.0,0.0,0.0,0.1569064,0.16671305,9.80665,0.0041106946282946,-0.031135078826691927,-0.9995067074819122,1.7996853530233397,-14.111,23.746,-11.059,0.9323197489381487,0.8826901502805945,96.1966376752456,36.9
94993.027406496,-0.6678,0.0003,-0.0112,-0.7442,0.015405239999999999,-0.0162694,-0.99974894,0.0,0.0,0.0,0.1569064,0.16671305,9.79684335,0.004129329954906585,-0.03114914488593511,-0.9995061923480414,1.8006248178254334,-14.111,23.746,-11.059,0.9323197489381487,0.8826901502805945,96.1966376752456,36.9
94993.067569431,-0.6678,0.0003,-0.0112,-0.7442,0.015405239999999999,-0.0162694,-0.99974894,0.0,0.0,0.0,0.1569064,0.16671305,9.79684335,0.004129329954906585,-0.03114914488593511,-0.9995061923480414,1.8006248178254334,-14.111,23.746,-11.059,0.9323197489381487,0.8826901502805945,96.1966376752456,36.9
94993.117581984,-0.6678,0.0003,-0.0112,-0.7442,0.015405239999999999,-0.0162694,-0.99974894,0.0,0.0,0.0,0.1569064,0.14709974999999997,9.81645665,0.0021067690798592543,-0.03133710241683872,-0.9995066270827034,1.7998327575210669,-14.111,23.746,-11.059,0.9323197489381487,0.8826901502805945,96.1966376752456,36.9
94993.157483877,-0.6678,0.0003,-0.0112,-0.7442,0.015405239999999999,-0.0162694,-0.99974894,0.0,0.0,0.0,0.1372931,0.1569064,9.80665,0.0029013624461654217,-0.029256724567237227,-0.9995677002609336,1.6847522015228853,-14.111,23.746,-11.059,0.9323197489381487,0.8826901502805945,96.1966376752456,36.9
94993.207507889,-0.6678,0.0003,-0.0112,-0.7442,0.015405239999999999,-0.0162694,-0.99974894,0.0,0.0,0.0,0.14709974999999997,0.1569064,9.80665,0.0030092126113728454,-0.030250008387606466,-0.9995378118560572,1.7420208786760714,-14.111,23.746,-11.059,0.9323197489381487,0.8826901502805945,96.1966376752456,36.9
94993.247451896,-0.6678,0.0003,-0.0112,-0.7442,0.015405239999999999,-0.0162694,-0.99974894,0.0,0.0,0.0,0.14709974999999997,0.14709974999999997,9.80665,0.002015522558430788,-0.03035812029120155,-0.9995370318629208,1.7434905247005947,-14.111,23.746,-11.059,0.9323197489381487,0.8826901502805945,96.1966376752456,36.9
94993.287422895,-0.6678,0.0003,-0.0112,-0.7442,0.015405239999999999,-0.0162694,-0.99974894,0.0,0.0,0.0,0.1569064,0.1569064,9.80665,0.003117056535640445,-0.03124323219607404,-0.9995069255305253,1.7992879915619133,-14.111,23.746,-11.059,0.9323197489381487,0.8826901502805945,96.1966376752456,36.9
94993.327433785,-0.6678,0.0003,-0.0112,-0.7442,0.015405239999999999,-0.0162694,-0.99974894,0.0,0.0,0.0,0.1372931,0.1569064,9.826263299999999,0.002866613963194913,-0.029232419921843604,-0.9995685116848698,1.6831702959657007,-14.111,23.746,-11.059,0.9323197489381487,0.8826901502805945,96.1966376752456,36.9
94993.367417379,-0.6678,0.0003,-0.0112,-0.7442,0.015405239999999999,-0.0162694,-0.99974894,0.0,0.0,0.0,0.1372931,0.1569064,9.80665,0.0029013624461654217,-0.029256724567237227,-0.9995677002609336,1.6847522015228853,-14.111,23.746,-11.059,0.9323197489381487,0.8826901502805945,96.1966376752456,36.9
94993.407560943,-0.6678,0.0003,-0.0112,-0.7442,0.015405239999999999,-0.0162694,-0.99974894,0.0,0.0,0.0,0.14709974999999997,0.1569064,9.7870367,0.003044315734836059,-0.030276398732096338,-0.9995369064399966,1.7437263737492235,-14.111,23.746,-11.059,0.9323197489381487,0.8826901502805945,96.1966376752456,36.9
94993.447415923,-0.6678,0.0003,-0.0112,-0.7442,0.015405239999999999,-0.0162694,-0.99974894,0.0,0.0,0.0,0.1372931,0.16671305,9.81645665,0.0038766504346004604,-0.029136544895454815,-0.9995679037080416,1.684355233565222,-14.111,23.746,-11.059,0.9323197489381487,0.8826901502805945,96.1966376752456,36.9
94993.477416711,-0.6678,0.0003,-0.0112,-0.7442,0.015405239999999999,-0.0162694,-0.99974894,0.0,0.0,0.0,0.1372931,0.16671305,9.80665,0.003895033888780375,-0.029148600701182144,-0.9995674807092106,1.6851794900492587,-14.111,23.746,-11.059,0.9323197489381487,0.8826901502805945,96.1966376752456,36.9
94993.517405382,-0.6678,0.0003,-0.0112,-0.7442,0.015405239999999999,-0.0162694,-0.99974894,0.0,0.0,0.0,0.1569064,0.1569064,9.80665,0.003117056535640445,-0.03124323219607404,-0.9995069255305253,1.7992879915619133,-14.111,23.746,-11.059,0.9323197489381487,0.8826901502805945,96.1966376752456,36.9
94993.557599596,-0.6678,0.0003,-0.0112,-0.7442,0.015405239999999999,-0.0162694,-0.99974894,0.0,0.0,0.0,0.1569064,0.1569064,9.79684335,0.0031346981151117795,-0.03125740720811485,-0.9995064271138527,1.8001971798192231,-14.111,23.746,-11.059,0.9323197489381487,0.8826901502805945,96.1966376752456,36.9
94993.607485733,-0.6678,0.0003,-0.0112,-0.7442,0.015405239999999999,-0.0162694,-0.99974894,0.0,0.0,0.0,0.14709974999999997,0.1569064,9.80665,0.0030092126113728454,-0.030250008387606466,-0.9995378118560572,1.7420208786760714,-14.111,23.746,-11.059,0.9323197489381487,0.8826901502805945,96.1966376752456,36.9
94993.637402414,-0.6678,0.0003,-0.0112,-0.7442,0.015405239999999999,-0.0162694,-0.99974894,0.0,0.0,0.0,0.1569064,0.1569064,9.80665,0.003117056535640445,-0.03124323219607404,-0.9995069255305253,1.7992879915619133,-14.111,23.746,-11.059,0.9323197489381487,0.8826901502805945,96.1966376752456,36.9
94993.677432709,-0.6678,0.0003,-0.0112,-0.7442,0.015405239999999999,-0.0162694,-0.99974894,0.0,0.0,0.0,0.1569064,0.16671305,9.80665,0.0041106946282946,-0.031135078826691927,-0.9995067074819122,1.7996853530233397,-14.111,23.746,-11.059,0.9323197489381487,0.8826901502805945,96.1966376752456,36.9
94993.717405189,-0.6678,0.0003,-0.0112,-0.7442,0.015405239999999999,-0.0162694,-0.99974894,0.0,0.0,0.0,0.1569064,0.16671305,9.80665,0.0041106946282946,-0.031135078826691927,-0.9995067074819122,1.7996853530233397,-14.111,23.746,-11.059,0.9323197489381487,0.8826901502805945,96.1966376752456,36.9
94993.757502424,-0.6678,0.0003,-0.0112,-0.7442,0.015405239999999999,-0.0162694,-0.99974894,0.0,0.0,0.0,0.1569064,0.16671305,9.81645665,0.004092096512605829,-0.031121040839236926,-0.9995072210435095,1.7987482672781017,-14.111,23.746,-11.059,0.9323197489381487,0.8826901502805945,96.1966376752456,36.9
94993.787462568,-0.6678,0.0003,-0.0112,-0.7442,0.015405239999999999,-0.0162694,-0.99974894,0.0,0.0,0.0,0.1569064,0.1569064,9.80665,0.003117056535640445,-0.03124323219607404,-0.9995069255305253,1.7992879915619133,-14.111,23.746,-11.059,0.9323197489381487,0.8826901502805945,96.1966376752456,36.9
94993.827429317,-0.6678,0.0003,-0.0112,-0.7442,0.015405239999999999,-0.0162694,-0.99974894,0.0,0.0,0.0,0.1569064,0.1569064,9.79684335,0.0031346981151117795,-0.03125740720811485,-0.9995064271138527,1.8001971798192231,-14.111,23.746,-11.059,0.9323197489381487,0.8826901502805945,96.1966376752456,36.9
94993.867386069,-0.6678,0.0003,-0.0112,-0.7442,0.015405239999999999,-0.0162694,-0.99974894,0.0,0.0,0.0,0.1372931,0.1569064,9.80665,0.0029013624461654217,-0.029256724567237227,-0.9995677002609336,1.6847522015228853,-14.111,23.746,-11.059,0.9323197489381487,0.8826901502805945,96.1966376752456,36.9
94993.907426225,-0.6678,0.0003,-0.0111,-0.7442,0.01527168,-0.01612056,-0.9997534,0.0,0.0,0.0,0.1569064,0.14709974999999997,9.79684335,0.0022734867718135782,-0.031216838518980876,-0.9995100243465693,1.7936231952227968,-14.111,23.746,-11.059,0.923787820938304,0.8750368256176227,96.19638320404547,36.9
94993.947480967,-0.6678,0.0003,-0.0111,-0.7442,0.01527168,-0.01612056,-0.9997534,0.0,0.0,0.0,0.1569064,0.1569064,9.80665,0.0032505100559111436,-0.03109443124424304,-0.9995111399717665,1.791579697272811,-14.111,23.746,-11.059,0.923787820938304,0.8750368256176227,96.19638320404547,36.9
94993.9874563,-0.6678,0.0003,-0.0111,-0.7442,0.01527168,-0.01612056,-0.9997534,0.0,0.0,0.0,0.14709974999999997,0.14709974999999997,9.81645665,0.002132477807818252,-0.030196050307575238,-0.9995416979117533,1.7346802233773462,-14.111,23.746,-11.059,0.923787820938304,0.8750368256176227,96.19638320404547,36.9
94994.02746628,-0.6678,0.0003,-0.0111,-0.7442,0.01527168,-0.01612056,-0.9997534,0.0,0.0,0.0,0.14709974999999997,0.1569064,9.80665,0.0031426726580903626,-0.030101205070501853,-0.9995418928346997,1.7343109509732515,-14.111,23.746,-11.059,0.923787820938304,0.8750368256176227,96.19638320404547,36.9
94994.067618194,-0.6678,0.0003,-0.0111,-0.7442,0.01527168,-0.01612056,-0.9997534,0.0,0.0,0.0,0.1569064,0.1569064,9.79684335,0.003268151494612884,-0.03110860633350599,-0.9995106413082719,1.792493242895326,-14.111,23.746,-11.059,0.923787820938304,0.8750368256176227,96.19638320404547,36.9
94994.117405479,-0.6678,0.0003,-0.0111,-0.7442,0.01527168,-0.01612056,-0.9997534,0.0,0.0,0.0,0.1569064,0.1569064,9.80665,0.0032505100559111436,-0.03109443124424304,-0.9995111399717665,1.791579697272811,-14.111,23.746,-11.059,0.923787820938304,0.8750368256176227,96.19638320404547,36.9
94994.157445509,-0.6678,0.0003,-0.0111,-0.7442,0.01527168,-0.01612056,-0.9997534,0.0,0.0,0.0,0.1569064,0.16671305,9.81645665,0.004225547916961591,-0.030972242259416066,-0.9995112870108236,1.7913097569056282,-14.111,23.746,-11.059,0.923787820938304,0.8750368256176227,96.19638320404547,36.9
94994.197452665,-0.6678,0.0003,-0.0111,-0.7442,0.01527168,-0.01612056,-0.9997534,0.0,0.0,0.0,0.1569064,0.1569064,9.80665,0.0032505100559111436,-0.03109443124424304,-0.9995111399717665,1.791579697272811,-14.111,23.746,-11.059,0.923787820938304,0.8750368256176227,96.19638320404547,36.9
94994.237445906,-0.6678,0.0003,-0.0111,-0.7442,0.01527168,-0.01612056,-0.9997534,0.0,0.0,0.0,0.14709974999999997,0.1569064,9.79684335,0.0031602065277135504,-0.030114387120577582,-0.9995414404404406,1.7351670992359567,-14.111,23.746,-11.059,0.923787820938304,0.8750368256176227,96.19638320404547,36.9
94994.277466116,-0.6678,0.0003,-0.0111,-0.7442,0.01527168,-0.01612056,-0.9997534,0.0,0.0,0.0,0.1569064,0.1569064,9.79684335,0.003268151494612884,-0.03110860633350599,-0.9995106413082719,1.792493242895326,-14.111,23.746,-11.059,0.923787820938304,0.8750368256176227,96.19638320404547,36.9
94994.317640735,-0.6678,0.0003,-0.0111,-0.7442,0.01527168,-0.01612056,-0.9997534,0.0,0.0,0.0,0.1569064,0.1569064,9.80665,0.0032505100559111436,-0.03109443124424304,-0.9995111399717665,1.791579697272811,-14.111,23.746,-11.059,0.923787820938304,0.8750368256176227,96.19638320404547,36.9
94994.357499555,-0.6678,0.0003,-0.0111,-0.7442,0.01527168,-0.01612056,-0.9997534,0.0,0.0,0.0,0.1569064,0.1569064,9.81645665,0.0032329038451587144,-0.03108028444646966,-0.9995116371287236,1.7906684477282686,-14.111,23.746,-11.059,0.923787820938304,0.8750368256176227,96.19638320404547,36.9
94994.39763548,-0.6678,0.0003,-0.0111,-0.7442,0.01527168,-0.01612056,-0.9997534,0.0,0.0,0.0,0.14709974999999997,0.14709974999999997,9.80665,0.0021489847328190533,-0.030209314668700814,-0.999541261711312,1.735505559742216,-14.111,23.746,-11.059,0.923787820938304,0.8750368256176227,96.19638320404547,36.9
94994.437596077,-0.6678,0.0003,-0.0111,-0.7442,0.01527168,-0.01612056,-0.9997534,0.0,0.0,0.0,0.14709974999999997,0.1569064,9.80665,0.0031426726580903626,-0.030101205070501853,-0.9995418928346997,1.7343109509732515,-14.111,23.746,-11.059,0.923787820938304,0.8750368256176227,96.19638320404547,36.9
94994.47740862,-0.6678,0.0003,-0.0111,-0.7442,0.01527168,-0.01612056,-0.9997534,0.0,0.0,0.0,0.16671305,0.14709974999999997,9.80665,0.002364687953268581,-0.03219573147998441,-0.9994787567983089,1.8499698754963279,-14.111,23.746,-11.059,0.923787820938304,0.8750368256176227,96.19638320404547,36.9
94994.517457871,-0.6678,0.0003,-0.0111,-0.7442,0.01527168,-0.01612056,-0.9997534,0.0,0.0,0.0,0.1372931,0.1569064,9.80665,0.00303482888615768,-0.029107919033488517,-0.9995716477688975,1.6770405198857037,-14.111,23.746,-11.059,0.923787820938304,0.8750368256176227,96.19638320404547,36.9
94994.557422211,-0.6678,0.0003,-0.0111,-0.7442,0.01527168,-0.01612056,-0.9997534,0.0,0.0,0.0,0.14709974999999997,0.16671305,9.81645665,0.004117834994186203,-0.029980021796627905,-0.9995419929626183,1.734120908550421,-14.111,23.746,-11.059,0.923787820938304,0.8750368256176227,96.19638320404547,36.9
94994.607431911,-0.6678,0.0003,-0.0111,-0.7442,0.01527168,-0.01612056,-0.9997534,0.0,0.0,0.0,0.1569064,0.14709974999999997,9.81645665,0.0022402248638703198,-0.031188299087328033,-0.9995109904910695,1.7918539173899233,-14.111,23.746,-11.059,0.923787820938304,0.8750368256176227,96.19638320404547,36.9
94994.647403707,-0.6678,0.0003,-0.0111,-0.7442,0.01527168,-0.01612056,-0.9997534,0.0,0.0,0.0,0.1372931,0.1569064,9.80665,0.00303482888615768,-0.029107919033488517,-0.9995716477688975,1.6770405198857037,-14.111,23.746,-11.059,0.923787820938304,0.8750368256176227,96.19638320404547,36.9
94994.697489948,-0.6678,0.0003,-0.0111,-0.7442,0.01527168,-0.01612056,-0.9997534,0.0,0.0,0.0,0.1569064,0.1569064,9.81645665,0.0032329038451587144,-0.03108028444646966,-0.9995116371287236,1.7906684477282686,-14.111,23.746,-11.059,0.923787820938304,0.8750368256176227,96.19638320404547,36.9
94994.737430805,-0.6678,0.0003,-0.0111,-0.7442,0.01527168,-0.01612056,-0.9997534,0.0,0.0,0.0,0.14709974999999997,0.1569064,9.80665,0.0031426726580903626,-0.030101205070501853,-0.9995418928346997,1.7343109509732515,-14.111,23.746,-11.059,0.923787820938304,0.8750368256176227,96.19638320404547,36.9
94994.777432262,-0.6678,0.0003,-0.0111,-0.7442,0.01527168,-0.01612056,-0.9997534,0.0,0.0,0.0,0.1569064,0.1569064,9.80665,0.0032505100559111436,-0.03109443124424304,-0.9995111399717665,1.791579697272811,-14.111,23.746,-11.059,0.923787820938304,0.8750368256176227,96.19638320404547,36.9
94994.817568569,-0.6678,0.0003,-0.0111,-0.7442,0.01527168,-0.01612056,-0.9997534,0.0,0.0,0.0,0.16671305,0.1569064,9.80665,0.003358340756798705,-0.03208759458150423,-0.9994793893650851,1.8488466414465488,-14.111,23.746,-11.059,0.923787820938304,0.8750368256176227,96.19638320404547,36.9
94994.867468531,-0.6678,0.0003,-0.0111,-0.7442,0.01527168,-0.01612056,-0.9997534,0.0,0.0,0.0,0.1569064,0.1569064,9.80665,0.0032505100559111436,-0.03109443124424304,-0.9995111399717665,1.791579697272811,-14.111,23.746,-11.059,0.923787820938304,0.8750368256176227,96.19638320404547,36.9
94994.907434392,-0.6678,0.0003,-0.0112,-0.7442,0.015405239999999999,-0.0162694,-0.99974894,0.0,0.0,0.0,0.14709974999999997,0.14709974999999997,9.80665,0.002015522558430788,-0.03035812029120155,-0.9995370318629208,1.7434905247005947,-14.111,23.746,-11.059,0.9323197489381487,0.8826901502805945,96.1966376752456,36.9
94994.94759051,-0.6678,0.0003,-0.0112,-0.7442,0.015405239999999999,-0.0162694,-0.99974894,0.0,0.0,0.0,0.1569064,0.1569064,9.80665,0.003117056535640445,-0.03124323219607404,-0.9995069255305253,1.7992879915619133,-14.111,23.746,-11.059,0.9323197489381487,0.8826901502805945,96.1966376752456,36.9
94994.997462031,-0.6678,0.0003,-0.0112,-0.7442,0.015405239999999999,-0.0162694,-0.99974894,0.0,0.0,0.0,0.14709974999999997,0.1569064,9.79684335,0.0030267466131673436,-0.030263190365134127,-0.9995373598420901,1.7428725274222563,-14.111,23.746,-11.059,0.9323197489381487,0.8826901502805945,96.1966376752456,36.9
94995.03749473,-0.6678,0.0003,-0.0112,-0.7442,0.015405239999999999,-0.0162694,-0.99974894,0.0,0.0,0.0,0.14709974999999997,0.16671305,9.79684335,0.004021395675623268,-0.030154942783498583,-0.9995371243050962,1.7433156749769383,-14.111,23.746,-11.059,0.9323197489381487,0.8826901502805945,96.1966376752456,36.9
94995.077460218,-0.6678,0.0003,-0.0112,-0.7442,0.015405239999999999,-0.0162694,-0.99974894,0.0,0.0,0.0,0.14709974999999997,0.16671305,9.80665,0.00400286787511484,-0.030141869714647773,-0.9995375930393375,1.7424327428762185,-14.111,23.746,-11.059,0.9323197489381487,0.8826901502805945,96.1966376752456,36.9
94995.127538928,-0.6678,0.0003,-0.0112,-0.7442,0.015405239999999999,-0.0162694,-0.99974894,0.0,0.0,0.0,0.1569064,0.1569064,9.80665,0.003117056535640445,-0.03124323219607404,-0.9995069255305253,1.7992879915619133,-14.111,23.746,-11.059,0.9323197489381487,0.8826901502805945,96.1966376752456,36.9
94995.167510221,-0.6678,0.0003,-0.0112,-0.7442,0.015405239999999999,-0.0162694,-0.99974894,0.0,0.0,0.0,0.1569064,0.1569064,9.81645665,0.003099450184467731,-0.031229085475292538,-0.9995074224411556,1.7983810930628839,-14.111,23.746,-11.059,0.9323197489381487,0.8826901502805945,96.1966376752456,36.9
94995.217591216,-0.6678,0.0003,-0.0112,-0.7442,0.015405239999999999,-0.0162694,-0.99974894,0.0,0.0,0.0,0.1569064,0.17651969999999997,9.80665,0.005104294849067147,-0.03102689802387592,-0.9995054907846944,1.8019029006056122,-14.111,23.746,-11.059,0.9323197489381487,0.8826901502805945,96.1966376752456,36.9
94995.247552601,-0.6678,0.0003,-0.0112,-0.7442,0.015405239999999999,-0.0162694,-0.99974894,0.0,0.0,0.0,0.16671305,0.1569064,9.80665,0.0032248938961149543,-0.03223639301945299,-0.9994750414697251,1.8565534116986957,-14.111,23.746,-11.059,0.9323197489381487,0.8826901502805945,96.1966376752456,36.9
94995.297423635,-0.6678,0.0003,-0.0112,-0.7442,0.015405239999999999,-0.0162694,-0.99974894,0.0,0.0,0.0,0.14709974999999997,0.16671305,9.80665,0.00400286787511484,-0.030141869714647773,-0.9995375930393375,1.7424327428762185,-14.111,23.746,-11.059,0.9323197489381487,0.8826901502805945,96.1966376752456,36.9
94995.337541995,-0.6678,0.0003,-0.0112,-0.7442,0.015405239999999999,-0.0162694,-0.99974894,0.0,0.0,0.0,0.16671305,0.1569064,9.81645665,0.0032071802149477996,-0.032221255416411965,-0.9994755866484948,1.8555890952586473,-14.111,23.746,-11.059,0.9323197489381487,0.8826901502805945,96.1966376752456,36.9
94995.377568067,-0.6678,0.0003,-0.0112,-0.7442,0.015405239999999999,-0.0162694,-0.99974894,0.0,0.0,0.0,0.16671305,0.1569064,9.79684335,0.0032426430190138043,-0.032251560893914316,-0.9994744946554363,1.8575201182850458,-14.111,23.746,-11.059,0.9323197489381487,0.8826901502805945,96.1966376752456,36.9
94995.427443725,-0.6678,0.0003,-0.0112,-0.7442,0.015405239999999999,-0.0162694,-0.99974894,0.0,0.0,0.0,0.1569064,0.14709974999999997,9.80665,0.0021233835476505425,-0.03135135780491511,-0.999506144831061,1.8007122021381659,-14.111,23.746,-11.059,0.9323197489381487,0.8826901502805945,96.1966376752456,36.9
94995.467643496,-0.6678,0.0003,-0.0112,-0.7442,0.015405239999999999,-0.0162694,-0.99974894,0.0,0.0,0.0,0.1569064,0.17651969999999997,9.80665,0.005104294849067147,-0.03102689802387592,-0.9995054907846944,1.8019029006056122,-14.111,23.746,-11.059,0.9323197489381487,0.8826901502805945,96.1966376752456,36.9
94995.517680763,-0.6678,0.0003,-0.0112,-0.7442,0.015405239999999999,-0.0162694,-0.99974894,0.0,0.0,0.0,0.14709974999999997,0.1569064,9.80665,0.0030092126113728454,-0.030250008387606466,-0.9995378118560572,1.7420208786760714,-14.111,23.746,-11.059,0.9323197489381487,0.8826901502805945,96.1966376752456,36.9
94995.557459467,-0.6678,0.0003,-0.0112,-0.7442,0.015405239999999999,-0.0162694,-0.99974894,0.0,0.0,0.0,0.1569064,0.14709974999999997,9.80665,0.0021233835476505425,-0.03135135780491511,-0.999506144831061,1.8007122021381659,-14.111,23.746,-11.059,0.9323197489381487,0.8826901502805945,96.1966376752456,36.9
94995.59748238,-0.6678,0.0003,-0.0112,-0.7442,0.015405239999999999,-0.0162694,-0.99974894,0.0,0.0,0.0,0.14709974999999997,0.1569064,9.80665,0.0030092126113728454,-0.030250008387606466,-0.9995378118560572,1.7420208786760714,-14.111,23.746,-11.059,0.9323197489381487,0.8826901502805945,96.1966376752456,36.9
94995.64742581,-0.6678,0.0003,-0.0112,-0.7442,0.015405239999999999,-0.0162694,-0.99974894,0.0,0.0,0.0,0.1569064,0.1569064,9.80665,0.003117056535640445,-0.03124323219607404,-0.9995069255305253,1.7992879915619133,-14.111,23.746,-11.059,0.9323197489381487,0.8826901502805945,96.1966376752456,36.9
94995.687467299,-0.6678,0.0003,-0.0112,-0.7442,0.015405239999999999,-0.0162694,-0.99974894,0.0,0.0,0.0,0.1569064,0.16671305,9.80665,0.0041106946282946,-0.031135078826691927,-0.9995067074819122,1.7996853530233397,-14.111,23.746,-11.059,0.9323197489381487,0.8826901502805945,96.1966376752456,36.9
94995.737648108,-0.6678,0.0003,-0.0112,-0.7442,0.015405239999999999,-0.0162694,-0.99974894,0.0,0.0,0.0,0.14709974999999997,0.1569064,9.81645665,0.002991713624278412,-0.030236852720524808,-0.9995382624874966,1.7411714201768618,-14.111,23.746,-11.059,0.9323197489381487,0.8826901502805945,96.1966376752456,36.9
94995.777449786,-0.6678,0.0003,-0.0112,-0.7442,0.015405239999999999,-0.0162694,-0.99974894,0.0,0.0,0.0,0.1569064,0.16671305,9.79684335,0.004129329954906585,-0.03114914488593511,-0.9995061923480414,1.8006248178254334,-14.111,23.746,-11.059,0.9323197489381487,0.8826901502805945,96.1966376752456,36.9
94995.80746678,-0.6678,0.0003,-0.0112,-0.7442,0.015405239999999999,-0.0162694,-0.99974894,0.0,0.0,0.0,0.14709974999999997,0.1569064,9.80665,0.0030092126113728454,-0.030250008387606466,-0.9995378118560572,1.7420208786760714,-14.111,23.746,-11.059,0.9323197489381487,0.8826901502805945,96.1966376752456,36.9
94995.857509074,-0.6678,0.0003,-0.0112,-0.7442,0.015405239999999999,-0.0162694,-0.99974894,0.0,0.0,0.0,0.1372931,0.1569064,9.81645665,0.0028839708562702817,-0.029244560116408812,-0.9995681066028239,1.683960206422657,-14.111,23.746,-11.059,0.9323197489381487,0.8826901502805945,96.1966376752456,36.9
94995.897484232,-0.6678,0.0003,-0.0112,-0.7442,0.015405239999999999,-0.0162694,-0.99974894,0.0,0.0,0.0,0.16671305,0.1569064,9.80665,0.0032248938961149543,-0.03223639301945299,-0.9994750414697251,1.8565534116986957,-14.111,23.746,-11.059,0.9323197489381487,0.8826901502805945,96.1966376752456,36.9
94995.937466854,-0.6678,0.0003,-0.0112,-0.7442,0.015405239999999999,-0.0162694,-0.99974894,0.0,0.0,0.0,0.1569064,0.14709974999999997,9.81645665,0.0021067690798592543,-0.03133710241683872,-0.9995066270827034,1.7998327575210669,-14.111,23.746,-11.059,0.9323197489381487,0.8826901502805945,96.1966376752456,36.9
94995.987463512,-0.6678,0.0003,-0.0112,-0.7442,0.015405239999999999,-0.0162694,-0.99974894,0.0,0.0,0.0,0.1569064,0.1569064,9.80665,0.003117056535640445,-0.03124323219607404,-0.9995069255305253,1.7992879915619133,-14.111,23.746,-11.059,0.9323197489381487,0.8826901502805945,96.1966376752456,36.9
94996.027460196,-0.6678,0.0003,-0.0112,-0.7442,0.015405239999999999,-0.0162694,-0.99974894,0.0,0.0,0.0,0.1569064,0.16671305,9.81645665,0.004092096512605829,-0.031121040839236926,-0.9995072210435095,1.7987482672781017,-14.111,23.746,-11.059,0.9323197489381487,0.8826901502805945,96.1966376752456,36.9
94996.077646156,-0.6678,0.0003,-0.0112,-0.7442,0.015405239999999999,-0.0162694,-0.99974894,0.0,0.0,0.0,0.14709974999999997,0.1569064,9.79684335,0.0030267466131673436,-0.030263190365134127,-0.9995373598420901,1.7428725274222563,-14.111,23.746,-11.059,0.9323197489381487,0.8826901502805945,96.1966376752456,36.9
94996.117497301,-0.6678,0.0003,-0.0112,-0.7442,0.015405239999999999,-0.0162694,-0.99974894,0.0,0.0,0.0,0.16671305,0.16671305,9.80665,0.004218513825620747,-0.032128225064259566,-0.99947482422231,1.8569371067737945,-14.111,23.746,-11.059,0.9323197489381487,0.8826901502805945,96.1966376752456,36.9
94996.157468403,-0.6678,0.0003,-0.0112,-0.7442,0.015405239999999999,-0.0162694,-0.99974894,0.0,0.0,0.0,0.14709974999999997,0.16671305,9.81645665,0.003984377072136733,-0.030128822736947673,-0.999538060324805,1.74155209426413,-14.111,23.746,-11.059,0.9323197489381487,0.8826901502805945,96.1966376752456,36.9
94996.207436947,-0.6678,0.0003,-0.0112,-0.7442,0.015405239999999999,-0.0162694,-0.99974894,0.0,0.0,0.0,0.1569064,0.1569064,9.80665,0.003117056535640445,-0.03124323219607404,-0.9995069255305253,1.7992879915619133,-14.111,23.746,-11.059,0.9323197489381487,0.8826901502805945,96.1966376752456,36.9
94996.247508908,-0.6678,0.0003,-0.0112,-0.7442,0.015405239999999999,-0.0162694,-0.99974894,0.0,0.0,0.0,0.1569064,0.1569064,9.80665,0.003117056535640445,-0.03124323219607404,-0.9995069255305253,1.7992879915619133,-14.111,23.746,-11.059,0.9323197489381487,0.8826901502805945,96.1966376752456,36.9
94996.297496784,-0.6678,0.0003,-0.0112,-0.7442,0.015405239999999999,-0.0162694,-0.99974894,0.0,0.0,0.0,0.1372931,0.1372931,9.79684335,0.0009293568384630795,-0.029485300965016573,-0.9995647625118285,1.6904675493792913,-14.111,23.746,-11.059,0.9323197489381487,0.8826901502805945,96.1966376752456,36.9
94996.33754,-0.6678,0.0003,-0.0112,-0.7442,0.015405239999999999,-0.0162694,-0.99974894,0.0,0.0,0.0,0.16671305,0.1569064,9.79684335,0.0032426430190138043,-0.032251560893914316,-0.9994744946554363,1.8575201182850458,-14.111,23.746,-11.059,0.9323197489381487,0.8826901502805945,96.1966376752456,36.9
94996.377521668,-0.6678,0.0003,-0.0112,-0.7442,0.015405239999999999,-0.0162694,-0.99974894,0.0,0.0,0.0,0.14709974999999997,0.1569064,9.81645665,0.002991713624278412,-0.030236852720524808,-0.9995382624874966,1.7411714201768618,-14.111,23.746,-11.059,0.9323197489381487,0.8826901502805945,96.1966376752456,36.9
94996.427453332,-0.6678,0.0003,-0.0112,-0.7442,0.015405239999999999,-0.0162694,-0.99974894,0.0,0.0,0.0,0.14709974999999997,0.1569064,9.80665,0.0030092126113728454,-0.030250008387606466,-0.9995378118560572,1.7420208786760714,-14.111,23.746,-11.059,0.9323197489381487,0.8826901502805945,96.1966376752456,36.9
94996.467537641,-0.6678,0.0003,-0.0112,-0.7442,0.015405239999999999,-0.0162694,-0.99974894,0.0,0.0,0.0,0.1569064,0.17651969999999997,9.79684335,0.005123923794514679,-0.031040855065048677,-0.999504956936119,1.8028752865023527,-14.111,23.746,-11.059,0.9323197489381487,0.8826901502805945,96.1966376752456,36.9
94996.51755216,-0.6678,0.0003,-0.0112,-0.7442,0.015405239999999999,-0.0162694,-0.99974894,0.0,0.0,0.0,0.1569064,0.16671305,9.80665,0.0041106946282946,-0.031135078826691927,-0.9995067074819122,1.7996853530233397,-14.111,23.746,-11.059,0.9323197489381487,0.8826901502805945,96.1966376752456,36.9
94996.557491959,-0.6678,0.0003,-0.0112,-0.7442,0.015405239999999999,-0.0162694,-0.99974894,0.0,0.0,0.0,0.1569064,0.16671305,9.80665,0.0041106946282946,-0.031135078826691927,-0.9995067074819122,1.7996853530233397,-14.111,23.746,-11.059,0.9323197489381487,0.8826901502805945,96.1966376752456,36.9
94996.607454067,-0.6678,0.0003,-0.0112,-0.7442,0.015405239999999999,-0.0162694,-0.99974894,0.0,0.0,0.0,0.1569064,0.1569064,9.79684335,0.0031346981151117795,-0.03125740720811485,-0.9995064271138527,1.8001971798192231,-14.111,23.746,-11.059,0.9323197489381487,0.8826901502805945,96.1966376752456,36.9
94996.647499754,-0.6678,0.0003,-0.0112,-0.7442,0.015405239999999999,-0.0162694,-0.99974894,0.0,0.0,0.0,0.1372931,0.1569064,9.79684335,0.002918788837000424,-0.02926891334708151,-0.9995672926540652,1.6855462883267667,-14.111,23.746,-11.059,0.9323197489381487,0.8826901502805945,96.1966376752456,36.9
94996.687448704,-0.6678,0.0003,-0.0112,-0.7442,0.015405239999999999,-0.0162694,-0.99974894,0.0,0.0,0.0,0.1569064,0.1569064,9.79684335,0.0031346981151117795,-0.03125740720811485,-0.9995064271138527,1.8001971798192231,-14.111,23.746,-11.059,0.9323197489381487,0.8826901502805945,96.1966376752456,36.9
94996.737479081,-0.6678,0.0003,-0.0112,-0.7442,0.015405239999999999,-0.0162694,-0.99974894,0.0,0.0,0.0,0.14709974999999997,0.1569064,9.80665,0.0030092126113728454,-0.030250008387606466,-0.9995378118560572,1.7420208786760714,-14.111,23.746,-11.059,0.9323197489381487,0.8826901502805945,96.1966376752456,36.9
94996.777633046,-0.6678,0.0003,-0.0112,-0.7442,0.015405239999999999,-0.0162694,-0.99974894,0.0,0.0,0.0,0.14709974999999997,0.1569064,9.79684335,0.0030267466131673436,-0.030263190365134127,-0.9995373598420901,1.7428725274222563,-14.111,23.746,-11.059,0.9323197489381487,0.8826901502805945,96.1966376752456,36.9
94996.827455471,-0.6678,0.0003,-0.0112,-0.7442,0.015405239999999999,-0.0162694,-0.99974894,0.0,0.0,0.0,0.1569064,0.1569064,9.80665,0.003117056535640445,-0.03124323219607404,-0.9995069255305253,1.7992879915619133,-14.111,23.746,-11.059,0.9323197489381487,0.8826901502805945,96.1966376752456,36.9
94996.867494698,-0.6678,0.0003,-0.0112,-0.7442,0.015405239999999999,-0.0162694,-0.99974894,0.0,0.0,0.0,0.14709974999999997,0.1569064,9.80665,0.0030092126113728454,-0.030250008387606466,-0.9995378118560572,1.7420208786760714,-14.111,23.746,-11.059,0.9323197489381487,0.8826901502805945,96.1966376752456,36.9
94996.907506493,-0.6678,0.0003,-0.0112,-0.7442,0.015405239999999999,-0.0162694,-0.99974894,0.0,0.0,0.0,0.16671305,0.1569064,9.79684335,0.0032426430190138043,-0.032251560893914316,-0.9994744946554363,1.8575201182850458,-14.111,23.746,-11.059,0.9323197489381487,0.8826901502805945,96.1966376752456,36.9
94996.957457743,-0.6678,0.0003,-0.0112,-0.7442,0.015405239999999999,-0.0162694,-0.99974894,0.0,0.0,0.0,0.1569064,0.14709974999999997,9.80665,0.0021233835476505425,-0.03135135780491511,-0.999506144831061,1.8007122021381659,-14.111,23.746,-11.059,0.9323197489381487,0.8826901502805945,96.1966376752456,36.9
94996.997479063,-0.6678,0.0003,-0.0112,-0.7442,0.015405239999999999,-0.0162694,-0.99974894,0.0,0.0,0.0,0.1372931,0.1569064,9.80665,0.0029013624461654217,-0.029256724567237227,-0.9995677002609336,1.6847522015228853,-14.111,23.746,-11.059,0.9323197489381487,0.8826901502805945,96.1966376752456,36.9
94997.047418733,-0.6678,0.0003,-0.0112,-0.7442,0.015405239999999999,-0.0162694,-0.99974894,0.0,0.0,0.0,0.14709974999999997,0.16671305,9.81645665,0.003984377072136733,-0.030128822736947673,-0.999538060324805,1.74155209426413,-14.111,23.746,-11.059,0.9323197489381487,0.8826901502805945,96.1966376752456,36.9
94997.087564356,-0.6678,0.0003,-0.0112,-0.7442,0.015405239999999999,-0.0162694,-0.99974894,0.0,0.0,0.0,0.14709974999999997,0.1569064,9.80665,0.0030092126113728454,-0.030250008387606466,-0.9995378118560572,1.7420208786760714,-14.111,23.746,-11.059,0.9323197489381487,0.8826901502805945,96.1966376752456,36.9
94997.127440235,-0.6678,0.0003,-0.0112,-0.7442,0.015405239999999999,-0.0162694,-0.99974894,0.0,0.0,0.0,0.1372931,0.14709974999999997,9.81645665,0.0018912567132272629,-0.029352549619451013,-0.9995673126213901,1.6855077066598942,-14.111,23.746,-11.059,0.9323197489381487,0.8826901502805945,96.1966376752456,36.9
94997.177392469,-0.6678,0.0003,-0.0112,-0.7442,0.015405239999999999,-0.0162694,-0.99974894,0.0,0.0,0.0,0.1569064,0.1569064,9.80665,0.003117056535640445,-0.03124323219607404,-0.9995069255305253,1.7992879915619133,-14.111,23.746,-11.059,0.9323197489381487,0.8826901502805945,96.1966376752456,36.9
94997.217472146,-0.6678,0.0003,-0.0112,-0.7442,0.015405239999999999,-0.0162694,-0.99974894,0.0,0.0,0.0,0.1569064,0.1569064,9.80665,0.003117056535640445,-0.03124323219607404,-0.9995069255305253,1.7992879915619133,-14.111,23.746,-11.059,0.9323197489381487,0.8826901502805945,96.1966376752456,36.9
94997.257576697,-0.6678,0.0003,-0.0112,-0.7442,0.015405239999999999,-0.0162694,-0.99974894,0.0,0.0,0.0,0.1569064,0.1569064,9.80665,0.003117056535640445,-0.03124323219607404,-0.9995069255305253,1.7992879915619133,-14.111,23.746,-11.059,0.9323197489381487,0.8826901502805945,96.1966376752456,36.9
94997.307732622,-0.6678,0.0003,-0.0112,-0.7442,0.015405239999999999,-0.0162694,-0.99974894,0.0,0.0,0.0,0.14709974999999997,0.16671305,9.80665,0.00400286787511484,-0.030141869714647773,-0.9995375930393375,1.7424327428762185,-14.111,23.746,-11.059,0.9323197489381487,0.8826901502805945,96.1966376752456,36.9
94997.347459243,-0.6678,0.0003,-0.0112,-0.7442,0.015405239999999999,-0.0162694,-0.99974894,0.0,0.0,0.0,0.1569064,0.1569064,9.79684335,0.0031346981151117795,-0.03125740720811485,-0.9995064271138527,1.8001971798192231,-14.111,23.746,-11.059,0.9323197489381487,0.8826901502805945,96.1966376752456,36.9
94997.397496683,-0.6678,0.0003,-0.0111,-0.7442,0.01527168,-0.01612056,-0.9997534,0.0,0.0,0.0,0.14709974999999997,0.1569064,9.79684335,0.0031602065277135504,-0.030114387120577582,-0.9995414404404406,1.7351670992359567,-14.111,23.746,-11.059,0.923787820938304,0.8750368256176227,96.19638320404547,36.9
94997.437490219,-0.6678,0.0003,-0.0111,-0.7442,0.01527168,-0.01612056,-0.9997534,0.0,0.0,0.0,0.14709974999999997,0.1569064,9.80665,0.0031426726580903626,-0.030101205070501853,-0.9995418928346997,1.7343109509732515,-14.111,23.746,-11.059,0.923787820938304,0.8750368256176227,96.19638320404547,36.9
94997.487519662,-0.6678,0.0003,-0.0111,-0.7442,0.01527168,-0.01612056,-0.9997534,0.0,0.0,0.0,0.1569064,0.1569064,9.80665,0.0032505100559111436,-0.03109443124424304,-0.9995111399717665,1.791579697272811,-14.111,23.746,-11.059,0.923787820938304,0.8750368256176227,96.19638320404547,36.9
94997.527629068,-0.6678,0.0003,-0.0111,-0.7442,0.01527168,-0.01612056,-0.9997534,0.0,0.0,0.0,0.1372931,0.16671305,9.80665,0.004028498067640312,-0.02899979762155474,-0.9995712793481524,1.677761060862471,-14.111,23.746,-11.059,0.923787820938304,0.8750368256176227,96.19638320404547,36.9
94997.567509939,-0.6678,0.0003,-0.0111,-0.7442,0.01527168,-0.01612056,-0.9997534,0.0,0.0,0.0,0.1569064,0.16671305,9.80665,0.0042441458877798335,-0.03098628032875951,-0.9995107730541947,1.7922514508562437,-14.111,23.746,-11.059,0.923787820938304,0.8750368256176227,96.19638320404547,36.9
94997.617518641,-0.6678,0.0003,-0.0111,-0.7442,0.01527168,-0.01612056,-0.9997534,0.0,0.0,0.0,0.14709974999999997,0.1569064,9.81645665,0.003125173802839219,-0.030088049331088447,-0.99954234384567,1.7334569997001703,-14.111,23.746,-11.059,0.923787820938304,0.8750368256176227,96.19638320404547,36.9
94997.657489642,-0.6678,0.0003,-0.0111,-0.7442,0.01527168,-0.01612056,-0.9997534,0.0,0.0,0.0,0.1569064,0.1569064,9.79684335,0.003268151494612884,-0.03110860633350599,-0.9995106413082719,1.792493242895326,-14.111,23.746,-11.059,0.923787820938304,0.8750368256176227,96.19638320404547,36.9
94997.697476931,-0.6678,0.0003,-0.0111,-0.7442,0.01527168,-0.01612056,-0.9997534,0.0,0.0,0.0,0.14709974999999997,0.1569064,9.79684335,0.0031602065277135504,-0.030114387120577582,-0.9995414404404406,1.7351670992359567,-14.111,23.746,-11.059,0.923787820938304,0.8750368256176227,96.19638320404547,36.9
94997.737477684,-0.6678,0.0003,-0.0111,-0.7442,0.01527168,-0.01612056,-0.9997534,0.0,0.0,0.0,0.14709974999999997,0.1569064,9.81645665,0.003125173802839219,-0.030088049331088447,-0.99954234384567,1.7334569997001703,-14.111,23.746,-11.059,0.923787820938304,0.8750368256176227,96.19638320404547,36.9
94997.787592508,-0.6678,0.0003,-0.0111,-0.7442,0.01527168,-0.01612056,-0.9997534,0.0,0.0,0.0,0.1569064,0.1569064,9.79684335,0.003268151494612884,-0.03110860633350599,-0.9995106413082719,1.792493242895326,-14.111,23.746,-11.059,0.923787820938304,0.8750368256176227,96.19638320404547,36.9
94997.827501548,-0.6678,0.0003,-0.0111,-0.7442,0.01527168,-0.01612056,-0.9997534,0.0,0.0,0.0,0.14709974999999997,0.1569064,9.80665,0.0031426726580903626,-0.030101205070501853,-0.9995418928346997,1.7343109509732515,-14.111,23.746,-11.059,0.923787820938304,0.8750368256176227,96.19638320404547,36.9
94997.877512768,-0.6678,0.0003,-0.0112,-0.7442,0.015405239999999999,-0.0162694,-0.99974894,0.0,0.0,0.0,0.1569064,0.1569064,9.79684335,0.0031346981151117795,-0.03125740720811485,-0.9995064271138527,1.8001971798192231,-14.111,23.746,-11.059,0.9323197489381487,0.8826901502805945,96.1966376752456,36.9
94997.927492749,-0.6678,0.0003,-0.0112,-0.7442,0.015405239999999999,-0.0162694,-0.99974894,0.0,0.0,0.0,0.14709974999999997,0.16671305,9.81645665,0.003984377072136733,-0.030128822736947673,-0.999538060324805,1.74155209426413,-14.111,23.746,-11.059,0.9323197489381487,0.8826901502805945,96.1966376752456,36.9
94997.967510626,-0.6678,0.0003,-0.0111,-0.7442,0.01527168,-0.01612056,-0.9997534,0.0,0.0,0.0,0.1569064,0.16671305,9.80665,0.0042441458877798335,-0.03098628032875951,-0.9995107730541947,1.7922514508562437,-14.111,23.746,-11.059,0.923787820938304,0.8750368256176227,96.19638320404547,36.9
94998.007504523,-0.6678,0.0003,-0.0112,-0.7442,0.015405239999999999,-0.0162694,-0.99974894,0.0,0.0,0.0,0.14709974999999997,0.1569064,9.80665,0.0030092126113728454,-0.030250008387606466,-0.9995378118560572,1.7420208786760714,-14.111,23.746,-11.059,0.9323197489381487,0.8826901502805945,96.1966376752456,36.9
94998.057527939,-0.6678,0.0003,-0.0112,-0.7442,0.015405239999999999,-0.0162694,-0.99974894,0.0,0.0,0.0,0.14709974999999997,0.16671305,9.80665,0.00400286787511484,-0.030141869714647773,-0.9995375930393375,1.7424327428762185,-14.111,23.746,-11.059,0.9323197489381487,0.8826901502805945,96.1966376752456,36.9
94998.097483536,-0.6678,0.0003,-0.0111,-0.7442,0.01527168,-0.01612056,-0.9997534,0.0,0.0,0.0,0.1569064,0.1569064,9.80665,0.0032505100559111436,-0.03109443124424304,-0.9995111399717665,1.791579697272811,-14.111,23.746,-11.059,0.923787820938304,0.8750368256176227,96.19638320404547,36.9
94998.137518745,-0.6678,0.0003,-0.0112,-0.7442,0.015405239999999999,-0.0162694,-0.99974894,0.0,0.0,0.0,0.1569064,0.14709974999999997,9.80665,0.0021233835476505425,-0.03135135780491511,-0.999506144831061,1.8007122021381659,-14.111,23.746,-11.059,0.9323197489381487,0.8826901502805945,96.1966376752456,36.9
94998.187566227,-0.6678,0.0003,-0.0112,-0.7442,0.015405239999999999,-0.0162694,-0.99974894,0.0,0.0,0.0,0.1569064,0.1569064,9.80665,0.003117056535640445,-0.03124323219607404,-0.9995069255305253,1.7992879915619133,-14.111,23.746,-11.059,0.9323197489381487,0.8826901502805945,96.1966376752456,36.9
94998.237619207,-0.6678,0.0003,-0.0111,-0.7442,0.01527168,-0.01612056,-0.9997534,0.0,0.0,0.0,0.14709974999999997,0.1569064,9.80665,0.0031426726580903626,-0.030101205070501853,-0.9995418928346997,1.7343109509732515,-14.111,23.746,-11.059,0.923787820938304,0.8750368256176227,96.19638320404547,36.9
94998.277607954,-0.6678,0.0003,-0.0112,-0.7442,0.015405239999999999,-0.0162694,-0.99974894,0.0,0.0,0.0,0.14709974999999997,0.1569064,9.80665,0.0030092126113728454,-0.030250008387606466,-0.9995378118560572,1.7420208786760714,-14.111,23.746,-11.059,0.9323197489381487,0.8826901502805945,96.1966376752456,36.9
94998.327486389,-0.6678,0.0003,-0.0112,-0.7442,0.015405239999999999,-0.0162694,-0.99974894,0.0,0.0,0.0,0.1569064,0.1569064,9.79684335,0.0031346981151117795,-0.03125740720811485,-0.9995064271138527,1.8001971798192231,-14.111,23.746,-11.059,0.9323197489381487,0.8826901502805945,96.1966376752456,36.9
94998.367441518,-0.6678,0.0003,-0.0112,-0.7442,0.015405239999999999,-0.0162694,-0.99974894,0.0,0.0,0.0,0.1569064,0.16671305,9.81645665,0.004092096512605829,-0.031121040839236926,-0.9995072210435095,1.7987482672781017,-14.111,23.746,-11.059,0.9323197489381487,0.8826901502805945,96.1966376752456,36.9
94998.407489808,-0.6678,0.0003,-0.0112,-0.7442,0.015405239999999999,-0.0162694,-0.99974894,0.0,0.0,0.0,0.14709974999999997,0.1569064,9.79684335,0.0030267466131673436,-0.030263190365134127,-0.9995373598420901,1.7428725274222563,-14.111,23.746,-11.059,0.9323197489381487,0.8826901502805945,96.1966376752456,36.9
94998.45749832,-0.6678,0.0003,-0.0112,-0.7442,0.015405239999999999,-0.0162694,-0.99974894,0.0,0.0,0.0,0.1569064,0.1569064,9.80665,0.003117056535640445,-0.03124323219607404,-0.9995069255305253,1.7992879915619133,-14.111,23.746,-11.059,0.9323197489381487,0.8826901502805945,96.1966376752456,36.9
94998.497514176,-0.6678,0.0003,-0.0112,-0.7442,0.015405239999999999,-0.0162694,-0.99974894,0.0,0.0,0.0,0.14709974999999997,0.16671305,9.80665,0.00400286787511484,-0.030141869714647773,-0.9995375930393375,1.7424327428762185,-14.111,23.746,-11.059,0.9323197489381487,0.8826901502805945,96.1966376752456,36.9
94998.537552056,-0.6678,0.0003,-0.0112,-0.7442,0.015405239999999999,-0.0162694,-0.99974894,0.0,0.0,0.0,0.14709974999999997,0.16671305,9.80665,0.00400286787511484,-0.030141869714647773,-0.9995375930393375,1.7424327428762185,-14.111,23.746,-11.059,0.9323197489381487,0.8826901502805945,96.1966376752456,36.9
94998.577508161,-0.6678,0.0003,-0.0112,-0.7442,0.015405239999999999,-0.0162694,-0.99974894,0.0,0.0,0.0,0.1569064,0.1569064,9.80665,0.003117056535640445,-0.03124323219607404,-0.9995069255305253,1.7992879915619133,-14.111,23.746,-11.059,0.9323197489381487,0.8826901502805945,96.1966376752456,36.9
94998.747574034,-0.6678,0.0003,-0.0112,-0.7442,0.015405239999999999,-0.0162694,-0.99974894,0.0,0.0,0.0,0.14709974999999997,0.1569064,9.80665,0.0030092126113728454,-0.030250008387606466,-0.9995378118560572,1.7420208786760714,-14.111,23.746,-11.059,0.9323197489381487,0.8826901502805945,96.1966376752456,36.9
94998.787507506,-0.6678,0.0003,-0.0112,-0.7442,0.015405239999999999,-0.0162694,-0.99974894,0.0,0.0,0.0,0.14709974999999997,0.1569064,9.79684335,0.0030267466131673436,-0.030263190365134127,-0.9995373598420901,1.7428725274222563,-14.111,23.746,-11.059,0.9323197489381487,0.8826901502805945,96.1966376752456,36.9
94998.827444459,-0.6678,0.0003,-0.0112,-0.7442,0.015405239999999999,-0.0162694,-0.99974894,0.0,0.0,0.0,0.1569064,0.1569064,9.80665,0.003117056535640445,-0.03124323219607404,-0.9995069255305253,1.7992879915619133,-14.111,23.746,-11.059,0.9323197489381487,0.8826901502805945,96.1966376752456,36.9
94998.867662263,-0.6678,0.0003,-0.0112,-0.7442,0.015405239999999999,-0.0162694,-0.99974894,0.0,0.0,0.0,0.14709974999999997,0.1569064,9.80665,0.0030092126113728454,-0.030250008387606466,-0.9995378118560572,1.7420208786760714,-14.111,23.746,-11.059,0.9323197489381487,0.8826901502805945,96.1966376752456,36.9
94998.90746893,-0.6678,0.0003,-0.0112,-0.7442,0.015405239999999999,-0.0162694,-0.99974894,0.0,0.0,0.0,0.14709974999999997,0.1569064,9.79684335,0.0030267466131673436,-0.030263190365134127,-0.9995373598420901,1.7428725274222563,-14.111,23.746,-11.059,0.9323197489381487,0.8826901502805945,96.1966376752456,36.9
94998.940156887,-0.6678,0.0003,-0.0112,-0.7442,0.015405239999999999,-0.0162694,-0.99974894,0.0,0.0,0.0,0.1569064,0.14709974999999997,9.81645665,0.0021067690798592543,-0.03133710241683872,-0.9995066270827034,1.7998327575210669,-14.111,23.746,-11.059,0.9323197489381487,0.8826901502805945,96.1966376752456,36.9
94998.980543576,-0.6678,0.0003,-0.0112,-0.7442,0.015405239999999999,-0.0162694,-0.99974894,0.0,0.0,0.0,0.14709974999999997,0.1569064,9.81645665,0.002991713624278412,-0.030236852720524808,-0.9995382624874966,1.7411714201768618,-14.111,23.746,-11.059,0.9323197489381487,0.8826901502805945,96.1966376752456,36.9
94999.018858846,-0.6678,0.0003,-0.0112,-0.7442,0.015405239999999999,-0.0162694,-0.99974894,0.0,0.0,0.0,0.14709974999999997,0.14709974999999997,9.80665,0.002015522558430788,-0.03035812029120155,-0.9995370318629208,1.7434905247005947,-14.111,23.746,-11.059,0.9323197489381487,0.8826901502805945,96.1966376752456,36.9
94999.05763945,-0.6678,0.0003,-0.0112,-0.7442,0.015405239999999999,-0.0162694,-0.99974894,0.0,0.0,0.0,0.16671305,0.1569064,9.80665,0.0032248938961149543,-0.03223639301945299,-0.9994750414697251,1.8565534116986957,-14.111,23.746,-11.059,0.9323197489381487,0.8826901502805945,96.1966376752456,36.9
94999.097531588,-0.6678,0.0003,-0.0112,-0.7442,0.015405239999999999,-0.0162694,-0.99974894,0.0,0.0,0.0,0.14709974999999997,0.1569064,9.80665,0.0030092126113728454,-0.030250008387606466,-0.9995378118560572,1.7420208786760714,-14.111,23.746,-11.059,0.9323197489381487,0.8826901502805945,96.1966376752456,36.9
94999.137577891,-0.6678,0.0003,-0.0112,-0.7442,0.015405239999999999,-0.0162694,-0.99974894,0.0,0.0,0.0,0.1569064,0.14709974999999997,9.80665,0.0021233835476505425,-0.03135135780491511,-0.999506144831061,1.8007122021381659,-14.111,23.746,-11.059,0.9323197489381487,0.8826901502805945,96.1966376752456,36.9
94999.17246176,-0.6678,0.0003,-0.0112,-0.7442,0.015405239999999999,-0.0162694,-0.99974894,0.0,0.0,0.0,0.14709974999999997,0.1569064,9.79684335,0.0030267466131673436,-0.030263190365134127,-0.9995373598420901,1.7428725274222563,-14.111,23.746,-11.059,0.9323197489381487,0.8826901502805945,96.1966376752456,36.9
94999.211497945,-0.6678,0.0003,-0.0112,-0.7442,0.015405239999999999,-0.0162694,-0.99974894,0.0,0.0,0.0,0.1569064,0.1569064,9.81645665,0.003099450184467731,-0.031229085475292538,-0.9995074224411556,1.7983810930628839,-14.111,23.746,-11.059,0.9323197489381487,0.8826901502805945,96.1966376752456,36.9
94999.249980375,-0.6678,0.0003,-0.0112,-0.7442,0.015405239999999999,-0.0162694,-0.99974894,0.0,0.0,0.0,0.14709974999999997,0.14709974999999997,9.80665,0.002015522558430788,-0.03035812029120155,-0.9995370318629208,1.7434905247005947,-14.111,23.746,-11.059,0.9323197489381487,0.8826901502805945,96.1966376752456,36.9
94999.287672406,-0.6678,0.0003,-0.0112,-0.7442,0.015405239999999999,-0.0162694,-0.99974894,0.0,0.0,0.0,0.1569064,0.1569064,9.79684335,0.0031346981151117795,-0.03125740720811485,-0.9995064271138527,1.8001971798192231,-14.111,23.746,-11.059,0.9323197489381487,0.8826901502805945,96.1966376752456,36.9
94999.327381499,-0.6678,0.0003,-0.0112,-0.7442,0.015405239999999999,-0.0162694,-0.99974894,0.0,0.0,0.0,0.16671305,0.1569064,9.79684335,0.0032426430190138043,-0.032251560893914316,-0.9994744946554363,1.8575201182850458,-14.111,23.746,-11.059,0.9323197489381487,0.8826901502805945,96.1966376752456,36.9
94999.367552499,-0.6678,0.0003,-0.0112,-0.7442,0.015405239999999999,-0.0162694,-0.99974894,0.0,0.0,0.0,0.14709974999999997,0.16671305,9.81645665,0.003984377072136733,-0.030128822736947673,-0.999538060324805,1.74155209426413,-14.111,23.746,-11.059,0.9323197489381487,0.8826901502805945,96.1966376752456,36.9
94999.407477145,-0.6678,0.0003,-0.0112,-0.7442,0.015405239999999999,-0.0162694,-0.99974894,0.0,0.0,0.0,0.1569064,0.16671305,9.80665,0.0041106946282946,-0.031135078826691927,-0.9995067074819122,1.7996853530233397,-14.111,23.746,-11.059,0.9323197489381487,0.8826901502805945,96.1966376752456,36.9
94999.447421063,-0.6678,0.0003,-0.0112,-0.7442,0.015405239999999999,-0.0162694,-0.99974894,0.0,0.0,0.0,0.16671305,0.1569064,9.79684335,0.0032426430190138043,-0.032251560893914316,-0.9994744946554363,1.8575201182850458,-14.111,23.746,-11.059,0.9323197489381487,0.8826901502805945,96.1966376752456,36.9
94999.481315601,-0.6678,0.0003,-0.0112,-0.7442,0.015405239999999999,-0.0162694,-0.99974894,0.0,0.0,0.0,0.14709974999999997,0.1569064,9.80665,0.0030092126113728454,-0.030250008387606466,-0.9995378118560572,1.7420208786760714,-14.111,23.746,-11.059,0.9323197489381487,0.8826901502805945,96.1966376752456,36.9
94999.519610232,-0.6678,0.0003,-0.0112,-0.7442,0.015405239999999999,-0.0162694,-0.99974894,0.0,0.0,0.0,0.14709974999999997,0.16671305,9.81645665,0.003984377072136733,-0.030128822736947673,-0.999538060324805,1.74155209426413,-14.111,23.746,-11.059,0.9323197489381487,0.8826901502805945,96.1966376752456,36.9
94999.558214951,-0.6678,0.0003,-0.0112,-0.7442,0.015405239999999999,-0.0162694,-0.99974894,0.0,0.0,0.0,0.14709974999999997,0.16671305,9.81645665,0.003984377072136733,-0.030128822736947673,-0.999538060324805,1.74155209426413,-14.111,23.746,-11.059,0.9323197489381487,0.8826901502805945,96.1966376752456,36.9
94999.597462337,-0.6678,0.0003,-0.0112,-0.7442,0.015405239999999999,-0.0162694,-0.99974894,0.0,0.0,0.0,0.1569064,0.16671305,9.80665,0.0041106946282946,-0.031135078826691927,-0.9995067074819122,1.7996853530233397,-14.111,23.746,-11.059,0.9323197489381487,0.8826901502805945,96.1966376752456,36.9
94999.637416255,-0.6678,0.0003,-0.0112,-0.7442,0.015405239999999999,-0.0162694,-0.99974894,0.0,0.0,0.0,0.14709974999999997,0.14709974999999997,9.81645665,0.001999015505771846,-0.030344855997807056,-0.9995374678325428,1.7426694009180423,-14.111,23.746,-11.059,0.9323197489381487,0.8826901502805945,96.1966376752456,36.9
94999.677487091,-0.6678,0.0003,-0.0112,-0.7442,0.015405239999999999,-0.0162694,-0.99974894,0.0,0.0,0.0,0.14709974999999997,0.14709974999999997,9.79684335,0.0020320626424557096,-0.030371411114119035,-0.9995365945710428,1.7443137506237665,-14.111,23.746,-11.059,0.9323197489381487,0.8826901502805945,96.1966376752456,36.9
94999.717500512,-0.6678,0.0003,-0.0112,-0.7442,0.015405239999999999,-0.0162694,-0.99974894,0.0,0.0,0.0,0.14709974999999997,0.1569064,9.826263299999999,0.0029742495471293297,-0.030223723285215442,-0.9995387117419797,1.7403241446212157,-14.111,23.746,-11.059,0.9323197489381487,0.8826901502805945,96.1966376752456,36.9
94999.757713397,-0.6678,0.0003,-0.0112,-0.7442,0.015405239999999999,-0.0162694,-0.99974894,0.0,0.0,0.0,0.14709974999999997,0.16671305,9.80665,0.00400286787511484,-0.030141869714647773,-0.9995375930393375,1.7424327428762185,-14.111,23.746,-11.059,0.9323197489381487,0.8826901502805945,96.1966376752456,36.9
94999.797544842,-0.6678,0.0003,-0.0112,-0.7442,0.015405239999999999,-0.0162694,-0.99974894,0.0,0.0,0.0,0.1569064,0.1569064,9.79684335,0.0031346981151117795,-0.03125740720811485,-0.9995064271138527,1.8001971798192231,-14.111,23.746,-11.059,0.9323197489381487,0.8826901502805945,96.1966376752456,36.9
94999.827499557,-0.6678,0.0003,-0.0112,-0.7442,0.015405239999999999,-0.0162694,-0.99974894,0.0,0.0,0.0,0.14709974999999997,0.1569064,9.7870367,0.003044315734836059,-0.030276398732096338,-0.9995369064399966,1.7437263737492235,-14.111,23.746,-11.059,0.9323197489381487,0.8826901502805945,96.1966376752456,36.9
94999.867407143,-0.6678,0.0003,-0.0112,-0.7442,0.015405239999999999,-0.0162694,-0.99974894,0.0,0.0,0.0,0.14709974999999997,0.16671305,9.80665,0.00400286787511484,-0.030141869714647773,-0.9995375930393375,1.7424327428762185,-14.111,23.746,-11.059,0.9323197489381487,0.8826901502805945,96.1966376752456,36.9
94999.90747588,-0.6678,0.0003,-0.0112,-0.7442,0.015405239999999999,-0.0162694,-0.99974894,0.0,0.0,0.0,0.16671305,0.1569064,9.80665,0.0032248938961149543,-0.03223639301945299,-0.9994750414697251,1.8565534116986957,-14.111,23.746,-11.059,0.9323197489381487,0.8826901502805945,96.1966376752456,36.9
94999.947518115,-0.6678,0.0003,-0.0112,-0.7442,0.015405239999999999,-0.0162694,-0.99974894,0.0,0.0,0.0,0.14709974999999997,0.14709974999999997,9.79684335,0.0020320626424557096,-0.030371411114119035,-0.9995365945710428,1.7443137506237665,-14.111,23.746,-11.059,0.9323197489381487,0.8826901502805945,96.1966376752456,36.9
94999.987432265,-0.6678,0.0003,-0.0112,-0.7442,0.015405239999999999,-0.0162694,-0.99974894,0.0,0.0,0.0,0.14709974999999997,0.1569064,9.7870367,0.003044315734836059,-0.030276398732096338,-0.9995369064399966,1.7437263737492235,-14.111,23.746,-11.059,0.9323197489381487,0.8826901502805945,96.1966376752456,36.9
95000.027420311,-0.6678,0.0003,-0.0112,-0.7442,0.015405239999999999,-0.0162694,-0.99974894,0.0,0.0,0.0,0.1569064,0.1569064,9.80665,0.003117056535640445,-0.03124323219607404,-0.9995069255305253,1.7992879915619133,-14.111,23.746,-11.059,0.9323197489381487,0.8826901502805945,96.1966376752456,36.9
95000.057437358,-0.6678,0.0003,-0.0112,-0.7442,0.015405239999999999,-0.0162694,-0.99974894,0.0,0.0,0.0,0.1372931,0.16671305,9.81645665,0.0038766504346004604,-0.029136544895454815,-0.9995679037080416,1.684355233565222,-14.111,23.746,-11.059,0.9323197489381487,0.8826901502805945,96.1966376752456,36.9
95000.097605352,-0.6678,0.0003,-0.0112,-0.7442,0.015405239999999999,-0.0162694,-0.99974894,0.0,0.0,0.0,0.1569064,0.1569064,9.80665,0.003117056535640445,-0.03124323219607404,-0.9995069255305253,1.7992879915619133,-14.111,23.746,-11.059,0.9323197489381487,0.8826901502805945,96.1966376752456,36.9
95000.137473057,-0.6678,0.0003,-0.0112,-0.7442,0.015405239999999999,-0.0162694,-0.99974894,0.0,0.0,0.0,0.14709974999999997,0.1569064,9.79684335,0.0030267466131673436,-0.030263190365134127,-0.9995373598420901,1.7428725274222563,-14.111,23.746,-11.059,0.9323197489381487,0.8826901502805945,96.1966376752456,36.9
95000.17746074,-0.6678,0.0003,-0.0112,-0.7442,0.015405239999999999,-0.0162694,-0.99974894,0.0,0.0,0.0,0.14709974999999997,0.14709974999999997,9.81645665,0.001999015505771846,-0.030344855997807056,-0.9995374678325428,1.7426694009180423,-14.111,23.746,-11.059,0.9323197489381487,0.8826901502805945,96.1966376752456,36.9
95000.217400763,-0.6678,0.0003,-0.0112,-0.7442,0.015405239999999999,-0.0162694,-0.99974894,0.0,0.0,0.0,0.14709974999999997,0.1569064,9.79684335,0.0030267466131673436,-0.030263190365134127,-0.9995373598420901,1.7428725274222563,-14.111,23.746,-11.059,0.9323197489381487,0.8826901502805945,96.1966376752456,36.9
95000.257440423,-0.6678,0.0003,-0.0112,-0.7442,0.015405239999999999,-0.0162694,-0.99974894,0.0,0.0,0.0,0.14709974999999997,0.14709974999999997,9.80665,0.002015522558430788,-0.03035812029120155,-0.9995370318629208,1.7434905247005947,-14.111,23.746,-11.059,0.9323197489381487,0.8826901502805945,96.1966376752456,36.9
95000.297447635,-0.6678,0.0003,-0.0112,-0.7442,0.015405239999999999,-0.0162694,-0.99974894,0.0,0.0,0.0,0.14709974999999997,0.14709974999999997,9.80665,0.002015522558430788,-0.03035812029120155,-0.9995370318629208,1.7434905247005947,-14.111,23.746,-11.059,0.9323197489381487,0.8826901502805945,96.1966376752456,36.9
95000.327492015,-0.6678,0.0003,-0.0112,-0.7442,0.015405239999999999,-0.0162694,-0.99974894,0.0,0.0,0.0,0.1569064,0.1569064,9.80665,0.003117056535640445,-0.03124323219607404,-0.9995069255305253,1.7992879915619133,-14.111,23.746,-11.059,0.9323197489381487,0.8826901502805945,96.1966376752456,36.9
95000.367407214,-0.6678,0.0003,-0.0112,-0.7442,0.015405239999999999,-0.0162694,-0.99974894,0.0,0.0,0.0,0.1569064,0.14709974999999997,9.81645665,0.0021067690798592543,-0.03133710241683872,-0.9995066270827034,1.7998327575210669,-14.111,23.746,-11.059,0.9323197489381487,0.8826901502805945,96.1966376752456,36.9
95000.407423072,-0.6678,0.0003,-0.0112,-0.7442,0.015405239999999999,-0.0162694,-0.99974894,0.0,0.0,0.0,0.1372931,0.1569064,9.79684335,0.002918788837000424,-0.02926891334708151,-0.9995672926540652,1.6855462883267667,-14.111,23.746,-11.059,0.9323197489381487,0.8826901502805945,96.1966376752456,36.9
95000.447465145,-0.6678,0.0003,-0.0112,-0.7442,0.015405239999999999,-0.0162694,-0.99974894,0.0,0.0,0.0,0.16671305,0.14709974999999997,9.79684335,0.0022479942758770136,-0.032359809024912804,-0.9994737279358036,1.8588750415728583,-14.111,23.746,-11.059,0.9323197489381487,0.8826901502805945,96.1966376752456,36.9
95000.487486324,-0.6678,0.0003,-0.0112,-0.7442,0.015405239999999999,-0.0162694,-0.99974894,0.0,0.0,0.0,0.1569064,0.16671305,9.80665,0.0041106946282946,-0.031135078826691927,-0.9995067074819122,1.7996853530233397,-14.111,23.746,-11.059,0.9323197489381487,0.8826901502805945,96.1966376752456,36.9
95000.527623001,-0.6678,0.0003,-0.0112,-0.7442,0.015405239999999999,-0.0162694,-0.99974894,0.0,0.0,0.0,0.1569064,0.16671305,9.81645665,0.004092096512605829,-0.031121040839236926,-0.9995072210435095,1.7987482672781017,-14.111,23.746,-11.059,0.9323197489381487,0.8826901502805945,96.1966376752456,36.9
95000.567626726,-0.6678,0.0003,-0.0112,-0.7442,0.015405239999999999,-0.0162694,-0.99974894,0.0,0.0,0.0,0.14709974999999997,0.16671305,9.79684335,0.004021395675623268,-0.030154942783498583,-0.9995371243050962,1.7433156749769383,-14.111,23.746,-11.059,0.9323197489381487,0.8826901502805945,96.1966376752456,36.9
95000.607509628,-0.6678,0.0003,-0.0112,-0.7442,0.015405239999999999,-0.0162694,-0.99974894,0.0,0.0,0.0,0.1569064,0.1569064,9.80665,0.003117056535640445,-0.03124323219607404,-0.9995069255305253,1.7992879915619133,-14.111,23.746,-11.059,0.9323197489381487,0.8826901502805945,96.1966376752456,36.9
95000.647434011,-0.6678,0.0003,-0.0112,-0.7442,0.015405239999999999,-0.0162694,-0.99974894,0.0,0.0,0.0,0.14709974999999997,0.1569064,9.80665,0.0030092126113728454,-0.030250008387606466,-0.9995378118560572,1.7420208786760714,-14.111,23.746,-11.059,0.9323197489381487,0.8826901502805945,96.1966376752456,36.9
95000.677616699,-0.6678,0.0003,-0.0112,-0.7442,0.015405239999999999,-0.0162694,-0.99974894,0.0,0.0,0.0,0.1569064,0.16671305,9.79684335,0.004129329954906585,-0.03114914488593511,-0.9995061923480414,1.8006248178254334,-14.111,23.746,-11.059,0.9323197489381487,0.8826901502805945,96.1966376752456,36.9
95000.717573861,-0.6678,0.0003,-0.0112,-0.7442,0.015405239999999999,-0.0162694,-0.99974894,0.0,0.0,0.0,0.14709974999999997,0.1569064,9.79684335,0.0030267466131673436,-0.030263190365134127,-0.9995373598420901,1.7428725274222563,-14.111,23.746,-11.059,0.9323197489381487,0.8826901502805945,96.1966376752456,36.9
95000.757402639,-0.6678,0.0003,-0.0112,-0.7442,0.015405239999999999,-0.0162694,-0.99974894,0.0,0.0,0.0,0.14709974999999997,0.16671305,9.81645665,0.003984377072136733,-0.030128822736947673,-0.999538060324805,1.74155209426413,-14.111,23.746,-11.059,0.9323197489381487,0.8826901502805945,96.1966376752456,36.9
95000.797585862,-0.6678,0.0003,-0.0112,-0.7442,0.015405239999999999,-0.0162694,-0.99974894,0.0,0.0,0.0,0.14709974999999997,0.1569064,9.80665,0.0030092126113728454,-0.030250008387606466,-0.9995378118560572,1.7420208786760714,-14.111,23.746,-11.059,0.9323197489381487,0.8826901502805945,96.1966376752456,36.9
95000.837565421,-0.6678,0.0003,-0.0112,-0.7442,0.015405239999999999,-0.0162694,-0.99974894,0.0,0.0,0.0,0.1372931,0.1569064,9.80665,0.0029013624461654217,-0.029256724567237227,-0.9995677002609336,1.6847522015228853,-14.111,23.746,-11.059,0.9323197489381487,0.8826901502805945,96.1966376752456,36.9
95000.877459649,-0.6678,0.0003,-0.0112,-0.7442,0.015405239999999999,-0.0162694,-0.99974894,0.0,0.0,0.0,0.16671305,0.14709974999999997,9.80665,0.0022312389652525463,-0.03234453222310624,-0.999474260033829,1.8579350415615448,-14.111,23.746,-11.059,0.9323197489381487,0.8826901502805945,96.1966376752456,36.9
95000.917493129,-0.6678,0.0003,-0.0112,-0.7442,0.015405239999999999,-0.0162694,-0.99974894,0.0,0.0,0.0,0.1569064,0.16671305,9.80665,0.0041106946282946,-0.031135078826691927,-0.9995067074819122,1.7996853530233397,-14.111,23.746,-11.059,0.9323197489381487,0.8826901502805945,96.1966376752456,36.9
95000.967653386,-0.6678,0.0003,-0.0112,-0.7442,0.015405239999999999,-0.0162694,-0.99974894,0.0,0.0,0.0,0.14709974999999997,0.16671305,9.79684335,0.004021395675623268,-0.030154942783498583,-0.9995371243050962,1.7433156749769383,-14.111,23.746,-11.059,0.9323197489381487,0.8826901502805945,96.1966376752456,36.9
95001.007543545,-0.6678,0.0003,-0.0112,-0.7442,0.015405239999999999,-0.0162694,-0.99974894,0.0,0.0,0.0,0.14709974999999997,0.1569064,9.80665,0.0030092126113728454,-0.030250008387606466,-0.9995378118560572,1.7420208786760714,-14.111,23.746,-11.059,0.9323197489381487,0.8826901502805945,96.1966376752456,36.9
95001.057620958,-0.6678,0.0003,-0.0112,-0.7442,0.015405239999999999,-0.0162694,-0.99974894,0.0,0.0,0.0,0.1569064,0.1569064,9.81645665,0.003099450184467731,-0.031229085475292538,-0.9995074224411556,1.7983810930628839,-14.111,23.746,-11.059,0.9323197489381487,0.8826901502805945,96.1966376752456,36.9
95001.09739899,-0.6678,0.0003,-0.0112,-0.7442,0.015405239999999999,-0.0162694,-0.99974894,0.0,0.0,0.0,0.1372931,0.1569064,9.79684335,0.002918788837000424,-0.02926891334708151,-0.9995672926540652,1.6855462883267667,-14.111,23.746,-11.059,0.9323197489381487,0.8826901502805945,96.1966376752456,36.9
95001.147462783,-0.6678,0.0003,-0.0112,-0.7442,0.015405239999999999,-0.0162694,-0.99974894,0.0,0.0,0.0,0.16671305,0.1569064,9.79684335,0.0032426430190138043,-0.032251560893914316,-0.9994744946554363,1.8575201182850458,-14.111,23.746,-11.059,0.9323197489381487,0.8826901502805945,96.1966376752456,36.9
95001.187479219,-0.6678,0.0003,-0.0112,-0.7442,0.015405239999999999,-0.0162694,-0.99974894,0.0,0.0,0.0,0.1372931,0.1569064,9.80665,0.0029013624461654217,-0.029256724567237227,-0.9995677002609336,1.6847522015228853,-14.111,23.746,-11.059,0.9323197489381487,0.8826901502805945,96.1966376752456,36.9
95001.237483488,-0.6678,0.0003,-0.0112,-0.7442,0.015405239999999999,-0.0162694,-0.99974894,0.0,0.0,0.0,0.14709974999999997,0.1569064,9.80665,0.0030092126113728454,-0.030250008387606466,-0.9995378118560572,1.7420208786760714,-14.111,23.746,-11.059,0.9323197489381487,0.8826901502805945,96.1966376752456,36.9
95001.277544266,-0.6678,0.0003,-0.0112,-0.7442,0.015405239999999999,-0.0162694,-0.99974894,0.0,0.0,0.0,0.16671305,0.1569064,9.80665,0.0032248938961149543,-0.03223639301945299,-0.9994750414697251,1.8565534116986957,-14.111,23.746,-11.059,0.9323197489381487,0.8826901502805945,96.1966376752456,36.9
95001.317501809,-0.6678,0.0003,-0.0112,-0.7442,0.015405239999999999,-0.0162694,-0.99974894,0.0,0.0,0.0,0.1569064,0.1569064,9.79684335,0.0031346981151117795,-0.03125740720811485,-0.9995064271138527,1.8001971798192231,-14.111,23.746,-11.059,0.9323197489381487,0.8826901502805945,96.1966376752456,36.9
95001.36753701,-0.6678,0.0003,-0.0112,-0.7442,0.015405239999999999,-0.0162694,-0.99974894,0.0,0.0,0.0,0.1569064,0.16671305,9.80665,0.0041106946282946,-0.031135078826691927,-0.9995067074819122,1.7996853530233397,-14.111,23.746,-11.059,0.9323197489381487,0.8826901502805945,96.1966376752456,36.9
95001.407453964,-0.6678,0.0003,-0.0112,-0.7442,0.015405239999999999,-0.0162694,-0.99974894,0.0,0.0,0.0,0.1569064,0.1569064,9.80665,0.003117056535640445,-0.03124323219607404,-0.9995069255305253,1.7992879915619133,-14.111,23.746,-11.059,0.9323197489381487,0.8826901502805945,96.1966376752456,36.9
95001.447436049,-0.6678,0.0003,-0.0112,-0.7442,0.015405239999999999,-0.0162694,-0.99974894,0.0,0.0,0.0,0.14709974999999997,0.14709974999999997,9.80665,0.002015522558430788,-0.03035812029120155,-0.9995370318629208,1.7434905247005947,-14.111,23.746,-11.059,0.9323197489381487,0.8826901502805945,96.1966376752456,36.9
95001.487528647,-0.6678,0.0003,-0.0112,-0.7442,0.015405239999999999,-0.0162694,-0.99974894,0.0,0.0,0.0,0.1569064,0.16671305,9.80665,0.0041106946282946,-0.031135078826691927,-0.9995067074819122,1.7996853530233397,-14.111,23.746,-11.059,0.9323197489381487,0.8826901502805945,96.1966376752456,36.9
95001.527628936,-0.6678,0.0003,-0.0112,-0.7442,0.015405239999999999,-0.0162694,-0.99974894,0.0,0.0,0.0,0.1569064,0.1569064,9.79684335,0.0031346981151117795,-0.03125740720811485,-0.9995064271138527,1.8001971798192231,-14.111,23.746,-11.059,0.9323197489381487,0.8826901502805945,96.1966376752456,36.9
95001.567487965,-0.6678,0.0003,-0.0112,-0.7442,0.015405239999999999,-0.0162694,-0.99974894,0.0,0.0,0.0,0.1372931,0.1569064,9.81645665,0.0028839708562702817,-0.029244560116408812,-0.9995681066028239,1.683960206422657,-14.111,23.746,-11.059,0.9323197489381487,0.8826901502805945,96.1966376752456,36.9
95001.617703981,-0.6678,0.0003,-0.0112,-0.7442,0.015405239999999999,-0.0162694,-0.99974894,0.0,0.0,0.0,0.16671305,0.1569064,9.80665,0.0032248938961149543,-0.03223639301945299,-0.9994750414697251,1.8565534116986957,-14.111,23.746,-11.059,0.9323197489381487,0.8826901502805945,96.1966376752456,36.9
95001.657621544,-0.6678,0.0003,-0.0112,-0.7442,0.015405239999999999,-0.0162694,-0.99974894,0.0,0.0,0.0,0.1569064,0.1569064,9.80665,0.003117056535640445,-0.03124323219607404,-0.9995069255305253,1.7992879915619133,-14.111,23.746,-11.059,0.9323197489381487,0.8826901502805945,96.1966376752456,36.9
95001.70745822,-0.6678,0.0003,-0.0112,-0.7442,0.015405239999999999,-0.0162694,-0.99974894,0.0,0.0,0.0,0.14709974999999997,0.14709974999999997,9.80665,0.002015522558430788,-0.03035812029120155,-0.9995370318629208,1.7434905247005947,-14.111,23.746,-11.059,0.9323197489381487,0.8826901502805945,96.1966376752456,36.9
95001.747691059,-0.6678,0.0003,-0.0112,-0.7442,0.015405239999999999,-0.0162694,-0.99974894,0.0,0.0,0.0,0.14709974999999997,0.1569064,9.80665,0.0030092126113728454,-0.030250008387606466,-0.9995378118560572,1.7420208786760714,-14.111,23.746,-11.059,0.9323197489381487,0.8826901502805945,96.1966376752456,36.9
95001.797499812,-0.6678,0.0003,-0.0112,-0.7442,0.015405239999999999,-0.0162694,-0.99974894,0.0,0.0,0.0,0.14709974999999997,0.16671305,9.79684335,0.004021395675623268,-0.030154942783498583,-0.9995371243050962,1.7433156749769383,-14.111,23.746,-11.059,0.9323197489381487,0.8826901502805945,96.1966376752456,36.9
95001.83749821,-0.6678,0.0003,-0.0112,-0.7442,0.015405239999999999,-0.0162694,-0.99974894,0.0,0.0,0.0,0.14709974999999997,0.16671305,9.80665,0.00400286787511484,-0.030141869714647773,-0.9995375930393375,1.7424327428762185,-14.111,23.746,-11.059,0.9323197489381487,0.8826901502805945,96.1966376752456,36.9
95001.877567762,-0.6678,0.0003,-0.0112,-0.7442,0.015405239999999999,-0.0162694,-0.99974894,0.0,0.0,0.0,0.1569064,0.1569064,9.80665,0.003117056535640445,-0.03124323219607404,-0.9995069255305253,1.7992879915619133,-14.111,23.746,-11.059,0.9323197489381487,0.8826901502805945,96.1966376752456,36.9
95001.927441943,-0.6678,0.0003,-0.0112,-0.7442,0.015405239999999999,-0.0162694,-0.99974894,0.0,0.0,0.0,0.14709974999999997,0.1569064,9.80665,0.0030092126113728454,-0.030250008387606466,-0.9995378118560572,1.7420208786760714,-14.111,23.746,-11.059,0.9323197489381487,0.8826901502805945,96.1966376752456,36.9
95001.967555573,-0.6678,0.0003,-0.0112,-0.7442,0.015405239999999999,-0.0162694,-0.99974894,0.0,0.0,0.0,0.1569064,0.1569064,9.81645665,0.003099450184467731,-0.031229085475292538,-0.9995074224411556,1.7983810930628839,-14.111,23.746,-11.059,0.9323197489381487,0.8826901502805945,96.1966376752456,36.9
95002.007421382,-0.6678,0.0003,-0.0112,-0.7442,0.015405239999999999,-0.0162694,-0.99974894,0.0,0.0,0.0,0.1569064,0.16671305,9.79684335,0.004129329954906585,-0.03114914488593511,-0.9995061923480414,1.8006248178254334,-14.111,23.746,-11.059,0.9323197489381487,0.8826901502805945,96.1966376752456,36.9
95002.047404882,-0.6678,0.0003,-0.0112,-0.7442,0.015405239999999999,-0.0162694,-0.99974894,0.0,0.0,0.0,0.1569064,0.16671305,9.80665,0.0041106946282946,-0.031135078826691927,-0.9995067074819122,1.7996853530233397,-14.111,23.746,-11.059,0.9323197489381487,0.8826901502805945,96.1966376752456,36.9
95002.097441911,-0.6678,0.0003,-0.0112,-0.7442,0.015405239999999999,-0.0162694,-0.99974894,0.0,0.0,0.0,0.1569064,0.1569064,9.80665,0.003117056535640445,-0.03124323219607404,-0.9995069255305253,1.7992879915619133,-14.111,23.746,-11.059,0.9323197489381487,0.8826901502805945,96.1966376752456,36.9
95002.137595606,-0.6678,0.0003,-0.0112,-0.7442,0.015405239999999999,-0.0162694,-0.99974894,0.0,0.0,0.0,0.1569064,0.1569064,9.79684335,0.0031346981151117795,-0.03125740720811485,-0.9995064271138527,1.8001971798192231,-14.111,23.746,-11.059,0.9323197489381487,0.8826901502805945,96.1966376752456,36.9
95002.177482093,-0.6678,0.0003,-0.0112,-0.7442,0.015405239999999999,-0.0162694,-0.99974894,0.0,0.0,0.0,0.1569064,0.14709974999999997,9.80665,0.0021233835476505425,-0.03135135780491511,-0.999506144831061,1.8007122021381659,-14.111,23.746,-11.059,0.9323197489381487,0.8826901502805945,96.1966376752456,36.9
95002.227635175,-0.6678,0.0003,-0.0112,-0.7442,0.015405239999999999,-0.0162694,-0.99974894,0.0,0.0,0.0,0.14709974999999997,0.14709974999999997,9.81645665,0.001999015505771846,-0.030344855997807056,-0.9995374678325428,1.7426694009180423,-14.111,23.746,-11.059,0.9323197489381487,0.8826901502805945,96.1966376752456,36.9
95002.267657201,-0.6678,0.0003,-0.0112,-0.7442,0.015405239999999999,-0.0162694,-0.99974894,0.0,0.0,0.0,0.1372931,0.14709974999999997,9.79684335,0.001924088745385924,-0.029377120239027416,-0.9995665280619386,1.68703514963806,-14.111,23.746,-11.059,0.9323197489381487,0.8826901502805945,96.1966376752456,36.9
95002.317590977,-0.6678,0.0003,-0.0112,-0.7442,0.015405239999999999,-0.0162694,-0.99974894,0.0,0.0,0.0,0.1569064,0.1569064,9.79684335,0.0031346981151117795,-0.03125740720811485,-0.9995064271138527,1.8001971798192231,-14.111,23.746,-11.059,0.9323197489381487,0.8826901502805945,96.1966376752456,36.9
95002.357539517,-0.6678,0.0003,-0.0112,-0.7442,0.015405239999999999,-0.0162694,-0.99974894,0.0,0.0,0.0,0.14709974999999997,0.1569064,9.79684335,0.0030267466131673436,-0.030263190365134127,-0.9995373598420901,1.7428725274222563,-14.111,23.746,-11.059,0.9323197489381487,0.8826901502805945,96.1966376752456,36.9
95002.407618429,-0.6678,0.0003,-0.0112,-0.7442,0.015405239999999999,-0.0162694,-0.99974894,0.0,0.0,0.0,0.1372931,0.1569064,9.80665,0.0029013624461654217,-0.029256724567237227,-0.9995677002609336,1.6847522015228853,-14.111,23.746,-11.059,0.9323197489381487,0.8826901502805945,96.1966376752456,36.9
95002.447576114,-0.6678,0.0003,-0.0112,-0.7442,0.015405239999999999,-0.0162694,-0.99974894,0.0,0.0,0.0,0.16671305,0.1569064,9.80665,0.0032248938961149543,-0.03223639301945299,-0.9994750414697251,1.8565534116986957,-14.111,23.746,-11.059,0.9323197489381487,0.8826901502805945,96.1966376752456,36.9
95002.487520139,-0.6678,0.0003,-0.0112,-0.7442,0.015405239999999999,-0.0162694,-0.99974894,0.0,0.0,0.0,0.1569064,0.16671305,9.80665,0.0041106946282946,-0.031135078826691927,-0.9995067074819122,1.7996853530233397,-14.111,23.746,-11.059,0.9323197489381487,0.8826901502805945,96.1966376752456,36.9
95002.537483267,-0.6678,0.0003,-0.0112,-0.7442,0.015405239999999999,-0.0162694,-0.99974894,0.0,0.0,0.0,0.1569064,0.1569064,9.80665,0.003117056535640445,-0.03124323219607404,-0.9995069255305253,1.7992879915619133,-14.111,23.746,-11.059,0.9323197489381487,0.8826901502805945,96.1966376752456,36.9
95002.577483057,-0.6678,0.0003,-0.0112,-0.7442,0.015405239999999999,-0.0162694,-0.99974894,0.0,0.0,0.0,0.16671305,0.14709974999999997,9.81645665,0.002214517113446392,-0.03232928591212361,-0.9994747905565768,1.8569973508030253,-14.111,23.746,-11.059,0.9323197489381487,0.8826901502805945,96.1966376752456,36.9
95002.617458247,-0.6678,0.0003,-0.0112,-0.7442,0.015405239999999999,-0.0162694,-0.99974894,0.0,0.0,0.0,0.1372931,0.1569064,9.80665,0.0029013624461654217,-0.029256724567237227,-0.9995677002609336,1.6847522015228853,-14.111,23.746,-11.059,0.9323197489381487,0.8826901502805945,96.1966376752456,36.9
95002.667388639,-0.6678,0.0003,-0.0112,-0.7442,0.015405239999999999,-0.0162694,-0.99974894,0.0,0.0,0.0,0.1569064,0.14709974999999997,9.79684335,0.00214003126061078,-0.03136564170349183,-0.999505661133633,1.8015938521569344,-14.111,23.746,-11.059,0.9323197489381487,0.8826901502805945,96.1966376752456,36.9
95002.707459977,-0.6678,0.0003,-0.0112,-0.7442,0.015405239999999999,-0.0162694,-0.99974894,0.0,0.0,0.0,0.14709974999999997,0.1569064,9.81645665,0.002991713624278412,-0.030236852720524808,-0.9995382624874966,1.7411714201768618,-14.111,23.746,-11.059,0.9323197489381487,0.8826901502805945,96.1966376752456,36.9
95002.747477439,-0.6678,0.0003,-0.0112,-0.7442,0.015405239999999999,-0.0162694,-0.99974894,0.0,0.0,0.0,0.14709974999999997,0.1569064,9.80665,0.0030092126113728454,-0.030250008387606466,-0.9995378118560572,1.7420208786760714,-14.111,23.746,-11.059,0.9323197489381487,0.8826901502805945,96.1966376752456,36.9
95002.797579567,-0.6678,0.0003,-0.0112,-0.7442,0.015405239999999999,-0.0162694,-0.99974894,0.0,0.0,0.0,0.1569064,0.1569064,9.80665,0.003117056535640445,-0.03124323219607404,-0.9995069255305253,1.7992879915619133,-14.111,23.746,-11.059,0.9323197489381487,0.8826901502805945,96.1966376752456,36.9
95002.837448819,-0.6678,0.0003,-0.0112,-0.7442,0.015405239999999999,-0.0162694,-0.99974894,0.0,0.0,0.0,0.1569064,0.1569064,9.81645665,0.003099450184467731,-0.031229085475292538,-0.9995074224411556,1.7983810930628839,-14.111,23.746,-11.059,0.9323197489381487,0.8826901502805945,96.1966376752456,36.9
95002.877651916,-0.6678,0.0003,-0.0112,-0.7442,0.015405239999999999,-0.0162694,-0.99974894,0.0,0.0,0.0,0.14709974999999997,0.1569064,9.79684335,0.0030267466131673436,-0.030263190365134127,-0.9995373598420901,1.7428725274222563,-14.111,23.746,-11.059,0.9323197489381487,0.8826901502805945,96.1966376752456,36.9
95002.927438375,-0.6678,0.0003,-0.0112,-0.7442,0.015405239999999999,-0.0162694,-0.99974894,0.0,0.0,0.0,0.14709974999999997,0.14709974999999997,9.80665,0.002015522558430788,-0.03035812029120155,-0.9995370318629208,1.7434905247005947,-14.111,23.746,-11.059,0.9323197489381487,0.8826901502805945,96.1966376752456,36.9
95002.967477387,-0.6678,0.0003,-0.0112,-0.7442,0.015405239999999999,-0.0162694,-0.99974894,0.0,0.0,0.0,0.14709974999999997,0.1569064,9.81645665,0.002991713624278412,-0.030236852720524808,-0.9995382624874966,1.7411714201768618,-14.111,23.746,-11.059,0.9323197489381487,0.8826901502805945,96.1966376752456,36.9
95003.017407488,-0.6678,0.0003,-0.0112,-0.7442,0.015405239999999999,-0.0162694,-0.99974894,0.0,0.0,0.0,0.1569064,0.16671305,9.80665,0.0041106946282946,-0.031135078826691927,-0.9995067074819122,1.7996853530233397,-14.111,23.746,-11.059,0.9323197489381487,0.8826901502805945,96.1966376752456,36.9
95003.057461118,-0.6678,0.0003,-0.0112,-0.7442,0.015405239999999999,-0.0162694,-0.99974894,0.0,0.0,0.0,0.1569064,0.1569064,9.81645665,0.003099450184467731,-0.031229085475292538,-0.9995074224411556,1.7983810930628839,-14.111,23.746,-11.059,0.9323197489381487,0.8826901502805945,96.1966376752456,36.9
95003.107417087,-0.6678,0.0003,-0.0112,-0.7442,0.015405239999999999,-0.0162694,-0.99974894,0.0,0.0,0.0,0.14709974999999997,0.16671305,9.80665,0.00400286787511484,-0.030141869714647773,-0.9995375930393375,1.7424327428762185,-14.111,23.746,-11.059,0.9323197489381487,0.8826901502805945,96.1966376752456,36.9
95003.147615549,-0.6678,0.0003,-0.0112,-0.7442,0.015405239999999999,-0.0162694,-0.99974894,0.0,0.0,0.0,0.1569064,0.1569064,9.80665,0.003117056535640445,-0.03124323219607404,-0.9995069255305253,1.7992879915619133,-14.111,23.746,-11.059,0.9323197489381487,0.8826901502805945,96.1966376752456,36.9
95003.19770152,-0.6678,0.0003,-0.0112,-0.7442,0.015405239999999999,-0.0162694,-0.99974894,0.0,0.0,0.0,0.1569064,0.16671305,9.81645665,0.004092096512605829,-0.031121040839236926,-0.9995072210435095,1.7987482672781017,-14.111,23.746,-11.059,0.9323197489381487,0.8826901502805945,96.1966376752456,36.9
95003.237489328,-0.6678,0.0003,-0.0112,-0.7442,0.015405239999999999,-0.0162694,-0.99974894,0.0,0.0,0.0,0.1372931,0.14709974999999997,9.79684335,0.001924088745385924,-0.029377120239027416,-0.9995665280619386,1.68703514963806,-14.111,23.746,-11.059,0.9323197489381487,0.8826901502805945,96.1966376752456,36.9
95003.277435052,-0.6678,0.0003,-0.0112,-0.7442,0.015405239999999999,-0.0162694,-0.99974894,0.0,0.0,0.0,0.14709974999999997,0.1569064,9.81645665,0.002991713624278412,-0.030236852720524808,-0.9995382624874966,1.7411714201768618,-14.111,23.746,-11.059,0.9323197489381487,0.8826901502805945,96.1966376752456,36.9
95003.32768792,-0.6678,0.0003,-0.0112,-0.7442,0.015405239999999999,-0.0162694,-0.99974894,0.0,0.0,0.0,0.1569064,0.14709974999999997,9.80665,0.0021233835476505425,-0.03135135780491511,-0.999506144831061,1.8007122021381659,-14.111,23.746,-11.059,0.9323197489381487,0.8826901502805945,96.1966376752456,36.9
95003.367477863,-0.6678,0.0003,-0.0112,-0.7442,0.015405239999999999,-0.0162694,-0.99974894,0.0,0.0,0.0,0.1569064,0.1569064,9.81645665,0.003099450184467731,-0.031229085475292538,-0.9995074224411556,1.7983810930628839,-14.111,23.746,-11.059,0.9323197489381487,0.8826901502805945,96.1966376752456,36.9
95003.417633852,-0.6678,0.0003,-0.0112,-0.7442,0.015405239999999999,-0.0162694,-0.99974894,0.0,0.0,0.0,0.1569064,0.1569064,9.81645665,0.003099450184467731,-0.031229085475292538,-0.9995074224411556,1.7983810930628839,-14.111,23.746,-11.059,0.9323197489381487,0.8826901502805945,96.1966376752456,36.9
95003.457425831,-0.6678,0.0003,-0.0112,-0.7442,0.015405239999999999,-0.0162694,-0.99974894,0.0,0.0,0.0,0.14709974999999997,0.1569064,9.80665,0.0030092126113728454,-0.030250008387606466,-0.9995378118560572,1.7420208786760714,-14.111,23.746,-11.059,0.9323197489381487,0.8826901502805945,96.1966376752456,36.9
95003.497477279,-0.6678,0.0003,-0.0112,-0.7442,0.015405239999999999,-0.0162694,-0.99974894,0.0,0.0,0.0,0.14709974999999997,0.16671305,9.80665,0.00400286787511484,-0.030141869714647773,-0.9995375930393375,1.7424327428762185,-14.111,23.746,-11.059,0.9323197489381487,0.8826901502805945,96.1966376752456,36.9
95003.547485132,-0.6678,0.0003,-0.0112,-0.7442,0.015405239999999999,-0.0162694,-0.99974894,0.0,0.0,0.0,0.1569064,0.16671305,9.79684335,0.004129329954906585,-0.03114914488593511,-0.9995061923480414,1.8006248178254334,-14.111,23.746,-11.059,0.9323197489381487,0.8826901502805945,96.1966376752456,36.9
95003.587514811,-0.6678,0.0003,-0.0112,-0.7442,0.015405239999999999,-0.0162694,-0.99974894,0.0,0.0,0.0,0.14709974999999997,0.1569064,9.81645665,0.002991713624278412,-0.030236852720524808,-0.9995382624874966,1.7411714201768618,-14.111,23.746,-11.059,0.9323197489381487,0.8826901502805945,96.1966376752456,36.9
95003.627592027,-0.6678,0.0003,-0.0112,-0.7442,0.015405239999999999,-0.0162694,-0.99974894,0.0,0.0,0.0,0.14709974999999997,0.1569064,9.80665,0.0030092126113728454,-0.030250008387606466,-0.9995378118560572,1.7420208786760714,-14.111,23.746,-11.059,0.9323197489381487,0.8826901502805945,96.1966376752456,36.9
95003.677448648,-0.6678,0.0003,-0.0112,-0.7442,0.015405239999999999,-0.0162694,-0.99974894,0.0,0.0,0.0,0.14709974999999997,0.14709974999999997,9.80665,0.002015522558430788,-0.03035812029120155,-0.9995370318629208,1.7434905247005947,-14.111,23.746,-11.059,0.9323197489381487,0.8826901502805945,96.1966376752456,36.9
95003.727465748,-0.6678,0.0003,-0.0112,-0.7442,0.015405239999999999,-0.0162694,-0.99974894,0.0,0.0,0.0,0.14709974999999997,0.14709974999999997,9.80665,0.002015522558430788,-0.03035812029120155,-0.9995370318629208,1.7434905247005947,-14.111,23.746,-11.059,0.9323197489381487,0.8826901502805945,96.1966376752456,36.9
95003.767742761,-0.6678,0.0003,-0.0112,-0.7442,0.015405239999999999,-0.0162694,-0.99974894,0.0,0.0,0.0,0.14709974999999997,0.14709974999999997,9.81645665,0.001999015505771846,-0.030344855997807056,-0.9995374678325428,1.7426694009180423,-14.111,23.746,-11.059,0.9323197489381487,0.8826901502805945,96.1966376752456,36.9
95003.817602277,-0.6678,0.0003,-0.0112,-0.7442,0.015405239999999999,-0.0162694,-0.99974894,0.0,0.0,0.0,0.14709974999999997,0.16671305,9.80665,0.00400286787511484,-0.030141869714647773,-0.9995375930393375,1.7424327428762185,-14.111,23.746,-11.059,0.9323197489381487,0.8826901502805945,96.1966376752456,36.9
95003.857482377,-0.6678,0.0003,-0.0112,-0.7442,0.015405239999999999,-0.0162694,-0.99974894,0.0,0.0,0.0,0.14709974999999997,0.1569064,9.81645665,0.002991713624278412,-0.030236852720524808,-0.9995382624874966,1.7411714201768618,-14.111,23.746,-11.059,0.9323197489381487,0.8826901502805945,96.1966376752456,36.9
95003.89760524,-0.6678,0.0003,-0.0112,-0.7442,0.015405239999999999,-0.0162694,-0.99974894,0.0,0.0,0.0,0.1569064,0.14709974999999997,9.81645665,0.0021067690798592543,-0.03133710241683872,-0.9995066270827034,1.7998327575210669,-14.111,23.746,-11.059,0.9323197489381487,0.8826901502805945,96.1966376752456,36.9
95003.947512333,-0.6678,0.0003,-0.0112,-0.7442,0.015405239999999999,-0.0162694,-0.99974894,0.0,0.0,0.0,0.14709974999999997,0.16671305,9.81645665,0.003984377072136733,-0.030128822736947673,-0.999538060324805,1.74155209426413,-14.111,23.746,-11.059,0.9323197489381487,0.8826901502805945,96.1966376752456,36.9
95003.987478188,-0.6678,0.0003,-0.0112,-0.7442,0.015405239999999999,-0.0162694,-0.99974894,0.0,0.0,0.0,0.14709974999999997,0.1569064,9.80665,0.0030092126113728454,-0.030250008387606466,-0.9995378118560572,1.7420208786760714,-14.111,23.746,-11.059,0.9323197489381487,0.8826901502805945,96.1966376752456,36.9
95004.027418932,-0.6678,0.0003,-0.0112,-0.7442,0.015405239999999999,-0.0162694,-0.99974894,0.0,0.0,0.0,0.14709974999999997,0.1569064,9.81645665,0.002991713624278412,-0.030236852720524808,-0.9995382624874966,1.7411714201768618,-14.111,23.746,-11.059,0.9323197489381487,0.8826901502805945,96.1966376752456,36.9
95004.077499364,-0.6678,0.0003,-0.0112,-0.7442,0.015405239999999999,-0.0162694,-0.99974894,0.0,0.0,0.0,0.14709974999999997,0.1569064,9.79684335,0.0030267466131673436,-0.030263190365134127,-0.9995373598420901,1.7428725274222563,-14.111,23.746,-11.059,0.9323197489381487,0.8826901502805945,96.1966376752456,36.9
95004.117429932,-0.6678,0.0003,-0.0112,-0.7442,0.015405239999999999,-0.0162694,-0.99974894,0.0,0.0,0.0,0.1569064,0.16671305,9.79684335,0.004129329954906585,-0.03114914488593511,-0.9995061923480414,1.8006248178254334,-14.111,23.746,-11.059,0.9323197489381487,0.8826901502805945,96.1966376752456,36.9
95004.16759685,-0.6678,0.0003,-0.0112,-0.7442,0.015405239999999999,-0.0162694,-0.99974894,0.0,0.0,0.0,0.14709974999999997,0.1569064,9.81645665,0.002991713624278412,-0.030236852720524808,-0.9995382624874966,1.7411714201768618,-14.111,23.746,-11.059,0.9323197489381487,0.8826901502805945,96.1966376752456,36.9
95004.207518517,-0.6678,0.0003,-0.0112,-0.7442,0.015405239999999999,-0.0162694,-0.99974894,0.0,0.0,0.0,0.14709974999999997,0.1569064,9.81645665,0.002991713624278412,-0.030236852720524808,-0.9995382624874966,1.7411714201768618,-14.111,23.746,-11.059,0.9323197489381487,0.8826901502805945,96.1966376752456,36.9
95004.247457,-0.6678,0.0003,-0.0112,-0.7442,0.015405239999999999,-0.0162694,-0.99974894,0.0,0.0,0.0,0.14709974999999997,0.16671305,9.80665,0.00400286787511484,-0.030141869714647773,-0.9995375930393375,1.7424327428762185,-14.111,23.746,-11.059,0.9323197489381487,0.8826901502805945,96.1966376752456,36.9
95004.297547261,-0.6678,0.0003,-0.0112,-0.7442,0.015405239999999999,-0.0162694,-0.99974894,0.0,0.0,0.0,0.14709974999999997,0.1569064,9.80665,0.0030092126113728454,-0.030250008387606466,-0.9995378118560572,1.7420208786760714,-14.111,23.746,-11.059,0.9323197489381487,0.8826901502805945,96.1966376752456,36.9
95004.337438618,-0.6678,0.0003,-0.0112,-0.7442,0.015405239999999999,-0.0162694,-0.99974894,0.0,0.0,0.0,0.14709974999999997,0.16671305,9.81645665,0.003984377072136733,-0.030128822736947673,-0.999538060324805,1.74155209426413,-14.111,23.746,-11.059,0.9323197489381487,0.8826901502805945,96.1966376752456,36.9
95004.38739354,-0.6678,0.0003,-0.0112,-0.7442,0.015405239999999999,-0.0162694,-0.99974894,0.0,0.0,0.0,0.1569064,0.16671305,9.79684335,0.004129329954906585,-0.03114914488593511,-0.9995061923480414,1.8006248178254334,-14.111,23.746,-11.059,0.9323197489381487,0.8826901502805945,96.1966376752456,36.9
95004.42745085,-0.6678,0.0003,-0.0112,-0.7442,0.015405239999999999,-0.0162694,-0.99974894,0.0,0.0,0.0,0.14709974999999997,0.14709974999999997,9.80665,0.002015522558430788,-0.03035812029120155,-0.9995370318629208,1.7434905247005947,-14.111,23.746,-11.059,0.9323197489381487,0.8826901502805945,96.1966376752456,36.9
95004.46746325,-0.6678,0.0003,-0.0112,-0.7442,0.015405239999999999,-0.0162694,-0.99974894,0.0,0.0,0.0,0.1569064,0.16671305,9.80665,0.0041106946282946,-0.031135078826691927,-0.9995067074819122,1.7996853530233397,-14.111,23.746,-11.059,0.9323197489381487,0.8826901502805945,96.1966376752456,36.9
95004.507498204,-0.6678,0.0003,-0.0112,-0.7442,0.015405239999999999,-0.0162694,-0.99974894,0.0,0.0,0.0,0.14709974999999997,0.1569064,9.80665,0.0030092126113728454,-0.030250008387606466,-0.9995378118560572,1.7420208786760714,-14.111,23.746,-11.059,0.9323197489381487,0.8826901502805945,96.1966376752456,36.9
95004.557441293,-0.6678,0.0003,-0.0112,-0.7442,0.015405239999999999,-0.0162694,-0.99974894,0.0,0.0,0.0,0.14709974999999997,0.16671305,9.80665,0.00400286787511484,-0.030141869714647773,-0.9995375930393375,1.7424327428762185,-14.111,23.746,-11.059,0.9323197489381487,0.8826901502805945,96.1966376752456,36.9
95004.607622687,-0.6678,0.0003,-0.0112,-0.7442,0.015405239999999999,-0.0162694,-0.99974894,0.0,0.0,0.0,0.1569064,0.1569064,9.79684335,0.0031346981151117795,-0.03125740720811485,-0.9995064271138527,1.8001971798192231,-14.111,23.746,-11.059,0.9323197489381487,0.8826901502805945,96.1966376752456,36.9
95004.647514781,-0.6678,0.0003,-0.0112,-0.7442,0.015405239999999999,-0.0162694,-0.99974894,0.0,0.0,0.0,0.1569064,0.1569064,9.80665,0.003117056535640445,-0.03124323219607404,-0.9995069255305253,1.7992879915619133,-14.111,23.746,-11.059,0.9323197489381487,0.8826901502805945,96.1966376752456,36.9
95004.68758283,-0.6678,0.0003,-0.0112,-0.7442,0.015405239999999999,-0.0162694,-0.99974894,0.0,0.0,0.0,0.16671305,0.16671305,9.80665,0.004218513825620747,-0.032128225064259566,-0.99947482422231,1.8569371067737945,-14.111,23.746,-11.059,0.9323197489381487,0.8826901502805945,96.1966376752456,36.9
95004.727508506,-0.6678,0.0003,-0.0112,-0.7442,0.015405239999999999,-0.0162694,-0.99974894,0.0,0.0,0.0,0.1569064,0.1569064,9.80665,0.003117056535640445,-0.03124323219607404,-0.9995069255305253,1.7992879915619133,-14.111,23.746,-11.059,0.9323197489381487,0.8826901502805945,96.1966376752456,36.9
95004.777417114,-0.6678,0.0003,-0.0112,-0.7442,0.015405239999999999,-0.0162694,-0.99974894,0.0,0.0,0.0,0.1569064,0.1569064,9.80665,0.003117056535640445,-0.03124323219607404,-0.9995069255305253,1.7992879915619133,-14.111,23.746,-11.059,0.9323197489381487,0.8826901502805945,96.1966376752456,36.9
95004.817696646,-0.6678,0.0003,-0.0112,-0.7442,0.015405239999999999,-0.0162694,-0.99974894,0.0,0.0,0.0,0.1569064,0.14709974999999997,9.81645665,0.0021067690798592543,-0.03133710241683872,-0.9995066270827034,1.7998327575210669,-14.111,23.746,-11.059,0.9323197489381487,0.8826901502805945,96.1966376752456,36.9
95004.867542824,-0.6678,0.0003,-0.0112,-0.7442,0.015405239999999999,-0.0162694,-0.99974894,0.0,0.0,0.0,0.1372931,0.1569064,9.7870367,0.002936250133312312,-0.029281126528985502,-0.9995668837770597,1.6863424739235577,-14.111,23.746,-11.059,0.9323197489381487,0.8826901502805945,96.1966376752456,36.9
95004.907475195,-0.6678,0.0003,-0.0112,-0.7442,0.015405239999999999,-0.0162694,-0.99974894,0.0,0.0,0.0,0.16671305,0.14709974999999997,9.80665,0.0022312389652525463,-0.03234453222310624,-0.999474260033829,1.8579350415615448,-14.111,23.746,-11.059,0.9323197489381487,0.8826901502805945,96.1966376752456,36.9
95004.947443719,-0.6678,0.0003,-0.0112,-0.7442,0.015405239999999999,-0.0162694,-0.99974894,0.0,0.0,0.0,0.1569064,0.16671305,9.80665,0.0041106946282946,-0.031135078826691927,-0.9995067074819122,1.7996853530233397,-14.111,23.746,-11.059,0.9323197489381487,0.8826901502805945,96.1966376752456,36.9
95004.997444669,-0.6678,0.0003,-0.0112,-0.7442,0.015405239999999999,-0.0162694,-0.99974894,0.0,0.0,0.0,0.1569064,0.1569064,9.79684335,0.0031346981151117795,-0.03125740720811485,-0.9995064271138527,1.8001971798192231,-14.111,23.746,-11.059,0.9323197489381487,0.8826901502805945,96.1966376752456,36.9
95005.037591924,-0.6678,0.0003,-0.0112,-0.7442,0.015405239999999999,-0.0162694,-0.99974894,0.0,0.0,0.0,0.16671305,0.1569064,9.79684335,0.0032426430190138043,-0.032251560893914316,-0.9994744946554363,1.8575201182850458,-14.111,23.746,-11.059,0.9323197489381487,0.8826901502805945,96.1966376752456,36.9
95005.077489919,-0.6678,0.0003,-0.0112,-0.7442,0.015405239999999999,-0.0162694,-0.99974894,0.0,0.0,0.0,0.1569064,0.1569064,9.80665,0.003117056535640445,-0.03124323219607404,-0.9995069255305253,1.7992879915619133,-14.111,23.746,-11.059,0.9323197489381487,0.8826901502805945,96.1966376752456,36.9
95005.117476137,-0.6678,0.0003,-0.0112,-0.7442,0.015405239999999999,-0.0162694,-0.99974894,0.0,0.0,0.0,0.1569064,0.1569064,9.81645665,0.003099450184467731,-0.031229085475292538,-0.9995074224411556,1.7983810930628839,-14.111,23.746,-11.059,0.9323197489381487,0.8826901502805945,96.1966376752456,36.9
95005.157534394,-0.6678,0.0003,-0.0112,-0.7442,0.015405239999999999,-0.0162694,-0.99974894,0.0,0.0,0.0,0.1372931,0.1569064,9.80665,0.0029013624461654217,-0.029256724567237227,-0.9995677002609336,1.6847522015228853,-14.111,23.746,-11.059,0.9323197489381487,0.8826901502805945,96.1966376752456,36.9
95005.207459665,-0.6678,0.0003,-0.0112,-0.7442,0.015405239999999999,-0.0162694,-0.99974894,0.0,0.0,0.0,0.16671305,0.16671305,9.826263299999999,0.004181140355115624,-0.032098197373980404,-0.9994759461804456,1.854952448769848,-14.111,23.746,-11.059,0.9323197489381487,0.8826901502805945,96.1966376752456,36.9
95005.247512492,-0.6678,0.0003,-0.0112,-0.7442,0.015405239999999999,-0.0162694,-0.99974894,0.0,0.0,0.0,0.1569064,0.1569064,9.80665,0.003117056535640445,-0.03124323219607404,-0.9995069255305253,1.7992879915619133,-14.111,23.746,-11.059,0.9323197489381487,0.8826901502805945,96.1966376752456,36.9
95005.297492573,-0.6678,0.0003,-0.0112,-0.7442,0.015405239999999999,-0.0162694,-0.99974894,0.0,0.0,0.0,0.1372931,0.16671305,9.80665,0.003895033888780375,-0.029148600701182144,-0.9995674807092106,1.6851794900492587,-14.111,23.746,-11.059,0.9323197489381487,0.8826901502805945,96.1966376752456,36.9
95005.337507773,-0.6678,0.0003,-0.0112,-0.7442,0.015405239999999999,-0.0162694,-0.99974894,0.0,0.0,0.0,0.1569064,0.17651969999999997,9.81645665,0.005084705096626757,-0.031012968834794007,-0.999506022988793,1.8009329875548854,-14.111,23.746,-11.059,0.9323197489381487,0.8826901502805945,96.1966376752456,36.9
95005.377517002,-0.6678,0.0003,-0.0112,-0.7442,0.015405239999999999,-0.0162694,-0.99974894,0.0,0.0,0.0,0.14709974999999997,0.1569064,9.80665,0.0030092126113728454,-0.030250008387606466,-0.9995378118560572,1.7420208786760714,-14.111,23.746,-11.059,0.9323197489381487,0.8826901502805945,96.1966376752456,36.9
95005.417483079,-0.6678,0.0003,-0.0112,-0.7442,0.015405239999999999,-0.0162694,-0.99974894,0.0,0.0,0.0,0.1569064,0.1569064,9.80665,0.003117056535640445,-0.03124323219607404,-0.9995069255305253,1.7992879915619133,-14.111,23.746,-11.059,0.9323197489381487,0.8826901502805945,96.1966376752456,36.9
95005.457621724,-0.6678,0.0003,-0.0112,-0.7442,0.015405239999999999,-0.0162694,-0.99974894,0.0,0.0,0.0,0.1569064,0.16671305,9.80665,0.0041106946282946,-0.031135078826691927,-0.9995067074819122,1.7996853530233397,-14.111,23.746,-11.059,0.9323197489381487,0.8826901502805945,96.1966376752456,36.9
95005.497602979,-0.6678,0.0003,-0.0112,-0.7442,0.015405239999999999,-0.0162694,-0.99974894,0.0,0.0,0.0,0.1569064,0.1569064,9.79684335,0.0031346981151117795,-0.03125740720811485,-0.9995064271138527,1.8001971798192231,-14.111,23.746,-11.059,0.9323197489381487,0.8826901502805945,96.1966376752456,36.9
95005.537570328,-0.6678,0.0003,-0.0112,-0.7442,0.015405239999999999,-0.0162694,-0.99974894,0.0,0.0,0.0,0.18632634999999997,0.1569064,9.875296549999998,0.0033157972410245897,-0.034103395219139424,-0.9994127749427303,1.963579027511402,-14.111,23.746,-11.059,0.9323197489381487,0.8826901502805945,96.1966376752456,36.9
95005.57763081,-0.6678,0.0003,-0.0112,-0.7442,0.015405239999999999,-0.0162694,-0.99974894,0.0,0.0,0.0,0.14709974999999997,0.14709974999999997,9.81645665,0.001999015505771846,-0.030344855997807056,-0.9995374678325428,1.7426694009180423,-14.111,23.746,-11.059,0.9323197489381487,0.8826901502805945,96.1966376752456,36.9
95005.627512817,-0.6678,0.0003,-0.0112,-0.7442,0.015405239999999999,-0.0162694,-0.99974894,0.0,0.0,0.0,0.16671305,0.1569064,9.79684335,0.0032426430190138043,-0.032251560893914316,-0.9994744946554363,1.8575201182850458,-14.111,23.746,-11.059,0.9323197489381487,0.8826901502805945,96.1966376752456,36.9
95005.667546052,-0.6678,0.0003,-0.0112,-0.7442,0.015405239999999999,-0.0162694,-0.99974894,0.0,0.0,0.0,0.1372931,0.196133,9.826263299999999,0.006833136458341492,-0.028800642046285164,-0.9995617981617763,1.6962113211749268,-14.111,23.746,-11.059,0.9323197489381487,0.8826901502805945,96.1966376752456,36.9
95005.717554148,-0.6678,0.0004,-0.0112,-0.7442,0.015554079999999998,-0.016135840000000002,-0.9997488,0.0,0.0,0.0,0.14709974999999997,0.17651969999999997,9.80665,0.005145324842128396,-0.030167191842080193,-0.9995316001429052,1.7536874321429794,-14.111,23.746,-11.059,0.9246675423389473,0.8912190760224767,96.19665153163507,36.9
95005.757654897,-0.6678,0.0003,-0.0112,-0.7442,0.015405239999999999,-0.0162694,-0.99974894,0.0,0.0,0.0,0.17651969999999997,0.1569064,9.81645665,0.0033149033939176113,-0.03321335958043069,-0.9994427553031265,1.9127952988557828,-14.111,23.746,-11.059,0.9323197489381487,0.8826901502805945,96.1966376752456,36.9
95005.807490831,-0.6678,0.0004,-0.0112,-0.7442,0.015554079999999998,-0.016135840000000002,-0.9997488,0.0,0.0,0.0,0.1569064,0.1372931,9.80665,0.0012785163679442171,-0.03159294736053492,-0.9994999750051121,1.811926211687263,-14.111,23.746,-11.059,0.9246675423389473,0.8912190760224767,96.19665153163507,36.9
95005.847527605,-0.6678,0.0004,-0.0112,-0.7442,0.015554079999999998,-0.016135840000000002,-0.9997488,0.0,0.0,0.0,0.1569064,0.14709974999999997,9.80665,0.0022722213564608934,-0.031484847764439466,-0.9995016210788926,1.8089411239474396,-14.111,23.746,-11.059,0.9246675423389473,0.8912190760224767,96.19665153163507,36.9
95005.897453758,-0.6678,0.0003,-0.0112,-0.7442,0.015405239999999999,-0.0162694,-0.99974894,0.0,0.0,0.0,0.1569064,0.17651969999999997,9.79684335,0.005123923794514679,-0.031040855065048677,-0.999504956936119,1.8028752865023527,-14.111,23.746,-11.059,0.9323197489381487,0.8826901502805945,96.1966376752456,36.9
95005.937476548,-0.6678,0.0004,-0.0112,-0.7442,0.015554079999999998,-0.016135840000000002,-0.9997488,0.0,0.0,0.0,0.1569064,0.1569064,9.81645665,0.003248287967138377,-0.03136257333304188,-0.9995027697436019,1.8068549601016954,-14.111,23.746,-11.059,0.9246675423389473,0.8912190760224767,96.19665153163507,36.9
95005.977502643,-0.6678,0.0004,-0.0112,-0.7442,0.015554079999999998,-0.016135840000000002,-0.9997488,0.0,0.0,0.0,0.1569064,0.16671305,9.80665,0.00425953215559296,-0.03126856423687237,-0.9995019168271878,1.8084036029265462,-14.111,23.746,-11.059,0.9246675423389473,0.8912190760224767,96.19665153163507,36.9
95006.027471075,-0.6678,0.0004,-0.0112,-0.7442,0.015554079999999998,-0.016135840000000002,-0.9997488,0.0,0.0,0.0,0.14709974999999997,0.14709974999999997,9.81645665,0.0021478556538014754,-0.030478350360587082,-0.9995330970456641,1.7508842246695757,-14.111,23.746,-11.059,0.9246675423389473,0.8912190760224767,96.19665153163507,36.9
95006.067568944,-0.6678,0.0004,-0.0112,-0.7442,0.015554079999999998,-0.016135840000000002,-0.9997488,0.0,0.0,0.0,0.14709974999999997,0.14709974999999997,9.80665,0.0021643626731716378,-0.030491614558369746,-0.9995326568471886,1.7517094246233162,-14.111,23.746,-11.059,0.9246675423389473,0.8912190760224767,96.19665153163507,36.9
95006.107480609,-0.6678,0.0004,-0.0112,-0.7442,0.015554079999999998,-0.016135840000000002,-0.9997488,0.0,0.0,0.0,0.16671305,0.16671305,9.80665,0.004367348898498316,-0.03226170603383198,-0.9994698848495824,1.8656495986648347,-14.111,23.746,-11.059,0.9246675423389473,0.8912190760224767,96.19665153163507,36.9
95006.157464383,-0.6678,0.0004,-0.0112,-0.7442,0.015554079999999998,-0.016135840000000002,-0.9997488,0.0,0.0,0.0,0.1569064,0.1569064,9.80665,0.0032658942780542533,-0.03137671994758266,-0.999502268322618,1.8077658002113886,-14.111,23.746,-11.059,0.9246675423389473,0.8912190760224767,96.19665153163507,36.9
95006.197496066,-0.6678,0.0004,-0.0112,-0.7442,0.015554079999999998,-0.016135840000000002,-0.9997488,0.0,0.0,0.0,0.14709974999999997,0.1569064,9.80665,0.0031580526596446737,-0.030383500446625952,-0.9995333033802152,1.7504970200157928,-14.111,23.746,-11.059,0.9246675423389473,0.8912190760224767,96.19665153163507,36.9
95006.237483727,-0.6678,0.0004,-0.0112,-0.7442,0.015554079999999998,-0.016135840000000002,-0.9997488,0.0,0.0,0.0,0.1569064,0.14709974999999997,9.80665,0.0022722213564608934,-0.031484847764439466,-0.9995016210788926,1.8089411239474396,-14.111,23.746,-11.059,0.9246675423389473,0.8912190760224767,96.19665153163507,36.9
95006.287519374,-0.6678,0.0004,-0.0112,-0.7442,0.015554079999999998,-0.016135840000000002,-0.9997488,0.0,0.0,0.0,0.16671305,0.1569064,9.80665,0.0033737291840234673,-0.032369876330205445,-0.9994702355391628,1.8650327848970538,-14.111,23.746,-11.059,0.9246675423389473,0.8912190760224767,96.19665153163507,36.9
95006.327447789,-0.6678,0.0004,-0.0112,-0.7442,0.015554079999999998,-0.016135840000000002,-0.9997488,0.0,0.0,0.0,0.1569064,0.1569064,9.81645665,0.003248287967138377,-0.03136257333304188,-0.9995027697436019,1.8068549601016954,-14.111,23.746,-11.059,0.9246675423389473,0.8912190760224767,96.19665153163507,36.9
95006.377457874,-0.6678,0.0004,-0.0112,-0.7442,0.015554079999999998,-0.016135840000000002,-0.9997488,0.0,0.0,0.0,0.1569064,0.14709974999999997,9.80665,0.0022722213564608934,-0.031484847764439466,-0.9995016210788926,1.8089411239474396,-14.111,23.746,-11.059,0.9246675423389473,0.8912190760224767,96.19665153163507,36.9
95006.417533341,-0.6678,0.0004,-0.0112,-0.7442,0.015554079999999998,-0.016135840000000002,-0.9997488,0.0,0.0,0.0,0.16671305,0.16671305,9.80665,0.004367348898498316,-0.03226170603383198,-0.9994698848495824,1.8656495986648347,-14.111,23.746,-11.059,0.9246675423389473,0.8912190760224767,96.19665153163507,36.9
95006.457525211,-0.6678,0.0004,-0.0112,-0.7442,0.015554079999999998,-0.016135840000000002,-0.9997488,0.0,0.0,0.0,0.1569064,0.1569064,9.80665,0.0032658942780542533,-0.03137671994758266,-0.999502268322618,1.8077658002113886,-14.111,23.746,-11.059,0.9246675423389473,0.8912190760224767,96.19665153163507,36.9
95006.497460262,-0.6678,0.0004,-0.0112,-0.7442,0.015554079999999998,-0.016135840000000002,-0.9997488,0.0,0.0,0.0,0.14709974999999997,0.16671305,9.80665,0.004151707708191838,-0.03027535943219766,-0.9995329511121596,1.7511571227857743,-14.111,23.746,-11.059,0.9246675423389473,0.8912190760224767,96.19665153163507,36.9
95006.53744187,-0.6678,0.0004,-0.0112,-0.7442,0.015554079999999998,-0.016135840000000002,-0.9997488,0.0,0.0,0.0,0.1569064,0.1569064,9.81645665,0.003248287967138377,-0.03136257333304188,-0.9995027697436019,1.8068549601016954,-14.111,23.746,-11.059,0.9246675423389473,0.8912190760224767,96.19665153163507,36.9
95006.587499668,-0.6678,0.0004,-0.0112,-0.7442,0.015554079999999998,-0.016135840000000002,-0.9997488,0.0,0.0,0.0,0.14709974999999997,0.1569064,9.80665,0.0031580526596446737,-0.030383500446625952,-0.9995333033802152,1.7504970200157928,-14.111,23.746,-11.059,0.9246675423389473,0.8912190760224767,96.19665153163507,36.9
95006.627530483,-0.6678,0.0004,-0.0112,-0.7442,0.015554079999999998,-0.016135840000000002,-0.9997488,0.0,0.0,0.0,0.1569064,0.14709974999999997,9.80665,0.0022722213564608934,-0.031484847764439466,-0.9995016210788926,1.8089411239474396,-14.111,23.746,-11.059,0.9246675423389473,0.8912190760224767,96.19665153163507,36.9
95006.677551571,-0.6678,0.0004,-0.0112,-0.7442,0.015554079999999998,-0.016135840000000002,-0.9997488,0.0,0.0,0.0,0.14709974999999997,0.1569064,9.80665,0.0031580526596446737,-0.030383500446625952,-0.9995333033802152,1.7504970200157928,-14.111,23.746,-11.059,0.9246675423389473,0.8912190760224767,96.19665153163507,36.9
95006.7174856,-0.6678,0.0004,-0.0112,-0.7442,0.015554079999999998,-0.016135840000000002,-0.9997488,0.0,0.0,0.0,0.14709974999999997,0.14709974999999997,9.80665,0.0021643626731716378,-0.030491614558369746,-0.9995326568471886,1.7517094246233162,-14.111,23.746,-11.059,0.9246675423389473,0.8912190760224767,96.19665153163507,36.9
95006.767527792,-0.6678,0.0004,-0.0112,-0.7442,0.015554079999999998,-0.016135840000000002,-0.9997488,0.0,0.0,0.0,0.16671305,0.16671305,9.826263299999999,0.004329975523446836,-0.03223167857804178,-0.9994710163817065,1.863657349473312,-14.111,23.746,-11.059,0.9246675423389473,0.8912190760224767,96.19665153163507,36.9
95006.807480337,-0.6678,0.0004,-0.0112,-0.7442,0.015554079999999998,-0.016135840000000002,-0.9997488,0.0,0.0,0.0,0.14709974999999997,0.14709974999999997,9.79684335,0.0021809027237741745,-0.030504905285424006,-0.9995322153179969,1.752536728880268,-14.111,23.746,-11.059,0.9246675423389473,0.8912190760224767,96.19665153163507,36.9
95006.847450007,-0.6678,0.0004,-0.0112,-0.7442,0.015554079999999998,-0.016135840000000002,-0.9997488,0.0,0.0,0.0,0.14709974999999997,0.1569064,9.80665,0.0031580526596446737,-0.030383500446625952,-0.9995333033802152,1.7504970200157928,-14.111,23.746,-11.059,0.9246675423389473,0.8912190760224767,96.19665153163507,36.9
95006.897492379,-0.6678,0.0004,-0.0112,-0.7442,0.015554079999999998,-0.016135840000000002,-0.9997488,0.0,0.0,0.0,0.1569064,0.16671305,9.80665,0.00425953215559296,-0.03126856423687237,-0.9995019168271878,1.8084036029265462,-14.111,23.746,-11.059,0.9246675423389473,0.8912190760224767,96.19665153163507,36.9
95006.937432392,-0.6678,0.0004,-0.0112,-0.7442,0.015554079999999998,-0.016135840000000002,-0.9997488,0.0,0.0,0.0,0.14709974999999997,0.1569064,9.80665,0.0031580526596446737,-0.030383500446625952,-0.9995333033802152,1.7504970200157928,-14.111,23.746,-11.059,0.9246675423389473,0.8912190760224767,96.19665153163507,36.9
95006.987462169,-0.6678,0.0004,-0.0112,-0.7442,0.015554079999999998,-0.016135840000000002,-0.9997488,0.0,0.0,0.0,0.1569064,0.1569064,9.79684335,0.0032835358171119915,-0.03139089485310183,-0.999501765386569,1.8086789317655558,-14.111,23.746,-11.059,0.9246675423389473,0.8912190760224767,96.19665153163507,36.9
95007.027532313,-0.6678,0.0004,-0.0112,-0.7442,0.015554079999999998,-0.016135840000000002,-0.9997488,0.0,0.0,0.0,0.14709974999999997,0.1569064,9.81645665,0.003140553708205136,-0.03037034487942261,-0.9995337583736377,1.7496434905408769,-14.111,23.746,-11.059,0.9246675423389473,0.8912190760224767,96.19665153163507,36.9
95007.067568865,-0.6678,0.0004,-0.0112,-0.7442,0.015554079999999998,-0.016135840000000002,-0.9997488,0.0,0.0,0.0,0.14709974999999997,0.14709974999999997,9.80665,0.0021643626731716378,-0.030491614558369746,-0.9995326568471886,1.7517094246233162,-14.111,23.746,-11.059,0.9246675423389473,0.8912190760224767,96.19665153163507,36.9
95007.117456938,-0.6678,0.0004,-0.0112,-0.7442,0.015554079999999998,-0.016135840000000002,-0.9997488,0.0,0.0,0.0,0.14709974999999997,0.1569064,9.79684335,0.0031755866256413315,-0.030396682324011215,-0.9995328469955387,1.7513527415386554,-14.111,23.746,-11.059,0.9246675423389473,0.8912190760224767,96.19665153163507,36.9
95007.157504756,-0.6678,0.0004,-0.0112,-0.7442,0.015554079999999998,-0.016135840000000002,-0.9997488,0.0,0.0,0.0,0.1569064,0.14709974999999997,9.80665,0.0022722213564608934,-0.031484847764439466,-0.9995016210788926,1.8089411239474396,-14.111,23.746,-11.059,0.9246675423389473,0.8912190760224767,96.19665153163507,36.9
95007.20745907,-0.6678,0.0004,-0.0112,-0.7442,0.015554079999999998,-0.016135840000000002,-0.9997488,0.0,0.0,0.0,0.16671305,0.1569064,9.80665,0.0033737291840234673,-0.032369876330205445,-0.9994702355391628,1.8650327848970538,-14.111,23.746,-11.059,0.9246675423389473,0.8912190760224767,96.19665153163507,36.9
95007.247535256,-0.6678,0.0004,-0.0112,-0.7442,0.015554079999999998,-0.016135840000000002,-0.9997488,0.0,0.0,0.0,0.16671305,0.16671305,9.79684335,0.004386091665987975,-0.032276764794000455,-0.9994693165199632,1.8666494348067515,-14.111,23.746,-11.059,0.9246675423389473,0.8912190760224767,96.19665153163507,36.9
95007.28753417,-0.6678,0.0004,-0.0112,-0.7442,0.015554079999999998,-0.016135840000000002,-0.9997488,0.0,0.0,0.0,0.14709974999999997,0.14709974999999997,9.80665,0.0021643626731716378,-0.030491614558369746,-0.9995326568471886,1.7517094246233162,-14.111,23.746,-11.059,0.9246675423389473,0.8912190760224767,96.19665153163507,36.9
95007.337448907,-0.6678,0.0004,-0.0112,-0.7442,0.015554079999999998,-0.016135840000000002,-0.9997488,0.0,0.0,0.0,0.1372931,0.16671305,9.80665,0.00404387587897311,-0.0292820945928376,-0.9995629875186772,1.6939104091575798,-14.111,23.746,-11.059,0.9246675423389473,0.8912190760224767,96.19665153163507,36.9
95007.377499249,-0.6678,0.0004,-0.0112,-0.7442,0.015554079999999998,-0.016135840000000002,-0.9997488,0.0,0.0,0.0,0.14709974999999997,0.1569064,9.81645665,0.003140553708205136,-0.03037034487942261,-0.9995337583736377,1.7496434905408769,-14.111,23.746,-11.059,0.9246675423389473,0.8912190760224767,96.19665153163507,36.9
95007.427532226,-0.6678,0.0004,-0.0112,-0.7442,0.015554079999999998,-0.016135840000000002,-0.9997488,0.0,0.0,0.0,0.1372931,0.14709974999999997,9.80665,0.002056498592598651,-0.02949832109681058,-0.9995626946735473,1.6944786137074295,-14.111,23.746,-11.059,0.9246675423389473,0.8912190760224767,96.19665153163507,36.9
95007.467527359,-0.6678,0.0004,-0.0112,-0.7442,0.015554079999999998,-0.016135840000000002,-0.9997488,0.0,0.0,0.0,0.14709974999999997,0.1569064,9.80665,0.0031580526596446737,-0.030383500446625952,-0.9995333033802152,1.7504970200157928,-14.111,23.746,-11.059,0.9246675423389473,0.8912190760224767,96.19665153163507,36.9
95007.507667798,-0.6678,0.0004,-0.0112,-0.7442,0.015554079999999998,-0.016135840000000002,-0.9997488,0.0,0.0,0.0,0.14709974999999997,0.14709974999999997,9.79684335,0.0021809027237741745,-0.030504905285424006,-0.9995322153179969,1.752536728880268,-14.111,23.746,-11.059,0.9246675423389473,0.8912190760224767,96.19665153163507,36.9
95007.557473773,-0.6678,0.0004,-0.0112,-0.7442,0.015554079999999998,-0.016135840000000002,-0.9997488,0.0,0.0,0.0,0.1569064,0.1569064,9.81645665,0.003248287967138377,-0.03136257333304188,-0.9995027697436019,1.8068549601016954,-14.111,23.746,-11.059,0.9246675423389473,0.8912190760224767,96.19665153163507,36.9
95007.597442199,-0.6678,0.0004,-0.0112,-0.7442,0.015554079999999998,-0.016135840000000002,-0.9997488,0.0,0.0,0.0,0.1569064,0.14709974999999997,9.826263299999999,0.0022390256422208116,-0.03145636561721477,-0.9995025928878958,1.8071765409341518,-14.111,23.746,-11.059,0.9246675423389473,0.8912190760224767,96.19665153163507,36.9
95007.637602856,-0.6678,0.0004,-0.0112,-0.7442,0.015554079999999998,-0.016135840000000002,-0.9997488,0.0,0.0,0.0,0.1372931,0.1569064,9.80665,0.0030502046516272564,-0.02939022080049697,-0.9995633405261223,1.693226562292887,-14.111,23.746,-11.059,0.9246675423389473,0.8912190760224767,96.19665153163507,36.9
95007.68760923,-0.6678,0.0004,-0.0112,-0.7442,0.015554079999999998,-0.016135840000000002,-0.9997488,0.0,0.0,0.0,0.1569064,0.1569064,9.81645665,0.003248287967138377,-0.03136257333304188,-0.9995027697436019,1.8068549601016954,-14.111,23.746,-11.059,0.9246675423389473,0.8912190760224767,96.19665153163507,36.9
95007.727618661,-0.6678,0.0004,-0.0112,-0.7442,0.015554079999999998,-0.016135840000000002,-0.9997488,0.0,0.0,0.0,0.1569064,0.16671305,9.79684335,0.004278167439118687,-0.031282630185048656,-0.9995013970405847,1.80934698495293,-14.111,23.746,-11.059,0.9246675423389473,0.8912190760224767,96.19665153163507,36.9
95007.777500038,-0.6678,0.0004,-0.0112,-0.7442,0.015554079999999998,-0.016135840000000002,-0.9997488,0.0,0.0,0.0,0.14709974999999997,0.1372931,9.80665,0.0011706407260573988,-0.030599701440644285,-0.9995310114221698,1.7547906266768085,-14.111,23.746,-11.059,0.9246675423389473,0.8912190760224767,96.19665153163507,36.9
95007.827491932,-0.6678,0.0004,-0.0112,-0.7442,0.015554079999999998,-0.016135840000000002,-0.9997488,0.0,0.0,0.0,0.1569064,0.1569064,9.80665,0.0032658942780542533,-0.03137671994758266,-0.999502268322618,1.8077658002113886,-14.111,23.746,-11.059,0.9246675423389473,0.8912190760224767,96.19665153163507,36.9
95007.867655329,-0.6678,0.0004,-0.0112,-0.7442,0.015554079999999998,-0.016135840000000002,-0.9997488,0.0,0.0,0.0,0.1569064,0.14709974999999997,9.79684335,0.0022888690313826697,-0.0314991315607732,-0.9995011329954708,1.8098267229406542,-14.111,23.746,-11.059,0.9246675423389473,0.8912190760224767,96.19665153163507,36.9
95007.907612029,-0.6678,0.0004,-0.0112,-0.7442,0.015554079999999998,-0.016135840000000002,-0.9997488,0.0,0.0,0.0,0.1569064,0.1569064,9.80665,0.0032658942780542533,-0.03137671994758266,-0.999502268322618,1.8077658002113886,-14.111,23.746,-11.059,0.9246675423389473,0.8912190760224767,96.19665153163507,36.9
95007.9474395,-0.6678,0.0004,-0.0112,-0.7442,0.015554079999999998,-0.016135840000000002,-0.9997488,0.0,0.0,0.0,0.1569064,0.1569064,9.79684335,0.0032835358171119915,-0.03139089485310183,-0.999501765386569,1.8086789317655558,-14.111,23.746,-11.059,0.9246675423389473,0.8912190760224767,96.19665153163507,36.9
95007.997515037,-0.6678,0.0004,-0.0112,-0.7442,0.015554079999999998,-0.016135840000000002,-0.9997488,0.0,0.0,0.0,0.1569064,0.16671305,9.79684335,0.004278167439118687,-0.031282630185048656,-0.9995013970405847,1.80934698495293,-14.111,23.746,-11.059,0.9246675423389473,0.8912190760224767,96.19665153163507,36.9
95008.037581151,-0.6678,0.0004,-0.0112,-0.7442,0.015554079999999998,-0.016135840000000002,-0.9997488,0.0,0.0,0.0,0.14709974999999997,0.1569064,9.80665,0.0031580526596446737,-0.030383500446625952,-0.9995333033802152,1.7504970200157928,-14.111,23.746,-11.059,0.9246675423389473,0.8912190760224767,96.19665153163507,36.9
95008.087449731,-0.6678,0.0004,-0.0112,-0.7442,0.015554079999999998,-0.016135840000000002,-0.9997488,0.0,0.0,0.0,0.14709974999999997,0.16671305,9.80665,0.004151707708191838,-0.03027535943219766,-0.9995329511121596,1.7511571227857743,-14.111,23.746,-11.059,0.9246675423389473,0.8912190760224767,96.19665153163507,36.9
95008.127611501,-0.6678,0.0004,-0.0112,-0.7442,0.015554079999999998,-0.016135840000000002,-0.9997488,0.0,0.0,0.0,0.14709974999999997,0.14709974999999997,9.79684335,0.0021809027237741745,-0.030504905285424006,-0.9995322153179969,1.752536728880268,-14.111,23.746,-11.059,0.9246675423389473,0.8912190760224767,96.19665153163507,36.9
95008.167573277,-0.6678,0.0004,-0.0112,-0.7442,0.015554079999999998,-0.016135840000000002,-0.9997488,0.0,0.0,0.0,0.14709974999999997,0.14709974999999997,9.79684335,0.0021809027237741745,-0.030504905285424006,-0.9995322153179969,1.752536728880268,-14.111,23.746,-11.059,0.9246675423389473,0.8912190760224767,96.19665153163507,36.9
95008.207490182,-0.6678,0.0004,-0.0112,-0.7442,0.015554079999999998,-0.016135840000000002,-0.9997488,0.0,0.0,0.0,0.1569064,0.1569064,9.80665,0.0032658942780542533,-0.03137671994758266,-0.999502268322618,1.8077658002113886,-14.111,23.746,-11.059,0.9246675423389473,0.8912190760224767,96.19665153163507,36.9
95008.257710839,-0.6678,0.0004,-0.0112,-0.7442,0.015554079999999998,-0.016135840000000002,-0.9997488,0.0,0.0,0.0,0.16671305,0.16671305,9.80665,0.004367348898498316,-0.03226170603383198,-0.9994698848495824,1.8656495986648347,-14.111,23.746,-11.059,0.9246675423389473,0.8912190760224767,96.19665153163507,36.9
95008.29753142,-0.6678,0.0004,-0.0112,-0.7442,0.015554079999999998,-0.016135840000000002,-0.9997488,0.0,0.0,0.0,0.14709974999999997,0.1569064,9.81645665,0.003140553708205136,-0.03037034487942261,-0.9995337583736377,1.7496434905408769,-14.111,23.746,-11.059,0.9246675423389473,0.8912190760224767,96.19665153163507,36.9
95008.347491251,-0.6678,0.0004,-0.0112,-0.7442,0.015554079999999998,-0.016135840000000002,-0.9997488,0.0,0.0,0.0,0.14709974999999997,0.1569064,9.826263299999999,0.0031230896665686483,-0.03035721554372848,-0.9995342119814039,1.7487921458147755,-14.111,23.746,-11.059,0.9246675423389473,0.8912190760224767,96.19665153163507,36.9
95008.387503216,-0.6678,0.0004,-0.0112,-0.7442,0.015554079999999998,-0.016135840000000002,-0.9997488,0.0,0.0,0.0,0.14709974999999997,0.1569064,9.80665,0.0031580526596446737,-0.030383500446625952,-0.9995333033802152,1.7504970200157928,-14.111,23.746,-11.059,0.9246675423389473,0.8912190760224767,96.19665153163507,36.9
95008.427510985,-0.6678,0.0004,-0.0112,-0.7442,0.015554079999999998,-0.016135840000000002,-0.9997488,0.0,0.0,0.0,0.1569064,0.14709974999999997,9.80665,0.0022722213564608934,-0.031484847764439466,-0.9995016210788926,1.8089411239474396,-14.111,23.746,-11.059,0.9246675423389473,0.8912190760224767,96.19665153163507,36.9
95008.46753961,-0.6678,0.0004,-0.0112,-0.7442,0.015554079999999998,-0.016135840000000002,-0.9997488,0.0,0.0,0.0,0.14709974999999997,0.16671305,9.79684335,0.0041702354702294105,-0.030288432396360303,-0.9995324778738393,1.7520440996389266,-14.111,23.746,-11.059,0.9246675423389473,0.8912190760224767,96.19665153163507,36.9
95008.517461419,-0.6678,0.0004,-0.0112,-0.7442,0.015554079999999998,-0.016135840000000002,-0.9997488,0.0,0.0,0.0,0.14709974999999997,0.1569064,9.79684335,0.0031755866256413315,-0.030396682324011215,-0.9995328469955387,1.7513527415386554,-14.111,23.746,-11.059,0.9246675423389473,0.8912190760224767,96.19665153163507,36.9
95008.557543657,-0.6678,0.0004,-0.0112,-0.7442,0.015554079999999998,-0.016135840000000002,-0.9997488,0.0,0.0,0.0,0.1569064,0.1569064,9.79684335,0.0032835358171119915,-0.03139089485310183,-0.999501765386569,1.8086789317655558,-14.111,23.746,-11.059,0.9246675423389473,0.8912190760224767,96.19665153163507,36.9
95008.607518368,-0.6678,0.0004,-0.0112,-0.7442,0.015554079999999998,-0.016135840000000002,-0.9997488,0.0,0.0,0.0,0.1569064,0.14709974999999997,9.80665,0.0022722213564608934,-0.031484847764439466,-0.9995016210788926,1.8089411239474396,-14.111,23.746,-11.059,0.9246675423389473,0.8912190760224767,96.19665153163507,36.9
95008.647516135,-0.6678,0.0004,-0.0112,-0.7442,0.015554079999999998,-0.016135840000000002,-0.9997488,0.0,0.0,0.0,0.1569064,0.1569064,9.79684335,0.0032835358171119915,-0.03139089485310183,-0.999501765386569,1.8086789317655558,-14.111,23.746,-11.059,0.9246675423389473,0.8912190760224767,96.19665153163507,36.9
95008.69749352,-0.6678,0.0004,-0.0112,-0.7442,0.015554079999999998,-0.016135840000000002,-0.9997488,0.0,0.0,0.0,0.16671305,0.1569064,9.80665,0.0033737291840234673,-0.032369876330205445,-0.9994702355391628,1.8650327848970538,-14.111,23.746,-11.059,0.9246675423389473,0.8912190760224767,96.19665153163507,36.9
95008.73755433,-0.6678,0.0004,-0.0112,-0.7442,0.015554079999999998,-0.016135840000000002,-0.9997488,0.0,0.0,0.0,0.1569064,0.1569064,9.80665,0.0032658942780542533,-0.03137671994758266,-0.999502268322618,1.8077658002113886,-14.111,23.746,-11.059,0.9246675423389473,0.8912190760224767,96.19665153163507,36.9
95008.777639861,-0.6678,0.0004,-0.0112,-0.7442,0.015554079999999998,-0.016135840000000002,-0.9997488,0.0,0.0,0.0,0.14709974999999997,0.16671305,9.80665,0.004151707708191838,-0.03027535943219766,-0.9995329511121596,1.7511571227857743,-14.111,23.746,-11.059,0.9246675423389473,0.8912190760224767,96.19665153163507,36.9
95008.947608772,-0.6678,0.0004,-0.0112,-0.7442,0.015554079999999998,-0.016135840000000002,-0.9997488,0.0,0.0,0.0,0.1569064,0.1569064,9.81645665,0.003248287967138377,-0.03136257333304188,-0.9995027697436019,1.8068549601016954,-14.111,23.746,-11.059,0.9246675423389473,0.8912190760224767,96.19665153163507,36.9
95008.987532688,-0.6678,0.0004,-0.0112,-0.7442,0.015554079999999998,-0.016135840000000002,-0.9997488,0.0,0.0,0.0,0.1569064,0.1569064,9.81645665,0.003248287967138377,-0.03136257333304188,-0.9995027697436019,1.8068549601016954,-14.111,23.746,-11.059,0.9246675423389473,0.8912190760224767,96.19665153163507,36.9
95009.117442468,-0.6678,0.0004,-0.0112,-0.7442,0.015554079999999998,-0.016135840000000002,-0.9997488,0.0,0.0,0.0,0.1569064,0.1569064,9.80665,0.0032658942780542533,-0.03137671994758266,-0.999502268322618,1.8077658002113886,-14.111,23.746,-11.059,0.9246675423389473,0.8912190760224767,96.19665153163507,36.9
95009.157544584,-0.6678,0.0004,-0.0112,-0.7442,0.015554079999999998,-0.016135840000000002,-0.9997488,0.0,0.0,0.0,0.1569064,0.1569064,9.81645665,0.003248287967138377,-0.03136257333304188,-0.9995027697436019,1.8068549601016954,-14.111,23.746,-11.059,0.9246675423389473,0.8912190760224767,96.19665153163507,36.9
95009.197535355,-0.6678,0.0004,-0.0112,-0.7442,0.015554079999999998,-0.016135840000000002,-0.9997488,0.0,0.0,0.0,0.1569064,0.1569064,9.80665,0.0032658942780542533,-0.03137671994758266,-0.999502268322618,1.8077658002113886,-14.111,23.746,-11.059,0.9246675423389473,0.8912190760224767,96.19665153163507,36.9
95009.227464137,-0.6678,0.0004,-0.0112,-0.7442,0.015554079999999998,-0.016135840000000002,-0.9997488,0.0,0.0,0.0,0.1569064,0.1569064,9.81645665,0.003248287967138377,-0.03136257333304188,-0.9995027697436019,1.8068549601016954,-14.111,23.746,-11.059,0.9246675423389473,0.8912190760224767,96.19665153163507,36.9
95009.267497502,-0.6678,0.0004,-0.0112,-0.7442,0.015554079999999998,-0.016135840000000002,-0.9997488,0.0,0.0,0.0,0.14709974999999997,0.14709974999999997,9.80665,0.0021643626731716378,-0.030491614558369746,-0.9995326568471886,1.7517094246233162,-14.111,23.746,-11.059,0.9246675423389473,0.8912190760224767,96.19665153163507,36.9
95009.307716071,-0.6678,0.0004,-0.0112,-0.7442,0.015554079999999998,-0.016135840000000002,-0.9997488,0.0,0.0,0.0,0.1569064,0.1569064,9.80665,0.0032658942780542533,-0.03137671994758266,-0.999502268322618,1.8077658002113886,-14.111,23.746,-11.059,0.9246675423389473,0.8912190760224767,96.19665153163507,36.9
95009.347650392,-0.6678,0.0004,-0.0112,-0.7442,0.015554079999999998,-0.016135840000000002,-0.9997488,0.0,0.0,0.0,0.1569064,0.16671305,9.81645665,0.004240934082823462,-0.03125452636018986,-0.9995024350322289,1.8074626012848856,-14.111,23.746,-11.059,0.9246675423389473,0.8912190760224767,96.19665153163507,36.9
95009.457436155,-0.6678,0.0004,-0.0112,-0.7442,0.015554079999999998,-0.016135840000000002,-0.9997488,0.0,0.0,0.0,0.14709974999999997,0.14709974999999997,9.81645665,0.0021478556538014754,-0.030478350360587082,-0.9995330970456641,1.7508842246695757,-14.111,23.746,-11.059,0.9246675423389473,0.8912190760224767,96.19665153163507,36.9
95009.497553565,-0.6678,0.0004,-0.0112,-0.7442,0.015554079999999998,-0.016135840000000002,-0.9997488,0.0,0.0,0.0,0.14709974999999997,0.14709974999999997,9.80665,0.0021643626731716378,-0.030491614558369746,-0.9995326568471886,1.7517094246233162,-14.111,23.746,-11.059,0.9246675423389473,0.8912190760224767,96.19665153163507,36.9
95009.537584245,-0.6678,0.0004,-0.0112,-0.7442,0.015554079999999998,-0.016135840000000002,-0.9997488,0.0,0.0,0.0,0.14709974999999997,0.1569064,9.80665,0.0031580526596446737,-0.030383500446625952,-0.9995333033802152,1.7504970200157928,-14.111,23.746,-11.059,0.9246675423389473,0.8912190760224767,96.19665153163507,36.9
95009.5774695,-0.6678,0.0004,-0.0112,-0.7442,0.015554079999999998,-0.016135840000000002,-0.9997488,0.0,0.0,0.0,0.1569064,0.1569064,9.81645665,0.003248287967138377,-0.03136257333304188,-0.9995027697436019,1.8068549601016954,-14.111,23.746,-11.059,0.9246675423389473,0.8912190760224767,96.19665153163507,36.9
95009.617474694,-0.6678,0.0004,-0.0112,-0.7442,0.015554079999999998,-0.016135840000000002,-0.9997488,0.0,0.0,0.0,0.1569064,0.1569064,9.81645665,0.003248287967138377,-0.03136257333304188,-0.9995027697436019,1.8068549601016954,-14.111,23.746,-11.059,0.9246675423389473,0.8912190760224767,96.19665153163507,36.9
95009.647524113,-0.6678,0.0004,-0.0112,-0.7442,0.015554079999999998,-0.016135840000000002,-0.9997488,0.0,0.0,0.0,0.1569064,0.1569064,9.80665,0.0032658942780542533,-0.03137671994758266,-0.999502268322618,1.8077658002113886,-14.111,23.746,-11.059,0.9246675423389473,0.8912190760224767,96.19665153163507,36.9
95009.687483555,-0.6678,0.0004,-0.0112,-0.7442,0.015554079999999998,-0.016135840000000002,-0.9997488,0.0,0.0,0.0,0.1569064,0.14709974999999997,9.79684335,0.0022888690313826697,-0.0314991315607732,-0.9995011329954708,1.8098267229406542,-14.111,23.746,-11.059,0.9246675423389473,0.8912190760224767,96.19665153163507,36.9
95009.727517841,-0.6678,0.0004,-0.0112,-0.7442,0.015554079999999998,-0.016135840000000002,-0.9997488,0.0,0.0,0.0,0.14709974999999997,0.1569064,9.80665,0.0031580526596446737,-0.030383500446625952,-0.9995333033802152,1.7504970200157928,-14.111,23.746,-11.059,0.9246675423389473,0.8912190760224767,96.19665153163507,36.9
95009.767447732,-0.6678,0.0004,-0.0112,-0.7442,0.015554079999999998,-0.016135840000000002,-0.9997488,0.0,0.0,0.0,0.1569064,0.14709974999999997,9.80665,0.0022722213564608934,-0.031484847764439466,-0.9995016210788926,1.8089411239474396,-14.111,23.746,-11.059,0.9246675423389473,0.8912190760224767,96.19665153163507,36.9
95009.807471893,-0.6678,0.0004,-0.0112,-0.7442,0.015554079999999998,-0.016135840000000002,-0.9997488,0.0,0.0,0.0,0.16671305,0.14709974999999997,9.81645665,0.002363352510464066,-0.03246277153935568,-0.9994701226028425,1.8652318411582005,-14.111,23.746,-11.059,0.9246675423389473,0.8912190760224767,96.19665153163507,36.9
95009.84748375,-0.6678,0.0004,-0.0112,-0.7442,0.015554079999999998,-0.016135840000000002,-0.9997488,0.0,0.0,0.0,0.1569064,0.1569064,9.80665,0.0032658942780542533,-0.03137671994758266,-0.999502268322618,1.8077658002113886,-14.111,23.746,-11.059,0.9246675423389473,0.8912190760224767,96.19665153163507,36.9
95009.88755035,-0.6678,0.0004,-0.0112,-0.7442,0.015554079999999998,-0.016135840000000002,-0.9997488,0.0,0.0,0.0,0.1569064,0.1569064,9.81645665,0.003248287967138377,-0.03136257333304188,-0.9995027697436019,1.8068549601016954,-14.111,23.746,-11.059,0.9246675423389473,0.8912190760224767,96.19665153163507,36.9
95009.917665753,-0.6678,0.0004,-0.0112,-0.7442,0.015554079999999998,-0.016135840000000002,-0.9997488,0.0,0.0,0.0,0.14709974999999997,0.1569064,9.80665,0.0031580526596446737,-0.030383500446625952,-0.9995333033802152,1.7504970200157928,-14.111,23.746,-11.059,0.9246675423389473,0.8912190760224767,96.19665153163507,36.9
95009.957484436,-0.6678,0.0004,-0.0112,-0.7442,0.015554079999999998,-0.016135840000000002,-0.9997488,0.0,0.0,0.0,0.1569064,0.16671305,9.81645665,0.004240934082823462,-0.03125452636018986,-0.9995024350322289,1.8074626012848856,-14.111,23.746,-11.059,0.9246675423389473,0.8912190760224767,96.19665153163507,36.9
95010.007519867,-0.6678,0.0004,-0.0112,-0.7442,0.015554079999999998,-0.016135840000000002,-0.9997488,0.0,0.0,0.0,0.16671305,0.1569064,9.826263299999999,0.0033383372475393053,-0.03233963153047685,-0.9994713335758016,1.8630988955090286,-14.111,23.746,-11.059,0.9246675423389473,0.8912190760224767,96.19665153163507,36.9
95010.03757378,-0.6678,0.0004,-0.0112,-0.7442,0.015554079999999998,-0.016135840000000002,-0.9997488,0.0,0.0,0.0,0.16671305,0.1569064,9.81645665,0.003356015548011522,-0.032354738840033107,-0.9994707853766285,1.8640646482428,-14.111,23.746,-11.059,0.9246675423389473,0.8912190760224767,96.19665153163507,36.9
95010.077485737,-0.6678,0.0004,-0.0112,-0.7442,0.015554079999999998,-0.016135840000000002,-0.9997488,0.0,0.0,0.0,0.1569064,0.1569064,9.80665,0.0032658942780542533,-0.03137671994758266,-0.999502268322618,1.8077658002113886,-14.111,23.746,-11.059,0.9246675423389473,0.8912190760224767,96.19665153163507,36.9
95010.117432625,-0.6678,0.0004,-0.0112,-0.7442,0.015554079999999998,-0.016135840000000002,-0.9997488,0.0,0.0,0.0,0.1569064,0.1569064,9.80665,0.0032658942780542533,-0.03137671994758266,-0.999502268322618,1.8077658002113886,-14.111,23.746,-11.059,0.9246675423389473,0.8912190760224767,96.19665153163507,36.9
95010.157440006,-0.6678,0.0004,-0.0112,-0.7442,0.015554079999999998,-0.016135840000000002,-0.9997488,0.0,0.0,0.0,0.14709974999999997,0.14709974999999997,9.81645665,0.0021478556538014754,-0.030478350360587082,-0.9995330970456641,1.7508842246695757,-14.111,23.746,-11.059,0.9246675423389473,0.8912190760224767,96.19665153163507,36.9
95010.197639355,-0.6678,0.0004,-0.0112,-0.7442,0.015554079999999998,-0.016135840000000002,-0.9997488,0.0,0.0,0.0,0.1569064,0.14709974999999997,9.81645665,0.002255606926560653,-0.031470592478337785,-0.9995021077077719,1.8080577323705624,-14.111,23.746,-11.059,0.9246675423389473,0.8912190760224767,96.19665153163507,36.9
95010.237530398,-0.6678,0.0004,-0.0112,-0.7442,0.015554079999999998,-0.016135840000000002,-0.9997488,0.0,0.0,0.0,0.14709974999999997,0.16671305,9.80665,0.004151707708191838,-0.03027535943219766,-0.9995329511121596,1.7511571227857743,-14.111,23.746,-11.059,0.9246675423389473,0.8912190760224767,96.19665153163507,36.9
95010.277477199,-0.6678,0.0004,-0.0112,-0.7442,0.015554079999999998,-0.016135840000000002,-0.9997488,0.0,0.0,0.0,0.14709974999999997,0.1569064,9.826263299999999,0.0031230896665686483,-0.03035721554372848,-0.9995342119814039,1.7487921458147755,-14.111,23.746,-11.059,0.9246675423389473,0.8912190760224767,96.19665153163507,36.9
95010.317481243,-0.6678,0.0004,-0.0112,-0.7442,0.015554079999999998,-0.016135840000000002,-0.9997488,0.0,0.0,0.0,0.1569064,0.1569064,9.81645665,0.003248287967138377,-0.03136257333304188,-0.9995027697436019,1.8068549601016954,-14.111,23.746,-11.059,0.9246675423389473,0.8912190760224767,96.19665153163507,36.9
95010.347456593,-0.6678,0.0004,-0.0112,-0.7442,0.015554079999999998,-0.016135840000000002,-0.9997488,0.0,0.0,0.0,0.1569064,0.1569064,9.80665,0.0032658942780542533,-0.03137671994758266,-0.999502268322618,1.8077658002113886,-14.111,23.746,-11.059,0.9246675423389473,0.8912190760224767,96.19665153163507,36.9
95010.387501493,-0.6678,0.0004,-0.0112,-0.7442,0.015554079999999998,-0.016135840000000002,-0.9997488,0.0,0.0,0.0,0.14709974999999997,0.1569064,9.80665,0.0031580526596446737,-0.030383500446625952,-0.9995333033802152,1.7504970200157928,-14.111,23.746,-11.059,0.9246675423389473,0.8912190760224767,96.19665153163507,36.9
95010.427485211,-0.6678,0.0004,-0.0112,-0.7442,0.015554079999999998,-0.016135840000000002,-0.9997488,0.0,0.0,0.0,0.16671305,0.1569064,9.79684335,0.0033914782615956495,-0.03238504409149949,-0.9994696840568589,1.8660033132790819,-14.111,23.746,-11.059,0.9246675423389473,0.8912190760224767,96.19665153163507,36.9
95010.46744541,-0.6678,0.0004,-0.0112,-0.7442,0.015554079999999998,-0.016135840000000002,-0.9997488,0.0,0.0,0.0,0.1372931,0.16671305,9.81645665,0.004025492458805777,-0.02927003888542467,-0.9995634148642111,1.6930819733188804,-14.111,23.746,-11.059,0.9246675423389473,0.8912190760224767,96.19665153163507,36.9
95010.507474676,-0.6678,0.0004,-0.0112,-0.7442,0.015554079999999998,-0.016135840000000002,-0.9997488,0.0,0.0,0.0,0.14709974999999997,0.1569064,9.81645665,0.003140553708205136,-0.03037034487942261,-0.9995337583736377,1.7496434905408769,-14.111,23.746,-11.059,0.9246675423389473,0.8912190760224767,96.19665153163507,36.9
95010.547480279,-0.6678,0.0003,-0.0112,-0.7442,0.015405239999999999,-0.0162694,-0.99974894,0.0,0.0,0.0,0.1569064,0.14709974999999997,9.79684335,0.00214003126061078,-0.03136564170349183,-0.999505661133633,1.8015938521569344,-14.111,23.746,-11.059,0.9323197489381487,0.8826901502805945,96.1966376752456,36.9
95010.577496678,-0.6678,0.0004,-0.0112,-0.7442,0.015554079999999998,-0.016135840000000002,-0.9997488,0.0,0.0,0.0,0.14709974999999997,0.1569064,9.80665,0.0031580526596446737,-0.030383500446625952,-0.9995333033802152,1.7504970200157928,-14.111,23.746,-11.059,0.9246675423389473,0.8912190760224767,96.19665153163507,36.9
95010.617499788,-0.6678,0.0004,-0.0112,-0.7442,0.015554079999999998,-0.016135840000000002,-0.9997488,0.0,0.0,0.0,0.1569064,0.1569064,9.80665,0.0032658942780542533,-0.03137671994758266,-0.999502268322618,1.8077658002113886,-14.111,23.746,-11.059,0.9246675423389473,0.8912190760224767,96.19665153163507,36.9
95010.65750234,-0.6678,0.0004,-0.0112,-0.7442,0.015554079999999998,-0.016135840000000002,-0.9997488,0.0,0.0,0.0,0.1569064,0.14709974999999997,9.81645665,0.002255606926560653,-0.031470592478337785,-0.9995021077077719,1.8080577323705624,-14.111,23.746,-11.059,0.9246675423389473,0.8912190760224767,96.19665153163507,36.9
95010.6974859,-0.6678,0.0004,-0.0112,-0.7442,0.015554079999999998,-0.016135840000000002,-0.9997488,0.0,0.0,0.0,0.1569064,0.1569064,9.81645665,0.003248287967138377,-0.03136257333304188,-0.9995027697436019,1.8068549601016954,-14.111,23.746,-11.059,0.9246675423389473,0.8912190760224767,96.19665153163507,36.9
95010.737474956,-0.6678,0.0003,-0.0112,-0.7442,0.015405239999999999,-0.0162694,-0.99974894,0.0,0.0,0.0,0.14709974999999997,0.16671305,9.81645665,0.003984377072136733,-0.030128822736947673,-0.999538060324805,1.74155209426413,-14.111,23.746,-11.059,0.9323197489381487,0.8826901502805945,96.1966376752456,36.9
95010.772548707,-0.6678,0.0003,-0.0112,-0.7442,0.015405239999999999,-0.0162694,-0.99974894,0.0,0.0,0.0,0.14709974999999997,0.1569064,9.81645665,0.002991713624278412,-0.030236852720524808,-0.9995382624874966,1.7411714201768618,-14.111,23.746,-11.059,0.9323197489381487,0.8826901502805945,96.1966376752456,36.9
95010.811151135,-0.6678,0.0003,-0.0112,-0.7442,0.015405239999999999,-0.0162694,-0.99974894,0.0,0.0,0.0,0.14709974999999997,0.1569064,9.80665,0.0030092126113728454,-0.030250008387606466,-0.9995378118560572,1.7420208786760714,-14.111,23.746,-11.059,0.9323197489381487,0.8826901502805945,96.1966376752456,36.9
95010.849922618,-0.6678,0.0003,-0.0112,-0.7442,0.015405239999999999,-0.0162694,-0.99974894,0.0,0.0,0.0,0.1569064,0.16671305,9.80665,0.0041106946282946,-0.031135078826691927,-0.9995067074819122,1.7996853530233397,-14.111,23.746,-11.059,0.9323197489381487,0.8826901502805945,96.1966376752456,36.9
95010.889011473,-0.6678,0.0003,-0.0112,-0.7442,0.015405239999999999,-0.0162694,-0.99974894,0.0,0.0,0.0,0.14709974999999997,0.1569064,9.80665,0.0030092126113728454,-0.030250008387606466,-0.9995378118560572,1.7420208786760714,-14.111,23.746,-11.059,0.9323197489381487,0.8826901502805945,96.1966376752456,36.9
95010.927565195,-0.6678,0.0003,-0.0112,-0.7442,0.015405239999999999,-0.0162694,-0.99974894,0.0,0.0,0.0,0.1569064,0.16671305,9.80665,0.0041106946282946,-0.031135078826691927,-0.9995067074819122,1.7996853530233397,-14.111,23.746,-11.059,0.9323197489381487,0.8826901502805945,96.1966376752456,36.9
95010.967470846,-0.6678,0.0003,-0.0112,-0.7442,0.015405239999999999,-0.0162694,-0.99974894,0.0,0.0,0.0,0.1569064,0.1569064,9.79684335,0.0031346981151117795,-0.03125740720811485,-0.9995064271138527,1.8001971798192231,-14.111,23.746,-11.059,0.9323197489381487,0.8826901502805945,96.1966376752456,36.9
95011.007560232,-0.6678,0.0003,-0.0112,-0.7442,0.015405239999999999,-0.0162694,-0.99974894,0.0,0.0,0.0,0.1372931,0.14709974999999997,9.7870367,0.0019405540861697785,-0.029389442444414313,-0.9995661339702878,1.6878018772002785,-14.111,23.746,-11.059,0.9323197489381487,0.8826901502805945,96.1966376752456,36.9
95011.042325282,-0.6678,0.0003,-0.0112,-0.7442,0.015405239999999999,-0.0162694,-0.99974894,0.0,0.0,0.0,0.1569064,0.14709974999999997,9.81645665,0.0021067690798592543,-0.03133710241683872,-0.9995066270827034,1.7998327575210669,-14.111,23.746,-11.059,0.9323197489381487,0.8826901502805945,96.1966376752456,36.9
95011.081316603,-0.6678,0.0003,-0.0112,-0.7442,0.015405239999999999,-0.0162694,-0.99974894,0.0,0.0,0.0,0.12748644999999997,0.17651969999999997,9.81645665,0.004761574214490518,-0.02803618552776715,-0.9995955505908041,1.6295773960665443,-14.111,23.746,-11.059,0.9323197489381487,0.8826901502805945,96.1966376752456,36.9
95011.120389905,-0.6678,0.0003,-0.0112,-0.7442,0.015405239999999999,-0.0162694,-0.99974894,0.0,0.0,0.0,0.1569064,0.1569064,9.81645665,0.003099450184467731,-0.031229085475292538,-0.9995074224411556,1.7983810930628839,-14.111,23.746,-11.059,0.9323197489381487,0.8826901502805945,96.1966376752456,36.9
95011.159087201,-0.6678,0.0003,-0.0112,-0.7442,0.015405239999999999,-0.0162694,-0.99974894,0.0,0.0,0.0,0.1569064,0.1569064,9.80665,0.003117056535640445,-0.03124323219607404,-0.9995069255305253,1.7992879915619133,-14.111,23.746,-11.059,0.9323197489381487,0.8826901502805945,96.1966376752456,36.9
95011.197722179,-0.6678,0.0003,-0.0112,-0.7442,0.015405239999999999,-0.0162694,-0.99974894,0.0,0.0,0.0,0.14709974999999997,0.1569064,9.81645665,0.002991713624278412,-0.030236852720524808,-0.9995382624874966,1.7411714201768618,-14.111,23.746,-11.059,0.9323197489381487,0.8826901502805945,96.1966376752456,36.9
95011.237537125,-0.6678,0.0003,-0.0112,-0.7442,0.015405239999999999,-0.0162694,-0.99974894,0.0,0.0,0.0,0.14709974999999997,0.1569064,9.80665,0.0030092126113728454,-0.030250008387606466,-0.9995378118560572,1.7420208786760714,-14.111,23.746,-11.059,0.9323197489381487,0.8826901502805945,96.1966376752456,36.9
95011.277671194,-0.6678,0.0003,-0.0112,-0.7442,0.015405239999999999,-0.0162694,-0.99974894,0.0,0.0,0.0,0.14709974999999997,0.1569064,9.80665,0.0030092126113728454,-0.030250008387606466,-0.9995378118560572,1.7420208786760714,-14.111,23.746,-11.059,0.9323197489381487,0.8826901502805945,96.1966376752456,36.9
95011.317660289,-0.6678,0.0003,-0.0112,-0.7442,0.015405239999999999,-0.0162694,-0.99974894,0.0,0.0,0.0,0.1569064,0.1569064,9.79684335,0.0031346981151117795,-0.03125740720811485,-0.9995064271138527,1.8001971798192231,-14.111,23.746,-11.059,0.9323197489381487,0.8826901502805945,96.1966376752456,36.9
95011.357550969,-0.6678,0.0003,-0.0112,-0.7442,0.015405239999999999,-0.0162694,-0.99974894,0.0,0.0,0.0,0.1569064,0.1569064,9.81645665,0.003099450184467731,-0.031229085475292538,-0.9995074224411556,1.7983810930628839,-14.111,23.746,-11.059,0.9323197489381487,0.8826901502805945,96.1966376752456,36.9
95011.397499758,-0.6678,0.0003,-0.0112,-0.7442,0.015405239999999999,-0.0162694,-0.99974894,0.0,0.0,0.0,0.14709974999999997,0.1569064,9.80665,0.0030092126113728454,-0.030250008387606466,-0.9995378118560572,1.7420208786760714,-14.111,23.746,-11.059,0.9323197489381487,0.8826901502805945,96.1966376752456,36.9
95011.417720029,-0.6678,0.0003,-0.0112,-0.7442,0.015405239999999999,-0.0162694,-0.99974894,0.0,0.0,0.0,0.14709974999999997,0.1569064,9.7870367,0.003044315734836059,-0.030276398732096338,-0.9995369064399966,1.7437263737492235,-14.111,23.746,-11.059,0.9323197489381487,0.8826901502805945,96.1966376752456,36.9
95011.45744707,-0.6678,0.0003,-0.0112,-0.7442,0.015405239999999999,-0.0162694,-0.99974894,0.0,0.0,0.0,0.1569064,0.14709974999999997,9.80665,0.0021233835476505425,-0.03135135780491511,-0.999506144831061,1.8007122021381659,-14.111,23.746,-11.059,0.9323197489381487,0.8826901502805945,96.1966376752456,36.9
95011.509820802,-0.6678,0.0003,-0.0112,-0.7442,0.015405239999999999,-0.0162694,-0.99974894,0.0,0.0,0.0,0.1569064,0.1569064,9.81645665,0.003099450184467731,-0.031229085475292538,-0.9995074224411556,1.7983810930628839,-14.111,23.746,-11.059,0.9323197489381487,0.8826901502805945,96.1966376752456,36.9
95011.537515443,-0.6678,0.0003,-0.0112,-0.7442,0.015405239999999999,-0.0162694,-0.99974894,0.0,0.0,0.0,0.1569064,0.14709974999999997,9.80665,0.0021233835476505425,-0.03135135780491511,-0.999506144831061,1.8007122021381659,-14.111,23.746,-11.059,0.9323197489381487,0.8826901502805945,96.1966376752456,36.9
95011.577722199,-0.6678,0.0003,-0.0112,-0.7442,0.015405239999999999,-0.0162694,-0.99974894,0.0,0.0,0.0,0.14709974999999997,0.1569064,9.80665,0.0030092126113728454,-0.030250008387606466,-0.9995378118560572,1.7420208786760714,-14.111,23.746,-11.059,0.9323197489381487,0.8826901502805945,96.1966376752456,36.9
95011.617474382,-0.6678,0.0003,-0.0112,-0.7442,0.015405239999999999,-0.0162694,-0.99974894,0.0,0.0,0.0,0.1569064,0.1569064,9.81645665,0.003099450184467731,-0.031229085475292538,-0.9995074224411556,1.7983810930628839,-14.111,23.746,-11.059,0.9323197489381487,0.8826901502805945,96.1966376752456,36.9
95011.657488073,-0.6678,0.0003,-0.0112,-0.7442,0.015405239999999999,-0.0162694,-0.99974894,0.0,0.0,0.0,0.17651969999999997,0.1569064,9.80665,0.003332724370033126,-0.033229487885408124,-0.999442159867998,1.9138170123180291,-14.111,23.746,-11.059,0.9323197489381487,0.8826901502805945,96.1966376752456,36.9
95011.697581392,-0.6678,0.0003,-0.0112,-0.7442,0.015405239999999999,-0.0162694,-0.99974894,0.0,0.0,0.0,0.14709974999999997,0.1569064,9.80665,0.0030092126113728454,-0.030250008387606466,-0.9995378118560572,1.7420208786760714,-14.111,23.746,-11.059,0.9323197489381487,0.8826901502805945,96.1966376752456,36.9
95011.737567414,-0.6678,0.0003,-0.0112,-0.7442,0.015405239999999999,-0.0162694,-0.99974894,0.0,0.0,0.0,0.1569064,0.1569064,9.79684335,0.0031346981151117795,-0.03125740720811485,-0.9995064271138527,1.8001971798192231,-14.111,23.746,-11.059,0.9323197489381487,0.8826901502805945,96.1966376752456,36.9
95011.767490498,-0.6678,0.0003,-0.0112,-0.7442,0.015405239999999999,-0.0162694,-0.99974894,0.0,0.0,0.0,0.1569064,0.1569064,9.79684335,0.0031346981151117795,-0.03125740720811485,-0.9995064271138527,1.8001971798192231,-14.111,23.746,-11.059,0.9323197489381487,0.8826901502805945,96.1966376752456,36.9
95011.821238371,-0.6678,0.0003,-0.0112,-0.7442,0.015405239999999999,-0.0162694,-0.99974894,0.0,0.0,0.0,0.14709974999999997,0.1569064,9.79684335,0.0030267466131673436,-0.030263190365134127,-0.9995373598420901,1.7428725274222563,-14.111,23.746,-11.059,0.9323197489381487,0.8826901502805945,96.1966376752456,36.9
95011.847546095,-0.6678,0.0003,-0.0112,-0.7442,0.015405239999999999,-0.0162694,-0.99974894,0.0,0.0,0.0,0.1569064,0.1569064,9.80665,0.003117056535640445,-0.03124323219607404,-0.9995069255305253,1.7992879915619133,-14.111,23.746,-11.059,0.9323197489381487,0.8826901502805945,96.1966376752456,36.9
95011.887502838,-0.6678,0.0003,-0.0112,-0.7442,0.015405239999999999,-0.0162694,-0.99974894,0.0,0.0,0.0,0.14709974999999997,0.14709974999999997,9.80665,0.002015522558430788,-0.03035812029120155,-0.9995370318629208,1.7434905247005947,-14.111,23.746,-11.059,0.9323197489381487,0.8826901502805945,96.1966376752456,36.9
95011.927581221,-0.6678,0.0003,-0.0112,-0.7442,0.015405239999999999,-0.0162694,-0.99974894,0.0,0.0,0.0,0.16671305,0.1569064,9.80665,0.0032248938961149543,-0.03223639301945299,-0.9994750414697251,1.8565534116986957,-14.111,23.746,-11.059,0.9323197489381487,0.8826901502805945,96.1966376752456,36.9
95011.967654098,-0.6678,0.0003,-0.0112,-0.7442,0.015405239999999999,-0.0162694,-0.99974894,0.0,0.0,0.0,0.14709974999999997,0.16671305,9.80665,0.00400286787511484,-0.030141869714647773,-0.9995375930393375,1.7424327428762185,-14.111,23.746,-11.059,0.9323197489381487,0.8826901502805945,96.1966376752456,36.9
95012.017543361,-0.6678,0.0003,-0.0112,-0.7442,0.015405239999999999,-0.0162694,-0.99974894,0.0,0.0,0.0,0.14709974999999997,0.16671305,9.81645665,0.003984377072136733,-0.030128822736947673,-0.999538060324805,1.74155209426413,-14.111,23.746,-11.059,0.9323197489381487,0.8826901502805945,96.1966376752456,36.9
95012.067527469,-0.6678,0.0003,-0.0112,-0.7442,0.015405239999999999,-0.0162694,-0.99974894,0.0,0.0,0.0,0.14709974999999997,0.16671305,9.81645665,0.003984377072136733,-0.030128822736947673,-0.999538060324805,1.74155209426413,-14.111,23.746,-11.059,0.9323197489381487,0.8826901502805945,96.1966376752456,36.9
95012.11756345,-0.6678,0.0003,-0.0112,-0.7442,0.015405239999999999,-0.0162694,-0.99974894,0.0,0.0,0.0,0.1569064,0.14709974999999997,9.80665,0.0021233835476505425,-0.03135135780491511,-0.999506144831061,1.8007122021381659,-14.111,23.746,-11.059,0.9323197489381487,0.8826901502805945,96.1966376752456,36.9
95012.157677221,-0.6678,0.0003,-0.0112,-0.7442,0.015405239999999999,-0.0162694,-0.99974894,0.0,0.0,0.0,0.1569064,0.14709974999999997,9.79684335,0.00214003126061078,-0.03136564170349183,-0.999505661133633,1.8015938521569344,-14.111,23.746,-11.059,0.9323197489381487,0.8826901502805945,96.1966376752456,36.9
95012.207690078,-0.6678,0.0003,-0.0112,-0.7442,0.015405239999999999,-0.0162694,-0.99974894,0.0,0.0,0.0,0.1569064,0.1569064,9.79684335,0.0031346981151117795,-0.03125740720811485,-0.9995064271138527,1.8001971798192231,-14.111,23.746,-11.059,0.9323197489381487,0.8826901502805945,96.1966376752456,36.9
95012.247544565,-0.6678,0.0003,-0.0112,-0.7442,0.015405239999999999,-0.0162694,-0.99974894,0.0,0.0,0.0,0.1569064,0.14709974999999997,9.81645665,0.0021067690798592543,-0.03133710241683872,-0.9995066270827034,1.7998327575210669,-14.111,23.746,-11.059,0.9323197489381487,0.8826901502805945,96.1966376752456,36.9
95012.287615275,-0.6678,0.0003,-0.0112,-0.7442,0.015405239999999999,-0.0162694,-0.99974894,0.0,0.0,0.0,0.14709974999999997,0.1569064,9.826263299999999,0.0029742495471293297,-0.030223723285215442,-0.9995387117419797,1.7403241446212157,-14.111,23.746,-11.059,0.9323197489381487,0.8826901502805945,96.1966376752456,36.9
95012.337673346,-0.6678,0.0003,-0.0112,-0.7442,0.015405239999999999,-0.0162694,-0.99974894,0.0,0.0,0.0,0.12748644999999997,0.1569064,9.80665,0.002793506362956607,-0.02826338370896049,-0.9995965905687263,1.6274820905937581,-14.111,23.746,-11.059,0.9323197489381487,0.8826901502805945,96.1966376752456,36.9
95012.377490217,-0.6678,0.0003,-0.0112,-0.7442,0.015405239999999999,-0.0162694,-0.99974894,0.0,0.0,0.0,0.1569064,0.1569064,9.79684335,0.0031346981151117795,-0.03125740720811485,-0.9995064271138527,1.8001971798192231,-14.111,23.746,-11.059,0.9323197489381487,0.8826901502805945,96.1966376752456,36.9
95012.427649606,-0.6678,0.0003,-0.0112,-0.7442,0.015405239999999999,-0.0162694,-0.99974894,0.0,0.0,0.0,0.14709974999999997,0.14709974999999997,9.81645665,0.001999015505771846,-0.030344855997807056,-0.9995374678325428,1.7426694009180423,-14.111,23.746,-11.059,0.9323197489381487,0.8826901502805945,96.1966376752456,36.9
95012.467532287,-0.6678,0.0003,-0.0112,-0.7442,0.015405239999999999,-0.0162694,-0.99974894,0.0,0.0,0.0,0.1372931,0.1569064,9.80665,0.0029013624461654217,-0.029256724567237227,-0.9995677002609336,1.6847522015228853,-14.111,23.746,-11.059,0.9323197489381487,0.8826901502805945,96.1966376752456,36.9
95012.507547773,-0.6678,0.0003,-0.0112,-0.7442,0.015405239999999999,-0.0162694,-0.99974894,0.0,0.0,0.0,0.1569064,0.16671305,9.81645665,0.004092096512605829,-0.031121040839236926,-0.9995072210435095,1.7987482672781017,-14.111,23.746,-11.059,0.9323197489381487,0.8826901502805945,96.1966376752456,36.9
95012.557471108,-0.6678,0.0003,-0.0112,-0.7442,0.015405239999999999,-0.0162694,-0.99974894,0.0,0.0,0.0,0.14709974999999997,0.1569064,9.80665,0.0030092126113728454,-0.030250008387606466,-0.9995378118560572,1.7420208786760714,-14.111,23.746,-11.059,0.9323197489381487,0.8826901502805945,96.1966376752456,36.9
95012.597537801,-0.6678,0.0003,-0.0112,-0.7442,0.015405239999999999,-0.0162694,-0.99974894,0.0,0.0,0.0,0.1569064,0.16671305,9.80665,0.0041106946282946,-0.031135078826691927,-0.9995067074819122,1.7996853530233397,-14.111,23.746,-11.059,0.9323197489381487,0.8826901502805945,96.1966376752456,36.9
95012.647464924,-0.6678,0.0003,-0.0112,-0.7442,0.015405239999999999,-0.0162694,-0.99974894,0.0,0.0,0.0,0.1372931,0.1569064,9.81645665,0.0028839708562702817,-0.029244560116408812,-0.9995681066028239,1.683960206422657,-14.111,23.746,-11.059,0.9323197489381487,0.8826901502805945,96.1966376752456,36.9
95012.697447297,-0.6678,0.0003,-0.0112,-0.7442,0.015405239999999999,-0.0162694,-0.99974894,0.0,0.0,0.0,0.14709974999999997,0.16671305,9.826263299999999,0.003965923156009174,-0.030115801772387336,-0.9995385261673658,1.7406737215400052,-14.111,23.746,-11.059,0.9323197489381487,0.8826901502805945,96.1966376752456,36.9
95012.737657695,-0.6678,0.0003,-0.0112,-0.7442,0.015405239999999999,-0.0162694,-0.99974894,0.0,0.0,0.0,0.14709974999999997,0.16671305,9.81645665,0.003984377072136733,-0.030128822736947673,-0.999538060324805,1.74155209426413,-14.111,23.746,-11.059,0.9323197489381487,0.8826901502805945,96.1966376752456,36.9
95012.777650425,-0.6678,0.0003,-0.0112,-0.7442,0.015405239999999999,-0.0162694,-0.99974894,0.0,0.0,0.0,0.14709974999999997,0.14709974999999997,9.80665,0.002015522558430788,-0.03035812029120155,-0.9995370318629208,1.7434905247005947,-14.111,23.746,-11.059,0.9323197489381487,0.8826901502805945,96.1966376752456,36.9
95012.8276618,-0.6678,0.0003,-0.0112,-0.7442,0.015405239999999999,-0.0162694,-0.99974894,0.0,0.0,0.0,0.1569064,0.16671305,9.80665,0.0041106946282946,-0.031135078826691927,-0.9995067074819122,1.7996853530233397,-14.111,23.746,-11.059,0.9323197489381487,0.8826901502805945,96.1966376752456,36.9
95012.867697501,-0.6678,0.0003,-0.0112,-0.7442,0.015405239999999999,-0.0162694,-0.99974894,0.0,0.0,0.0,0.14709974999999997,0.16671305,9.81645665,0.003984377072136733,-0.030128822736947673,-0.999538060324805,1.74155209426413,-14.111,23.746,-11.059,0.9323197489381487,0.8826901502805945,96.1966376752456,36.9
95012.917598792,-0.6678,0.0003,-0.0112,-0.7442,0.015405239999999999,-0.0162694,-0.99974894,0.0,0.0,0.0,0.14709974999999997,0.1569064,9.79684335,0.0030267466131673436,-0.030263190365134127,-0.9995373598420901,1.7428725274222563,-14.111,23.746,-11.059,0.9323197489381487,0.8826901502805945,96.1966376752456,36.9
95012.957501878,-0.6678,0.0003,-0.0112,-0.7442,0.015405239999999999,-0.0162694,-0.99974894,0.0,0.0,0.0,0.14709974999999997,0.1569064,9.79684335,0.0030267466131673436,-0.030263190365134127,-0.9995373598420901,1.7428725274222563,-14.111,23.746,-11.059,0.9323197489381487,0.8826901502805945,96.1966376752456,36.9
95012.997571556,-0.6678,0.0003,-0.0112,-0.7442,0.015405239999999999,-0.0162694,-0.99974894,0.0,0.0,0.0,0.16671305,0.14709974999999997,9.81645665,0.002214517113446392,-0.03232928591212361,-0.9994747905565768,1.8569973508030253,-14.111,23.746,-11.059,0.9323197489381487,0.8826901502805945,96.1966376752456,36.9
95013.03760981,-0.6678,0.0003,-0.0112,-0.7442,0.015405239999999999,-0.0162694,-0.99974894,0.0,0.0,0.0,0.14709974999999997,0.1569064,9.79684335,0.0030267466131673436,-0.030263190365134127,-0.9995373598420901,1.7428725274222563,-14.111,23.746,-11.059,0.9323197489381487,0.8826901502805945,96.1966376752456,36.9
95013.087500525,-0.6678,0.0003,-0.0112,-0.7442,0.015405239999999999,-0.0162694,-0.99974894,0.0,0.0,0.0,0.14709974999999997,0.1569064,9.81645665,0.002991713624278412,-0.030236852720524808,-0.9995382624874966,1.7411714201768618,-14.111,23.746,-11.059,0.9323197489381487,0.8826901502805945,96.1966376752456,36.9
95013.137668936,-0.6678,0.0003,-0.0112,-0.7442,0.015405239999999999,-0.0162694,-0.99974894,0.0,0.0,0.0,0.1569064,0.1569064,9.79684335,0.0031346981151117795,-0.03125740720811485,-0.9995064271138527,1.8001971798192231,-14.111,23.746,-11.059,0.9323197489381487,0.8826901502805945,96.1966376752456,36.9
95013.177553706,-0.6678,0.0003,-0.0112,-0.7442,0.015405239999999999,-0.0162694,-0.99974894,0.0,0.0,0.0,0.1372931,0.16671305,9.80665,0.003895033888780375,-0.029148600701182144,-0.9995674807092106,1.6851794900492587,-14.111,23.746,-11.059,0.9323197489381487,0.8826901502805945,96.1966376752456,36.9
95013.227477056,-0.6678,0.0003,-0.0112,-0.7442,0.015405239999999999,-0.0162694,-0.99974894,0.0,0.0,0.0,0.1569064,0.14709974999999997,9.80665,0.0021233835476505425,-0.03135135780491511,-0.999506144831061,1.8007122021381659,-14.111,23.746,-11.059,0.9323197489381487,0.8826901502805945,96.1966376752456,36.9
95013.267494874,-0.6678,0.0003,-0.0112,-0.7442,0.015405239999999999,-0.0162694,-0.99974894,0.0,0.0,0.0,0.1569064,0.1569064,9.80665,0.003117056535640445,-0.03124323219607404,-0.9995069255305253,1.7992879915619133,-14.111,23.746,-11.059,0.9323197489381487,0.8826901502805945,96.1966376752456,36.9
95013.307712847,-0.6678,0.0003,-0.0112,-0.7442,0.015405239999999999,-0.0162694,-0.99974894,0.0,0.0,0.0,0.14709974999999997,0.1569064,9.79684335,0.0030267466131673436,-0.030263190365134127,-0.9995373598420901,1.7428725274222563,-14.111,23.746,-11.059,0.9323197489381487,0.8826901502805945,96.1966376752456,36.9
95013.347633761,-0.6678,0.0003,-0.0112,-0.7442,0.015405239999999999,-0.0162694,-0.99974894,0.0,0.0,0.0,0.1569064,0.1569064,9.81645665,0.003099450184467731,-0.031229085475292538,-0.9995074224411556,1.7983810930628839,-14.111,23.746,-11.059,0.9323197489381487,0.8826901502805945,96.1966376752456,36.9
95013.387566311,-0.6678,0.0003,-0.0112,-0.7442,0.015405239999999999,-0.0162694,-0.99974894,0.0,0.0,0.0,0.14709974999999997,0.14709974999999997,9.81645665,0.001999015505771846,-0.030344855997807056,-0.9995374678325428,1.7426694009180423,-14.111,23.746,-11.059,0.9323197489381487,0.8826901502805945,96.1966376752456,36.9
95013.427589836,-0.6678,0.0003,-0.0112,-0.7442,0.015405239999999999,-0.0162694,-0.99974894,0.0,0.0,0.0,0.1569064,0.16671305,9.80665,0.0041106946282946,-0.031135078826691927,-0.9995067074819122,1.7996853530233397,-14.111,23.746,-11.059,0.9323197489381487,0.8826901502805945,96.1966376752456,36.9
95013.477498616,-0.6678,0.0003,-0.0112,-0.7442,0.015405239999999999,-0.0162694,-0.99974894,0.0,0.0,0.0,0.14709974999999997,0.14709974999999997,9.81645665,0.001999015505771846,-0.030344855997807056,-0.9995374678325428,1.7426694009180423,-14.111,23.746,-11.059,0.9323197489381487,0.8826901502805945,96.1966376752456,36.9
95013.517530555,-0.6678,0.0003,-0.0112,-0.7442,0.015405239999999999,-0.0162694,-0.99974894,0.0,0.0,0.0,0.1569064,0.1569064,9.81645665,0.003099450184467731,-0.031229085475292538,-0.9995074224411556,1.7983810930628839,-14.111,23.746,-11.059,0.9323197489381487,0.8826901502805945,96.1966376752456,36.9
95013.557547849,-0.6678,0.0003,-0.0112,-0.7442,0.015405239999999999,-0.0162694,-0.99974894,0.0,0.0,0.0,0.1569064,0.16671305,9.80665,0.0041106946282946,-0.031135078826691927,-0.9995067074819122,1.7996853530233397,-14.111,23.746,-11.059,0.9323197489381487,0.8826901502805945,96.1966376752456,36.9
95013.607515035,-0.6678,0.0003,-0.0112,-0.7442,0.015405239999999999,-0.0162694,-0.99974894,0.0,0.0,0.0,0.16671305,0.1569064,9.79684335,0.0032426430190138043,-0.032251560893914316,-0.9994744946554363,1.8575201182850458,-14.111,23.746,-11.059,0.9323197489381487,0.8826901502805945,96.1966376752456,36.9
95013.647486975,-0.6678,0.0003,-0.0112,-0.7442,0.015405239999999999,-0.0162694,-0.99974894,0.0,0.0,0.0,0.14709974999999997,0.1569064,9.80665,0.0030092126113728454,-0.030250008387606466,-0.9995378118560572,1.7420208786760714,-14.111,23.746,-11.059,0.9323197489381487,0.8826901502805945,96.1966376752456,36.9
95013.697569328,-0.6678,0.0003,-0.0112,-0.7442,0.015405239999999999,-0.0162694,-0.99974894,0.0,0.0,0.0,0.1372931,0.1569064,9.80665,0.0029013624461654217,-0.029256724567237227,-0.9995677002609336,1.6847522015228853,-14.111,23.746,-11.059,0.9323197489381487,0.8826901502805945,96.1966376752456,36.9
95013.73770646,-0.6678,0.0003,-0.0112,-0.7442,0.015405239999999999,-0.0162694,-0.99974894,0.0,0.0,0.0,0.14709974999999997,0.1569064,9.80665,0.0030092126113728454,-0.030250008387606466,-0.9995378118560572,1.7420208786760714,-14.111,23.746,-11.059,0.9323197489381487,0.8826901502805945,96.1966376752456,36.9
95013.777591786,-0.6678,0.0003,-0.0112,-0.7442,0.015405239999999999,-0.0162694,-0.99974894,0.0,0.0,0.0,0.16671305,0.1569064,9.81645665,0.0032071802149477996,-0.032221255416411965,-0.9994755866484948,1.8555890952586473,-14.111,23.746,-11.059,0.9323197489381487,0.8826901502805945,96.1966376752456,36.9
95013.817528272,-0.6678,0.0003,-0.0112,-0.7442,0.015405239999999999,-0.0162694,-0.99974894,0.0,0.0,0.0,0.1569064,0.16671305,9.80665,0.0041106946282946,-0.031135078826691927,-0.9995067074819122,1.7996853530233397,-14.111,23.746,-11.059,0.9323197489381487,0.8826901502805945,96.1966376752456,36.9
95013.86752808,-0.6678,0.0003,-0.0112,-0.7442,0.015405239999999999,-0.0162694,-0.99974894,0.0,0.0,0.0,0.14709974999999997,0.1569064,9.81645665,0.002991713624278412,-0.030236852720524808,-0.9995382624874966,1.7411714201768618,-14.111,23.746,-11.059,0.9323197489381487,0.8826901502805945,96.1966376752456,36.9
95013.907562455,-0.6678,0.0003,-0.0112,-0.7442,0.015405239999999999,-0.0162694,-0.99974894,0.0,0.0,0.0,0.1569064,0.17651969999999997,9.80665,0.005104294849067147,-0.03102689802387592,-0.9995054907846944,1.8019029006056122,-14.111,23.746,-11.059,0.9323197489381487,0.8826901502805945,96.1966376752456,36.9
95013.947622543,-0.6678,0.0003,-0.0112,-0.7442,0.015405239999999999,-0.0162694,-0.99974894,0.0,0.0,0.0,0.1372931,0.1569064,9.81645665,0.0028839708562702817,-0.029244560116408812,-0.9995681066028239,1.683960206422657,-14.111,23.746,-11.059,0.9323197489381487,0.8826901502805945,96.1966376752456,36.9
95013.997585895,-0.6678,0.0003,-0.0112,-0.7442,0.015405239999999999,-0.0162694,-0.99974894,0.0,0.0,0.0,0.1569064,0.14709974999999997,9.80665,0.0021233835476505425,-0.03135135780491511,-0.999506144831061,1.8007122021381659,-14.111,23.746,-11.059,0.9323197489381487,0.8826901502805945,96.1966376752456,36.9
95014.03748282,-0.6678,0.0003,-0.0112,-0.7442,0.015405239999999999,-0.0162694,-0.99974894,0.0,0.0,0.0,0.1569064,0.1569064,9.80665,0.003117056535640445,-0.03124323219607404,-0.9995069255305253,1.7992879915619133,-14.111,23.746,-11.059,0.9323197489381487,0.8826901502805945,96.1966376752456,36.9
95014.077585751,-0.6678,0.0003,-0.0112,-0.7442,0.015405239999999999,-0.0162694,-0.99974894,0.0,0.0,0.0,0.1569064,0.1569064,9.80665,0.003117056535640445,-0.03124323219607404,-0.9995069255305253,1.7992879915619133,-14.111,23.746,-11.059,0.9323197489381487,0.8826901502805945,96.1966376752456,36.9
95014.117536261,-0.6678,0.0003,-0.0112,-0.7442,0.015405239999999999,-0.0162694,-0.99974894,0.0,0.0,0.0,0.14709974999999997,0.1569064,9.79684335,0.0030267466131673436,-0.030263190365134127,-0.9995373598420901,1.7428725274222563,-14.111,23.746,-11.059,0.9323197489381487,0.8826901502805945,96.1966376752456,36.9
95014.167505084,-0.6678,0.0003,-0.0112,-0.7442,0.015405239999999999,-0.0162694,-0.99974894,0.0,0.0,0.0,0.1569064,0.16671305,9.79684335,0.004129329954906585,-0.03114914488593511,-0.9995061923480414,1.8006248178254334,-14.111,23.746,-11.059,0.9323197489381487,0.8826901502805945,96.1966376752456,36.9
95014.207628125,-0.6678,0.0003,-0.0112,-0.7442,0.015405239999999999,-0.0162694,-0.99974894,0.0,0.0,0.0,0.16671305,0.1569064,9.80665,0.0032248938961149543,-0.03223639301945299,-0.9994750414697251,1.8565534116986957,-14.111,23.746,-11.059,0.9323197489381487,0.8826901502805945,96.1966376752456,36.9
95014.257494884,-0.6678,0.0003,-0.0112,-0.7442,0.015405239999999999,-0.0162694,-0.99974894,0.0,0.0,0.0,0.14709974999999997,0.14709974999999997,9.79684335,0.0020320626424557096,-0.030371411114119035,-0.9995365945710428,1.7443137506237665,-14.111,23.746,-11.059,0.9323197489381487,0.8826901502805945,96.1966376752456,36.9
95014.297706595,-0.6678,0.0003,-0.0112,-0.7442,0.015405239999999999,-0.0162694,-0.99974894,0.0,0.0,0.0,0.1569064,0.1569064,9.80665,0.003117056535640445,-0.03124323219607404,-0.9995069255305253,1.7992879915619133,-14.111,23.746,-11.059,0.9323197489381487,0.8826901502805945,96.1966376752456,36.9
95014.3475766,-0.6678,0.0003,-0.0112,-0.7442,0.015405239999999999,-0.0162694,-0.99974894,0.0,0.0,0.0,0.14709974999999997,0.1569064,9.79684335,0.0030267466131673436,-0.030263190365134127,-0.9995373598420901,1.7428725274222563,-14.111,23.746,-11.059,0.9323197489381487,0.8826901502805945,96.1966376752456,36.9
95014.387521855,-0.6678,0.0003,-0.0112,-0.7442,0.015405239999999999,-0.0162694,-0.99974894,0.0,0.0,0.0,0.1569064,0.1569064,9.81645665,0.003099450184467731,-0.031229085475292538,-0.9995074224411556,1.7983810930628839,-14.111,23.746,-11.059,0.9323197489381487,0.8826901502805945,96.1966376752456,36.9
95014.437588722,-0.6678,0.0003,-0.0112,-0.7442,0.015405239999999999,-0.0162694,-0.99974894,0.0,0.0,0.0,0.14709974999999997,0.16671305,9.81645665,0.003984377072136733,-0.030128822736947673,-0.999538060324805,1.74155209426413,-14.111,23.746,-11.059,0.9323197489381487,0.8826901502805945,96.1966376752456,36.9
95014.477606606,-0.6678,0.0003,-0.0112,-0.7442,0.015405239999999999,-0.0162694,-0.99974894,0.0,0.0,0.0,0.16671305,0.16671305,9.80665,0.004218513825620747,-0.032128225064259566,-0.99947482422231,1.8569371067737945,-14.111,23.746,-11.059,0.9323197489381487,0.8826901502805945,96.1966376752456,36.9
95014.527562717,-0.6678,0.0003,-0.0112,-0.7442,0.015405239999999999,-0.0162694,-0.99974894,0.0,0.0,0.0,0.14709974999999997,0.1569064,9.80665,0.0030092126113728454,-0.030250008387606466,-0.9995378118560572,1.7420208786760714,-14.111,23.746,-11.059,0.9323197489381487,0.8826901502805945,96.1966376752456,36.9
95014.567573125,-0.6678,0.0003,-0.0112,-0.7442,0.015405239999999999,-0.0162694,-0.99974894,0.0,0.0,0.0,0.14709974999999997,0.1569064,9.80665,0.0030092126113728454,-0.030250008387606466,-0.9995378118560572,1.7420208786760714,-14.111,23.746,-11.059,0.9323197489381487,0.8826901502805945,96.1966376752456,36.9
95014.617557905,-0.6678,0.0003,-0.0112,-0.7442,0.015405239999999999,-0.0162694,-0.99974894,0.0,0.0,0.0,0.1569064,0.1569064,9.79684335,0.0031346981151117795,-0.03125740720811485,-0.9995064271138527,1.8001971798192231,-14.111,23.746,-11.059,0.9323197489381487,0.8826901502805945,96.1966376752456,36.9
95014.667514523,-0.6678,0.0003,-0.0112,-0.7442,0.015405239999999999,-0.0162694,-0.99974894,0.0,0.0,0.0,0.1569064,0.1569064,9.80665,0.003117056535640445,-0.03124323219607404,-0.9995069255305253,1.7992879915619133,-14.111,23.746,-11.059,0.9323197489381487,0.8826901502805945,96.1966376752456,36.9
95014.707569709,-0.6678,0.0003,-0.0112,-0.7442,0.015405239999999999,-0.0162694,-0.99974894,0.0,0.0,0.0,0.1569064,0.1569064,9.80665,0.003117056535640445,-0.03124323219607404,-0.9995069255305253,1.7992879915619133,-14.111,23.746,-11.059,0.9323197489381487,0.8826901502805945,96.1966376752456,36.9
95014.747738378,-0.6678,0.0003,-0.0112,-0.7442,0.015405239999999999,-0.0162694,-0.99974894,0.0,0.0,0.0,0.1569064,0.1569064,9.80665,0.003117056535640445,-0.03124323219607404,-0.9995069255305253,1.7992879915619133,-14.111,23.746,-11.059,0.9323197489381487,0.8826901502805945,96.1966376752456,36.9
95014.787688931,-0.6678,0.0003,-0.0112,-0.7442,0.015405239999999999,-0.0162694,-0.99974894,0.0,0.0,0.0,0.14709974999999997,0.1569064,9.80665,0.0030092126113728454,-0.030250008387606466,-0.9995378118560572,1.7420208786760714,-14.111,23.746,-11.059,0.9323197489381487,0.8826901502805945,96.1966376752456,36.9
95014.827732145,-0.6678,0.0003,-0.0112,-0.7442,0.015405239999999999,-0.0162694,-0.99974894,0.0,0.0,0.0,0.14709974999999997,0.1569064,9.80665,0.0030092126113728454,-0.030250008387606466,-0.9995378118560572,1.7420208786760714,-14.111,23.746,-11.059,0.9323197489381487,0.8826901502805945,96.1966376752456,36.9
95014.857703549,-0.6678,0.0003,-0.0112,-0.7442,0.015405239999999999,-0.0162694,-0.99974894,0.0,0.0,0.0,0.16671305,0.1569064,9.80665,0.0032248938961149543,-0.03223639301945299,-0.9994750414697251,1.8565534116986957,-14.111,23.746,-11.059,0.9323197489381487,0.8826901502805945,96.1966376752456,36.9
95014.897732065,-0.6678,0.0003,-0.0112,-0.7442,0.015405239999999999,-0.0162694,-0.99974894,0.0,0.0,0.0,0.14709974999999997,0.1569064,9.81645665,0.002991713624278412,-0.030236852720524808,-0.9995382624874966,1.7411714201768618,-14.111,23.746,-11.059,0.9323197489381487,0.8826901502805945,96.1966376752456,36.9
95015.03760677,-0.6678,0.0003,-0.0112,-0.7442,0.015405239999999999,-0.0162694,-0.99974894,0.0,0.0,0.0,0.1569064,0.1569064,9.81645665,0.003099450184467731,-0.031229085475292538,-0.9995074224411556,1.7983810930628839,-14.111,23.746,-11.059,0.9323197489381487,0.8826901502805945,96.1966376752456,36.9
95015.067729828,-0.6678,0.0003,-0.0112,-0.7442,0.015405239999999999,-0.0162694,-0.99974894,0.0,0.0,0.0,0.12748644999999997,0.1569064,9.80665,0.002793506362956607,-0.02826338370896049,-0.9995965905687263,1.6274820905937581,-14.111,23.746,-11.059,0.9323197489381487,0.8826901502805945,96.1966376752456,36.9
95015.107687505,-0.6678,0.0003,-0.0112,-0.7442,0.015405239999999999,-0.0162694,-0.99974894,0.0,0.0,0.0,0.1569064,0.1569064,9.80665,0.003117056535640445,-0.03124323219607404,-0.9995069255305253,1.7992879915619133,-14.111,23.746,-11.059,0.9323197489381487,0.8826901502805945,96.1966376752456,36.9
95015.157517048,-0.6678,0.0003,-0.0112,-0.7442,0.015405239999999999,-0.0162694,-0.99974894,0.0,0.0,0.0,0.14709974999999997,0.1569064,9.80665,0.0030092126113728454,-0.030250008387606466,-0.9995378118560572,1.7420208786760714,-14.111,23.746,-11.059,0.9323197489381487,0.8826901502805945,96.1966376752456,36.9
95015.187549337,-0.6678,0.0003,-0.0112,-0.7442,0.015405239999999999,-0.0162694,-0.99974894,0.0,0.0,0.0,0.1569064,0.1372931,9.79684335,0.0011453323774867335,-0.03147384804418912,-0.9995038943164707,1.804810766306987,-14.111,23.746,-11.059,0.9323197489381487,0.8826901502805945,96.1966376752456,36.9
95015.227593608,-0.6678,0.0003,-0.0112,-0.7442,0.015405239999999999,-0.0162694,-0.99974894,0.0,0.0,0.0,0.1569064,0.1569064,9.80665,0.003117056535640445,-0.03124323219607404,-0.9995069255305253,1.7992879915619133,-14.111,23.746,-11.059,0.9323197489381487,0.8826901502805945,96.1966376752456,36.9
95015.267719533,-0.6678,0.0003,-0.0112,-0.7442,0.015405239999999999,-0.0162694,-0.99974894,0.0,0.0,0.0,0.14709974999999997,0.16671305,9.80665,0.00400286787511484,-0.030141869714647773,-0.9995375930393375,1.7424327428762185,-14.111,23.746,-11.059,0.9323197489381487,0.8826901502805945,96.1966376752456,36.9
95015.377545384,-0.6678,0.0003,-0.0112,-0.7442,0.015405239999999999,-0.0162694,-0.99974894,0.0,0.0,0.0,0.16671305,0.14709974999999997,9.80665,0.0022312389652525463,-0.03234453222310624,-0.999474260033829,1.8579350415615448,-14.111,23.746,-11.059,0.9323197489381487,0.8826901502805945,96.1966376752456,36.9
95015.407538311,-0.6678,0.0003,-0.0112,-0.7442,0.015405239999999999,-0.0162694,-0.99974894,0.0,0.0,0.0,0.1372931,0.16671305,9.80665,0.003895033888780375,-0.029148600701182144,-0.9995674807092106,1.6851794900492587,-14.111,23.746,-11.059,0.9323197489381487,0.8826901502805945,96.1966376752456,36.9
95015.45758032,-0.6678,0.0003,-0.0112,-0.7442,0.015405239999999999,-0.0162694,-0.99974894,0.0,0.0,0.0,0.14709974999999997,0.1569064,9.80665,0.0030092126113728454,-0.030250008387606466,-0.9995378118560572,1.7420208786760714,-14.111,23.746,-11.059,0.9323197489381487,0.8826901502805945,96.1966376752456,36.9
95015.492427777,-0.6678,0.0003,-0.0112,-0.7442,0.015405239999999999,-0.0162694,-0.99974894,0.0,0.0,0.0,0.1569064,0.1569064,9.80665,0.003117056535640445,-0.03124323219607404,-0.9995069255305253,1.7992879915619133,-14.111,23.746,-11.059,0.9323197489381487,0.8826901502805945,96.1966376752456,36.9
95015.531248479,-0.6678,0.0003,-0.0112,-0.7442,0.015405239999999999,-0.0162694,-0.99974894,0.0,0.0,0.0,0.1372931,0.16671305,9.79684335,0.003913454126924199,-0.029160680616807277,-0.9995670563791406,1.6860059357588242,-14.111,23.746,-11.059,0.9323197489381487,0.8826901502805945,96.1966376752456,36.9
95015.569042533,-0.6678,0.0003,-0.0112,-0.7442,0.015405239999999999,-0.0162694,-0.99974894,0.0,0.0,0.0,0.1569064,0.16671305,9.81645665,0.004092096512605829,-0.031121040839236926,-0.9995072210435095,1.7987482672781017,-14.111,23.746,-11.059,0.9323197489381487,0.8826901502805945,96.1966376752456,36.9
95015.607899117,-0.6678,0.0003,-0.0112,-0.7442,0.015405239999999999,-0.0162694,-0.99974894,0.0,0.0,0.0,0.1569064,0.16671305,9.80665,0.0041106946282946,-0.031135078826691927,-0.9995067074819122,1.7996853530233397,-14.111,23.746,-11.059,0.9323197489381487,0.8826901502805945,96.1966376752456,36.9
95015.637564778,-0.6678,0.0003,-0.0112,-0.7442,0.015405239999999999,-0.0162694,-0.99974894,0.0,0.0,0.0,0.1569064,0.1569064,9.81645665,0.003099450184467731,-0.031229085475292538,-0.9995074224411556,1.7983810930628839,-14.111,23.746,-11.059,0.9323197489381487,0.8826901502805945,96.1966376752456,36.9
95015.677527647,-0.6678,0.0003,-0.0112,-0.7442,0.015405239999999999,-0.0162694,-0.99974894,0.0,0.0,0.0,0.1569064,0.1569064,9.81645665,0.003099450184467731,-0.031229085475292538,-0.9995074224411556,1.7983810930628839,-14.111,23.746,-11.059,0.9323197489381487,0.8826901502805945,96.1966376752456,36.9
95015.717560577,-0.6678,0.0003,-0.0112,-0.7442,0.015405239999999999,-0.0162694,-0.99974894,0.0,0.0,0.0,0.1569064,0.16671305,9.80665,0.0041106946282946,-0.031135078826691927,-0.9995067074819122,1.7996853530233397,-14.111,23.746,-11.059,0.9323197489381487,0.8826901502805945,96.1966376752456,36.9
95015.747625762,-0.6678,0.0003,-0.0112,-0.7442,0.015405239999999999,-0.0162694,-0.99974894,0.0,0.0,0.0,0.1569064,0.1569064,9.80665,0.003117056535640445,-0.03124323219607404,-0.9995069255305253,1.7992879915619133,-14.111,23.746,-11.059,0.9323197489381487,0.8826901502805945,96.1966376752456,36.9
95015.787508853,-0.6678,0.0003,-0.0112,-0.7442,0.015405239999999999,-0.0162694,-0.99974894,0.0,0.0,0.0,0.14709974999999997,0.1569064,9.80665,0.0030092126113728454,-0.030250008387606466,-0.9995378118560572,1.7420208786760714,-14.111,23.746,-11.059,0.9323197489381487,0.8826901502805945,96.1966376752456,36.9
95015.837883198,-0.6678,0.0003,-0.0112,-0.7442,0.015405239999999999,-0.0162694,-0.99974894,0.0,0.0,0.0,0.1372931,0.1569064,9.79684335,0.002918788837000424,-0.02926891334708151,-0.9995672926540652,1.6855462883267667,-14.111,23.746,-11.059,0.9323197489381487,0.8826901502805945,96.1966376752456,36.9
95015.877577195,-0.6678,0.0003,-0.0112,-0.7442,0.015405239999999999,-0.0162694,-0.99974894,0.0,0.0,0.0,0.1569064,0.1569064,9.80665,0.003117056535640445,-0.03124323219607404,-0.9995069255305253,1.7992879915619133,-14.111,23.746,-11.059,0.9323197489381487,0.8826901502805945,96.1966376752456,36.9
95015.927654724,-0.6678,0.0003,-0.0112,-0.7442,0.015405239999999999,-0.0162694,-0.99974894,0.0,0.0,0.0,0.1569064,0.1569064,9.80665,0.003117056535640445,-0.03124323219607404,-0.9995069255305253,1.7992879915619133,-14.111,23.746,-11.059,0.9323197489381487,0.8826901502805945,96.1966376752456,36.9
95015.967503591,-0.6678,0.0003,-0.0112,-0.7442,0.015405239999999999,-0.0162694,-0.99974894,0.0,0.0,0.0,0.1569064,0.1569064,9.81645665,0.003099450184467731,-0.031229085475292538,-0.9995074224411556,1.7983810930628839,-14.111,23.746,-11.059,0.9323197489381487,0.8826901502805945,96.1966376752456,36.9
95016.017461639,-0.6678,0.0003,-0.0112,-0.7442,0.015405239999999999,-0.0162694,-0.99974894,0.0,0.0,0.0,0.1569064,0.1569064,9.81645665,0.003099450184467731,-0.031229085475292538,-0.9995074224411556,1.7983810930628839,-14.111,23.746,-11.059,0.9323197489381487,0.8826901502805945,96.1966376752456,36.9
95016.057481368,-0.6678,0.0003,-0.0112,-0.7442,0.015405239999999999,-0.0162694,-0.99974894,0.0,0.0,0.0,0.14709974999999997,0.16671305,9.80665,0.00400286787511484,-0.030141869714647773,-0.9995375930393375,1.7424327428762185,-14.111,23.746,-11.059,0.9323197489381487,0.8826901502805945,96.1966376752456,36.9
95016.097546288,-0.6678,0.0003,-0.0112,-0.7442,0.015405239999999999,-0.0162694,-0.99974894,0.0,0.0,0.0,0.14709974999999997,0.16671305,9.80665,0.00400286787511484,-0.030141869714647773,-0.9995375930393375,1.7424327428762185,-14.111,23.746,-11.059,0.9323197489381487,0.8826901502805945,96.1966376752456,36.9
95016.14763299,-0.6678,0.0003,-0.0112,-0.7442,0.015405239999999999,-0.0162694,-0.99974894,0.0,0.0,0.0,0.1569064,0.1569064,9.79684335,0.0031346981151117795,-0.03125740720811485,-0.9995064271138527,1.8001971798192231,-14.111,23.746,-11.059,0.9323197489381487,0.8826901502805945,96.1966376752456,36.9
95016.187527292,-0.6678,0.0003,-0.0112,-0.7442,0.015405239999999999,-0.0162694,-0.99974894,0.0,0.0,0.0,0.1569064,0.14709974999999997,9.80665,0.0021233835476505425,-0.03135135780491511,-0.999506144831061,1.8007122021381659,-14.111,23.746,-11.059,0.9323197489381487,0.8826901502805945,96.1966376752456,36.9
95016.227678738,-0.6678,0.0003,-0.0112,-0.7442,0.015405239999999999,-0.0162694,-0.99974894,0.0,0.0,0.0,0.14709974999999997,0.14709974999999997,9.79684335,0.0020320626424557096,-0.030371411114119035,-0.9995365945710428,1.7443137506237665,-14.111,23.746,-11.059,0.9323197489381487,0.8826901502805945,96.1966376752456,36.9
95016.277539806,-0.6678,0.0003,-0.0112,-0.7442,0.015405239999999999,-0.0162694,-0.99974894,0.0,0.0,0.0,0.1569064,0.14709974999999997,9.80665,0.0021233835476505425,-0.03135135780491511,-0.999506144831061,1.8007122021381659,-14.111,23.746,-11.059,0.9323197489381487,0.8826901502805945,96.1966376752456,36.9
95016.327581751,-0.6678,0.0003,-0.0112,-0.7442,0.015405239999999999,-0.0162694,-0.99974894,0.0,0.0,0.0,0.1569064,0.1569064,9.80665,0.003117056535640445,-0.03124323219607404,-0.9995069255305253,1.7992879915619133,-14.111,23.746,-11.059,0.9323197489381487,0.8826901502805945,96.1966376752456,36.9
95016.367535081,-0.6678,0.0003,-0.0112,-0.7442,0.015405239999999999,-0.0162694,-0.99974894,0.0,0.0,0.0,0.14709974999999997,0.1569064,9.80665,0.0030092126113728454,-0.030250008387606466,-0.9995378118560572,1.7420208786760714,-14.111,23.746,-11.059,0.9323197489381487,0.8826901502805945,96.1966376752456,36.9
95016.407609557,-0.6678,0.0003,-0.0112,-0.7442,0.015405239999999999,-0.0162694,-0.99974894,0.0,0.0,0.0,0.1569064,0.14709974999999997,9.79684335,0.00214003126061078,-0.03136564170349183,-0.999505661133633,1.8015938521569344,-14.111,23.746,-11.059,0.9323197489381487,0.8826901502805945,96.1966376752456,36.9
95016.457540698,-0.6678,0.0003,-0.0112,-0.7442,0.015405239999999999,-0.0162694,-0.99974894,0.0,0.0,0.0,0.1569064,0.1569064,9.81645665,0.003099450184467731,-0.031229085475292538,-0.9995074224411556,1.7983810930628839,-14.111,23.746,-11.059,0.9323197489381487,0.8826901502805945,96.1966376752456,36.9
95016.497474187,-0.6678,0.0003,-0.0112,-0.7442,0.015405239999999999,-0.0162694,-0.99974894,0.0,0.0,0.0,0.14709974999999997,0.1569064,9.80665,0.0030092126113728454,-0.030250008387606466,-0.9995378118560572,1.7420208786760714,-14.111,23.746,-11.059,0.9323197489381487,0.8826901502805945,96.1966376752456,36.9
95016.537557509,-0.6678,0.0003,-0.0112,-0.7442,0.015405239999999999,-0.0162694,-0.99974894,0.0,0.0,0.0,0.1372931,0.14709974999999997,9.80665,0.001907656320599983,-0.02936482265527547,-0.999566920944011,1.6862704283863874,-14.111,23.746,-11.059,0.9323197489381487,0.8826901502805945,96.1966376752456,36.9
95016.587569161,-0.6678,0.0003,-0.0112,-0.7442,0.015405239999999999,-0.0162694,-0.99974894,0.0,0.0,0.0,0.14709974999999997,0.1569064,9.81645665,0.002991713624278412,-0.030236852720524808,-0.9995382624874966,1.7411714201768618,-14.111,23.746,-11.059,0.9323197489381487,0.8826901502805945,96.1966376752456,36.9
95016.627488369,-0.6678,0.0003,-0.0112,-0.7442,0.015405239999999999,-0.0162694,-0.99974894,0.0,0.0,0.0,0.1569064,0.1569064,9.80665,0.003117056535640445,-0.03124323219607404,-0.9995069255305253,1.7992879915619133,-14.111,23.746,-11.059,0.9323197489381487,0.8826901502805945,96.1966376752456,36.9
95016.677523074,-0.6678,0.0003,-0.0112,-0.7442,0.015405239999999999,-0.0162694,-0.99974894,0.0,0.0,0.0,0.14709974999999997,0.16671305,9.80665,0.00400286787511484,-0.030141869714647773,-0.9995375930393375,1.7424327428762185,-14.111,23.746,-11.059,0.9323197489381487,0.8826901502805945,96.1966376752456,36.9
95016.717454037,-0.6678,0.0003,-0.0112,-0.7442,0.015405239999999999,-0.0162694,-0.99974894,0.0,0.0,0.0,0.14709974999999997,0.14709974999999997,9.80665,0.002015522558430788,-0.03035812029120155,-0.9995370318629208,1.7434905247005947,-14.111,23.746,-11.059,0.9323197489381487,0.8826901502805945,96.1966376752456,36.9
95016.757469069,-0.6678,0.0003,-0.0112,-0.7442,0.015405239999999999,-0.0162694,-0.99974894,0.0,0.0,0.0,0.1569064,0.1569064,9.81645665,0.003099450184467731,-0.031229085475292538,-0.9995074224411556,1.7983810930628839,-14.111,23.746,-11.059,0.9323197489381487,0.8826901502805945,96.1966376752456,36.9
95016.807564162,-0.6678,0.0003,-0.0112,-0.7442,0.015405239999999999,-0.0162694,-0.99974894,0.0,0.0,0.0,0.12748644999999997,0.1569064,9.80665,0.002793506362956607,-0.02826338370896049,-0.9995965905687263,1.6274820905937581,-14.111,23.746,-11.059,0.9323197489381487,0.8826901502805945,96.1966376752456,36.9
95016.847469317,-0.6678,0.0003,-0.0112,-0.7442,0.015405239999999999,-0.0162694,-0.99974894,0.0,0.0,0.0,0.1569064,0.14709974999999997,9.80665,0.0021233835476505425,-0.03135135780491511,-0.999506144831061,1.8007122021381659,-14.111,23.746,-11.059,0.9323197489381487,0.8826901502805945,96.1966376752456,36.9
95016.897502622,-0.6678,0.0003,-0.0112,-0.7442,0.015405239999999999,-0.0162694,-0.99974894,0.0,0.0,0.0,0.1569064,0.1569064,9.79684335,0.0031346981151117795,-0.03125740720811485,-0.9995064271138527,1.8001971798192231,-14.111,23.746,-11.059,0.9323197489381487,0.8826901502805945,96.1966376752456,36.9
95016.937472321,-0.6678,0.0003,-0.0112,-0.7442,0.015405239999999999,-0.0162694,-0.99974894,0.0,0.0,0.0,0.1569064,0.16671305,9.79684335,0.004129329954906585,-0.03114914488593511,-0.9995061923480414,1.8006248178254334,-14.111,23.746,-11.059,0.9323197489381487,0.8826901502805945,96.1966376752456,36.9
95016.97774517,-0.6678,0.0003,-0.0112,-0.7442,0.015405239999999999,-0.0162694,-0.99974894,0.0,0.0,0.0,0.1569064,0.14709974999999997,9.80665,0.0021233835476505425,-0.03135135780491511,-0.999506144831061,1.8007122021381659,-14.111,23.746,-11.059,0.9323197489381487,0.8826901502805945,96.1966376752456,36.9
95017.027751577,-0.6678,0.0003,-0.0112,-0.7442,0.015405239999999999,-0.0162694,-0.99974894,0.0,0.0,0.0,0.16671305,0.1569064,9.79684335,0.0032426430190138043,-0.032251560893914316,-0.9994744946554363,1.8575201182850458,-14.111,23.746,-11.059,0.9323197489381487,0.8826901502805945,96.1966376752456,36.9
95017.067520586,-0.6678,0.0003,-0.0112,-0.7442,0.015405239999999999,-0.0162694,-0.99974894,0.0,0.0,0.0,0.14709974999999997,0.14709974999999997,9.80665,0.002015522558430788,-0.03035812029120155,-0.9995370318629208,1.7434905247005947,-14.111,23.746,-11.059,0.9323197489381487,0.8826901502805945,96.1966376752456,36.9
95017.117521697,-0.6678,0.0003,-0.0112,-0.7442,0.015405239999999999,-0.0162694,-0.99974894,0.0,0.0,0.0,0.1569064,0.1569064,9.81645665,0.003099450184467731,-0.031229085475292538,-0.9995074224411556,1.7983810930628839,-14.111,23.746,-11.059,0.9323197489381487,0.8826901502805945,96.1966376752456,36.9
95017.157615049,-0.6678,0.0003,-0.0112,-0.7442,0.015405239999999999,-0.0162694,-0.99974894,0.0,0.0,0.0,0.1569064,0.14709974999999997,9.81645665,0.0021067690798592543,-0.03133710241683872,-0.9995066270827034,1.7998327575210669,-14.111,23.746,-11.059,0.9323197489381487,0.8826901502805945,96.1966376752456,36.9
95017.207534208,-0.6678,0.0004,-0.0112,-0.7442,0.015554079999999998,-0.016135840000000002,-0.9997488,0.0,0.0,0.0,0.14709974999999997,0.1569064,9.81645665,0.003140553708205136,-0.03037034487942261,-0.9995337583736377,1.7496434905408769,-14.111,23.746,-11.059,0.9246675423389473,0.8912190760224767,96.19665153163507,36.9
95017.24766907,-0.6678,0.0003,-0.0112,-0.7442,0.015405239999999999,-0.0162694,-0.99974894,0.0,0.0,0.0,0.14709974999999997,0.1569064,9.80665,0.0030092126113728454,-0.030250008387606466,-0.9995378118560572,1.7420208786760714,-14.111,23.746,-11.059,0.9323197489381487,0.8826901502805945,96.1966376752456,36.9
95017.287537393,-0.6678,0.0003,-0.0112,-0.7442,0.015405239999999999,-0.0162694,-0.99974894,0.0,0.0,0.0,0.1569064,0.14709974999999997,9.80665,0.0021233835476505425,-0.03135135780491511,-0.999506144831061,1.8007122021381659,-14.111,23.746,-11.059,0.9323197489381487,0.8826901502805945,96.1966376752456,36.9
95017.33751641,-0.6678,0.0003,-0.0112,-0.7442,0.015405239999999999,-0.0162694,-0.99974894,0.0,0.0,0.0,0.14709974999999997,0.1569064,9.79684335,0.0030267466131673436,-0.030263190365134127,-0.9995373598420901,1.7428725274222563,-14.111,23.746,-11.059,0.9323197489381487,0.8826901502805945,96.1966376752456,36.9
95017.387577722,-0.6678,0.0003,-0.0112,-0.7442,0.015405239999999999,-0.0162694,-0.99974894,0.0,0.0,0.0,0.1569064,0.1569064,9.79684335,0.0031346981151117795,-0.03125740720811485,-0.9995064271138527,1.8001971798192231,-14.111,23.746,-11.059,0.9323197489381487,0.8826901502805945,96.1966376752456,36.9
95017.427662335,-0.6678,0.0003,-0.0112,-0.7442,0.015405239999999999,-0.0162694,-0.99974894,0.0,0.0,0.0,0.1372931,0.16671305,9.80665,0.003895033888780375,-0.029148600701182144,-0.9995674807092106,1.6851794900492587,-14.111,23.746,-11.059,0.9323197489381487,0.8826901502805945,96.1966376752456,36.9
95017.467662333,-0.6678,0.0003,-0.0112,-0.7442,0.015405239999999999,-0.0162694,-0.99974894,0.0,0.0,0.0,0.1569064,0.16671305,9.80665,0.0041106946282946,-0.031135078826691927,-0.9995067074819122,1.7996853530233397,-14.111,23.746,-11.059,0.9323197489381487,0.8826901502805945,96.1966376752456,36.9
95017.507551083,-0.6678,0.0003,-0.0112,-0.7442,0.015405239999999999,-0.0162694,-0.99974894,0.0,0.0,0.0,0.14709974999999997,0.14709974999999997,9.80665,0.002015522558430788,-0.03035812029120155,-0.9995370318629208,1.7434905247005947,-14.111,23.746,-11.059,0.9323197489381487,0.8826901502805945,96.1966376752456,36.9
95017.557532647,-0.6678,0.0003,-0.0112,-0.7442,0.015405239999999999,-0.0162694,-0.99974894,0.0,0.0,0.0,0.14709974999999997,0.16671305,9.80665,0.00400286787511484,-0.030141869714647773,-0.9995375930393375,1.7424327428762185,-14.111,23.746,-11.059,0.9323197489381487,0.8826901502805945,96.1966376752456,36.9
95017.597510183,-0.6678,0.0003,-0.0112,-0.7442,0.015405239999999999,-0.0162694,-0.99974894,0.0,0.0,0.0,0.1569064,0.1569064,9.81645665,0.003099450184467731,-0.031229085475292538,-0.9995074224411556,1.7983810930628839,-14.111,23.746,-11.059,0.9323197489381487,0.8826901502805945,96.1966376752456,36.9
95017.637515183,-0.6678,0.0003,-0.0112,-0.7442,0.015405239999999999,-0.0162694,-0.99974894,0.0,0.0,0.0,0.14709974999999997,0.1569064,9.80665,0.0030092126113728454,-0.030250008387606466,-0.9995378118560572,1.7420208786760714,-14.111,23.746,-11.059,0.9323197489381487,0.8826901502805945,96.1966376752456,36.9
95017.677572043,-0.6678,0.0003,-0.0112,-0.7442,0.015405239999999999,-0.0162694,-0.99974894,0.0,0.0,0.0,0.14709974999999997,0.14709974999999997,9.81645665,0.001999015505771846,-0.030344855997807056,-0.9995374678325428,1.7426694009180423,-14.111,23.746,-11.059,0.9323197489381487,0.8826901502805945,96.1966376752456,36.9
95017.717608384,-0.6678,0.0003,-0.0112,-0.7442,0.015405239999999999,-0.0162694,-0.99974894,0.0,0.0,0.0,0.1569064,0.16671305,9.80665,0.0041106946282946,-0.031135078826691927,-0.9995067074819122,1.7996853530233397,-14.111,23.746,-11.059,0.9323197489381487,0.8826901502805945,96.1966376752456,36.9
95017.757589916,-0.6678,0.0003,-0.0112,-0.7442,0.015405239999999999,-0.0162694,-0.99974894,0.0,0.0,0.0,0.1569064,0.16671305,9.81645665,0.004092096512605829,-0.031121040839236926,-0.9995072210435095,1.7987482672781017,-14.111,23.746,-11.059,0.9323197489381487,0.8826901502805945,96.1966376752456,36.9
95017.807490572,-0.6678,0.0003,-0.0112,-0.7442,0.015405239999999999,-0.0162694,-0.99974894,0.0,0.0,0.0,0.14709974999999997,0.14709974999999997,9.80665,0.002015522558430788,-0.03035812029120155,-0.9995370318629208,1.7434905247005947,-14.111,23.746,-11.059,0.9323197489381487,0.8826901502805945,96.1966376752456,36.9
95017.847454417,-0.6678,0.0003,-0.0112,-0.7442,0.015405239999999999,-0.0162694,-0.99974894,0.0,0.0,0.0,0.1569064,0.1569064,9.79684335,0.0031346981151117795,-0.03125740720811485,-0.9995064271138527,1.8001971798192231,-14.111,23.746,-11.059,0.9323197489381487,0.8826901502805945,96.1966376752456,36.9
95017.887570304,-0.6678,0.0003,-0.0112,-0.7442,0.015405239999999999,-0.0162694,-0.99974894,0.0,0.0,0.0,0.14709974999999997,0.16671305,9.80665,0.00400286787511484,-0.030141869714647773,-0.9995375930393375,1.7424327428762185,-14.111,23.746,-11.059,0.9323197489381487,0.8826901502805945,96.1966376752456,36.9
95017.927591349,-0.6678,0.0003,-0.0112,-0.7442,0.015405239999999999,-0.0162694,-0.99974894,0.0,0.0,0.0,0.1569064,0.16671305,9.80665,0.0041106946282946,-0.031135078826691927,-0.9995067074819122,1.7996853530233397,-14.111,23.746,-11.059,0.9323197489381487,0.8826901502805945,96.1966376752456,36.9
95017.977520784,-0.6678,0.0003,-0.0112,-0.7442,0.015405239999999999,-0.0162694,-0.99974894,0.0,0.0,0.0,0.1569064,0.1569064,9.81645665,0.003099450184467731,-0.031229085475292538,-0.9995074224411556,1.7983810930628839,-14.111,23.746,-11.059,0.9323197489381487,0.8826901502805945,96.1966376752456,36.9
95018.017515918,-0.6678,0.0003,-0.0112,-0.7442,0.015405239999999999,-0.0162694,-0.99974894,0.0,0.0,0.0,0.1372931,0.1569064,9.80665,0.0029013624461654217,-0.029256724567237227,-0.9995677002609336,1.6847522015228853,-14.111,23.746,-11.059,0.9323197489381487,0.8826901502805945,96.1966376752456,36.9
95018.067536722,-0.6678,0.0003,-0.0112,-0.7442,0.015405239999999999,-0.0162694,-0.99974894,0.0,0.0,0.0,0.14709974999999997,0.1569064,9.80665,0.0030092126113728454,-0.030250008387606466,-0.9995378118560572,1.7420208786760714,-14.111,23.746,-11.059,0.9323197489381487,0.8826901502805945,96.1966376752456,36.9
95018.107839959,-0.6678,0.0003,-0.0112,-0.7442,0.015405239999999999,-0.0162694,-0.99974894,0.0,0.0,0.0,0.1569064,0.1569064,9.80665,0.003117056535640445,-0.03124323219607404,-0.9995069255305253,1.7992879915619133,-14.111,23.746,-11.059,0.9323197489381487,0.8826901502805945,96.1966376752456,36.9
95018.157628391,-0.6678,0.0003,-0.0112,-0.7442,0.015405239999999999,-0.0162694,-0.99974894,0.0,0.0,0.0,0.14709974999999997,0.1569064,9.80665,0.0030092126113728454,-0.030250008387606466,-0.9995378118560572,1.7420208786760714,-14.111,23.746,-11.059,0.9323197489381487,0.8826901502805945,96.1966376752456,36.9
95018.197534416,-0.6678,0.0003,-0.0112,-0.7442,0.015405239999999999,-0.0162694,-0.99974894,0.0,0.0,0.0,0.14709974999999997,0.1569064,9.80665,0.0030092126113728454,-0.030250008387606466,-0.9995378118560572,1.7420208786760714,-14.111,23.746,-11.059,0.9323197489381487,0.8826901502805945,96.1966376752456,36.9
95018.237494079,-0.6678,0.0003,-0.0112,-0.7442,0.015405239999999999,-0.0162694,-0.99974894,0.0,0.0,0.0,0.14709974999999997,0.1569064,9.80665,0.0030092126113728454,-0.030250008387606466,-0.9995378118560572,1.7420208786760714,-14.111,23.746,-11.059,0.9323197489381487,0.8826901502805945,96.1966376752456,36.9
95018.287532638,-0.6678,0.0003,-0.0112,-0.7442,0.015405239999999999,-0.0162694,-0.99974894,0.0,0.0,0.0,0.1569064,0.16671305,9.79684335,0.004129329954906585,-0.03114914488593511,-0.9995061923480414,1.8006248178254334,-14.111,23.746,-11.059,0.9323197489381487,0.8826901502805945,96.1966376752456,36.9
95018.327505068,-0.6678,0.0003,-0.0112,-0.7442,0.015405239999999999,-0.0162694,-0.99974894,0.0,0.0,0.0,0.14709974999999997,0.14709974999999997,9.80665,0.002015522558430788,-0.03035812029120155,-0.9995370318629208,1.7434905247005947,-14.111,23.746,-11.059,0.9323197489381487,0.8826901502805945,96.1966376752456,36.9
95018.377583077,-0.6678,0.0003,-0.0112,-0.7442,0.015405239999999999,-0.0162694,-0.99974894,0.0,0.0,0.0,0.1569064,0.14709974999999997,9.80665,0.0021233835476505425,-0.03135135780491511,-0.999506144831061,1.8007122021381659,-14.111,23.746,-11.059,0.9323197489381487,0.8826901502805945,96.1966376752456,36.9
95018.417491257,-0.6678,0.0003,-0.0112,-0.7442,0.015405239999999999,-0.0162694,-0.99974894,0.0,0.0,0.0,0.1372931,0.1569064,9.81645665,0.0028839708562702817,-0.029244560116408812,-0.9995681066028239,1.683960206422657,-14.111,23.746,-11.059,0.9323197489381487,0.8826901502805945,96.1966376752456,36.9
95018.457564299,-0.6678,0.0003,-0.0112,-0.7442,0.015405239999999999,-0.0162694,-0.99974894,0.0,0.0,0.0,0.14709974999999997,0.14709974999999997,9.81645665,0.001999015505771846,-0.030344855997807056,-0.9995374678325428,1.7426694009180423,-14.111,23.746,-11.059,0.9323197489381487,0.8826901502805945,96.1966376752456,36.9
95018.507556046,-0.6678,0.0003,-0.0112,-0.7442,0.015405239999999999,-0.0162694,-0.99974894,0.0,0.0,0.0,0.14709974999999997,0.14709974999999997,9.80665,0.002015522558430788,-0.03035812029120155,-0.9995370318629208,1.7434905247005947,-14.111,23.746,-11.059,0.9323197489381487,0.8826901502805945,96.1966376752456,36.9
95018.547505737,-0.6678,0.0003,-0.0112,-0.7442,0.015405239999999999,-0.0162694,-0.99974894,0.0,0.0,0.0,0.14709974999999997,0.1569064,9.80665,0.0030092126113728454,-0.030250008387606466,-0.9995378118560572,1.7420208786760714,-14.111,23.746,-11.059,0.9323197489381487,0.8826901502805945,96.1966376752456,36.9
95018.597776379,-0.6678,0.0003,-0.0112,-0.7442,0.015405239999999999,-0.0162694,-0.99974894,0.0,0.0,0.0,0.14709974999999997,0.16671305,9.80665,0.00400286787511484,-0.030141869714647773,-0.9995375930393375,1.7424327428762185,-14.111,23.746,-11.059,0.9323197489381487,0.8826901502805945,96.1966376752456,36.9
95018.637645222,-0.6678,0.0003,-0.0112,-0.7442,0.015405239999999999,-0.0162694,-0.99974894,0.0,0.0,0.0,0.14709974999999997,0.1569064,9.79684335,0.0030267466131673436,-0.030263190365134127,-0.9995373598420901,1.7428725274222563,-14.111,23.746,-11.059,0.9323197489381487,0.8826901502805945,96.1966376752456,36.9
95018.687562272,-0.6678,0.0003,-0.0112,-0.7442,0.015405239999999999,-0.0162694,-0.99974894,0.0,0.0,0.0,0.1569064,0.1569064,9.80665,0.003117056535640445,-0.03124323219607404,-0.9995069255305253,1.7992879915619133,-14.111,23.746,-11.059,0.9323197489381487,0.8826901502805945,96.1966376752456,36.9
95018.727716301,-0.6678,0.0003,-0.0112,-0.7442,0.015405239999999999,-0.0162694,-0.99974894,0.0,0.0,0.0,0.16671305,0.1569064,9.79684335,0.0032426430190138043,-0.032251560893914316,-0.9994744946554363,1.8575201182850458,-14.111,23.746,-11.059,0.9323197489381487,0.8826901502805945,96.1966376752456,36.9
95018.777595206,-0.6678,0.0003,-0.0112,-0.7442,0.015405239999999999,-0.0162694,-0.99974894,0.0,0.0,0.0,0.14709974999999997,0.16671305,9.80665,0.00400286787511484,-0.030141869714647773,-0.9995375930393375,1.7424327428762185,-14.111,23.746,-11.059,0.9323197489381487,0.8826901502805945,96.1966376752456,36.9
95018.817498026,-0.6678,0.0003,-0.0112,-0.7442,0.015405239999999999,-0.0162694,-0.99974894,0.0,0.0,0.0,0.1569064,0.14709974999999997,9.81645665,0.0021067690798592543,-0.03133710241683872,-0.9995066270827034,1.7998327575210669,-14.111,23.746,-11.059,0.9323197489381487,0.8826901502805945,96.1966376752456,36.9
95018.857564867,-0.6678,0.0003,-0.0112,-0.7442,0.015405239999999999,-0.0162694,-0.99974894,0.0,0.0,0.0,0.1569064,0.1569064,9.81645665,0.003099450184467731,-0.031229085475292538,-0.9995074224411556,1.7983810930628839,-14.111,23.746,-11.059,0.9323197489381487,0.8826901502805945,96.1966376752456,36.9
95018.907532475,-0.6678,0.0003,-0.0112,-0.7442,0.015405239999999999,-0.0162694,-0.99974894,0.0,0.0,0.0,0.14709974999999997,0.1569064,9.81645665,0.002991713624278412,-0.030236852720524808,-0.9995382624874966,1.7411714201768618,-14.111,23.746,-11.059,0.9323197489381487,0.8826901502805945,96.1966376752456,36.9
95018.947824235,-0.6678,0.0003,-0.0112,-0.7442,0.015405239999999999,-0.0162694,-0.99974894,0.0,0.0,0.0,0.16671305,0.16671305,9.81645665,0.0041998084342709085,-0.03211319623815377,-0.999475386048838,1.8559435439129215,-14.111,23.746,-11.059,0.9323197489381487,0.8826901502805945,96.1966376752456,36.9
95018.997540663,-0.6678,0.0003,-0.0112,-0.7442,0.015405239999999999,-0.0162694,-0.99974894,0.0,0.0,0.0,0.1569064,0.14709974999999997,9.80665,0.0021233835476505425,-0.03135135780491511,-0.999506144831061,1.8007122021381659,-14.111,23.746,-11.059,0.9323197489381487,0.8826901502805945,96.1966376752456,36.9
95019.037736333,-0.6678,0.0003,-0.0112,-0.7442,0.015405239999999999,-0.0162694,-0.99974894,0.0,0.0,0.0,0.14709974999999997,0.1569064,9.80665,0.0030092126113728454,-0.030250008387606466,-0.9995378118560572,1.7420208786760714,-14.111,23.746,-11.059,0.9323197489381487,0.8826901502805945,96.1966376752456,36.9
95019.087549386,-0.6678,0.0003,-0.0112,-0.7442,0.015405239999999999,-0.0162694,-0.99974894,0.0,0.0,0.0,0.1569064,0.14709974999999997,9.81645665,0.0021067690798592543,-0.03133710241683872,-0.9995066270827034,1.7998327575210669,-14.111,23.746,-11.059,0.9323197489381487,0.8826901502805945,96.1966376752456,36.9
95019.137649282,-0.6678,0.0003,-0.0112,-0.7442,0.015405239999999999,-0.0162694,-0.99974894,0.0,0.0,0.0,0.14709974999999997,0.14709974999999997,9.80665,0.002015522558430788,-0.03035812029120155,-0.9995370318629208,1.7434905247005947,-14.111,23.746,-11.059,0.9323197489381487,0.8826901502805945,96.1966376752456,36.9
95019.177728075,-0.6678,0.0003,-0.0112,-0.7442,0.015405239999999999,-0.0162694,-0.99974894,0.0,0.0,0.0,0.14709974999999997,0.1569064,9.80665,0.0030092126113728454,-0.030250008387606466,-0.9995378118560572,1.7420208786760714,-14.111,23.746,-11.059,0.9323197489381487,0.8826901502805945,96.1966376752456,36.9
95019.217569703,-0.6678,0.0004,-0.0112,-0.7442,0.015554079999999998,-0.016135840000000002,-0.9997488,0.0,0.0,0.0,0.14709974999999997,0.1569064,9.80665,0.0031580526596446737,-0.030383500446625952,-0.9995333033802152,1.7504970200157928,-14.111,23.746,-11.059,0.9246675423389473,0.8912190760224767,96.19665153163507,36.9
95019.257481036,-0.6678,0.0003,-0.0112,-0.7442,0.015405239999999999,-0.0162694,-0.99974894,0.0,0.0,0.0,0.14709974999999997,0.17651969999999997,9.80665,0.00499648537295668,-0.03003370459930057,-0.9995363755122463,1.7447245980742951,-14.111,23.746,-11.059,0.9323197489381487,0.8826901502805945,96.1966376752456,36.9
95019.307622796,-0.6678,0.0003,-0.0112,-0.7442,0.015405239999999999,-0.0162694,-0.99974894,0.0,0.0,0.0,0.1569064,0.16671305,9.80665,0.0041106946282946,-0.031135078826691927,-0.9995067074819122,1.7996853530233397,-14.111,23.746,-11.059,0.9323197489381487,0.8826901502805945,96.1966376752456,36.9
95019.34762239,-0.6678,0.0003,-0.0112,-0.7442,0.015405239999999999,-0.0162694,-0.99974894,0.0,0.0,0.0,0.16671305,0.16671305,9.80665,0.004218513825620747,-0.032128225064259566,-0.99947482422231,1.8569371067737945,-14.111,23.746,-11.059,0.9323197489381487,0.8826901502805945,96.1966376752456,36.9
95019.387647731,-0.6678,0.0003,-0.0112,-0.7442,0.015405239999999999,-0.0162694,-0.99974894,0.0,0.0,0.0,0.1569064,0.1569064,9.80665,0.003117056535640445,-0.03124323219607404,-0.9995069255305253,1.7992879915619133,-14.111,23.746,-11.059,0.9323197489381487,0.8826901502805945,96.1966376752456,36.9
95019.427588301,-0.6678,0.0003,-0.0112,-0.7442,0.015405239999999999,-0.0162694,-0.99974894,0.0,0.0,0.0,0.1569064,0.1569064,9.80665,0.003117056535640445,-0.03124323219607404,-0.9995069255305253,1.7992879915619133,-14.111,23.746,-11.059,0.9323197489381487,0.8826901502805945,96.1966376752456,36.9
95019.477528881,-0.6678,0.0003,-0.0112,-0.7442,0.015405239999999999,-0.0162694,-0.99974894,0.0,0.0,0.0,0.14709974999999997,0.14709974999999997,9.79684335,0.0020320626424557096,-0.030371411114119035,-0.9995365945710428,1.7443137506237665,-14.111,23.746,-11.059,0.9323197489381487,0.8826901502805945,96.1966376752456,36.9
95019.517809875,-0.6678,0.0003,-0.0112,-0.7442,0.015405239999999999,-0.0162694,-0.99974894,0.0,0.0,0.0,0.14709974999999997,0.1569064,9.80665,0.0030092126113728454,-0.030250008387606466,-0.9995378118560572,1.7420208786760714,-14.111,23.746,-11.059,0.9323197489381487,0.8826901502805945,96.1966376752456,36.9
95019.567556415,-0.6678,0.0003,-0.0112,-0.7442,0.015405239999999999,-0.0162694,-0.99974894,0.0,0.0,0.0,0.1569064,0.14709974999999997,9.80665,0.0021233835476505425,-0.03135135780491511,-0.999506144831061,1.8007122021381659,-14.111,23.746,-11.059,0.9323197489381487,0.8826901502805945,96.1966376752456,36.9
95019.607540574,-0.6678,0.0003,-0.0112,-0.7442,0.015405239999999999,-0.0162694,-0.99974894,0.0,0.0,0.0,0.1569064,0.16671305,9.81645665,0.004092096512605829,-0.031121040839236926,-0.9995072210435095,1.7987482672781017,-14.111,23.746,-11.059,0.9323197489381487,0.8826901502805945,96.1966376752456,36.9
95019.647521675,-0.6678,0.0003,-0.0112,-0.7442,0.015405239999999999,-0.0162694,-0.99974894,0.0,0.0,0.0,0.1569064,0.14709974999999997,9.80665,0.0021233835476505425,-0.03135135780491511,-0.999506144831061,1.8007122021381659,-14.111,23.746,-11.059,0.9323197489381487,0.8826901502805945,96.1966376752456,36.9
95019.697520656,-0.6678,0.0003,-0.0112,-0.7442,0.015405239999999999,-0.0162694,-0.99974894,0.0,0.0,0.0,0.1569064,0.14709974999999997,9.80665,0.0021233835476505425,-0.03135135780491511,-0.999506144831061,1.8007122021381659,-14.111,23.746,-11.059,0.9323197489381487,0.8826901502805945,96.1966376752456,36.9
95019.737570489,-0.6678,0.0003,-0.0112,-0.7442,0.015405239999999999,-0.0162694,-0.99974894,0.0,0.0,0.0,0.1372931,0.1569064,9.80665,0.0029013624461654217,-0.029256724567237227,-0.9995677002609336,1.6847522015228853,-14.111,23.746,-11.059,0.9323197489381487,0.8826901502805945,96.1966376752456,36.9
95019.787554218,-0.6678,0.0003,-0.0112,-0.7442,0.015405239999999999,-0.0162694,-0.99974894,0.0,0.0,0.0,0.1569064,0.1569064,9.81645665,0.003099450184467731,-0.031229085475292538,-0.9995074224411556,1.7983810930628839,-14.111,23.746,-11.059,0.9323197489381487,0.8826901502805945,96.1966376752456,36.9
95019.827533835,-0.6678,0.0003,-0.0112,-0.7442,0.015405239999999999,-0.0162694,-0.99974894,0.0,0.0,0.0,0.14709974999999997,0.1569064,9.80665,0.0030092126113728454,-0.030250008387606466,-0.9995378118560572,1.7420208786760714,-14.111,23.746,-11.059,0.9323197489381487,0.8826901502805945,96.1966376752456,36.9
95019.86759337,-0.6678,0.0003,-0.0112,-0.7442,0.015405239999999999,-0.0162694,-0.99974894,0.0,0.0,0.0,0.1569064,0.1569064,9.79684335,0.0031346981151117795,-0.03125740720811485,-0.9995064271138527,1.8001971798192231,-14.111,23.746,-11.059,0.9323197489381487,0.8826901502805945,96.1966376752456,36.9
95019.907659379,-0.6678,0.0003,-0.0112,-0.7442,0.015405239999999999,-0.0162694,-0.99974894,0.0,0.0,0.0,0.1569064,0.1569064,9.80665,0.003117056535640445,-0.03124323219607404,-0.9995069255305253,1.7992879915619133,-14.111,23.746,-11.059,0.9323197489381487,0.8826901502805945,96.1966376752456,36.9
95019.947663805,-0.6678,0.0003,-0.0112,-0.7442,0.015405239999999999,-0.0162694,-0.99974894,0.0,0.0,0.0,0.14709974999999997,0.1569064,9.79684335,0.0030267466131673436,-0.030263190365134127,-0.9995373598420901,1.7428725274222563,-14.111,23.746,-11.059,0.9323197489381487,0.8826901502805945,96.1966376752456,36.9
95019.997636505,-0.6678,0.0003,-0.0112,-0.7442,0.015405239999999999,-0.0162694,-0.99974894,0.0,0.0,0.0,0.14709974999999997,0.1569064,9.80665,0.0030092126113728454,-0.030250008387606466,-0.9995378118560572,1.7420208786760714,-14.111,23.746,-11.059,0.9323197489381487,0.8826901502805945,96.1966376752456,36.9
95020.037548858,-0.6678,0.0003,-0.0112,-0.7442,0.015405239999999999,-0.0162694,-0.99974894,0.0,0.0,0.0,0.1569064,0.16671305,9.81645665,0.004092096512605829,-0.031121040839236926,-0.9995072210435095,1.7987482672781017,-14.111,23.746,-11.059,0.9323197489381487,0.8826901502805945,96.1966376752456,36.9
95020.077524513,-0.6678,0.0003,-0.0112,-0.7442,0.015405239999999999,-0.0162694,-0.99974894,0.0,0.0,0.0,0.14709974999999997,0.1569064,9.81645665,0.002991713624278412,-0.030236852720524808,-0.9995382624874966,1.7411714201768618,-14.111,23.746,-11.059,0.9323197489381487,0.8826901502805945,96.1966376752456,36.9
95020.127504635,-0.6678,0.0003,-0.0112,-0.7442,0.015405239999999999,-0.0162694,-0.99974894,0.0,0.0,0.0,0.1372931,0.16671305,9.80665,0.003895033888780375,-0.029148600701182144,-0.9995674807092106,1.6851794900492587,-14.111,23.746,-11.059,0.9323197489381487,0.8826901502805945,96.1966376752456,36.9
95020.177599395,-0.6678,0.0003,-0.0112,-0.7442,0.015405239999999999,-0.0162694,-0.99974894,0.0,0.0,0.0,0.14709974999999997,0.1569064,9.80665,0.0030092126113728454,-0.030250008387606466,-0.9995378118560572,1.7420208786760714,-14.111,23.746,-11.059,0.9323197489381487,0.8826901502805945,96.1966376752456,36.9
95020.21748303,-0.6678,0.0003,-0.0112,-0.7442,0.015405239999999999,-0.0162694,-0.99974894,0.0,0.0,0.0,0.1372931,0.1569064,9.80665,0.0029013624461654217,-0.029256724567237227,-0.9995677002609336,1.6847522015228853,-14.111,23.746,-11.059,0.9323197489381487,0.8826901502805945,96.1966376752456,36.9
95020.257655153,-0.6678,0.0003,-0.0112,-0.7442,0.015405239999999999,-0.0162694,-0.99974894,0.0,0.0,0.0,0.14709974999999997,0.1569064,9.80665,0.0030092126113728454,-0.030250008387606466,-0.9995378118560572,1.7420208786760714,-14.111,23.746,-11.059,0.9323197489381487,0.8826901502805945,96.1966376752456,36.9
95020.307533991,-0.6678,0.0003,-0.0112,-0.7442,0.015405239999999999,-0.0162694,-0.99974894,0.0,0.0,0.0,0.1569064,0.1569064,9.81645665,0.003099450184467731,-0.031229085475292538,-0.9995074224411556,1.7983810930628839,-14.111,23.746,-11.059,0.9323197489381487,0.8826901502805945,96.1966376752456,36.9
95020.34755199,-0.6678,0.0003,-0.0112,-0.7442,0.015405239999999999,-0.0162694,-0.99974894,0.0,0.0,0.0,0.1569064,0.16671305,9.79684335,0.004129329954906585,-0.03114914488593511,-0.9995061923480414,1.8006248178254334,-14.111,23.746,-11.059,0.9323197489381487,0.8826901502805945,96.1966376752456,36.9
95020.387650459,-0.6678,0.0003,-0.0112,-0.7442,0.015405239999999999,-0.0162694,-0.99974894,0.0,0.0,0.0,0.1569064,0.1569064,9.80665,0.003117056535640445,-0.03124323219607404,-0.9995069255305253,1.7992879915619133,-14.111,23.746,-11.059,0.9323197489381487,0.8826901502805945,96.1966376752456,36.9
95020.437864227,-0.6678,0.0003,-0.0112,-0.7442,0.015405239999999999,-0.0162694,-0.99974894,0.0,0.0,0.0,0.14709974999999997,0.14709974999999997,9.80665,0.002015522558430788,-0.03035812029120155,-0.9995370318629208,1.7434905247005947,-14.111,23.746,-11.059,0.9323197489381487,0.8826901502805945,96.1966376752456,36.9
95020.477543792,-0.6678,0.0003,-0.0112,-0.7442,0.015405239999999999,-0.0162694,-0.99974894,0.0,0.0,0.0,0.16671305,0.16671305,9.81645665,0.0041998084342709085,-0.03211319623815377,-0.999475386048838,1.8559435439129215,-14.111,23.746,-11.059,0.9323197489381487,0.8826901502805945,96.1966376752456,36.9
95020.517656749,-0.6678,0.0003,-0.0112,-0.7442,0.015405239999999999,-0.0162694,-0.99974894,0.0,0.0,0.0,0.1569064,0.16671305,9.81645665,0.004092096512605829,-0.031121040839236926,-0.9995072210435095,1.7987482672781017,-14.111,23.746,-11.059,0.9323197489381487,0.8826901502805945,96.1966376752456,36.9
95020.567517059,-0.6678,0.0003,-0.0112,-0.7442,0.015405239999999999,-0.0162694,-0.99974894,0.0,0.0,0.0,0.1569064,0.1569064,9.80665,0.003117056535640445,-0.03124323219607404,-0.9995069255305253,1.7992879915619133,-14.111,23.746,-11.059,0.9323197489381487,0.8826901502805945,96.1966376752456,36.9
95020.607734149,-0.6678,0.0003,-0.0112,-0.7442,0.015405239999999999,-0.0162694,-0.99974894,0.0,0.0,0.0,0.16671305,0.1569064,9.80665,0.0032248938961149543,-0.03223639301945299,-0.9994750414697251,1.8565534116986957,-14.111,23.746,-11.059,0.9323197489381487,0.8826901502805945,96.1966376752456,36.9
95020.647504653,-0.6678,0.0003,-0.0112,-0.7442,0.015405239999999999,-0.0162694,-0.99974894,0.0,0.0,0.0,0.1569064,0.1569064,9.81645665,0.003099450184467731,-0.031229085475292538,-0.9995074224411556,1.7983810930628839,-14.111,23.746,-11.059,0.9323197489381487,0.8826901502805945,96.1966376752456,36.9
95020.697945145,-0.6678,0.0003,-0.0112,-0.7442,0.015405239999999999,-0.0162694,-0.99974894,0.0,0.0,0.0,0.1372931,0.1569064,9.81645665,0.0028839708562702817,-0.029244560116408812,-0.9995681066028239,1.683960206422657,-14.111,23.746,-11.059,0.9323197489381487,0.8826901502805945,96.1966376752456,36.9
95020.747551306,-0.6678,0.0003,-0.0112,-0.7442,0.015405239999999999,-0.0162694,-0.99974894,0.0,0.0,0.0,0.14709974999999997,0.1569064,9.80665,0.0030092126113728454,-0.030250008387606466,-0.9995378118560572,1.7420208786760714,-14.111,23.746,-11.059,0.9323197489381487,0.8826901502805945,96.1966376752456,36.9
95020.787549974,-0.6678,0.0003,-0.0112,-0.7442,0.015405239999999999,-0.0162694,-0.99974894,0.0,0.0,0.0,0.1569064,0.1569064,9.80665,0.003117056535640445,-0.03124323219607404,-0.9995069255305253,1.7992879915619133,-14.111,23.746,-11.059,0.9323197489381487,0.8826901502805945,96.1966376752456,36.9
95020.837567802,-0.6678,0.0003,-0.0112,-0.7442,0.015405239999999999,-0.0162694,-0.99974894,0.0,0.0,0.0,0.14709974999999997,0.1569064,9.80665,0.0030092126113728454,-0.030250008387606466,-0.9995378118560572,1.7420208786760714,-14.111,23.746,-11.059,0.9323197489381487,0.8826901502805945,96.1966376752456,36.9
95020.877676289,-0.6678,0.0003,-0.0112,-0.7442,0.015405239999999999,-0.0162694,-0.99974894,0.0,0.0,0.0,0.1569064,0.1569064,9.81645665,0.003099450184467731,-0.031229085475292538,-0.9995074224411556,1.7983810930628839,-14.111,23.746,-11.059,0.9323197489381487,0.8826901502805945,96.1966376752456,36.9
95020.91759829,-0.6678,0.0003,-0.0112,-0.7442,0.015405239999999999,-0.0162694,-0.99974894,0.0,0.0,0.0,0.1569064,0.1569064,9.80665,0.003117056535640445,-0.03124323219607404,-0.9995069255305253,1.7992879915619133,-14.111,23.746,-11.059,0.9323197489381487,0.8826901502805945,96.1966376752456,36.9
95020.967496903,-0.6678,0.0003,-0.0112,-0.7442,0.015405239999999999,-0.0162694,-0.99974894,0.0,0.0,0.0,0.1569064,0.1569064,9.80665,0.003117056535640445,-0.03124323219607404,-0.9995069255305253,1.7992879915619133,-14.111,23.746,-11.059,0.9323197489381487,0.8826901502805945,96.1966376752456,36.9
95021.007523234,-0.6678,0.0003,-0.0112,-0.7442,0.015405239999999999,-0.0162694,-0.99974894,0.0,0.0,0.0,0.1569064,0.1569064,9.79684335,0.0031346981151117795,-0.03125740720811485,-0.9995064271138527,1.8001971798192231,-14.111,23.746,-11.059,0.9323197489381487,0.8826901502805945,96.1966376752456,36.9
95021.057527156,-0.6678,0.0003,-0.0112,-0.7442,0.015405239999999999,-0.0162694,-0.99974894,0.0,0.0,0.0,0.14709974999999997,0.1569064,9.79684335,0.0030267466131673436,-0.030263190365134127,-0.9995373598420901,1.7428725274222563,-14.111,23.746,-11.059,0.9323197489381487,0.8826901502805945,96.1966376752456,36.9
95021.107543682,-0.6678,0.0003,-0.0112,-0.7442,0.015405239999999999,-0.0162694,-0.99974894,0.0,0.0,0.0,0.14709974999999997,0.16671305,9.79684335,0.004021395675623268,-0.030154942783498583,-0.9995371243050962,1.7433156749769383,-14.111,23.746,-11.059,0.9323197489381487,0.8826901502805945,96.1966376752456,36.9
95021.147569857,-0.6678,0.0003,-0.0112,-0.7442,0.015405239999999999,-0.0162694,-0.99974894,0.0,0.0,0.0,0.14709974999999997,0.16671305,9.80665,0.00400286787511484,-0.030141869714647773,-0.9995375930393375,1.7424327428762185,-14.111,23.746,-11.059,0.9323197489381487,0.8826901502805945,96.1966376752456,36.9
95021.187538118,-0.6678,0.0003,-0.0112,-0.7442,0.015405239999999999,-0.0162694,-0.99974894,0.0,0.0,0.0,0.1569064,0.14709974999999997,9.80665,0.0021233835476505425,-0.03135135780491511,-0.999506144831061,1.8007122021381659,-14.111,23.746,-11.059,0.9323197489381487,0.8826901502805945,96.1966376752456,36.9
95021.23750808,-0.6678,0.0003,-0.0112,-0.7442,0.015405239999999999,-0.0162694,-0.99974894,0.0,0.0,0.0,0.1569064,0.1569064,9.81645665,0.003099450184467731,-0.031229085475292538,-0.9995074224411556,1.7983810930628839,-14.111,23.746,-11.059,0.9323197489381487,0.8826901502805945,96.1966376752456,36.9
95021.277575572,-0.6678,0.0003,-0.0112,-0.7442,0.015405239999999999,-0.0162694,-0.99974894,0.0,0.0,0.0,0.14709974999999997,0.16671305,9.80665,0.00400286787511484,-0.030141869714647773,-0.9995375930393375,1.7424327428762185,-14.111,23.746,-11.059,0.9323197489381487,0.8826901502805945,96.1966376752456,36.9
95021.327580588,-0.6678,0.0003,-0.0112,-0.7442,0.015405239999999999,-0.0162694,-0.99974894,0.0,0.0,0.0,0.1372931,0.1569064,9.81645665,0.0028839708562702817,-0.029244560116408812,-0.9995681066028239,1.683960206422657,-14.111,23.746,-11.059,0.9323197489381487,0.8826901502805945,96.1966376752456,36.9
95021.367534498,-0.6678,0.0003,-0.0112,-0.7442,0.015405239999999999,-0.0162694,-0.99974894,0.0,0.0,0.0,0.1569064,0.1569064,9.79684335,0.0031346981151117795,-0.03125740720811485,-0.9995064271138527,1.8001971798192231,-14.111,23.746,-11.059,0.9323197489381487,0.8826901502805945,96.1966376752456,36.9
95021.417588245,-0.6678,0.0003,-0.0112,-0.7442,0.015405239999999999,-0.0162694,-0.99974894,0.0,0.0,0.0,0.16671305,0.1569064,9.80665,0.0032248938961149543,-0.03223639301945299,-0.9994750414697251,1.8565534116986957,-14.111,23.746,-11.059,0.9323197489381487,0.8826901502805945,96.1966376752456,36.9
95021.457620756,-0.6678,0.0003,-0.0112,-0.7442,0.015405239999999999,-0.0162694,-0.99974894,0.0,0.0,0.0,0.1569064,0.1569064,9.80665,0.003117056535640445,-0.03124323219607404,-0.9995069255305253,1.7992879915619133,-14.111,23.746,-11.059,0.9323197489381487,0.8826901502805945,96.1966376752456,36.9
95021.497571021,-0.6678,0.0003,-0.0112,-0.7442,0.015405239999999999,-0.0162694,-0.99974894,0.0,0.0,0.0,0.14709974999999997,0.1569064,9.80665,0.0030092126113728454,-0.030250008387606466,-0.9995378118560572,1.7420208786760714,-14.111,23.746,-11.059,0.9323197489381487,0.8826901502805945,96.1966376752456,36.9
95021.547554863,-0.6678,0.0003,-0.0112,-0.7442,0.015405239999999999,-0.0162694,-0.99974894,0.0,0.0,0.0,0.14709974999999997,0.16671305,9.81645665,0.003984377072136733,-0.030128822736947673,-0.999538060324805,1.74155209426413,-14.111,23.746,-11.059,0.9323197489381487,0.8826901502805945,96.1966376752456,36.9
95021.597566534,-0.6678,0.0003,-0.0112,-0.7442,0.015405239999999999,-0.0162694,-0.99974894,0.0,0.0,0.0,0.16671305,0.14709974999999997,9.79684335,0.0022479942758770136,-0.032359809024912804,-0.9994737279358036,1.8588750415728583,-14.111,23.746,-11.059,0.9323197489381487,0.8826901502805945,96.1966376752456,36.9
95021.637540894,-0.6678,0.0003,-0.0112,-0.7442,0.015405239999999999,-0.0162694,-0.99974894,0.0,0.0,0.0,0.1569064,0.1569064,9.80665,0.003117056535640445,-0.03124323219607404,-0.9995069255305253,1.7992879915619133,-14.111,23.746,-11.059,0.9323197489381487,0.8826901502805945,96.1966376752456,36.9
95021.677762169,-0.6678,0.0003,-0.0112,-0.7442,0.015405239999999999,-0.0162694,-0.99974894,0.0,0.0,0.0,0.1569064,0.16671305,9.81645665,0.004092096512605829,-0.031121040839236926,-0.9995072210435095,1.7987482672781017,-14.111,23.746,-11.059,0.9323197489381487,0.8826901502805945,96.1966376752456,36.9
95021.727536498,-0.6678,0.0003,-0.0112,-0.7442,0.015405239999999999,-0.0162694,-0.99974894,0.0,0.0,0.0,0.1569064,0.1569064,9.81645665,0.003099450184467731,-0.031229085475292538,-0.9995074224411556,1.7983810930628839,-14.111,23.746,-11.059,0.9323197489381487,0.8826901502805945,96.1966376752456,36.9
95021.767520487,-0.6678,0.0003,-0.0112,-0.7442,0.015405239999999999,-0.0162694,-0.99974894,0.0,0.0,0.0,0.16671305,0.1569064,9.80665,0.0032248938961149543,-0.03223639301945299,-0.9994750414697251,1.8565534116986957,-14.111,23.746,-11.059,0.9323197489381487,0.8826901502805945,96.1966376752456,36.9
95021.817518905,-0.6678,0.0003,-0.0112,-0.7442,0.015405239999999999,-0.0162694,-0.99974894,0.0,0.0,0.0,0.14709974999999997,0.1569064,9.79684335,0.0030267466131673436,-0.030263190365134127,-0.9995373598420901,1.7428725274222563,-14.111,23.746,-11.059,0.9323197489381487,0.8826901502805945,96.1966376752456,36.9
95021.857673786,-0.6678,0.0003,-0.0112,-0.7442,0.015405239999999999,-0.0162694,-0.99974894,0.0,0.0,0.0,0.1569064,0.1569064,9.80665,0.003117056535640445,-0.03124323219607404,-0.9995069255305253,1.7992879915619133,-14.111,23.746,-11.059,0.9323197489381487,0.8826901502805945,96.1966376752456,36.9
95021.907865759,-0.6678,0.0003,-0.0112,-0.7442,0.015405239999999999,-0.0162694,-0.99974894,0.0,0.0,0.0,0.14709974999999997,0.1569064,9.80665,0.0030092126113728454,-0.030250008387606466,-0.9995378118560572,1.7420208786760714,-14.111,23.746,-11.059,0.9323197489381487,0.8826901502805945,96.1966376752456,36.9
95021.947520829,-0.6678,0.0003,-0.0112,-0.7442,0.015405239999999999,-0.0162694,-0.99974894,0.0,0.0,0.0,0.1569064,0.14709974999999997,9.80665,0.0021233835476505425,-0.03135135780491511,-0.999506144831061,1.8007122021381659,-14.111,23.746,-11.059,0.9323197489381487,0.8826901502805945,96.1966376752456,36.9
95021.987506393,-0.6678,0.0003,-0.0112,-0.7442,0.015405239999999999,-0.0162694,-0.99974894,0.0,0.0,0.0,0.1569064,0.1569064,9.80665,0.003117056535640445,-0.03124323219607404,-0.9995069255305253,1.7992879915619133,-14.111,23.746,-11.059,0.9323197489381487,0.8826901502805945,96.1966376752456,36.9
95022.037539527,-0.6678,0.0003,-0.0112,-0.7442,0.015405239999999999,-0.0162694,-0.99974894,0.0,0.0,0.0,0.1569064,0.1569064,9.81645665,0.003099450184467731,-0.031229085475292538,-0.9995074224411556,1.7983810930628839,-14.111,23.746,-11.059,0.9323197489381487,0.8826901502805945,96.1966376752456,36.9
95022.087589119,-0.6678,0.0003,-0.0112,-0.7442,0.015405239999999999,-0.0162694,-0.99974894,0.0,0.0,0.0,0.14709974999999997,0.14709974999999997,9.80665,0.002015522558430788,-0.03035812029120155,-0.9995370318629208,1.7434905247005947,-14.111,23.746,-11.059,0.9323197489381487,0.8826901502805945,96.1966376752456,36.9
95022.127518135,-0.6678,0.0003,-0.0112,-0.7442,0.015405239999999999,-0.0162694,-0.99974894,0.0,0.0,0.0,0.1372931,0.1569064,9.80665,0.0029013624461654217,-0.029256724567237227,-0.9995677002609336,1.6847522015228853,-14.111,23.746,-11.059,0.9323197489381487,0.8826901502805945,96.1966376752456,36.9
95022.167563825,-0.6678,0.0003,-0.0112,-0.7442,0.015405239999999999,-0.0162694,-0.99974894,0.0,0.0,0.0,0.1569064,0.1569064,9.80665,0.003117056535640445,-0.03124323219607404,-0.9995069255305253,1.7992879915619133,-14.111,23.746,-11.059,0.9323197489381487,0.8826901502805945,96.1966376752456,36.9
95022.217708512,-0.6678,0.0003,-0.0112,-0.7442,0.015405239999999999,-0.0162694,-0.99974894,0.0,0.0,0.0,0.16671305,0.1569064,9.80665,0.0032248938961149543,-0.03223639301945299,-0.9994750414697251,1.8565534116986957,-14.111,23.746,-11.059,0.9323197489381487,0.8826901502805945,96.1966376752456,36.9
95022.257675349,-0.6678,0.0003,-0.0112,-0.7442,0.015405239999999999,-0.0162694,-0.99974894,0.0,0.0,0.0,0.1372931,0.1569064,9.80665,0.0029013624461654217,-0.029256724567237227,-0.9995677002609336,1.6847522015228853,-14.111,23.746,-11.059,0.9323197489381487,0.8826901502805945,96.1966376752456,36.9
95022.297530767,-0.6678,0.0003,-0.0112,-0.7442,0.015405239999999999,-0.0162694,-0.99974894,0.0,0.0,0.0,0.14709974999999997,0.1569064,9.81645665,0.002991713624278412,-0.030236852720524808,-0.9995382624874966,1.7411714201768618,-14.111,23.746,-11.059,0.9323197489381487,0.8826901502805945,96.1966376752456,36.9
95022.347702656,-0.6678,0.0003,-0.0112,-0.7442,0.015405239999999999,-0.0162694,-0.99974894,0.0,0.0,0.0,0.1569064,0.1569064,9.80665,0.003117056535640445,-0.03124323219607404,-0.9995069255305253,1.7992879915619133,-14.111,23.746,-11.059,0.9323197489381487,0.8826901502805945,96.1966376752456,36.9
95022.387586784,-0.6678,0.0003,-0.0112,-0.7442,0.015405239999999999,-0.0162694,-0.99974894,0.0,0.0,0.0,0.1569064,0.1569064,9.80665,0.003117056535640445,-0.03124323219607404,-0.9995069255305253,1.7992879915619133,-14.111,23.746,-11.059,0.9323197489381487,0.8826901502805945,96.1966376752456,36.9
95022.437550833,-0.6678,0.0003,-0.0112,-0.7442,0.015405239999999999,-0.0162694,-0.99974894,0.0,0.0,0.0,0.1569064,0.1569064,9.80665,0.003117056535640445,-0.03124323219607404,-0.9995069255305253,1.7992879915619133,-14.111,23.746,-11.059,0.9323197489381487,0.8826901502805945,96.1966376752456,36.9
95022.477605406,-0.6678,0.0003,-0.0112,-0.7442,0.015405239999999999,-0.0162694,-0.99974894,0.0,0.0,0.0,0.1569064,0.1569064,9.7870367,0.0031523750286921153,-0.031271610596345284,-0.9995059271850746,1.8011086654200716,-14.111,23.746,-11.059,0.9323197489381487,0.8826901502805945,96.1966376752456,36.9
95022.527578549,-0.6678,0.0003,-0.0112,-0.7442,0.015405239999999999,-0.0162694,-0.99974894,0.0,0.0,0.0,0.1569064,0.16671305,9.80665,0.0041106946282946,-0.031135078826691927,-0.9995067074819122,1.7996853530233397,-14.111,23.746,-11.059,0.9323197489381487,0.8826901502805945,96.1966376752456,36.9
95022.567581056,-0.6678,0.0003,-0.0112,-0.7442,0.015405239999999999,-0.0162694,-0.99974894,0.0,0.0,0.0,0.1569064,0.1569064,9.80665,0.003117056535640445,-0.03124323219607404,-0.9995069255305253,1.7992879915619133,-14.111,23.746,-11.059,0.9323197489381487,0.8826901502805945,96.1966376752456,36.9
95022.607605204,-0.6678,0.0003,-0.0112,-0.7442,0.015405239999999999,-0.0162694,-0.99974894,0.0,0.0,0.0,0.14709974999999997,0.14709974999999997,9.80665,0.002015522558430788,-0.03035812029120155,-0.9995370318629208,1.7434905247005947,-14.111,23.746,-11.059,0.9323197489381487,0.8826901502805945,96.1966376752456,36.9
95022.657555477,-0.6678,0.0003,-0.0112,-0.7442,0.015405239999999999,-0.0162694,-0.99974894,0.0,0.0,0.0,0.1569064,0.1569064,9.80665,0.003117056535640445,-0.03124323219607404,-0.9995069255305253,1.7992879915619133,-14.111,23.746,-11.059,0.9323197489381487,0.8826901502805945,96.1966376752456,36.9
95022.697644236,-0.6678,0.0003,-0.0112,-0.7442,0.015405239999999999,-0.0162694,-0.99974894,0.0,0.0,0.0,0.1569064,0.16671305,9.80665,0.0041106946282946,-0.031135078826691927,-0.9995067074819122,1.7996853530233397,-14.111,23.746,-11.059,0.9323197489381487,0.8826901502805945,96.1966376752456,36.9
95022.747532261,-0.6678,0.0003,-0.0112,-0.7442,0.015405239999999999,-0.0162694,-0.99974894,0.0,0.0,0.0,0.1569064,0.1569064,9.80665,0.003117056535640445,-0.03124323219607404,-0.9995069255305253,1.7992879915619133,-14.111,23.746,-11.059,0.9323197489381487,0.8826901502805945,96.1966376752456,36.9
95022.787520465,-0.6678,0.0003,-0.0112,-0.7442,0.015405239999999999,-0.0162694,-0.99974894,0.0,0.0,0.0,0.14709974999999997,0.1569064,9.81645665,0.002991713624278412,-0.030236852720524808,-0.9995382624874966,1.7411714201768618,-14.111,23.746,-11.059,0.9323197489381487,0.8826901502805945,96.1966376752456,36.9
95022.837522921,-0.6678,0.0003,-0.0112,-0.7442,0.015405239999999999,-0.0162694,-0.99974894,0.0,0.0,0.0,0.1372931,0.1569064,9.81645665,0.0028839708562702817,-0.029244560116408812,-0.9995681066028239,1.683960206422657,-14.111,23.746,-11.059,0.9323197489381487,0.8826901502805945,96.1966376752456,36.9
95022.877620199,-0.6678,0.0003,-0.0112,-0.7442,0.015405239999999999,-0.0162694,-0.99974894,0.0,0.0,0.0,0.1372931,0.1569064,9.79684335,0.002918788837000424,-0.02926891334708151,-0.9995672926540652,1.6855462883267667,-14.111,23.746,-11.059,0.9323197489381487,0.8826901502805945,96.1966376752456,36.9
95022.917619433,-0.6678,0.0003,-0.0112,-0.7442,0.015405239999999999,-0.0162694,-0.99974894,0.0,0.0,0.0,0.16671305,0.1569064,9.79684335,0.0032426430190138043,-0.032251560893914316,-0.9994744946554363,1.8575201182850458,-14.111,23.746,-11.059,0.9323197489381487,0.8826901502805945,96.1966376752456,36.9
95022.967701421,-0.6678,0.0003,-0.0112,-0.7442,0.015405239999999999,-0.0162694,-0.99974894,0.0,0.0,0.0,0.14709974999999997,0.1569064,9.80665,0.0030092126113728454,-0.030250008387606466,-0.9995378118560572,1.7420208786760714,-14.111,23.746,-11.059,0.9323197489381487,0.8826901502805945,96.1966376752456,36.9
95023.007613309,-0.6678,0.0003,-0.0112,-0.7442,0.015405239999999999,-0.0162694,-0.99974894,0.0,0.0,0.0,0.14709974999999997,0.1569064,9.80665,0.0030092126113728454,-0.030250008387606466,-0.9995378118560572,1.7420208786760714,-14.111,23.746,-11.059,0.9323197489381487,0.8826901502805945,96.1966376752456,36.9
95023.057763098,-0.6678,0.0003,-0.0112,-0.7442,0.015405239999999999,-0.0162694,-0.99974894,0.0,0.0,0.0,0.1569064,0.1569064,9.81645665,0.003099450184467731,-0.031229085475292538,-0.9995074224411556,1.7983810930628839,-14.111,23.746,-11.059,0.9323197489381487,0.8826901502805945,96.1966376752456,36.9
95023.097779967,-0.6678,0.0003,-0.0112,-0.7442,0.015405239999999999,-0.0162694,-0.99974894,0.0,0.0,0.0,0.1569064,0.14709974999999997,9.79684335,0.00214003126061078,-0.03136564170349183,-0.999505661133633,1.8015938521569344,-14.111,23.746,-11.059,0.9323197489381487,0.8826901502805945,96.1966376752456,36.9
95023.137531712,-0.6678,0.0003,-0.0112,-0.7442,0.015405239999999999,-0.0162694,-0.99974894,0.0,0.0,0.0,0.14709974999999997,0.1569064,9.81645665,0.002991713624278412,-0.030236852720524808,-0.9995382624874966,1.7411714201768618,-14.111,23.746,-11.059,0.9323197489381487,0.8826901502805945,96.1966376752456,36.9
95023.187648156,-0.6678,0.0003,-0.0112,-0.7442,0.015405239999999999,-0.0162694,-0.99974894,0.0,0.0,0.0,0.14709974999999997,0.1569064,9.80665,0.0030092126113728454,-0.030250008387606466,-0.9995378118560572,1.7420208786760714,-14.111,23.746,-11.059,0.9323197489381487,0.8826901502805945,96.1966376752456,36.9
95023.227546081,-0.6678,0.0003,-0.0112,-0.7442,0.015405239999999999,-0.0162694,-0.99974894,0.0,0.0,0.0,0.1569064,0.1569064,9.81645665,0.003099450184467731,-0.031229085475292538,-0.9995074224411556,1.7983810930628839,-14.111,23.746,-11.059,0.9323197489381487,0.8826901502805945,96.1966376752456,36.9
95023.277854854,-0.6678,0.0003,-0.0112,-0.7442,0.015405239999999999,-0.0162694,-0.99974894,0.0,0.0,0.0,0.14709974999999997,0.14709974999999997,9.79684335,0.0020320626424557096,-0.030371411114119035,-0.9995365945710428,1.7443137506237665,-14.111,23.746,-11.059,0.9323197489381487,0.8826901502805945,96.1966376752456,36.9
95023.317569247,-0.6678,0.0003,-0.0112,-0.7442,0.015405239999999999,-0.0162694,-0.99974894,0.0,0.0,0.0,0.14709974999999997,0.16671305,9.79684335,0.004021395675623268,-0.030154942783498583,-0.9995371243050962,1.7433156749769383,-14.111,23.746,-11.059,0.9323197489381487,0.8826901502805945,96.1966376752456,36.9
95023.367560327,-0.6678,0.0003,-0.0112,-0.7442,0.015405239999999999,-0.0162694,-0.99974894,0.0,0.0,0.0,0.1569064,0.16671305,9.81645665,0.004092096512605829,-0.031121040839236926,-0.9995072210435095,1.7987482672781017,-14.111,23.746,-11.059,0.9323197489381487,0.8826901502805945,96.1966376752456,36.9
95023.407536187,-0.6678,0.0003,-0.0112,-0.7442,0.015405239999999999,-0.0162694,-0.99974894,0.0,0.0,0.0,0.1569064,0.1569064,9.81645665,0.003099450184467731,-0.031229085475292538,-0.9995074224411556,1.7983810930628839,-14.111,23.746,-11.059,0.9323197489381487,0.8826901502805945,96.1966376752456,36.9
95023.447582897,-0.6678,0.0003,-0.0112,-0.7442,0.015405239999999999,-0.0162694,-0.99974894,0.0,0.0,0.0,0.14709974999999997,0.16671305,9.81645665,0.003984377072136733,-0.030128822736947673,-0.999538060324805,1.74155209426413,-14.111,23.746,-11.059,0.9323197489381487,0.8826901502805945,96.1966376752456,36.9
95023.497664909,-0.6678,0.0003,-0.0112,-0.7442,0.015405239999999999,-0.0162694,-0.99974894,0.0,0.0,0.0,0.1372931,0.16671305,9.80665,0.003895033888780375,-0.029148600701182144,-0.9995674807092106,1.6851794900492587,-14.111,23.746,-11.059,0.9323197489381487,0.8826901502805945,96.1966376752456,36.9
95023.537671556,-0.6678,0.0003,-0.0112,-0.7442,0.015405239999999999,-0.0162694,-0.99974894,0.0,0.0,0.0,0.14709974999999997,0.14709974999999997,9.80665,0.002015522558430788,-0.03035812029120155,-0.9995370318629208,1.7434905247005947,-14.111,23.746,-11.059,0.9323197489381487,0.8826901502805945,96.1966376752456,36.9
95023.577537234,-0.6678,0.0003,-0.0112,-0.7442,0.015405239999999999,-0.0162694,-0.99974894,0.0,0.0,0.0,0.1569064,0.1569064,9.79684335,0.0031346981151117795,-0.03125740720811485,-0.9995064271138527,1.8001971798192231,-14.111,23.746,-11.059,0.9323197489381487,0.8826901502805945,96.1966376752456,36.9
95023.627584569,-0.6678,0.0003,-0.0112,-0.7442,0.015405239999999999,-0.0162694,-0.99974894,0.0,0.0,0.0,0.1569064,0.16671305,9.80665,0.0041106946282946,-0.031135078826691927,-0.9995067074819122,1.7996853530233397,-14.111,23.746,-11.059,0.9323197489381487,0.8826901502805945,96.1966376752456,36.9
95023.667571794,-0.6678,0.0003,-0.0112,-0.7442,0.015405239999999999,-0.0162694,-0.99974894,0.0,0.0,0.0,0.14709974999999997,0.1569064,9.79684335,0.0030267466131673436,-0.030263190365134127,-0.9995373598420901,1.7428725274222563,-14.111,23.746,-11.059,0.9323197489381487,0.8826901502805945,96.1966376752456,36.9
95023.717629991,-0.6678,0.0003,-0.0112,-0.7442,0.015405239999999999,-0.0162694,-0.99974894,0.0,0.0,0.0,0.1569064,0.1569064,9.81645665,0.003099450184467731,-0.031229085475292538,-0.9995074224411556,1.7983810930628839,-14.111,23.746,-11.059,0.9323197489381487,0.8826901502805945,96.1966376752456,36.9
95023.757607507,-0.6678,0.0003,-0.0112,-0.7442,0.015405239999999999,-0.0162694,-0.99974894,0.0,0.0,0.0,0.1569064,0.1569064,9.80665,0.003117056535640445,-0.03124323219607404,-0.9995069255305253,1.7992879915619133,-14.111,23.746,-11.059,0.9323197489381487,0.8826901502805945,96.1966376752456,36.9
95023.797597525,-0.6678,0.0003,-0.0112,-0.7442,0.015405239999999999,-0.0162694,-0.99974894,0.0,0.0,0.0,0.14709974999999997,0.1569064,9.79684335,0.0030267466131673436,-0.030263190365134127,-0.9995373598420901,1.7428725274222563,-14.111,23.746,-11.059,0.9323197489381487,0.8826901502805945,96.1966376752456,36.9
95023.837558862,-0.6678,0.0003,-0.0112,-0.7442,0.015405239999999999,-0.0162694,-0.99974894,0.0,0.0,0.0,0.14709974999999997,0.1569064,9.81645665,0.002991713624278412,-0.030236852720524808,-0.9995382624874966,1.7411714201768618,-14.111,23.746,-11.059,0.9323197489381487,0.8826901502805945,96.1966376752456,36.9
95023.877541642,-0.6678,0.0003,-0.0112,-0.7442,0.015405239999999999,-0.0162694,-0.99974894,0.0,0.0,0.0,0.14709974999999997,0.1569064,9.80665,0.0030092126113728454,-0.030250008387606466,-0.9995378118560572,1.7420208786760714,-14.111,23.746,-11.059,0.9323197489381487,0.8826901502805945,96.1966376752456,36.9
95023.917488672,-0.6678,0.0003,-0.0112,-0.7442,0.015405239999999999,-0.0162694,-0.99974894,0.0,0.0,0.0,0.1569064,0.1569064,9.81645665,0.003099450184467731,-0.031229085475292538,-0.9995074224411556,1.7983810930628839,-14.111,23.746,-11.059,0.9323197489381487,0.8826901502805945,96.1966376752456,36.9
95023.947645046,-0.6678,0.0003,-0.0112,-0.7442,0.015405239999999999,-0.0162694,-0.99974894,0.0,0.0,0.0,0.1569064,0.1569064,9.80665,0.003117056535640445,-0.03124323219607404,-0.9995069255305253,1.7992879915619133,-14.111,23.746,-11.059,0.9323197489381487,0.8826901502805945,96.1966376752456,36.9
95023.987554886,-0.6678,0.0003,-0.0112,-0.7442,0.015405239999999999,-0.0162694,-0.99974894,0.0,0.0,0.0,0.1569064,0.16671305,9.81645665,0.004092096512605829,-0.031121040839236926,-0.9995072210435095,1.7987482672781017,-14.111,23.746,-11.059,0.9323197489381487,0.8826901502805945,96.1966376752456,36.9
95024.027589074,-0.6678,0.0003,-0.0112,-0.7442,0.015405239999999999,-0.0162694,-0.99974894,0.0,0.0,0.0,0.1569064,0.1569064,9.80665,0.003117056535640445,-0.03124323219607404,-0.9995069255305253,1.7992879915619133,-14.111,23.746,-11.059,0.9323197489381487,0.8826901502805945,96.1966376752456,36.9
95024.067621828,-0.6678,0.0003,-0.0112,-0.7442,0.015405239999999999,-0.0162694,-0.99974894,0.0,0.0,0.0,0.14709974999999997,0.14709974999999997,9.81645665,0.001999015505771846,-0.030344855997807056,-0.9995374678325428,1.7426694009180423,-14.111,23.746,-11.059,0.9323197489381487,0.8826901502805945,96.1966376752456,36.9
95024.107554844,-0.6678,0.0003,-0.0112,-0.7442,0.015405239999999999,-0.0162694,-0.99974894,0.0,0.0,0.0,0.14709974999999997,0.1569064,9.80665,0.0030092126113728454,-0.030250008387606466,-0.9995378118560572,1.7420208786760714,-14.111,23.746,-11.059,0.9323197489381487,0.8826901502805945,96.1966376752456,36.9
95024.147542302,-0.6678,0.0003,-0.0112,-0.7442,0.015405239999999999,-0.0162694,-0.99974894,0.0,0.0,0.0,0.14709974999999997,0.14709974999999997,9.80665,0.002015522558430788,-0.03035812029120155,-0.9995370318629208,1.7434905247005947,-14.111,23.746,-11.059,0.9323197489381487,0.8826901502805945,96.1966376752456,36.9
95024.187571889,-0.6678,0.0003,-0.0112,-0.7442,0.015405239999999999,-0.0162694,-0.99974894,0.0,0.0,0.0,0.1569064,0.1569064,9.81645665,0.003099450184467731,-0.031229085475292538,-0.9995074224411556,1.7983810930628839,-14.111,23.746,-11.059,0.9323197489381487,0.8826901502805945,96.1966376752456,36.9
95024.227570217,-0.6678,0.0003,-0.0112,-0.7442,0.015405239999999999,-0.0162694,-0.99974894,0.0,0.0,0.0,0.14709974999999997,0.14709974999999997,9.81645665,0.001999015505771846,-0.030344855997807056,-0.9995374678325428,1.7426694009180423,-14.111,23.746,-11.059,0.9323197489381487,0.8826901502805945,96.1966376752456,36.9
95024.26765451,-0.6678,0.0003,-0.0112,-0.7442,0.015405239999999999,-0.0162694,-0.99974894,0.0,0.0,0.0,0.1569064,0.14709974999999997,9.81645665,0.0021067690798592543,-0.03133710241683872,-0.9995066270827034,1.7998327575210669,-14.111,23.746,-11.059,0.9323197489381487,0.8826901502805945,96.1966376752456,36.9
95024.307544984,-0.6678,0.0003,-0.0112,-0.7442,0.015405239999999999,-0.0162694,-0.99974894,0.0,0.0,0.0,0.16671305,0.16671305,9.80665,0.004218513825620747,-0.032128225064259566,-0.99947482422231,1.8569371067737945,-14.111,23.746,-11.059,0.9323197489381487,0.8826901502805945,96.1966376752456,36.9
95024.347633172,-0.6678,0.0003,-0.0112,-0.7442,0.015405239999999999,-0.0162694,-0.99974894,0.0,0.0,0.0,0.1569064,0.1569064,9.80665,0.003117056535640445,-0.03124323219607404,-0.9995069255305253,1.7992879915619133,-14.111,23.746,-11.059,0.9323197489381487,0.8826901502805945,96.1966376752456,36.9
95024.397557731,-0.6678,0.0003,-0.0112,-0.7442,0.015405239999999999,-0.0162694,-0.99974894,0.0,0.0,0.0,0.1569064,0.1569064,9.80665,0.003117056535640445,-0.03124323219607404,-0.9995069255305253,1.7992879915619133,-14.111,23.746,-11.059,0.9323197489381487,0.8826901502805945,96.1966376752456,36.9
95024.437659102,-0.6678,0.0003,-0.0112,-0.7442,0.015405239999999999,-0.0162694,-0.99974894,0.0,0.0,0.0,0.14709974999999997,0.16671305,9.79684335,0.004021395675623268,-0.030154942783498583,-0.9995371243050962,1.7433156749769383,-14.111,23.746,-11.059,0.9323197489381487,0.8826901502805945,96.1966376752456,36.9
95024.487633278,-0.6678,0.0003,-0.0112,-0.7442,0.015405239999999999,-0.0162694,-0.99974894,0.0,0.0,0.0,0.14709974999999997,0.16671305,9.80665,0.00400286787511484,-0.030141869714647773,-0.9995375930393375,1.7424327428762185,-14.111,23.746,-11.059,0.9323197489381487,0.8826901502805945,96.1966376752456,36.9
95024.52759488,-0.6678,0.0003,-0.0112,-0.7442,0.015405239999999999,-0.0162694,-0.99974894,0.0,0.0,0.0,0.1372931,0.14709974999999997,9.80665,0.001907656320599983,-0.02936482265527547,-0.999566920944011,1.6862704283863874,-14.111,23.746,-11.059,0.9323197489381487,0.8826901502805945,96.1966376752456,36.9
95024.567629536,-0.6678,0.0003,-0.0112,-0.7442,0.015405239999999999,-0.0162694,-0.99974894,0.0,0.0,0.0,0.14709974999999997,0.1569064,9.79684335,0.0030267466131673436,-0.030263190365134127,-0.9995373598420901,1.7428725274222563,-14.111,23.746,-11.059,0.9323197489381487,0.8826901502805945,96.1966376752456,36.9
95024.617577255,-0.6678,0.0003,-0.0112,-0.7442,0.015405239999999999,-0.0162694,-0.99974894,0.0,0.0,0.0,0.14709974999999997,0.16671305,9.81645665,0.003984377072136733,-0.030128822736947673,-0.999538060324805,1.74155209426413,-14.111,23.746,-11.059,0.9323197489381487,0.8826901502805945,96.1966376752456,36.9
95024.657538034,-0.6678,0.0003,-0.0112,-0.7442,0.015405239999999999,-0.0162694,-0.99974894,0.0,0.0,0.0,0.14709974999999997,0.1569064,9.80665,0.0030092126113728454,-0.030250008387606466,-0.9995378118560572,1.7420208786760714,-14.111,23.746,-11.059,0.9323197489381487,0.8826901502805945,96.1966376752456,36.9
95024.757548791,-0.6678,0.0003,-0.0112,-0.7442,0.015405239999999999,-0.0162694,-0.99974894,0.0,0.0,0.0,0.14709974999999997,0.1569064,9.80665,0.0030092126113728454,-0.030250008387606466,-0.9995378118560572,1.7420208786760714,-14.111,23.746,-11.059,0.9323197489381487,0.8826901502805945,96.1966376752456,36.9
95024.797824133,-0.6678,0.0003,-0.0112,-0.7442,0.015405239999999999,-0.0162694,-0.99974894,0.0,0.0,0.0,0.1569064,0.1569064,9.79684335,0.0031346981151117795,-0.03125740720811485,-0.9995064271138527,1.8001971798192231,-14.111,23.746,-11.059,0.9323197489381487,0.8826901502805945,96.1966376752456,36.9
95024.837563968,-0.6678,0.0003,-0.0112,-0.7442,0.015405239999999999,-0.0162694,-0.99974894,0.0,0.0,0.0,0.14709974999999997,0.1569064,9.81645665,0.002991713624278412,-0.030236852720524808,-0.9995382624874966,1.7411714201768618,-14.111,23.746,-11.059,0.9323197489381487,0.8826901502805945,96.1966376752456,36.9
95024.867548052,-0.6678,0.0003,-0.0112,-0.7442,0.015405239999999999,-0.0162694,-0.99974894,0.0,0.0,0.0,0.1569064,0.14709974999999997,9.80665,0.0021233835476505425,-0.03135135780491511,-0.999506144831061,1.8007122021381659,-14.111,23.746,-11.059,0.9323197489381487,0.8826901502805945,96.1966376752456,36.9
95024.907660648,-0.6678,0.0003,-0.0112,-0.7442,0.015405239999999999,-0.0162694,-0.99974894,0.0,0.0,0.0,0.1569064,0.1569064,9.81645665,0.003099450184467731,-0.031229085475292538,-0.9995074224411556,1.7983810930628839,-14.111,23.746,-11.059,0.9323197489381487,0.8826901502805945,96.1966376752456,36.9
95024.937521486,-0.6678,0.0003,-0.0112,-0.7442,0.015405239999999999,-0.0162694,-0.99974894,0.0,0.0,0.0,0.14709974999999997,0.1569064,9.80665,0.0030092126113728454,-0.030250008387606466,-0.9995378118560572,1.7420208786760714,-14.111,23.746,-11.059,0.9323197489381487,0.8826901502805945,96.1966376752456,36.9
95024.977527351,-0.6678,0.0003,-0.0112,-0.7442,0.015405239999999999,-0.0162694,-0.99974894,0.0,0.0,0.0,0.14709974999999997,0.1569064,9.81645665,0.002991713624278412,-0.030236852720524808,-0.9995382624874966,1.7411714201768618,-14.111,23.746,-11.059,0.9323197489381487,0.8826901502805945,96.1966376752456,36.9
95025.032828419,-0.6678,0.0003,-0.0112,-0.7442,0.015405239999999999,-0.0162694,-0.99974894,0.0,0.0,0.0,0.14709974999999997,0.1569064,9.80665,0.0030092126113728454,-0.030250008387606466,-0.9995378118560572,1.7420208786760714,-14.111,23.746,-11.059,0.9323197489381487,0.8826901502805945,96.1966376752456,36.9
95025.057625783,-0.6678,0.0003,-0.0112,-0.7442,0.015405239999999999,-0.0162694,-0.99974894,0.0,0.0,0.0,0.1569064,0.16671305,9.81645665,0.004092096512605829,-0.031121040839236926,-0.9995072210435095,1.7987482672781017,-14.111,23.746,-11.059,0.9323197489381487,0.8826901502805945,96.1966376752456,36.9
95025.097638852,-0.6678,0.0003,-0.0112,-0.7442,0.015405239999999999,-0.0162694,-0.99974894,0.0,0.0,0.0,0.1569064,0.1569064,9.80665,0.003117056535640445,-0.03124323219607404,-0.9995069255305253,1.7992879915619133,-14.111,23.746,-11.059,0.9323197489381487,0.8826901502805945,96.1966376752456,36.9
95025.137574928,-0.6678,0.0003,-0.0112,-0.7442,0.015405239999999999,-0.0162694,-0.99974894,0.0,0.0,0.0,0.14709974999999997,0.16671305,9.79684335,0.004021395675623268,-0.030154942783498583,-0.9995371243050962,1.7433156749769383,-14.111,23.746,-11.059,0.9323197489381487,0.8826901502805945,96.1966376752456,36.9
95025.177742639,-0.6678,0.0003,-0.0112,-0.7442,0.015405239999999999,-0.0162694,-0.99974894,0.0,0.0,0.0,0.16671305,0.1569064,9.79684335,0.0032426430190138043,-0.032251560893914316,-0.9994744946554363,1.8575201182850458,-14.111,23.746,-11.059,0.9323197489381487,0.8826901502805945,96.1966376752456,36.9
95025.217721916,-0.6678,0.0003,-0.0112,-0.7442,0.015405239999999999,-0.0162694,-0.99974894,0.0,0.0,0.0,0.1569064,0.1569064,9.81645665,0.003099450184467731,-0.031229085475292538,-0.9995074224411556,1.7983810930628839,-14.111,23.746,-11.059,0.9323197489381487,0.8826901502805945,96.1966376752456,36.9
95025.257640001,-0.6678,0.0003,-0.0112,-0.7442,0.015405239999999999,-0.0162694,-0.99974894,0.0,0.0,0.0,0.1569064,0.16671305,9.826263299999999,0.004073535496527806,-0.031107030839641933,-0.9995077330391623,1.797813552751285,-14.111,23.746,-11.059,0.9323197489381487,0.8826901502805945,96.1966376752456,36.9
95025.297632651,-0.6678,0.0003,-0.0112,-0.7442,0.015405239999999999,-0.0162694,-0.99974894,0.0,0.0,0.0,0.18632634999999997,0.1372931,9.826263299999999,0.0014214261255069572,-0.03440417681389771,-0.9994069552468484,1.9732859585293763,-14.111,23.746,-11.059,0.9323197489381487,0.8826901502805945,96.1966376752456,36.9
95025.337739139,-0.6678,0.0003,-0.0112,-0.7442,0.015405239999999999,-0.0162694,-0.99974894,0.0,0.0,0.0,0.14709974999999997,0.17651969999999997,9.79684335,0.005016006844187942,-0.030046668697175826,-0.9995358880599925,1.7456415707173325,-14.111,23.746,-11.059,0.9323197489381487,0.8826901502805945,96.1966376752456,36.9
95025.387642352,-0.6678,0.0003,-0.0112,-0.7442,0.015405239999999999,-0.0162694,-0.99974894,0.0,0.0,0.0,0.14709974999999997,0.1569064,9.738003449999999,0.0031326918520142924,-0.030342839195263847,-0.9995346184096664,1.7480288279059804,-14.111,23.746,-11.059,0.9323197489381487,0.8826901502805945,96.1966376752456,36.9
95025.42767481,-0.6678,0.0003,-0.0112,-0.7442,0.015405239999999999,-0.0162694,-0.99974894,0.0,0.0,0.0,0.14709974999999997,0.16671305,9.7674234,0.00407720217578841,-0.03019431932175652,-0.9995357093506078,1.7459782487004791,-14.111,23.746,-11.059,0.9323197489381487,0.8826901502805945,96.1966376752456,36.9
95025.477660363,-0.6678,0.0003,-0.0112,-0.7442,0.015405239999999999,-0.0162694,-0.99974894,0.0,0.0,0.0,0.1372931,0.16671305,9.79684335,0.003913454126924199,-0.029160680616807277,-0.9995670563791406,1.6860059357588242,-14.111,23.746,-11.059,0.9323197489381487,0.8826901502805945,96.1966376752456,36.9
95025.507558799,-0.6678,0.0003,-0.0112,-0.7442,0.015405239999999999,-0.0162694,-0.99974894,0.0,0.0,0.0,0.14709974999999997,0.1569064,9.836069949999999,0.0029568202755882404,-0.030210620003317933,-0.9995391596250499,1.7394790447367026,-14.111,23.746,-11.059,0.9323197489381487,0.8826901502805945,96.1966376752456,36.9
95025.557511001,-0.6678,0.0003,-0.0112,-0.7442,0.015405239999999999,-0.0162694,-0.99974894,0.0,0.0,0.0,0.1372931,0.1569064,9.81645665,0.0028839708562702817,-0.029244560116408812,-0.9995681066028239,1.683960206422657,-14.111,23.746,-11.059,0.9323197489381487,0.8826901502805945,96.1966376752456,36.9
95025.597623329,-0.6678,0.0002,-0.0112,-0.7442,0.015256399999999998,-0.01640296,-0.99974904,0.0,0.0,0.0,0.1372931,0.17651969999999997,9.79684335,0.004759240040292609,-0.028918930342147625,-0.9995704104735091,1.6794613512525554,-14.111,23.746,-11.059,0.9399719577329282,0.8741612440994418,96.19662381891783,36.9
95025.647558011,-0.6678,0.0002,-0.0112,-0.7442,0.015256399999999998,-0.01640296,-0.99974904,0.0,0.0,0.0,0.196133,0.14709974999999997,9.9439431,0.002170384478104295,-0.034938387903930085,-0.9993870742021437,2.0060908311816212,-14.111,23.746,-11.059,0.9399719577329282,0.8741612440994418,96.19662381891783,36.9
95025.687701463,-0.6678,0.0002,-0.0112,-0.7442,0.015256399999999998,-0.01640296,-0.99974904,0.0,0.0,0.0,0.1372931,0.16671305,9.80665,0.0037461918985876377,-0.029015106129691524,-0.9995719339094404,1.6764814367252496,-14.111,23.746,-11.059,0.9399719577329282,0.8741612440994418,96.19662381891783,36.9
95025.727501262,-0.6678,0.0002,-0.0112,-0.7442,0.015256399999999998,-0.01640296,-0.99974904,0.0,0.0,0.0,0.14709974999999997,0.1569064,9.836069949999999,0.0028079801207779847,-0.030077127007518526,-0.9995436150505761,1.731049594826337,-14.111,23.746,-11.059,0.9399719577329282,0.8741612440994418,96.19662381891783,36.9
95025.777542669,-0.6678,0.0002,-0.0112,-0.7442,0.015256399999999998,-0.01640296,-0.99974904,0.0,0.0,0.0,0.1372931,0.14709974999999997,9.79684335,0.0017752465024909805,-0.02924362128676832,-0.9995707184294439,1.678860801029674,-14.111,23.746,-11.059,0.9399719577329282,0.8741612440994418,96.19662381891783,36.9
95025.817718774,-0.6678,0.0002,-0.0112,-0.7442,0.015256399999999998,-0.01640296,-0.99974904,0.0,0.0,0.0,0.1372931,0.14709974999999997,9.81645665,0.001742414412245541,-0.029219050489126562,-0.9995714948198107,1.6773419054972887,-14.111,23.746,-11.059,0.9399719577329282,0.8741612440994418,96.19662381891783,36.9
95025.867799144,-0.6678,0.0002,-0.0112,-0.7442,0.015256399999999998,-0.01640296,-0.99974904,0.0,0.0,0.0,0.14709974999999997,0.1569064,9.81645665,0.0028428735403516845,-0.03010335992241977,-0.9995427266109527,1.7327337207308338,-14.111,23.746,-11.059,0.9399719577329282,0.8741612440994418,96.19662381891783,36.9
95025.907589602,-0.6678,0.0002,-0.0112,-0.7442,0.015256399999999998,-0.01640296,-0.99974904,0.0,0.0,0.0,0.16671305,0.16671305,9.80665,0.004069678752743179,-0.031994743414883585,-0.9994797236065925,1.8482546053679905,-14.111,23.746,-11.059,0.9399719577329282,0.8741612440994418,96.19662381891783,36.9
95025.947547395,-0.6678,0.0002,-0.0112,-0.7442,0.015256399999999998,-0.01640296,-0.99974904,0.0,0.0,0.0,0.1372931,0.16671305,9.79684335,0.0037646121708842933,-0.029027186143212348,-0.9995715139347884,1.6773036419600837,-14.111,23.746,-11.059,0.9399719577329282,0.8741612440994418,96.19662381891783,36.9
95025.997579505,-0.6678,0.0001,-0.0112,-0.7442,0.015107559999999999,-0.01653652,-0.9997491,0.0,0.0,0.0,0.1372931,0.1569064,9.81645665,0.002586286382647667,-0.028977565544676703,-0.9995766976723309,1.6671271280899629,-14.111,23.746,-11.059,0.9476241693685292,0.8656323572898973,96.1966099626518,36.9
95026.03758356,-0.6678,0.0001,-0.0112,-0.7442,0.015107559999999999,-0.01653652,-0.9997491,0.0,0.0,0.0,0.1569064,0.16671305,9.80665,0.0038130195736978713,-0.030868105966886723,-0.9995161688240476,1.7823419780470093,-14.111,23.746,-11.059,0.9476241693685292,0.8656323572898973,96.1966099626518,36.9
95026.087620977,-0.6678,0.0001,-0.0112,-0.7442,0.015107559999999999,-0.01653652,-0.9997491,0.0,0.0,0.0,0.1372931,0.1569064,9.836069949999999,0.0025516070649889665,-0.02895330896952299,-0.9995774897776109,1.6655665665983297,-14.111,23.746,-11.059,0.9476241693685292,0.8656323572898973,96.1966099626518,36.9
95026.127633832,-0.6678,0.0001,-0.0112,-0.7442,0.015107559999999999,-0.01653652,-0.9997491,0.0,0.0,0.0,0.1569064,0.16671305,9.79684335,0.003831654986482372,-0.03088217224622331,-0.9995156629957068,1.783273444891414,-14.111,23.746,-11.059,0.9476241693685292,0.8656323572898973,96.1966099626518,36.9
95026.167574865,-0.6678,0.0001,-0.0112,-0.7442,0.015107559999999999,-0.01653652,-0.9997491,0.0,0.0,0.0,0.1569064,0.1569064,9.80665,0.002819381050812829,-0.03097625477354813,-0.9995161199770483,1.782432454701503,-14.111,23.746,-11.059,0.9476241693685292,0.8656323572898973,96.1966099626518,36.9
95026.217556228,-0.6678,0.0001,-0.0112,-0.7442,0.015107559999999999,-0.01653652,-0.9997491,0.0,0.0,0.0,0.1372931,0.1569064,9.80665,0.0026036780352417434,-0.028989730181151523,-0.9995762997576668,1.667910526349981,-14.111,23.746,-11.059,0.9476241693685292,0.8656323572898973,96.1966099626518,36.9
95026.257604144,-0.6678,0.0001,-0.0112,-0.7442,0.015107559999999999,-0.01653652,-0.9997491,0.0,0.0,0.0,0.16671305,0.14709974999999997,9.81645665,0.0019168463194110443,-0.0320623128599187,-0.9994840064948118,1.8406319203415846,-14.111,23.746,-11.059,0.9476241693685292,0.8656323572898973,96.1966099626518,36.9
95026.297569156,-0.6678,0.0001,-0.0112,-0.7442,0.015107559999999999,-0.01653652,-0.9997491,0.0,0.0,0.0,0.14709974999999997,0.1569064,9.77723005,0.0027642402010808545,-0.030022648126894248,-0.9995453749016806,1.7277086291160921,-14.111,23.746,-11.059,0.9476241693685292,0.8656323572898973,96.1966099626518,36.9
95026.337871436,-0.6678,0.0001,-0.0112,-0.7442,0.015107559999999999,-0.01653652,-0.9997491,0.0,0.0,0.0,0.1372931,0.16671305,9.81645665,0.003578966386189819,-0.028869554878046103,-0.999576761424734,1.6670010445078383,-14.111,23.746,-11.059,0.9476241693685292,0.8656323572898973,96.1966099626518,36.9
95026.367559498,-0.6678,0.0001,-0.0112,-0.7442,0.015107559999999999,-0.01653652,-0.9997491,0.0,0.0,0.0,0.14709974999999997,0.14709974999999997,9.79684335,0.0017343824798187746,-0.030104420970113368,-0.9995452331041795,1.7279784135310783,-14.111,23.746,-11.059,0.9476241693685292,0.8656323572898973,96.1966099626518,36.9
95026.407583992,-0.6678,0.0001,-0.0112,-0.7442,0.015107559999999999,-0.01653652,-0.9997491,0.0,0.0,0.0,0.1569064,0.14709974999999997,9.81645665,0.0018090933864564514,-0.03107012049607024,-0.9995155458613585,1.7834899339297379,-14.111,23.746,-11.059,0.9476241693685292,0.8656323572898973,96.1966099626518,36.9
95026.45761348,-0.6678,0.0001,-0.0112,-0.7442,0.015107559999999999,-0.01653652,-0.9997491,0.0,0.0,0.0,0.1372931,0.16671305,9.836069949999999,0.0035423092547617434,-0.028845514920573075,-0.9995775861154103,1.6653761374919558,-14.111,23.746,-11.059,0.9476241693685292,0.8656323572898973,96.1966099626518,36.9
95026.497556623,-0.6678,0.0001,-0.0112,-0.7442,0.015107559999999999,-0.01653652,-0.9997491,0.0,0.0,0.0,0.1372931,0.1569064,9.81645665,0.002586286382647667,-0.028977565544676703,-0.9995766976723309,1.6671271280899629,-14.111,23.746,-11.059,0.9476241693685292,0.8656323572898973,96.1966099626518,36.9
95026.537657313,-0.6678,0.0001,-0.0112,-0.7442,0.015107559999999999,-0.01653652,-0.9997491,0.0,0.0,0.0,0.16671305,0.16671305,9.80665,0.003920843679865612,-0.03186126108570404,-0.99948458300243,1.8396025181790927,-14.111,23.746,-11.059,0.9476241693685292,0.8656323572898973,96.1966099626518,36.9
95026.577594215,-0.6678,0.0001,-0.0112,-0.7442,0.015107559999999999,-0.01653652,-0.9997491,0.0,0.0,0.0,0.1569064,0.16671305,9.79684335,0.003831654986482372,-0.03088217224622331,-0.9995156629957068,1.783273444891414,-14.111,23.746,-11.059,0.9476241693685292,0.8656323572898973,96.1966099626518,36.9
95026.627521817,-0.6678,0.0001,-0.0112,-0.7442,0.015107559999999999,-0.01653652,-0.9997491,0.0,0.0,0.0,0.14709974999999997,0.1569064,9.81645665,0.0026940334564249623,-0.029969866485107494,-0.999547150744006,1.724330895894451,-14.111,23.746,-11.059,0.9476241693685292,0.8656323572898973,96.1966099626518,36.9
95026.667678031,-0.6678,0.0001,-0.0112,-0.7442,0.015107559999999999,-0.01653652,-0.9997491,0.0,0.0,0.0,0.14709974999999997,0.1569064,9.80665,0.002711532514829189,-0.029983022350029094,-0.9995467088365905,1.7251720419945356,-14.111,23.746,-11.059,0.9476241693685292,0.8656323572898973,96.1966099626518,36.9
95026.717794947,-0.6678,0.0001,-0.0112,-0.7442,0.015107559999999999,-0.01653652,-0.9997491,0.0,0.0,0.0,0.14709974999999997,0.1569064,9.81645665,0.0026940334564249623,-0.029969866485107494,-0.999547150744006,1.724330895894451,-14.111,23.746,-11.059,0.9476241693685292,0.8656323572898973,96.1966099626518,36.9
95026.757572453,-0.6678,0.0001,-0.0112,-0.7442,0.015107559999999999,-0.01653652,-0.9997491,0.0,0.0,0.0,0.1569064,0.1569064,9.81645665,0.0028017746191264393,-0.0309621078422018,-0.99951660786691,1.7815336023722008,-14.111,23.746,-11.059,0.9476241693685292,0.8656323572898973,96.1966099626518,36.9
95026.807732825,-0.6678,0.0001,-0.0112,-0.7442,0.015107559999999999,-0.01653652,-0.9997491,0.0,0.0,0.0,0.14709974999999997,0.16671305,9.79684335,0.003723716086410986,-0.029887961516258738,-0.9995462971985,1.7259546789032456,-14.111,23.746,-11.059,0.9476241693685292,0.8656323572898973,96.1966099626518,36.9
95026.847543157,-0.6678,0.0001,-0.0112,-0.7442,0.015107559999999999,-0.01653652,-0.9997491,0.0,0.0,0.0,0.14709974999999997,0.16671305,9.79684335,0.003723716086410986,-0.029887961516258738,-0.9995462971985,1.7259546789032456,-14.111,23.746,-11.059,0.9476241693685292,0.8656323572898973,96.1966099626518,36.9
95026.897529415,-0.6678,0.0001,-0.0112,-0.7442,0.015107559999999999,-0.01653652,-0.9997491,0.0,0.0,0.0,0.14709974999999997,0.14709974999999997,9.80665,0.0017178423289490874,-0.030091129957270008,-0.9995456619213761,1.7271635128888847,-14.111,23.746,-11.059,0.9476241693685292,0.8656323572898973,96.1966099626518,36.9
95026.937534729,-0.6678,0.0001,-0.0112,-0.7442,0.015107559999999999,-0.01653652,-0.9997491,0.0,0.0,0.0,0.1569064,0.16671305,9.81645665,0.003794421372170561,-0.030854067759923016,-0.9995166730986923,1.781412887558352,-14.111,23.746,-11.059,0.9476241693685292,0.8656323572898973,96.1966099626518,36.9
95026.987549193,-0.6678,0.0001,-0.0112,-0.7442,0.015107559999999999,-0.01653652,-0.9997491,0.0,0.0,0.0,0.1569064,0.17651969999999997,9.81645665,0.004787030677911435,-0.03074600057531611,-0.9995157416549365,1.7831279813336778,-14.111,23.746,-11.059,0.9476241693685292,0.8656323572898973,96.1966099626518,36.9
95027.027634672,-0.6678,0.0001,-0.0112,-0.7442,0.015107559999999999,-0.01653652,-0.9997491,0.0,0.0,0.0,0.14709974999999997,0.16671305,9.79684335,0.003723716086410986,-0.029887961516258738,-0.9995462971985,1.7259546789032456,-14.111,23.746,-11.059,0.9476241693685292,0.8656323572898973,96.1966099626518,36.9
95027.067538275,-0.6678,0.0002,-0.0112,-0.7442,0.015256399999999998,-0.01640296,-0.99974904,0.0,0.0,0.0,0.1569064,0.1372931,9.80665,0.0009808409149962664,-0.0313259627322442,-0.9995087155899631,1.7960191990444898,-14.111,23.746,-11.059,0.9399719577329282,0.8741612440994418,96.19662381891783,36.9
95027.117699292,-0.6678,0.0002,-0.0112,-0.7442,0.015256399999999998,-0.01640296,-0.99974904,0.0,0.0,0.0,0.1372931,0.1569064,9.81645665,0.002735128619458972,-0.029111063150151,-0.999572422133068,1.6755256167925752,-14.111,23.746,-11.059,0.9399719577329282,0.8741612440994418,96.19662381891783,36.9
95027.157623136,-0.6678,0.0002,-0.0112,-0.7442,0.015256399999999998,-0.01640296,-0.99974904,0.0,0.0,0.0,0.14709974999999997,0.16671305,9.80665,0.0038540280420378426,-0.030008379317272578,-0.9995421949767915,1.7337402109673246,-14.111,23.746,-11.059,0.9399719577329282,0.8741612440994418,96.19662381891783,36.9
95027.297622537,-0.6678,0.0002,-0.0112,-0.7442,0.015256399999999998,-0.01640296,-0.99974904,0.0,0.0,0.0,0.1569064,0.16671305,9.79684335,0.003980492470694477,-0.03101565890632666,-0.9995109476664155,1.7919334878100788,-14.111,23.746,-11.059,0.9399719577329282,0.8741612440994418,96.19662381891783,36.9
95027.332346166,-0.6678,0.0002,-0.0112,-0.7442,0.015256399999999998,-0.01640296,-0.99974904,0.0,0.0,0.0,0.1372931,0.16671305,9.79684335,0.0037646121708842933,-0.029027186143212348,-0.9995715139347884,1.6773036419600837,-14.111,23.746,-11.059,0.9399719577329282,0.8741612440994418,96.19662381891783,36.9
95027.370882328,-0.6678,0.0002,-0.0112,-0.7442,0.015256399999999998,-0.01640296,-0.99974904,0.0,0.0,0.0,0.14709974999999997,0.1569064,9.80665,0.002860372563101019,-0.03011651568874085,-0.9995422803415155,1.733579051714979,-14.111,23.746,-11.059,0.9399719577329282,0.8741612440994418,96.19662381891783,36.9
95027.487664429,-0.6678,0.0002,-0.0112,-0.7442,0.015256399999999998,-0.01640296,-0.99974904,0.0,0.0,0.0,0.14709974999999997,0.1372931,9.79684335,0.0008885067486001184,-0.030346107892131498,-0.999539034060607,1.7397163630651091,-14.111,23.746,-11.059,0.9399719577329282,0.8741612440994418,96.19662381891783,36.9
95027.527633104,-0.6678,0.0002,-0.0112,-0.7442,0.015256399999999998,-0.01640296,-0.99974904,0.0,0.0,0.0,0.14709974999999997,0.1569064,9.80665,0.002860372563101019,-0.03011651568874085,-0.9995422803415155,1.733579051714979,-14.111,23.746,-11.059,0.9399719577329282,0.8741612440994418,96.19662381891783,36.9
95027.567600029,-0.6678,0.0002,-0.0112,-0.7442,0.015256399999999998,-0.01640296,-0.99974904,0.0,0.0,0.0,0.1569064,0.1569064,9.80665,0.002968218793226637,-0.031109743804729195,-0.9995115427486687,1.7908433860486692,-14.111,23.746,-11.059,0.9399719577329282,0.8741612440994418,96.19662381891783,36.9
95027.607584092,-0.6678,0.0002,-0.0112,-0.7442,0.015256399999999998,-0.01640296,-0.99974904,0.0,0.0,0.0,0.14709974999999997,0.14709974999999997,9.81645665,0.00185017535774221,-0.03021136103576099,-0.9995417986284006,1.734491388588954,-14.111,23.746,-11.059,0.9399719577329282,0.8741612440994418,96.19662381891783,36.9
95027.647531847,-0.6678,0.0002,-0.0112,-0.7442,0.015256399999999998,-0.01640296,-0.99974904,0.0,0.0,0.0,0.1569064,0.1569064,9.77723005,0.003021249761915942,-0.031152354373178606,-0.9995100565416081,1.79356585324397,-14.111,23.746,-11.059,0.9399719577329282,0.8741612440994418,96.19662381891783,36.9
95027.687759843,-0.6678,0.0002,-0.0112,-0.7442,0.015256399999999998,-0.01640296,-0.99974904,0.0,0.0,0.0,0.14709974999999997,0.14709974999999997,9.80665,0.001866682443689937,-0.0302246254241683,-0.9995413668876499,1.7353083802865321,-14.111,23.746,-11.059,0.9399719577329282,0.8741612440994418,96.19662381891783,36.9
95027.727721171,-0.6678,0.0002,-0.0112,-0.7442,0.015256399999999998,-0.01640296,-0.99974904,0.0,0.0,0.0,0.1569064,0.1569064,9.826263299999999,0.0029330411334337753,-0.03108147835890864,-0.9995125260581674,1.789039860875562,-14.111,23.746,-11.059,0.9399719577329282,0.8741612440994418,96.19662381891783,36.9
95027.767612057,-0.6678,0.0002,-0.0112,-0.7442,0.015256399999999998,-0.01640296,-0.99974904,0.0,0.0,0.0,0.16671305,0.16671305,9.79684335,0.004088421616230747,-0.03200980240979589,-0.9994791648797103,1.8492467946934017,-14.111,23.746,-11.059,0.9399719577329282,0.8741612440994418,96.19662381891783,36.9
95027.807605321,-0.6678,0.0002,-0.0112,-0.7442,0.015256399999999998,-0.01640296,-0.99974904,0.0,0.0,0.0,0.14709974999999997,0.14709974999999997,9.80665,0.001866682443689937,-0.0302246254241683,-0.9995413668876499,1.7353083802865321,-14.111,23.746,-11.059,0.9399719577329282,0.8741612440994418,96.19662381891783,36.9
95027.847542231,-0.6678,0.0002,-0.0112,-0.7442,0.015256399999999998,-0.01640296,-0.99974904,0.0,0.0,0.0,0.14709974999999997,0.16671305,9.79684335,0.0038725558810171253,-0.03002145249013139,-0.9995417307466498,1.7346190415054827,-14.111,23.746,-11.059,0.9399719577329282,0.8741612440994418,96.19662381891783,36.9
95027.88758481,-0.6678,0.0002,-0.0112,-0.7442,0.015256399999999998,-0.01640296,-0.99974904,0.0,0.0,0.0,0.14709974999999997,0.14709974999999997,9.80665,0.001866682443689937,-0.0302246254241683,-0.9995413668876499,1.7353083802865321,-14.111,23.746,-11.059,0.9399719577329282,0.8741612440994418,96.19662381891783,36.9
95027.917565364,-0.6678,0.0002,-0.0112,-0.7442,0.015256399999999998,-0.01640296,-0.99974904,0.0,0.0,0.0,0.14709974999999997,0.1372931,9.79684335,0.0008885067486001184,-0.030346107892131498,-0.999539034060607,1.7397163630651091,-14.111,23.746,-11.059,0.9399719577329282,0.8741612440994418,96.19662381891783,36.9
95027.957700851,-0.6678,0.0002,-0.0112,-0.7442,0.015256399999999998,-0.01640296,-0.99974904,0.0,0.0,0.0,0.1372931,0.1569064,9.79684335,0.00276994666301807,-0.029135416567355764,-0.9995716166199473,1.6771031600196231,-14.111,23.746,-11.059,0.9399719577329282,0.8741612440994418,96.19662381891783,36.9
95027.997593189,-0.6678,0.0002,-0.0111,-0.7442,0.015122839999999999,-0.01625412,-0.9997535,0.0,0.0,0.0,0.16671305,0.1569064,9.80665,0.003209505788803021,-0.03195411029101872,-0.9994841553065428,1.8403640893562208,-14.111,23.746,-11.059,0.931440033518657,0.8665079368280888,96.19636947199062,36.9
95028.037625871,-0.6678,0.0002,-0.0111,-0.7442,0.015122839999999999,-0.01625412,-0.9997535,0.0,0.0,0.0,0.16671305,0.1569064,9.79684335,0.0032272548077146735,-0.03196927835986052,-0.9994836130469182,1.8413311680299485,-14.111,23.746,-11.059,0.931440033518657,0.8665079368280888,96.19636947199062,36.9
95028.077531629,-0.6678,0.0002,-0.0111,-0.7442,0.015122839999999999,-0.01625412,-0.9997535,0.0,0.0,0.0,0.14709974999999997,0.16671305,9.80665,0.003987486167705799,-0.02985957815425865,-0.9995461270863691,1.726276428347536,-14.111,23.746,-11.059,0.931440033518657,0.8665079368280888,96.19636947199062,36.9
95028.11755651,-0.6678,0.0002,-0.0111,-0.7442,0.015122839999999999,-0.01625412,-0.9997535,0.0,0.0,0.0,0.14709974999999997,0.1569064,9.81645665,0.002976334038516111,-0.02995455623335501,-0.999546807969126,1.7249815966689774,-14.111,23.746,-11.059,0.931440033518657,0.8665079368280888,96.19636947199062,36.9
95028.157595905,-0.6678,0.0002,-0.0111,-0.7442,0.015122839999999999,-0.01625412,-0.9997535,0.0,0.0,0.0,0.1569064,0.1569064,9.80665,0.003101672633415443,-0.03096094253298009,-0.9995157571899098,1.7830986181654471,-14.111,23.746,-11.059,0.931440033518657,0.8665079368280888,96.19636947199062,36.9
95028.257564424,-0.6678,0.0002,-0.0112,-0.7442,0.015256399999999998,-0.01640296,-0.99974904,0.0,0.0,0.0,0.14709974999999997,0.16671305,9.80665,0.0038540280420378426,-0.030008379317272578,-0.9995421949767915,1.7337402109673246,-14.111,23.746,-11.059,0.9399719577329282,0.8741612440994418,96.19662381891783,36.9
95028.297564707,-0.6678,0.0002,-0.0111,-0.7442,0.015122839999999999,-0.01625412,-0.9997535,0.0,0.0,0.0,0.1569064,0.1569064,9.79684335,0.00311931411285085,-0.03097511772780446,-0.9995152630458121,1.7840081884044041,-14.111,23.746,-11.059,0.931440033518657,0.8665079368280888,96.19636947199062,36.9
95028.337581088,-0.6678,0.0002,-0.0111,-0.7442,0.015122839999999999,-0.01625412,-0.9997535,0.0,0.0,0.0,0.14709974999999997,0.16671305,9.80665,0.003987486167705799,-0.02985957815425865,-0.9995461270863691,1.726276428347536,-14.111,23.746,-11.059,0.931440033518657,0.8665079368280888,96.19636947199062,36.9
95028.377561587,-0.6678,0.0002,-0.0111,-0.7442,0.015122839999999999,-0.01625412,-0.9997535,0.0,0.0,0.0,0.1569064,0.14709974999999997,9.81645665,0.0020913873167973072,-0.031054808106968566,-0.9995154698755984,1.7836278862082606,-14.111,23.746,-11.059,0.931440033518657,0.8665079368280888,96.19636947199062,36.9
95028.417588044,-0.6678,0.0002,-0.0111,-0.7442,0.015122839999999999,-0.01625412,-0.9997535,0.0,0.0,0.0,0.1569064,0.1569064,9.80665,0.003101672633415443,-0.03096094253298009,-0.9995157571899098,1.7830986181654471,-14.111,23.746,-11.059,0.931440033518657,0.8665079368280888,96.19636947199062,36.9
95028.457574143,-0.6678,0.0002,-0.0111,-0.7442,0.015122839999999999,-0.01625412,-0.9997535,0.0,0.0,0.0,0.14709974999999997,0.1569064,9.79684335,0.0030113668354827157,-0.029980894220986223,-0.9995459132966278,1.7266834836629876,-14.111,23.746,-11.059,0.931440033518657,0.8665079368280888,96.19636947199062,36.9
95028.487701329,-0.6678,0.0002,-0.0111,-0.7442,0.015122839999999999,-0.01625412,-0.9997535,0.0,0.0,0.0,0.14709974999999997,0.17651969999999997,9.80665,0.004981101655207773,-0.029751418076318863,-0.9995448941342053,1.7286189241259995,-14.111,23.746,-11.059,0.931440033518657,0.8665079368280888,96.19636947199062,36.9
95028.527568014,-0.6678,0.0002,-0.0111,-0.7442,0.015122839999999999,-0.01625412,-0.9997535,0.0,0.0,0.0,0.14709974999999997,0.14709974999999997,9.81645665,0.0019836379594216393,-0.03006255504589614,-0.9995460287076111,1.726464398824349,-14.111,23.746,-11.059,0.931440033518657,0.8665079368280888,96.19636947199062,36.9
95028.567550562,-0.6678,0.0002,-0.0111,-0.7442,0.015122839999999999,-0.01625412,-0.9997535,0.0,0.0,0.0,0.1569064,0.1569064,9.81645665,0.003084066382086746,-0.03094679562992429,-0.999516249836493,1.7821913423642821,-14.111,23.746,-11.059,0.931440033518657,0.8665079368280888,96.19636947199062,36.9
95028.607669069,-0.6678,0.0002,-0.0111,-0.7442,0.015122839999999999,-0.01625412,-0.9997535,0.0,0.0,0.0,0.14709974999999997,0.14709974999999997,9.81645665,0.0019836379594216393,-0.03006255504589614,-0.9995460287076111,1.726464398824349,-14.111,23.746,-11.059,0.931440033518657,0.8665079368280888,96.19636947199062,36.9
95028.647644979,-0.6678,0.0002,-0.0111,-0.7442,0.015122839999999999,-0.01625412,-0.9997535,0.0,0.0,0.0,0.14709974999999997,0.14709974999999997,9.80665,0.0020001449180107253,-0.030075819501735046,-0.9995455967360412,1.7272856219535542,-14.111,23.746,-11.059,0.931440033518657,0.8665079368280888,96.19636947199062,36.9
95028.687527233,-0.6678,0.0002,-0.0111,-0.7442,0.015122839999999999,-0.01625412,-0.9997535,0.0,0.0,0.0,0.14709974999999997,0.1569064,9.80665,0.0029938329297415998,-0.02996771207170836,-0.9995463613201582,1.7258314425476957,-14.111,23.746,-11.059,0.931440033518657,0.8665079368280888,96.19636947199062,36.9
95028.727688568,-0.6678,0.0002,-0.0111,-0.7442,0.015122839999999999,-0.01625412,-0.9997535,0.0,0.0,0.0,0.1569064,0.1569064,9.81645665,0.003084066382086746,-0.03094679562992429,-0.999516249836493,1.7821913423642821,-14.111,23.746,-11.059,0.931440033518657,0.8665079368280888,96.19636947199062,36.9
95028.767615913,-0.6678,0.0002,-0.0111,-0.7442,0.015122839999999999,-0.01625412,-0.9997535,0.0,0.0,0.0,0.14709974999999997,0.1569064,9.81645665,0.002976334038516111,-0.02995455623335501,-0.999546807969126,1.7249815966689774,-14.111,23.746,-11.059,0.931440033518657,0.8665079368280888,96.19636947199062,36.9
95028.912013233,-0.6678,0.0002,-0.0111,-0.7442,0.015122839999999999,-0.01625412,-0.9997535,0.0,0.0,0.0,0.1569064,0.1569064,9.81645665,0.003084066382086746,-0.03094679562992429,-0.999516249836493,1.7821913423642821,-14.111,23.746,-11.059,0.931440033518657,0.8665079368280888,96.19636947199062,36.9
95028.93759372,-0.6678,0.0002,-0.0111,-0.7442,0.015122839999999999,-0.01625412,-0.9997535,0.0,0.0,0.0,0.16671305,0.1569064,9.79684335,0.0032272548077146735,-0.03196927835986052,-0.9994836130469182,1.8413311680299485,-14.111,23.746,-11.059,0.931440033518657,0.8665079368280888,96.19636947199062,36.9
95028.977597153,-0.6678,0.0002,-0.0111,-0.7442,0.015122839999999999,-0.01625412,-0.9997535,0.0,0.0,0.0,0.1569064,0.1569064,9.79684335,0.00311931411285085,-0.03097511772780446,-0.9995152630458121,1.7840081884044041,-14.111,23.746,-11.059,0.931440033518657,0.8665079368280888,96.19636947199062,36.9
95029.017690334,-0.6678,0.0002,-0.0111,-0.7442,0.015122839999999999,-0.01625412,-0.9997535,0.0,0.0,0.0,0.14709974999999997,0.14709974999999997,9.79684335,0.0020166849077844634,-0.030089110487549066,-0.9995451634502116,1.7281089516300367,-14.111,23.746,-11.059,0.931440033518657,0.8665079368280888,96.19636947199062,36.9
95029.057593775,-0.6678,0.0002,-0.0111,-0.7442,0.015122839999999999,-0.01625412,-0.9997535,0.0,0.0,0.0,0.16671305,0.14709974999999997,9.80665,0.0022158528989635953,-0.03206224502159703,-0.9994833892879119,1.8417304243615211,-14.111,23.746,-11.059,0.931440033518657,0.8665079368280888,96.19636947199062,36.9
95029.107582855,-0.6678,0.0002,-0.0111,-0.7442,0.015122839999999999,-0.01625412,-0.9997535,0.0,0.0,0.0,0.14709974999999997,0.14709974999999997,9.79684335,0.0020166849077844634,-0.030089110487549066,-0.9995451634502116,1.7281089516300367,-14.111,23.746,-11.059,0.931440033518657,0.8665079368280888,96.19636947199062,36.9
95029.227544944,-0.6678,0.0002,-0.0111,-0.7442,0.015122839999999999,-0.01625412,-0.9997535,0.0,0.0,0.0,0.1569064,0.1569064,9.80665,0.003101672633415443,-0.03096094253298009,-0.9995157571899098,1.7830986181654471,-14.111,23.746,-11.059,0.931440033518657,0.8665079368280888,96.19636947199062,36.9
95029.267905469,-0.6678,0.0002,-0.0111,-0.7442,0.015122839999999999,-0.01625412,-0.9997535,0.0,0.0,0.0,0.1569064,0.16671305,9.80665,0.004095308700388857,-0.03085279391885146,-0.9995155237198146,1.7835279147255136,-14.111,23.746,-11.059,0.931440033518657,0.8665079368280888,96.19636947199062,36.9
95029.307579366,-0.6678,0.0002,-0.0111,-0.7442,0.015122839999999999,-0.01625412,-0.9997535,0.0,0.0,0.0,0.14709974999999997,0.1569064,9.80665,0.0029938329297415998,-0.02996771207170836,-0.9995463613201582,1.7258314425476957,-14.111,23.746,-11.059,0.931440033518657,0.8665079368280888,96.19636947199062,36.9
95029.34759974,-0.6678,0.0002,-0.0111,-0.7442,0.015122839999999999,-0.01625412,-0.9997535,0.0,0.0,0.0,0.16671305,0.1569064,9.81645665,0.0031917922114237766,-0.031938972494138886,-0.9994846959397385,1.8393994052260836,-14.111,23.746,-11.059,0.931440033518657,0.8665079368280888,96.19636947199062,36.9
95029.387548368,-0.6678,0.0002,-0.0111,-0.7442,0.015122839999999999,-0.01625412,-0.9997535,0.0,0.0,0.0,0.1569064,0.14709974999999997,9.80665,0.002108001686543395,-0.0310690636684929,-0.9995149919035958,1.784507437787591,-14.111,23.746,-11.059,0.931440033518657,0.8665079368280888,96.19636947199062,36.9
95029.427523265,-0.6678,0.0002,-0.0111,-0.7442,0.015122839999999999,-0.01625412,-0.9997535,0.0,0.0,0.0,0.1569064,0.1569064,9.81645665,0.003084066382086746,-0.03094679562992429,-0.999516249836493,1.7821913423642821,-14.111,23.746,-11.059,0.931440033518657,0.8665079368280888,96.19636947199062,36.9
95029.467601447,-0.6678,0.0002,-0.0111,-0.7442,0.015122839999999999,-0.01625412,-0.9997535,0.0,0.0,0.0,0.14709974999999997,0.14709974999999997,9.80665,0.0020001449180107253,-0.030075819501735046,-0.9995455967360412,1.7272856219535542,-14.111,23.746,-11.059,0.931440033518657,0.8665079368280888,96.19636947199062,36.9
95029.507561168,-0.6678,0.0002,-0.0111,-0.7442,0.015122839999999999,-0.01625412,-0.9997535,0.0,0.0,0.0,0.1569064,0.1569064,9.79684335,0.00311931411285085,-0.03097511772780446,-0.9995152630458121,1.7840081884044041,-14.111,23.746,-11.059,0.931440033518657,0.8665079368280888,96.19636947199062,36.9
95029.547606494,-0.6678,0.0002,-0.0111,-0.7442,0.015122839999999999,-0.01625412,-0.9997535,0.0,0.0,0.0,0.1569064,0.1569064,9.81645665,0.003084066382086746,-0.03094679562992429,-0.999516249836493,1.7821913423642821,-14.111,23.746,-11.059,0.931440033518657,0.8665079368280888,96.19636947199062,36.9
95029.587671594,-0.6678,0.0002,-0.0111,-0.7442,0.015122839999999999,-0.01625412,-0.9997535,0.0,0.0,0.0,0.14709974999999997,0.1569064,9.855683249999998,0.002906686529934527,-0.0299021944203658,-0.9995485809299042,1.7216040196227957,-14.111,23.746,-11.059,0.931440033518657,0.8665079368280888,96.19636947199062,36.9
95029.627729876,-0.6678,0.0002,-0.0111,-0.7442,0.015122839999999999,-0.01625412,-0.9997535,0.0,0.0,0.0,0.1569064,0.1569064,9.81645665,0.003084066382086746,-0.03094679562992429,-0.999516249836493,1.7821913423642821,-14.111,23.746,-11.059,0.931440033518657,0.8665079368280888,96.19636947199062,36.9
95029.667537249,-0.6678,0.0002,-0.0111,-0.7442,0.015122839999999999,-0.01625412,-0.9997535,0.0,0.0,0.0,0.14709974999999997,0.1569064,9.80665,0.0029938329297415998,-0.02996771207170836,-0.9995463613201582,1.7258314425476957,-14.111,23.746,-11.059,0.931440033518657,0.8665079368280888,96.19636947199062,36.9
95029.707606174,-0.6678,0.0002,-0.0111,-0.7442,0.015122839999999999,-0.01625412,-0.9997535,0.0,0.0,0.0,0.14709974999999997,0.16671305,9.80665,0.003987486167705799,-0.02985957815425865,-0.9995461270863691,1.726276428347536,-14.111,23.746,-11.059,0.931440033518657,0.8665079368280888,96.19636947199062,36.9
95029.737587139,-0.6678,0.0002,-0.0111,-0.7442,0.015122839999999999,-0.01625412,-0.9997535,0.0,0.0,0.0,0.1569064,0.16671305,9.81645665,0.004076710686311959,-0.030838755739733704,-0.9995160330329779,1.7825901659333556,-14.111,23.746,-11.059,0.931440033518657,0.8665079368280888,96.19636947199062,36.9
95029.777533636,-0.6678,0.0002,-0.0111,-0.7442,0.015122839999999999,-0.01625412,-0.9997535,0.0,0.0,0.0,0.14709974999999997,0.1569064,9.80665,0.0029938329297415998,-0.02996771207170836,-0.9995463613201582,1.7258314425476957,-14.111,23.746,-11.059,0.931440033518657,0.8665079368280888,96.19636947199062,36.9
95029.817641717,-0.6678,0.0002,-0.0111,-0.7442,0.015122839999999999,-0.01625412,-0.9997535,0.0,0.0,0.0,0.14709974999999997,0.1569064,9.80665,0.0029938329297415998,-0.02996771207170836,-0.9995463613201582,1.7258314425476957,-14.111,23.746,-11.059,0.931440033518657,0.8665079368280888,96.19636947199062,36.9
95029.857570478,-0.6678,0.0002,-0.0111,-0.7442,0.015122839999999999,-0.01625412,-0.9997535,0.0,0.0,0.0,0.14709974999999997,0.1569064,9.79684335,0.0030113668354827157,-0.029980894220986223,-0.9995459132966278,1.7266834836629876,-14.111,23.746,-11.059,0.931440033518657,0.8665079368280888,96.19636947199062,36.9
95029.897833736,-0.6678,0.0002,-0.0112,-0.7442,0.015256399999999998,-0.01640296,-0.99974904,0.0,0.0,0.0,0.16671305,0.1569064,9.81645665,0.003058344881884077,-0.03208777135360398,-0.9994803479312347,1.847145755821694,-14.111,23.746,-11.059,0.9399719577329282,0.8741612440994418,96.19662381891783,36.9
95029.927746015,-0.6678,0.0002,-0.0112,-0.7442,0.015256399999999998,-0.01640296,-0.99974904,0.0,0.0,0.0,0.1569064,0.16671305,9.80665,0.003961857100996235,-0.031001592736696715,-0.9995114581475321,1.790997994461337,-14.111,23.746,-11.059,0.9399719577329282,0.8741612440994418,96.19662381891783,36.9
95029.967542056,-0.6678,0.0002,-0.0112,-0.7442,0.015256399999999998,-0.01640296,-0.99974904,0.0,0.0,0.0,0.14709974999999997,0.16671305,9.81645665,0.003835537200742053,-0.029995332235840645,-0.9995426577671516,1.732863662493712,-14.111,23.746,-11.059,0.9399719577329282,0.8741612440994418,96.19662381891783,36.9
95030.007590609,-0.6678,0.0002,-0.0112,-0.7442,0.015256399999999998,-0.01640296,-0.99974904,0.0,0.0,0.0,0.14709974999999997,0.1569064,9.79684335,0.002877906600693354,-0.03012969776577072,-0.9995418326982773,1.734426571120824,-14.111,23.746,-11.059,0.9399719577329282,0.8741612440994418,96.19662381891783,36.9
95030.047575888,-0.6678,0.0002,-0.0111,-0.7442,0.015122839999999999,-0.01625412,-0.9997535,0.0,0.0,0.0,0.14709974999999997,0.1569064,9.81645665,0.002976334038516111,-0.02995455623335501,-0.999546807969126,1.7249815966689774,-14.111,23.746,-11.059,0.931440033518657,0.8665079368280888,96.19636947199062,36.9
95030.087806166,-0.6678,0.0002,-0.0111,-0.7442,0.015122839999999999,-0.01625412,-0.9997535,0.0,0.0,0.0,0.1569064,0.16671305,9.80665,0.004095308700388857,-0.03085279391885146,-0.9995155237198146,1.7835279147255136,-14.111,23.746,-11.059,0.931440033518657,0.8665079368280888,96.19636947199062,36.9
95030.127539467,-0.6678,0.0002,-0.0111,-0.7442,0.015122839999999999,-0.01625412,-0.9997535,0.0,0.0,0.0,0.14709974999999997,0.16671305,9.81645665,0.003968995462364774,-0.029846530995897423,-0.999546590404965,1.7253950873179336,-14.111,23.746,-11.059,0.931440033518657,0.8665079368280888,96.19636947199062,36.9
95030.167688707,-0.6678,0.0002,-0.0111,-0.7442,0.015122839999999999,-0.01625412,-0.9997535,0.0,0.0,0.0,0.1569064,0.1569064,9.80665,0.003101672633415443,-0.03096094253298009,-0.9995157571899098,1.7830986181654471,-14.111,23.746,-11.059,0.931440033518657,0.8665079368280888,96.19636947199062,36.9
95030.207579761,-0.6678,0.0002,-0.0111,-0.7442,0.015122839999999999,-0.01625412,-0.9997535,0.0,0.0,0.0,0.14709974999999997,0.16671305,9.80665,0.003987486167705799,-0.02985957815425865,-0.9995461270863691,1.726276428347536,-14.111,23.746,-11.059,0.931440033518657,0.8665079368280888,96.19636947199062,36.9
95030.247605003,-0.6678,0.0002,-0.0111,-0.7442,0.015122839999999999,-0.01625412,-0.9997535,0.0,0.0,0.0,0.14709974999999997,0.1569064,9.79684335,0.0030113668354827157,-0.029980894220986223,-0.9995459132966278,1.7266834836629876,-14.111,23.746,-11.059,0.931440033518657,0.8665079368280888,96.19636947199062,36.9
95030.287667447,-0.6678,0.0002,-0.0111,-0.7442,0.015122839999999999,-0.01625412,-0.9997535,0.0,0.0,0.0,0.1569064,0.1569064,9.80665,0.003101672633415443,-0.03096094253298009,-0.9995157571899098,1.7830986181654471,-14.111,23.746,-11.059,0.931440033518657,0.8665079368280888,96.19636947199062,36.9
95030.33763825,-0.6678,0.0002,-0.0111,-0.7442,0.015122839999999999,-0.01625412,-0.9997535,0.0,0.0,0.0,0.14709974999999997,0.1569064,9.80665,0.0029938329297415998,-0.02996771207170836,-0.9995463613201582,1.7258314425476957,-14.111,23.746,-11.059,0.931440033518657,0.8665079368280888,96.19636947199062,36.9
95030.377619787,-0.6678,0.0002,-0.0111,-0.7442,0.015122839999999999,-0.01625412,-0.9997535,0.0,0.0,0.0,0.14709974999999997,0.1569064,9.81645665,0.002976334038516111,-0.02995455623335501,-0.999546807969126,1.7249815966689774,-14.111,23.746,-11.059,0.931440033518657,0.8665079368280888,96.19636947199062,36.9
95030.417609701,-0.6678,0.0002,-0.0111,-0.7442,0.015122839999999999,-0.01625412,-0.9997535,0.0,0.0,0.0,0.1569064,0.14709974999999997,9.79684335,0.002124649301269644,-0.031083347741000425,-0.9995145124943673,1.7853891989191173,-14.111,23.746,-11.059,0.931440033518657,0.8665079368280888,96.19636947199062,36.9
95030.467549572,-0.6678,0.0002,-0.0111,-0.7442,0.015122839999999999,-0.01625412,-0.9997535,0.0,0.0,0.0,0.14709974999999997,0.16671305,9.79684335,0.004006013870389688,-0.029872651404277174,-0.9995456623269326,1.7271600584178297,-14.111,23.746,-11.059,0.931440033518657,0.8665079368280888,96.19636947199062,36.9
95030.507587354,-0.6678,0.0002,-0.0111,-0.7442,0.015122839999999999,-0.01625412,-0.9997535,0.0,0.0,0.0,0.14709974999999997,0.1569064,9.81645665,0.002976334038516111,-0.02995455623335501,-0.999546807969126,1.7249815966689774,-14.111,23.746,-11.059,0.931440033518657,0.8665079368280888,96.19636947199062,36.9
95030.547745428,-0.6678,0.0002,-0.0111,-0.7442,0.015122839999999999,-0.01625412,-0.9997535,0.0,0.0,0.0,0.1372931,0.1569064,9.80665,0.002885987000623544,-0.028974421880436627,-0.9995759675127456,1.6685626899172539,-14.111,23.746,-11.059,0.931440033518657,0.8665079368280888,96.19636947199062,36.9
95030.597552417,-0.6678,0.0002,-0.0111,-0.7442,0.015122839999999999,-0.01625412,-0.9997535,0.0,0.0,0.0,0.1372931,0.1569064,9.80665,0.002885987000623544,-0.028974421880436627,-0.9995759675127456,1.6685626899172539,-14.111,23.746,-11.059,0.931440033518657,0.8665079368280888,96.19636947199062,36.9
95030.637790127,-0.6678,0.0002,-0.0111,-0.7442,0.015122839999999999,-0.01625412,-0.9997535,0.0,0.0,0.0,0.1569064,0.1569064,9.80665,0.003101672633415443,-0.03096094253298009,-0.9995157571899098,1.7830986181654471,-14.111,23.746,-11.059,0.931440033518657,0.8665079368280888,96.19636947199062,36.9
95030.687648611,-0.6678,0.0002,-0.0111,-0.7442,0.015122839999999999,-0.01625412,-0.9997535,0.0,0.0,0.0,0.14709974999999997,0.1569064,9.81645665,0.002976334038516111,-0.02995455623335501,-0.999546807969126,1.7249815966689774,-14.111,23.746,-11.059,0.931440033518657,0.8665079368280888,96.19636947199062,36.9
95030.72759007,-0.6678,0.0002,-0.0111,-0.7442,0.015122839999999999,-0.01625412,-0.9997535,0.0,0.0,0.0,0.14709974999999997,0.1569064,9.80665,0.0029938329297415998,-0.02996771207170836,-0.9995463613201582,1.7258314425476957,-14.111,23.746,-11.059,0.931440033518657,0.8665079368280888,96.19636947199062,36.9
95030.767848855,-0.6678,0.0002,-0.0111,-0.7442,0.015122839999999999,-0.01625412,-0.9997535,0.0,0.0,0.0,0.1569064,0.1569064,9.79684335,0.00311931411285085,-0.03097511772780446,-0.9995152630458121,1.7840081884044041,-14.111,23.746,-11.059,0.931440033518657,0.8665079368280888,96.19636947199062,36.9
95030.807651576,-0.6678,0.0002,-0.0111,-0.7442,0.015122839999999999,-0.01625412,-0.9997535,0.0,0.0,0.0,0.1569064,0.1569064,9.80665,0.003101672633415443,-0.03096094253298009,-0.9995157571899098,1.7830986181654471,-14.111,23.746,-11.059,0.931440033518657,0.8665079368280888,96.19636947199062,36.9
95030.857634729,-0.6678,0.0002,-0.0111,-0.7442,0.015122839999999999,-0.01625412,-0.9997535,0.0,0.0,0.0,0.14709974999999997,0.16671305,9.80665,0.003987486167705799,-0.02985957815425865,-0.9995461270863691,1.726276428347536,-14.111,23.746,-11.059,0.931440033518657,0.8665079368280888,96.19636947199062,36.9
95030.897610714,-0.6678,0.0002,-0.0111,-0.7442,0.015122839999999999,-0.01625412,-0.9997535,0.0,0.0,0.0,0.14709974999999997,0.1569064,9.81645665,0.002976334038516111,-0.02995455623335501,-0.999546807969126,1.7249815966689774,-14.111,23.746,-11.059,0.931440033518657,0.8665079368280888,96.19636947199062,36.9
95030.937676522,-0.6678,0.0002,-0.0111,-0.7442,0.015122839999999999,-0.01625412,-0.9997535,0.0,0.0,0.0,0.14709974999999997,0.1569064,9.79684335,0.0030113668354827157,-0.029980894220986223,-0.9995459132966278,1.7266834836629876,-14.111,23.746,-11.059,0.931440033518657,0.8665079368280888,96.19636947199062,36.9
95030.987579366,-0.6678,0.0002,-0.0111,-0.7442,0.015122839999999999,-0.01625412,-0.9997535,0.0,0.0,0.0,0.14709974999999997,0.1569064,9.80665,0.0029938329297415998,-0.02996771207170836,-0.9995463613201582,1.7258314425476957,-14.111,23.746,-11.059,0.931440033518657,0.8665079368280888,96.19636947199062,36.9
95031.027607052,-0.6678,0.0002,-0.0112,-0.7442,0.015256399999999998,-0.01640296,-0.99974904,0.0,0.0,0.0,0.1372931,0.16671305,9.80665,0.0037461918985876377,-0.029015106129691524,-0.9995719339094404,1.6764814367252496,-14.111,23.746,-11.059,0.9399719577329282,0.8741612440994418,96.19662381891783,36.9
95031.077614916,-0.6678,0.0002,-0.0111,-0.7442,0.015122839999999999,-0.01625412,-0.9997535,0.0,0.0,0.0,0.14709974999999997,0.16671305,9.80665,0.003987486167705799,-0.02985957815425865,-0.9995461270863691,1.726276428347536,-14.111,23.746,-11.059,0.931440033518657,0.8665079368280888,96.19636947199062,36.9
95031.117712061,-0.6678,0.0002,-0.0111,-0.7442,0.015122839999999999,-0.01625412,-0.9997535,0.0,0.0,0.0,0.1569064,0.1569064,9.80665,0.003101672633415443,-0.03096094253298009,-0.9995157571899098,1.7830986181654471,-14.111,23.746,-11.059,0.931440033518657,0.8665079368280888,96.19636947199062,36.9
95031.167637805,-0.6678,0.0002,-0.0111,-0.7442,0.015122839999999999,-0.01625412,-0.9997535,0.0,0.0,0.0,0.14709974999999997,0.1569064,9.81645665,0.002976334038516111,-0.02995455623335501,-0.999546807969126,1.7249815966689774,-14.111,23.746,-11.059,0.931440033518657,0.8665079368280888,96.19636947199062,36.9
95031.20762423,-0.6678,0.0002,-0.0111,-0.7442,0.015122839999999999,-0.01625412,-0.9997535,0.0,0.0,0.0,0.1372931,0.16671305,9.80665,0.0038796564173651585,-0.028866302770131993,-0.9995757325483822,1.6690243768817101,-14.111,23.746,-11.059,0.931440033518657,0.8665079368280888,96.19636947199062,36.9
95031.257613649,-0.6678,0.0002,-0.0111,-0.7442,0.015122839999999999,-0.01625412,-0.9997535,0.0,0.0,0.0,0.14709974999999997,0.1569064,9.80665,0.0029938329297415998,-0.02996771207170836,-0.9995463613201582,1.7258314425476957,-14.111,23.746,-11.059,0.931440033518657,0.8665079368280888,96.19636947199062,36.9
95031.297566751,-0.6678,0.0002,-0.0111,-0.7442,0.015122839999999999,-0.01625412,-0.9997535,0.0,0.0,0.0,0.14709974999999997,0.1569064,9.826263299999999,0.0029588700570520633,-0.029941426627250627,-0.9995472532490788,1.7241339387089862,-14.111,23.746,-11.059,0.931440033518657,0.8665079368280888,96.19636947199062,36.9
95031.347716002,-0.6678,0.0002,-0.0111,-0.7442,0.015122839999999999,-0.01625412,-0.9997535,0.0,0.0,0.0,0.14709974999999997,0.1569064,9.81645665,0.002976334038516111,-0.02995455623335501,-0.999546807969126,1.7249815966689774,-14.111,23.746,-11.059,0.931440033518657,0.8665079368280888,96.19636947199062,36.9
95031.387600745,-0.6678,0.0002,-0.0111,-0.7442,0.015122839999999999,-0.01625412,-0.9997535,0.0,0.0,0.0,0.1569064,0.16671305,9.81645665,0.004076710686311959,-0.030838755739733704,-0.9995160330329779,1.7825901659333556,-14.111,23.746,-11.059,0.931440033518657,0.8665079368280888,96.19636947199062,36.9
95031.42763828,-0.6678,0.0002,-0.0111,-0.7442,0.015122839999999999,-0.01625412,-0.9997535,0.0,0.0,0.0,0.14709974999999997,0.1569064,9.79684335,0.0030113668354827157,-0.029980894220986223,-0.9995459132966278,1.7266834836629876,-14.111,23.746,-11.059,0.931440033518657,0.8665079368280888,96.19636947199062,36.9
95031.477623879,-0.6678,0.0002,-0.0111,-0.7442,0.015122839999999999,-0.01625412,-0.9997535,0.0,0.0,0.0,0.14709974999999997,0.1569064,9.81645665,0.002976334038516111,-0.02995455623335501,-0.999546807969126,1.7249815966689774,-14.111,23.746,-11.059,0.931440033518657,0.8665079368280888,96.19636947199062,36.9
95031.517603242,-0.6678,0.0002,-0.0111,-0.7442,0.015122839999999999,-0.01625412,-0.9997535,0.0,0.0,0.0,0.14709974999999997,0.14709974999999997,9.80665,0.0020001449180107253,-0.030075819501735046,-0.9995455967360412,1.7272856219535542,-14.111,23.746,-11.059,0.931440033518657,0.8665079368280888,96.19636947199062,36.9
95031.568178008,-0.6678,0.0002,-0.0111,-0.7442,0.015122839999999999,-0.01625412,-0.9997535,0.0,0.0,0.0,0.1569064,0.16671305,9.81645665,0.004076710686311959,-0.030838755739733704,-0.9995160330329779,1.7825901659333556,-14.111,23.746,-11.059,0.931440033518657,0.8665079368280888,96.19636947199062,36.9
95031.607597895,-0.6678,0.0002,-0.0111,-0.7442,0.015122839999999999,-0.01625412,-0.9997535,0.0,0.0,0.0,0.14709974999999997,0.1569064,9.81645665,0.002976334038516111,-0.02995455623335501,-0.999546807969126,1.7249815966689774,-14.111,23.746,-11.059,0.931440033518657,0.8665079368280888,96.19636947199062,36.9
95031.657693906,-0.6678,0.0002,-0.0111,-0.7442,0.015122839999999999,-0.01625412,-0.9997535,0.0,0.0,0.0,0.14709974999999997,0.16671305,9.79684335,0.004006013870389688,-0.029872651404277174,-0.9995456623269326,1.7271600584178297,-14.111,23.746,-11.059,0.931440033518657,0.8665079368280888,96.19636947199062,36.9
95031.697748925,-0.6678,0.0002,-0.0111,-0.7442,0.015122839999999999,-0.01625412,-0.9997535,0.0,0.0,0.0,0.14709974999999997,0.16671305,9.7870367,0.004024578681538788,-0.029885750824278072,-0.9995451961207822,1.7280459851768848,-14.111,23.746,-11.059,0.931440033518657,0.8665079368280888,96.19636947199062,36.9
95031.747540851,-0.6678,0.0002,-0.0111,-0.7442,0.015122839999999999,-0.01625412,-0.9997535,0.0,0.0,0.0,0.1372931,0.16671305,9.80665,0.0038796564173651585,-0.028866302770131993,-0.9995757325483822,1.6690243768817101,-14.111,23.746,-11.059,0.931440033518657,0.8665079368280888,96.19636947199062,36.9
95031.797662334,-0.6678,0.0002,-0.0111,-0.7442,0.015122839999999999,-0.01625412,-0.9997535,0.0,0.0,0.0,0.1569064,0.1569064,9.80665,0.003101672633415443,-0.03096094253298009,-0.9995157571899098,1.7830986181654471,-14.111,23.746,-11.059,0.931440033518657,0.8665079368280888,96.19636947199062,36.9
95031.837577707,-0.6678,0.0002,-0.0111,-0.7442,0.015122839999999999,-0.01625412,-0.9997535,0.0,0.0,0.0,0.1372931,0.16671305,9.80665,0.0038796564173651585,-0.028866302770131993,-0.9995757325483822,1.6690243768817101,-14.111,23.746,-11.059,0.931440033518657,0.8665079368280888,96.19636947199062,36.9
95031.877744649,-0.6678,0.0002,-0.0111,-0.7442,0.015122839999999999,-0.01625412,-0.9997535,0.0,0.0,0.0,0.1569064,0.1569064,9.80665,0.003101672633415443,-0.03096094253298009,-0.9995157571899098,1.7830986181654471,-14.111,23.746,-11.059,0.931440033518657,0.8665079368280888,96.19636947199062,36.9
95031.927571409,-0.6678,0.0002,-0.0111,-0.7442,0.015122839999999999,-0.01625412,-0.9997535,0.0,0.0,0.0,0.1569064,0.1569064,9.81645665,0.003084066382086746,-0.03094679562992429,-0.999516249836493,1.7821913423642821,-14.111,23.746,-11.059,0.931440033518657,0.8665079368280888,96.19636947199062,36.9
95031.977650456,-0.6678,0.0002,-0.0111,-0.7442,0.015122839999999999,-0.01625412,-0.9997535,0.0,0.0,0.0,0.14709974999999997,0.14709974999999997,9.79684335,0.0020166849077844634,-0.030089110487549066,-0.9995451634502116,1.7281089516300367,-14.111,23.746,-11.059,0.931440033518657,0.8665079368280888,96.19636947199062,36.9
95032.017631343,-0.6678,0.0002,-0.0111,-0.7442,0.015122839999999999,-0.01625412,-0.9997535,0.0,0.0,0.0,0.14709974999999997,0.16671305,9.79684335,0.004006013870389688,-0.029872651404277174,-0.9995456623269326,1.7271600584178297,-14.111,23.746,-11.059,0.931440033518657,0.8665079368280888,96.19636947199062,36.9
95032.067616117,-0.6678,0.0002,-0.0111,-0.7442,0.015122839999999999,-0.01625412,-0.9997535,0.0,0.0,0.0,0.14709974999999997,0.1569064,9.80665,0.0029938329297415998,-0.02996771207170836,-0.9995463613201582,1.7258314425476957,-14.111,23.746,-11.059,0.931440033518657,0.8665079368280888,96.19636947199062,36.9
95032.117573955,-0.6678,0.0002,-0.0112,-0.7442,0.015256399999999998,-0.01640296,-0.99974904,0.0,0.0,0.0,0.16671305,0.16671305,9.80665,0.004069678752743179,-0.031994743414883585,-0.9994797236065925,1.8482546053679905,-14.111,23.746,-11.059,0.9399719577329282,0.8741612440994418,96.19662381891783,36.9
95032.157581032,-0.6678,0.0002,-0.0112,-0.7442,0.015256399999999998,-0.01640296,-0.99974904,0.0,0.0,0.0,0.1372931,0.1569064,9.81645665,0.002735128619458972,-0.029111063150151,-0.999572422133068,1.6755256167925752,-14.111,23.746,-11.059,0.9399719577329282,0.8741612440994418,96.19662381891783,36.9
95032.197572114,-0.6678,0.0002,-0.0112,-0.7442,0.015256399999999998,-0.01640296,-0.99974904,0.0,0.0,0.0,0.16671305,0.16671305,9.80665,0.004069678752743179,-0.031994743414883585,-0.9994797236065925,1.8482546053679905,-14.111,23.746,-11.059,0.9399719577329282,0.8741612440994418,96.19662381891783,36.9
95032.24767048,-0.6678,0.0002,-0.0112,-0.7442,0.015256399999999998,-0.01640296,-0.99974904,0.0,0.0,0.0,0.14709974999999997,0.17651969999999997,9.80665,0.004847645903784958,-0.029900216636718505,-0.9995411108925627,1.7357911442548202,-14.111,23.746,-11.059,0.9399719577329282,0.8741612440994418,96.19662381891783,36.9
95032.287540309,-0.6678,0.0002,-0.0112,-0.7442,0.015256399999999998,-0.01640296,-0.99974904,0.0,0.0,0.0,0.14709974999999997,0.16671305,9.80665,0.0038540280420378426,-0.030008379317272578,-0.9995421949767915,1.7337402109673246,-14.111,23.746,-11.059,0.9399719577329282,0.8741612440994418,96.19662381891783,36.9
95032.337575398,-0.6678,0.0002,-0.0112,-0.7442,0.015256399999999998,-0.01640296,-0.99974904,0.0,0.0,0.0,0.1569064,0.16671305,9.80665,0.003961857100996235,-0.031001592736696715,-0.9995114581475321,1.790997994461337,-14.111,23.746,-11.059,0.9399719577329282,0.8741612440994418,96.19662381891783,36.9
95032.377608084,-0.6678,0.0002,-0.0112,-0.7442,0.015256399999999998,-0.01640296,-0.99974904,0.0,0.0,0.0,0.1569064,0.16671305,9.826263299999999,0.003924697883557144,-0.03097354452975119,-0.999512474427112,1.7891341330614179,-14.111,23.746,-11.059,0.9399719577329282,0.8741612440994418,96.19662381891783,36.9
95032.427545125,-0.6678,0.0002,-0.0112,-0.7442,0.015256399999999998,-0.01640296,-0.99974904,0.0,0.0,0.0,0.14709974999999997,0.1569064,9.80665,0.002860372563101019,-0.03011651568874085,-0.9995422803415155,1.733579051714979,-14.111,23.746,-11.059,0.9399719577329282,0.8741612440994418,96.19662381891783,36.9
95032.467610998,-0.6678,0.0002,-0.0112,-0.7442,0.015256399999999998,-0.01640296,-0.99974904,0.0,0.0,0.0,0.1569064,0.1569064,9.80665,0.002968218793226637,-0.031109743804729195,-0.9995115427486687,1.7908433860486692,-14.111,23.746,-11.059,0.9399719577329282,0.8741612440994418,96.19662381891783,36.9
95032.507656228,-0.6678,0.0002,-0.0112,-0.7442,0.015256399999999998,-0.01640296,-0.99974904,0.0,0.0,0.0,0.1569064,0.16671305,9.80665,0.003961857100996235,-0.031001592736696715,-0.9995114581475321,1.790997994461337,-14.111,23.746,-11.059,0.9399719577329282,0.8741612440994418,96.19662381891783,36.9
95032.557701657,-0.6678,0.0002,-0.0112,-0.7442,0.015256399999999998,-0.01640296,-0.99974904,0.0,0.0,0.0,0.14709974999999997,0.1569064,9.81645665,0.0028428735403516845,-0.03010335992241977,-0.9995427266109527,1.7327337207308338,-14.111,23.746,-11.059,0.9399719577329282,0.8741612440994418,96.19662381891783,36.9
95032.597629638,-0.6678,0.0002,-0.0112,-0.7442,0.015256399999999998,-0.01640296,-0.99974904,0.0,0.0,0.0,0.1569064,0.1569064,9.80665,0.002968218793226637,-0.031109743804729195,-0.9995115427486687,1.7908433860486692,-14.111,23.746,-11.059,0.9399719577329282,0.8741612440994418,96.19662381891783,36.9
95032.637591197,-0.6678,0.0002,-0.0112,-0.7442,0.015256399999999998,-0.01640296,-0.99974904,0.0,0.0,0.0,0.1569064,0.1569064,9.81645665,0.002950612401797085,-0.03109559697834585,-0.999512035148925,1.789940483215269,-14.111,23.746,-11.059,0.9399719577329282,0.8741612440994418,96.19662381891783,36.9
95032.687620019,-0.6678,0.0002,-0.0112,-0.7442,0.015256399999999998,-0.01640296,-0.99974904,0.0,0.0,0.0,0.14709974999999997,0.16671305,9.80665,0.0038540280420378426,-0.030008379317272578,-0.9995421949767915,1.7337402109673246,-14.111,23.746,-11.059,0.9399719577329282,0.8741612440994418,96.19662381891783,36.9
95032.727575964,-0.6678,0.0002,-0.0112,-0.7442,0.015256399999999998,-0.01640296,-0.99974904,0.0,0.0,0.0,0.14709974999999997,0.16671305,9.80665,0.0038540280420378426,-0.030008379317272578,-0.9995421949767915,1.7337402109673246,-14.111,23.746,-11.059,0.9399719577329282,0.8741612440994418,96.19662381891783,36.9
95032.767578311,-0.6678,0.0002,-0.0112,-0.7442,0.015256399999999998,-0.01640296,-0.99974904,0.0,0.0,0.0,0.1569064,0.14709974999999997,9.81645665,0.001957931233157852,-0.031203611756082876,-0.9995111064672324,1.7916433284471531,-14.111,23.746,-11.059,0.9399719577329282,0.8741612440994418,96.19662381891783,36.9
95032.807629901,-0.6678,0.0002,-0.0111,-0.7442,0.015122839999999999,-0.01625412,-0.9997535,0.0,0.0,0.0,0.14709974999999997,0.1569064,9.81645665,0.002976334038516111,-0.02995455623335501,-0.999546807969126,1.7249815966689774,-14.111,23.746,-11.059,0.931440033518657,0.8665079368280888,96.19636947199062,36.9
95032.847591171,-0.6678,0.0002,-0.0111,-0.7442,0.015122839999999999,-0.01625412,-0.9997535,0.0,0.0,0.0,0.14709974999999997,0.1569064,9.80665,0.0029938329297415998,-0.02996771207170836,-0.9995463613201582,1.7258314425476957,-14.111,23.746,-11.059,0.931440033518657,0.8665079368280888,96.19636947199062,36.9
95032.887638216,-0.6678,0.0002,-0.0111,-0.7442,0.015122839999999999,-0.01625412,-0.9997535,0.0,0.0,0.0,0.14709974999999997,0.16671305,9.80665,0.003987486167705799,-0.02985957815425865,-0.9995461270863691,1.726276428347536,-14.111,23.746,-11.059,0.931440033518657,0.8665079368280888,96.19636947199062,36.9
95032.937627122,-0.6678,0.0002,-0.0111,-0.7442,0.015122839999999999,-0.01625412,-0.9997535,0.0,0.0,0.0,0.14709974999999997,0.1569064,9.81645665,0.002976334038516111,-0.02995455623335501,-0.999546807969126,1.7249815966689774,-14.111,23.746,-11.059,0.931440033518657,0.8665079368280888,96.19636947199062,36.9
95032.977735359,-0.6678,0.0002,-0.0111,-0.7442,0.015122839999999999,-0.01625412,-0.9997535,0.0,0.0,0.0,0.1569064,0.14709974999999997,9.80665,0.002108001686543395,-0.0310690636684929,-0.9995149919035958,1.784507437787591,-14.111,23.746,-11.059,0.931440033518657,0.8665079368280888,96.19636947199062,36.9
95033.027586685,-0.6678,0.0002,-0.0111,-0.7442,0.015122839999999999,-0.01625412,-0.9997535,0.0,0.0,0.0,0.14709974999999997,0.14709974999999997,9.80665,0.0020001449180107253,-0.030075819501735046,-0.9995455967360412,1.7272856219535542,-14.111,23.746,-11.059,0.931440033518657,0.8665079368280888,96.19636947199062,36.9
95033.067649713,-0.6678,0.0002,-0.0111,-0.7442,0.015122839999999999,-0.01625412,-0.9997535,0.0,0.0,0.0,0.1372931,0.16671305,9.80665,0.0038796564173651585,-0.028866302770131993,-0.9995757325483822,1.6690243768817101,-14.111,23.746,-11.059,0.931440033518657,0.8665079368280888,96.19636947199062,36.9
95033.117768088,-0.6678,0.0002,-0.0111,-0.7442,0.015122839999999999,-0.01625412,-0.9997535,0.0,0.0,0.0,0.1569064,0.1569064,9.80665,0.003101672633415443,-0.03096094253298009,-0.9995157571899098,1.7830986181654471,-14.111,23.746,-11.059,0.931440033518657,0.8665079368280888,96.19636947199062,36.9
95033.157810145,-0.6678,0.0002,-0.0111,-0.7442,0.015122839999999999,-0.01625412,-0.9997535,0.0,0.0,0.0,0.14709974999999997,0.1569064,9.81645665,0.002976334038516111,-0.02995455623335501,-0.999546807969126,1.7249815966689774,-14.111,23.746,-11.059,0.931440033518657,0.8665079368280888,96.19636947199062,36.9
95033.207624569,-0.6678,0.0002,-0.0111,-0.7442,0.015122839999999999,-0.01625412,-0.9997535,0.0,0.0,0.0,0.14709974999999997,0.16671305,9.80665,0.003987486167705799,-0.02985957815425865,-0.9995461270863691,1.726276428347536,-14.111,23.746,-11.059,0.931440033518657,0.8665079368280888,96.19636947199062,36.9
95033.247675597,-0.6678,0.0002,-0.0111,-0.7442,0.015122839999999999,-0.01625412,-0.9997535,0.0,0.0,0.0,0.1569064,0.16671305,9.81645665,0.004076710686311959,-0.030838755739733704,-0.9995160330329779,1.7825901659333556,-14.111,23.746,-11.059,0.931440033518657,0.8665079368280888,96.19636947199062,36.9
95033.297605868,-0.6678,0.0002,-0.0111,-0.7442,0.015122839999999999,-0.01625412,-0.9997535,0.0,0.0,0.0,0.1372931,0.1569064,9.81645665,0.0028685955025911404,-0.028962257268777058,-0.9995763701537864,1.6677702968640187,-14.111,23.746,-11.059,0.931440033518657,0.8665079368280888,96.19636947199062,36.9
95033.337586279,-0.6678,0.0002,-0.0111,-0.7442,0.015122839999999999,-0.01625412,-0.9997535,0.0,0.0,0.0,0.14709974999999997,0.1569064,9.79684335,0.0030113668354827157,-0.029980894220986223,-0.9995459132966278,1.7266834836629876,-14.111,23.746,-11.059,0.931440033518657,0.8665079368280888,96.19636947199062,36.9
95033.37775595,-0.6678,0.0002,-0.0111,-0.7442,0.015122839999999999,-0.01625412,-0.9997535,0.0,0.0,0.0,0.1372931,0.1569064,9.80665,0.002885987000623544,-0.028974421880436627,-0.9995759675127456,1.6685626899172539,-14.111,23.746,-11.059,0.931440033518657,0.8665079368280888,96.19636947199062,36.9
95033.427592133,-0.6678,0.0002,-0.0111,-0.7442,0.015122839999999999,-0.01625412,-0.9997535,0.0,0.0,0.0,0.14709974999999997,0.16671305,9.80665,0.003987486167705799,-0.02985957815425865,-0.9995461270863691,1.726276428347536,-14.111,23.746,-11.059,0.931440033518657,0.8665079368280888,96.19636947199062,36.9
95033.46775214,-0.6678,0.0002,-0.0111,-0.7442,0.015122839999999999,-0.01625412,-0.9997535,0.0,0.0,0.0,0.16671305,0.1569064,9.81645665,0.0031917922114237766,-0.031938972494138886,-0.9994846959397385,1.8393994052260836,-14.111,23.746,-11.059,0.931440033518657,0.8665079368280888,96.19636947199062,36.9
95033.507663869,-0.6678,0.0002,-0.0111,-0.7442,0.015122839999999999,-0.01625412,-0.9997535,0.0,0.0,0.0,0.14709974999999997,0.16671305,9.80665,0.003987486167705799,-0.02985957815425865,-0.9995461270863691,1.726276428347536,-14.111,23.746,-11.059,0.931440033518657,0.8665079368280888,96.19636947199062,36.9
95033.557653817,-0.6678,0.0002,-0.0111,-0.7442,0.015122839999999999,-0.01625412,-0.9997535,0.0,0.0,0.0,0.1372931,0.1569064,9.80665,0.002885987000623544,-0.028974421880436627,-0.9995759675127456,1.6685626899172539,-14.111,23.746,-11.059,0.931440033518657,0.8665079368280888,96.19636947199062,36.9
95033.607706669,-0.6678,0.0002,-0.0111,-0.7442,0.015122839999999999,-0.01625412,-0.9997535,0.0,0.0,0.0,0.1569064,0.1569064,9.81645665,0.003084066382086746,-0.03094679562992429,-0.999516249836493,1.7821913423642821,-14.111,23.746,-11.059,0.931440033518657,0.8665079368280888,96.19636947199062,36.9
95033.647608083,-0.6678,0.0002,-0.0111,-0.7442,0.015122839999999999,-0.01625412,-0.9997535,0.0,0.0,0.0,0.14709974999999997,0.16671305,9.80665,0.003987486167705799,-0.02985957815425865,-0.9995461270863691,1.726276428347536,-14.111,23.746,-11.059,0.931440033518657,0.8665079368280888,96.19636947199062,36.9
95033.687611883,-0.6678,0.0002,-0.0111,-0.7442,0.015122839999999999,-0.01625412,-0.9997535,0.0,0.0,0.0,0.14709974999999997,0.1569064,9.80665,0.0029938329297415998,-0.02996771207170836,-0.9995463613201582,1.7258314425476957,-14.111,23.746,-11.059,0.931440033518657,0.8665079368280888,96.19636947199062,36.9
95033.737730164,-0.6678,0.0002,-0.0111,-0.7442,0.015122839999999999,-0.01625412,-0.9997535,0.0,0.0,0.0,0.14709974999999997,0.1569064,9.80665,0.0029938329297415998,-0.02996771207170836,-0.9995463613201582,1.7258314425476957,-14.111,23.746,-11.059,0.931440033518657,0.8665079368280888,96.19636947199062,36.9
95033.777592015,-0.6678,0.0002,-0.0111,-0.7442,0.015122839999999999,-0.01625412,-0.9997535,0.0,0.0,0.0,0.14709974999999997,0.1569064,9.80665,0.0029938329297415998,-0.02996771207170836,-0.9995463613201582,1.7258314425476957,-14.111,23.746,-11.059,0.931440033518657,0.8665079368280888,96.19636947199062,36.9
95033.827589577,-0.6678,0.0002,-0.0111,-0.7442,0.015122839999999999,-0.01625412,-0.9997535,0.0,0.0,0.0,0.14709974999999997,0.1569064,9.80665,0.0029938329297415998,-0.02996771207170836,-0.9995463613201582,1.7258314425476957,-14.111,23.746,-11.059,0.931440033518657,0.8665079368280888,96.19636947199062,36.9
95033.867687681,-0.6678,0.0002,-0.0111,-0.7442,0.015122839999999999,-0.01625412,-0.9997535,0.0,0.0,0.0,0.1372931,0.16671305,9.81645665,0.003861273056816385,-0.02885424679418315,-0.9995761518619501,1.6681993960917538,-14.111,23.746,-11.059,0.931440033518657,0.8665079368280888,96.19636947199062,36.9
95033.907629795,-0.6678,0.0002,-0.0111,-0.7442,0.015122839999999999,-0.01625412,-0.9997535,0.0,0.0,0.0,0.14709974999999997,0.14709974999999997,9.80665,0.0020001449180107253,-0.030075819501735046,-0.9995455967360412,1.7272856219535542,-14.111,23.746,-11.059,0.931440033518657,0.8665079368280888,96.19636947199062,36.9
95033.957615615,-0.6678,0.0002,-0.0111,-0.7442,0.015122839999999999,-0.01625412,-0.9997535,0.0,0.0,0.0,0.1569064,0.1569064,9.79684335,0.00311931411285085,-0.03097511772780446,-0.9995152630458121,1.7840081884044041,-14.111,23.746,-11.059,0.931440033518657,0.8665079368280888,96.19636947199062,36.9
95033.997655219,-0.6678,0.0002,-0.0111,-0.7442,0.015122839999999999,-0.01625412,-0.9997535,0.0,0.0,0.0,0.14709974999999997,0.1569064,9.80665,0.0029938329297415998,-0.02996771207170836,-0.9995463613201582,1.7258314425476957,-14.111,23.746,-11.059,0.931440033518657,0.8665079368280888,96.19636947199062,36.9
95034.047742961,-0.6678,0.0002,-0.0111,-0.7442,0.015122839999999999,-0.01625412,-0.9997535,0.0,0.0,0.0,0.1372931,0.16671305,9.80665,0.0038796564173651585,-0.028866302770131993,-0.9995757325483822,1.6690243768817101,-14.111,23.746,-11.059,0.931440033518657,0.8665079368280888,96.19636947199062,36.9
95034.087665686,-0.6678,0.0002,-0.0111,-0.7442,0.015122839999999999,-0.01625412,-0.9997535,0.0,0.0,0.0,0.14709974999999997,0.16671305,9.80665,0.003987486167705799,-0.02985957815425865,-0.9995461270863691,1.726276428347536,-14.111,23.746,-11.059,0.931440033518657,0.8665079368280888,96.19636947199062,36.9
95034.127630944,-0.6678,0.0002,-0.0111,-0.7442,0.015122839999999999,-0.01625412,-0.9997535,0.0,0.0,0.0,0.14709974999999997,0.16671305,9.81645665,0.003968995462364774,-0.029846530995897423,-0.999546590404965,1.7253950873179336,-14.111,23.746,-11.059,0.931440033518657,0.8665079368280888,96.19636947199062,36.9
95034.177604655,-0.6678,0.0002,-0.0111,-0.7442,0.015122839999999999,-0.01625412,-0.9997535,0.0,0.0,0.0,0.1569064,0.14709974999999997,9.80665,0.002108001686543395,-0.0310690636684929,-0.9995149919035958,1.784507437787591,-14.111,23.746,-11.059,0.931440033518657,0.8665079368280888,96.19636947199062,36.9
95034.22760489,-0.6678,0.0002,-0.0111,-0.7442,0.015122839999999999,-0.01625412,-0.9997535,0.0,0.0,0.0,0.16671305,0.1569064,9.80665,0.003209505788803021,-0.03195411029101872,-0.9994841553065428,1.8403640893562208,-14.111,23.746,-11.059,0.931440033518657,0.8665079368280888,96.19636947199062,36.9
95034.267648754,-0.6678,0.0002,-0.0111,-0.7442,0.015122839999999999,-0.01625412,-0.9997535,0.0,0.0,0.0,0.14709974999999997,0.1569064,9.80665,0.0029938329297415998,-0.02996771207170836,-0.9995463613201582,1.7258314425476957,-14.111,23.746,-11.059,0.931440033518657,0.8665079368280888,96.19636947199062,36.9
95034.307628215,-0.6678,0.0002,-0.0111,-0.7442,0.015122839999999999,-0.01625412,-0.9997535,0.0,0.0,0.0,0.1569064,0.1569064,9.81645665,0.003084066382086746,-0.03094679562992429,-0.999516249836493,1.7821913423642821,-14.111,23.746,-11.059,0.931440033518657,0.8665079368280888,96.19636947199062,36.9
95034.357608523,-0.6678,0.0002,-0.0112,-0.7442,0.015256399999999998,-0.01640296,-0.99974904,0.0,0.0,0.0,0.1569064,0.16671305,9.80665,0.003961857100996235,-0.031001592736696715,-0.9995114581475321,1.790997994461337,-14.111,23.746,-11.059,0.9399719577329282,0.8741612440994418,96.19662381891783,36.9
95034.397576592,-0.6678,0.0002,-0.0112,-0.7442,0.015256399999999998,-0.01640296,-0.99974904,0.0,0.0,0.0,0.1372931,0.1569064,9.81645665,0.002735128619458972,-0.029111063150151,-0.999572422133068,1.6755256167925752,-14.111,23.746,-11.059,0.9399719577329282,0.8741612440994418,96.19662381891783,36.9
95034.437784989,-0.6678,0.0002,-0.0112,-0.7442,0.015256399999999998,-0.01640296,-0.99974904,0.0,0.0,0.0,0.1569064,0.1569064,9.81645665,0.002950612401797085,-0.03109559697834585,-0.999512035148925,1.789940483215269,-14.111,23.746,-11.059,0.9399719577329282,0.8741612440994418,96.19662381891783,36.9
95034.487648893,-0.6678,0.0002,-0.0112,-0.7442,0.015256399999999998,-0.01640296,-0.99974904,0.0,0.0,0.0,0.14709974999999997,0.14709974999999997,9.80665,0.001866682443689937,-0.0302246254241683,-0.9995413668876499,1.7353083802865321,-14.111,23.746,-11.059,0.9399719577329282,0.8741612440994418,96.19662381891783,36.9
95034.527574065,-0.6678,0.0002,-0.0111,-0.7442,0.015122839999999999,-0.01625412,-0.9997535,0.0,0.0,0.0,0.1372931,0.14709974999999997,9.80665,0.0018922829163610464,-0.029082515494679544,-0.9995752036006951,1.6700653998536472,-14.111,23.746,-11.059,0.931440033518657,0.8665079368280888,96.19636947199062,36.9
95034.57759394,-0.6678,0.0002,-0.0111,-0.7442,0.015122839999999999,-0.01625412,-0.9997535,0.0,0.0,0.0,0.1569064,0.14709974999999997,9.80665,0.002108001686543395,-0.0310690636684929,-0.9995149919035958,1.784507437787591,-14.111,23.746,-11.059,0.931440033518657,0.8665079368280888,96.19636947199062,36.9
95034.617618782,-0.6678,0.0002,-0.0111,-0.7442,0.015122839999999999,-0.01625412,-0.9997535,0.0,0.0,0.0,0.1569064,0.14709974999999997,9.80665,0.002108001686543395,-0.0310690636684929,-0.9995149919035958,1.784507437787591,-14.111,23.746,-11.059,0.931440033518657,0.8665079368280888,96.19636947199062,36.9
95034.657737022,-0.6678,0.0002,-0.0111,-0.7442,0.015122839999999999,-0.01625412,-0.9997535,0.0,0.0,0.0,0.14709974999999997,0.16671305,9.80665,0.003987486167705799,-0.02985957815425865,-0.9995461270863691,1.726276428347536,-14.111,23.746,-11.059,0.931440033518657,0.8665079368280888,96.19636947199062,36.9
95034.707665716,-0.6678,0.0002,-0.0111,-0.7442,0.015122839999999999,-0.01625412,-0.9997535,0.0,0.0,0.0,0.14709974999999997,0.1569064,9.79684335,0.0030113668354827157,-0.029980894220986223,-0.9995459132966278,1.7266834836629876,-14.111,23.746,-11.059,0.931440033518657,0.8665079368280888,96.19636947199062,36.9
95034.747592941,-0.6678,0.0002,-0.0111,-0.7442,0.015122839999999999,-0.01625412,-0.9997535,0.0,0.0,0.0,0.1569064,0.1569064,9.79684335,0.00311931411285085,-0.03097511772780446,-0.9995152630458121,1.7840081884044041,-14.111,23.746,-11.059,0.931440033518657,0.8665079368280888,96.19636947199062,36.9
95034.797662045,-0.6678,0.0002,-0.0111,-0.7442,0.015122839999999999,-0.01625412,-0.9997535,0.0,0.0,0.0,0.16671305,0.14709974999999997,9.80665,0.0022158528989635953,-0.03206224502159703,-0.9994833892879119,1.8417304243615211,-14.111,23.746,-11.059,0.931440033518657,0.8665079368280888,96.19636947199062,36.9
95034.837609907,-0.6678,0.0002,-0.0111,-0.7442,0.015122839999999999,-0.01625412,-0.9997535,0.0,0.0,0.0,0.1372931,0.1569064,9.80665,0.002885987000623544,-0.028974421880436627,-0.9995759675127456,1.6685626899172539,-14.111,23.746,-11.059,0.931440033518657,0.8665079368280888,96.19636947199062,36.9
95034.887556888,-0.6678,0.0002,-0.0111,-0.7442,0.015122839999999999,-0.01625412,-0.9997535,0.0,0.0,0.0,0.14709974999999997,0.14709974999999997,9.81645665,0.0019836379594216393,-0.03006255504589614,-0.9995460287076111,1.726464398824349,-14.111,23.746,-11.059,0.931440033518657,0.8665079368280888,96.19636947199062,36.9
95034.927759353,-0.6678,0.0002,-0.0111,-0.7442,0.015122839999999999,-0.01625412,-0.9997535,0.0,0.0,0.0,0.1569064,0.1569064,9.80665,0.003101672633415443,-0.03096094253298009,-0.9995157571899098,1.7830986181654471,-14.111,23.746,-11.059,0.931440033518657,0.8665079368280888,96.19636947199062,36.9
95034.967650462,-0.6678,0.0002,-0.0111,-0.7442,0.015122839999999999,-0.01625412,-0.9997535,0.0,0.0,0.0,0.1372931,0.1569064,9.80665,0.002885987000623544,-0.028974421880436627,-0.9995759675127456,1.6685626899172539,-14.111,23.746,-11.059,0.931440033518657,0.8665079368280888,96.19636947199062,36.9
95035.007772286,-0.6678,0.0002,-0.0111,-0.7442,0.015122839999999999,-0.01625412,-0.9997535,0.0,0.0,0.0,0.1569064,0.16671305,9.80665,0.004095308700388857,-0.03085279391885146,-0.9995155237198146,1.7835279147255136,-14.111,23.746,-11.059,0.931440033518657,0.8665079368280888,96.19636947199062,36.9
95035.04794496,-0.6678,0.0002,-0.0111,-0.7442,0.015122839999999999,-0.01625412,-0.9997535,0.0,0.0,0.0,0.14709974999999997,0.1569064,9.81645665,0.002976334038516111,-0.02995455623335501,-0.999546807969126,1.7249815966689774,-14.111,23.746,-11.059,0.931440033518657,0.8665079368280888,96.19636947199062,36.9
95035.087683364,-0.6678,0.0002,-0.0111,-0.7442,0.015122839999999999,-0.01625412,-0.9997535,0.0,0.0,0.0,0.14709974999999997,0.1569064,9.80665,0.0029938329297415998,-0.02996771207170836,-0.9995463613201582,1.7258314425476957,-14.111,23.746,-11.059,0.931440033518657,0.8665079368280888,96.19636947199062,36.9
95035.127657388,-0.6678,0.0002,-0.0111,-0.7442,0.015122839999999999,-0.01625412,-0.9997535,0.0,0.0,0.0,0.14709974999999997,0.14709974999999997,9.81645665,0.0019836379594216393,-0.03006255504589614,-0.9995460287076111,1.726464398824349,-14.111,23.746,-11.059,0.931440033518657,0.8665079368280888,96.19636947199062,36.9
95035.167702344,-0.6678,0.0002,-0.0111,-0.7442,0.015122839999999999,-0.01625412,-0.9997535,0.0,0.0,0.0,0.14709974999999997,0.1569064,9.80665,0.0029938329297415998,-0.02996771207170836,-0.9995463613201582,1.7258314425476957,-14.111,23.746,-11.059,0.931440033518657,0.8665079368280888,96.19636947199062,36.9
95035.20765483,-0.6678,0.0002,-0.0111,-0.7442,0.015122839999999999,-0.01625412,-0.9997535,0.0,0.0,0.0,0.14709974999999997,0.1569064,9.80665,0.0029938329297415998,-0.02996771207170836,-0.9995463613201582,1.7258314425476957,-14.111,23.746,-11.059,0.931440033518657,0.8665079368280888,96.19636947199062,36.9
95035.257615689,-0.6678,0.0002,-0.0111,-0.7442,0.015122839999999999,-0.01625412,-0.9997535,0.0,0.0,0.0,0.1569064,0.1569064,9.80665,0.003101672633415443,-0.03096094253298009,-0.9995157571899098,1.7830986181654471,-14.111,23.746,-11.059,0.931440033518657,0.8665079368280888,96.19636947199062,36.9
95035.297592769,-0.6678,0.0002,-0.0111,-0.7442,0.015122839999999999,-0.01625412,-0.9997535,0.0,0.0,0.0,0.1569064,0.1569064,9.79684335,0.00311931411285085,-0.03097511772780446,-0.9995152630458121,1.7840081884044041,-14.111,23.746,-11.059,0.931440033518657,0.8665079368280888,96.19636947199062,36.9
95035.347620261,-0.6678,0.0002,-0.0111,-0.7442,0.015122839999999999,-0.01625412,-0.9997535,0.0,0.0,0.0,0.14709974999999997,0.1569064,9.80665,0.0029938329297415998,-0.02996771207170836,-0.9995463613201582,1.7258314425476957,-14.111,23.746,-11.059,0.931440033518657,0.8665079368280888,96.19636947199062,36.9
95035.387653161,-0.6678,0.0002,-0.0111,-0.7442,0.015122839999999999,-0.01625412,-0.9997535,0.0,0.0,0.0,0.14709974999999997,0.1569064,9.79684335,0.0030113668354827157,-0.029980894220986223,-0.9995459132966278,1.7266834836629876,-14.111,23.746,-11.059,0.931440033518657,0.8665079368280888,96.19636947199062,36.9
95035.43768586,-0.6678,0.0002,-0.0111,-0.7442,0.015122839999999999,-0.01625412,-0.9997535,0.0,0.0,0.0,0.1569064,0.16671305,9.80665,0.004095308700388857,-0.03085279391885146,-0.9995155237198146,1.7835279147255136,-14.111,23.746,-11.059,0.931440033518657,0.8665079368280888,96.19636947199062,36.9
95035.47769708,-0.6678,0.0002,-0.0111,-0.7442,0.015122839999999999,-0.01625412,-0.9997535,0.0,0.0,0.0,0.1569064,0.1569064,9.80665,0.003101672633415443,-0.03096094253298009,-0.9995157571899098,1.7830986181654471,-14.111,23.746,-11.059,0.931440033518657,0.8665079368280888,96.19636947199062,36.9
95035.517620699,-0.6678,0.0002,-0.0111,-0.7442,0.015122839999999999,-0.01625412,-0.9997535,0.0,0.0,0.0,0.14709974999999997,0.16671305,9.80665,0.003987486167705799,-0.02985957815425865,-0.9995461270863691,1.726276428347536,-14.111,23.746,-11.059,0.931440033518657,0.8665079368280888,96.19636947199062,36.9
95035.56762385,-0.6678,0.0002,-0.0111,-0.7442,0.015122839999999999,-0.01625412,-0.9997535,0.0,0.0,0.0,0.1569064,0.1569064,9.80665,0.003101672633415443,-0.03096094253298009,-0.9995157571899098,1.7830986181654471,-14.111,23.746,-11.059,0.931440033518657,0.8665079368280888,96.19636947199062,36.9
95035.607748316,-0.6678,0.0002,-0.0111,-0.7442,0.015122839999999999,-0.01625412,-0.9997535,0.0,0.0,0.0,0.1372931,0.14709974999999997,9.81645665,0.0018758833990517153,-0.029070242306852075,-0.9995755915616565,1.6693025876919165,-14.111,23.746,-11.059,0.931440033518657,0.8665079368280888,96.19636947199062,36.9
95035.65759765,-0.6678,0.0002,-0.0111,-0.7442,0.015122839999999999,-0.01625412,-0.9997535,0.0,0.0,0.0,0.14709974999999997,0.16671305,9.80665,0.003987486167705799,-0.02985957815425865,-0.9995461270863691,1.726276428347536,-14.111,23.746,-11.059,0.931440033518657,0.8665079368280888,96.19636947199062,36.9
95035.697651116,-0.6678,0.0002,-0.0111,-0.7442,0.015122839999999999,-0.01625412,-0.9997535,0.0,0.0,0.0,0.1569064,0.1569064,9.79684335,0.00311931411285085,-0.03097511772780446,-0.9995152630458121,1.7840081884044041,-14.111,23.746,-11.059,0.931440033518657,0.8665079368280888,96.19636947199062,36.9
95035.747569135,-0.6678,0.0002,-0.0111,-0.7442,0.015122839999999999,-0.01625412,-0.9997535,0.0,0.0,0.0,0.1372931,0.1569064,9.80665,0.002885987000623544,-0.028974421880436627,-0.9995759675127456,1.6685626899172539,-14.111,23.746,-11.059,0.931440033518657,0.8665079368280888,96.19636947199062,36.9
95035.78759429,-0.6678,0.0002,-0.0111,-0.7442,0.015122839999999999,-0.01625412,-0.9997535,0.0,0.0,0.0,0.14709974999999997,0.1569064,9.79684335,0.0030113668354827157,-0.029980894220986223,-0.9995459132966278,1.7266834836629876,-14.111,23.746,-11.059,0.931440033518657,0.8665079368280888,96.19636947199062,36.9
95035.827627171,-0.6678,0.0002,-0.0111,-0.7442,0.015122839999999999,-0.01625412,-0.9997535,0.0,0.0,0.0,0.1569064,0.1569064,9.80665,0.003101672633415443,-0.03096094253298009,-0.9995157571899098,1.7830986181654471,-14.111,23.746,-11.059,0.931440033518657,0.8665079368280888,96.19636947199062,36.9
95035.877774321,-0.6678,0.0002,-0.0111,-0.7442,0.015122839999999999,-0.01625412,-0.9997535,0.0,0.0,0.0,0.14709974999999997,0.1569064,9.80665,0.0029938329297415998,-0.02996771207170836,-0.9995463613201582,1.7258314425476957,-14.111,23.746,-11.059,0.931440033518657,0.8665079368280888,96.19636947199062,36.9
95035.917671406,-0.6678,0.0002,-0.0111,-0.7442,0.015122839999999999,-0.01625412,-0.9997535,0.0,0.0,0.0,0.14709974999999997,0.16671305,9.81645665,0.003968995462364774,-0.029846530995897423,-0.999546590404965,1.7253950873179336,-14.111,23.746,-11.059,0.931440033518657,0.8665079368280888,96.19636947199062,36.9
95035.967638421,-0.6678,0.0002,-0.0111,-0.7442,0.015122839999999999,-0.01625412,-0.9997535,0.0,0.0,0.0,0.14709974999999997,0.16671305,9.81645665,0.003968995462364774,-0.029846530995897423,-0.999546590404965,1.7253950873179336,-14.111,23.746,-11.059,0.931440033518657,0.8665079368280888,96.19636947199062,36.9
95036.007690159,-0.6678,0.0002,-0.0111,-0.7442,0.015122839999999999,-0.01625412,-0.9997535,0.0,0.0,0.0,0.14709974999999997,0.1569064,9.80665,0.0029938329297415998,-0.02996771207170836,-0.9995463613201582,1.7258314425476957,-14.111,23.746,-11.059,0.931440033518657,0.8665079368280888,96.19636947199062,36.9
95036.057729419,-0.6678,0.0002,-0.0111,-0.7442,0.015122839999999999,-0.01625412,-0.9997535,0.0,0.0,0.0,0.1569064,0.16671305,9.80665,0.004095308700388857,-0.03085279391885146,-0.9995155237198146,1.7835279147255136,-14.111,23.746,-11.059,0.931440033518657,0.8665079368280888,96.19636947199062,36.9
95036.097606245,-0.6678,0.0002,-0.0111,-0.7442,0.015122839999999999,-0.01625412,-0.9997535,0.0,0.0,0.0,0.16671305,0.14709974999999997,9.80665,0.0022158528989635953,-0.03206224502159703,-0.9994833892879119,1.8417304243615211,-14.111,23.746,-11.059,0.931440033518657,0.8665079368280888,96.19636947199062,36.9
95036.137608788,-0.6678,0.0002,-0.0111,-0.7442,0.015122839999999999,-0.01625412,-0.9997535,0.0,0.0,0.0,0.14709974999999997,0.1569064,9.80665,0.0029938329297415998,-0.02996771207170836,-0.9995463613201582,1.7258314425476957,-14.111,23.746,-11.059,0.931440033518657,0.8665079368280888,96.19636947199062,36.9
95036.188024204,-0.6678,0.0002,-0.0111,-0.7442,0.015122839999999999,-0.01625412,-0.9997535,0.0,0.0,0.0,0.14709974999999997,0.1569064,9.80665,0.0029938329297415998,-0.02996771207170836,-0.9995463613201582,1.7258314425476957,-14.111,23.746,-11.059,0.931440033518657,0.8665079368280888,96.19636947199062,36.9
95036.227936339,-0.6678,0.0002,-0.0111,-0.7442,0.015122839999999999,-0.01625412,-0.9997535,0.0,0.0,0.0,0.1372931,0.1569064,9.80665,0.002885987000623544,-0.028974421880436627,-0.9995759675127456,1.6685626899172539,-14.111,23.746,-11.059,0.931440033518657,0.8665079368280888,96.19636947199062,36.9
95036.27765557,-0.6678,0.0002,-0.0111,-0.7442,0.015122839999999999,-0.01625412,-0.9997535,0.0,0.0,0.0,0.16671305,0.14709974999999997,9.80665,0.0022158528989635953,-0.03206224502159703,-0.9994833892879119,1.8417304243615211,-14.111,23.746,-11.059,0.931440033518657,0.8665079368280888,96.19636947199062,36.9
95036.31778352,-0.6678,0.0002,-0.0111,-0.7442,0.015122839999999999,-0.01625412,-0.9997535,0.0,0.0,0.0,0.14709974999999997,0.1569064,9.81645665,0.002976334038516111,-0.02995455623335501,-0.999546807969126,1.7249815966689774,-14.111,23.746,-11.059,0.931440033518657,0.8665079368280888,96.19636947199062,36.9
95036.357607403,-0.6678,0.0002,-0.0111,-0.7442,0.015122839999999999,-0.01625412,-0.9997535,0.0,0.0,0.0,0.14709974999999997,0.1569064,9.79684335,0.0030113668354827157,-0.029980894220986223,-0.9995459132966278,1.7266834836629876,-14.111,23.746,-11.059,0.931440033518657,0.8665079368280888,96.19636947199062,36.9
95036.407610089,-0.6678,0.0002,-0.0111,-0.7442,0.015122839999999999,-0.01625412,-0.9997535,0.0,0.0,0.0,0.14709974999999997,0.16671305,9.79684335,0.004006013870389688,-0.029872651404277174,-0.9995456623269326,1.7271600584178297,-14.111,23.746,-11.059,0.931440033518657,0.8665079368280888,96.19636947199062,36.9
95036.447795648,-0.6678,0.0002,-0.0111,-0.7442,0.015122839999999999,-0.01625412,-0.9997535,0.0,0.0,0.0,0.16671305,0.1569064,9.79684335,0.0032272548077146735,-0.03196927835986052,-0.9994836130469182,1.8413311680299485,-14.111,23.746,-11.059,0.931440033518657,0.8665079368280888,96.19636947199062,36.9
95036.497689919,-0.6678,0.0002,-0.0111,-0.7442,0.015122839999999999,-0.01625412,-0.9997535,0.0,0.0,0.0,0.14709974999999997,0.1569064,9.80665,0.0029938329297415998,-0.02996771207170836,-0.9995463613201582,1.7258314425476957,-14.111,23.746,-11.059,0.931440033518657,0.8665079368280888,96.19636947199062,36.9
95036.5375534,-0.6678,0.0002,-0.0111,-0.7442,0.015122839999999999,-0.01625412,-0.9997535,0.0,0.0,0.0,0.1569064,0.16671305,9.80665,0.004095308700388857,-0.03085279391885146,-0.9995155237198146,1.7835279147255136,-14.111,23.746,-11.059,0.931440033518657,0.8665079368280888,96.19636947199062,36.9
95036.587742841,-0.6678,0.0002,-0.0111,-0.7442,0.015122839999999999,-0.01625412,-0.9997535,0.0,0.0,0.0,0.1569064,0.1569064,9.79684335,0.00311931411285085,-0.03097511772780446,-0.9995152630458121,1.7840081884044041,-14.111,23.746,-11.059,0.931440033518657,0.8665079368280888,96.19636947199062,36.9
95036.627551783,-0.6678,0.0002,-0.0111,-0.7442,0.015122839999999999,-0.01625412,-0.9997535,0.0,0.0,0.0,0.14709974999999997,0.1569064,9.81645665,0.002976334038516111,-0.02995455623335501,-0.999546807969126,1.7249815966689774,-14.111,23.746,-11.059,0.931440033518657,0.8665079368280888,96.19636947199062,36.9
95036.677572876,-0.6678,0.0002,-0.0111,-0.7442,0.015122839999999999,-0.01625412,-0.9997535,0.0,0.0,0.0,0.14709974999999997,0.1569064,9.81645665,0.002976334038516111,-0.02995455623335501,-0.999546807969126,1.7249815966689774,-14.111,23.746,-11.059,0.931440033518657,0.8665079368280888,96.19636947199062,36.9
95036.717609429,-0.6678,0.0002,-0.0111,-0.7442,0.015122839999999999,-0.01625412,-0.9997535,0.0,0.0,0.0,0.1569064,0.16671305,9.81645665,0.004076710686311959,-0.030838755739733704,-0.9995160330329779,1.7825901659333556,-14.111,23.746,-11.059,0.931440033518657,0.8665079368280888,96.19636947199062,36.9
95036.767635334,-0.6678,0.0002,-0.0111,-0.7442,0.015122839999999999,-0.01625412,-0.9997535,0.0,0.0,0.0,0.14709974999999997,0.16671305,9.81645665,0.003968995462364774,-0.029846530995897423,-0.999546590404965,1.7253950873179336,-14.111,23.746,-11.059,0.931440033518657,0.8665079368280888,96.19636947199062,36.9
95036.80760573,-0.6678,0.0002,-0.0111,-0.7442,0.015122839999999999,-0.01625412,-0.9997535,0.0,0.0,0.0,0.1372931,0.1569064,9.79684335,0.0029034132994189363,-0.028986610821561516,-0.9995755636141289,1.6693571800053022,-14.111,23.746,-11.059,0.931440033518657,0.8665079368280888,96.19636947199062,36.9
95036.857645417,-0.6678,0.0002,-0.0111,-0.7442,0.015122839999999999,-0.01625412,-0.9997535,0.0,0.0,0.0,0.1569064,0.14709974999999997,9.80665,0.002108001686543395,-0.0310690636684929,-0.9995149919035958,1.784507437787591,-14.111,23.746,-11.059,0.931440033518657,0.8665079368280888,96.19636947199062,36.9
95036.897638656,-0.6678,0.0002,-0.0111,-0.7442,0.015122839999999999,-0.01625412,-0.9997535,0.0,0.0,0.0,0.1569064,0.16671305,9.80665,0.004095308700388857,-0.03085279391885146,-0.9995155237198146,1.7835279147255136,-14.111,23.746,-11.059,0.931440033518657,0.8665079368280888,96.19636947199062,36.9
95036.937570323,-0.6678,0.0002,-0.0111,-0.7442,0.015122839999999999,-0.01625412,-0.9997535,0.0,0.0,0.0,0.1372931,0.16671305,9.80665,0.0038796564173651585,-0.028866302770131993,-0.9995757325483822,1.6690243768817101,-14.111,23.746,-11.059,0.931440033518657,0.8665079368280888,96.19636947199062,36.9
95036.987629825,-0.6678,0.0002,-0.0111,-0.7442,0.015122839999999999,-0.01625412,-0.9997535,0.0,0.0,0.0,0.1569064,0.16671305,9.826263299999999,0.004058149771651424,-0.030824745549011223,-0.9995165407886671,1.781654793536318,-14.111,23.746,-11.059,0.931440033518657,0.8665079368280888,96.19636947199062,36.9
95037.027629645,-0.6678,0.0002,-0.0111,-0.7442,0.015122839999999999,-0.01625412,-0.9997535,0.0,0.0,0.0,0.14709974999999997,0.1569064,9.79684335,0.0030113668354827157,-0.029980894220986223,-0.9995459132966278,1.7266834836629876,-14.111,23.746,-11.059,0.931440033518657,0.8665079368280888,96.19636947199062,36.9
95037.067833855,-0.6678,0.0002,-0.0111,-0.7442,0.015122839999999999,-0.01625412,-0.9997535,0.0,0.0,0.0,0.1372931,0.16671305,9.80665,0.0038796564173651585,-0.028866302770131993,-0.9995757325483822,1.6690243768817101,-14.111,23.746,-11.059,0.931440033518657,0.8665079368280888,96.19636947199062,36.9
95037.1176496,-0.6678,0.0002,-0.0111,-0.7442,0.015122839999999999,-0.01625412,-0.9997535,0.0,0.0,0.0,0.1569064,0.1569064,9.80665,0.003101672633415443,-0.03096094253298009,-0.9995157571899098,1.7830986181654471,-14.111,23.746,-11.059,0.931440033518657,0.8665079368280888,96.19636947199062,36.9
95037.15764088,-0.6678,0.0002,-0.0111,-0.7442,0.015122839999999999,-0.01625412,-0.9997535,0.0,0.0,0.0,0.14709974999999997,0.1569064,9.80665,0.0029938329297415998,-0.02996771207170836,-0.9995463613201582,1.7258314425476957,-14.111,23.746,-11.059,0.931440033518657,0.8665079368280888,96.19636947199062,36.9
95037.197717772,-0.6678,0.0002,-0.0111,-0.7442,0.015122839999999999,-0.01625412,-0.9997535,0.0,0.0,0.0,0.1372931,0.1569064,9.79684335,0.0029034132994189363,-0.028986610821561516,-0.9995755636141289,1.6693571800053022,-14.111,23.746,-11.059,0.931440033518657,0.8665079368280888,96.19636947199062,36.9
95037.247755956,-0.6678,0.0002,-0.0111,-0.7442,0.015122839999999999,-0.01625412,-0.9997535,0.0,0.0,0.0,0.1569064,0.14709974999999997,9.826263299999999,0.002074806092570127,-0.031040580971171183,-0.9995159464161097,1.7827505368902419,-14.111,23.746,-11.059,0.931440033518657,0.8665079368280888,96.19636947199062,36.9
95037.287672549,-0.6678,0.0002,-0.0111,-0.7442,0.015122839999999999,-0.01625412,-0.9997535,0.0,0.0,0.0,0.1569064,0.1569064,9.826263299999999,0.003066495253476865,-0.030932676934043325,-0.9995167409915687,1.781286353434015,-14.111,23.746,-11.059,0.931440033518657,0.8665079368280888,96.19636947199062,36.9
95037.337715262,-0.6678,0.0002,-0.0111,-0.7442,0.015122839999999999,-0.01625412,-0.9997535,0.0,0.0,0.0,0.14709974999999997,0.1569064,9.81645665,0.002976334038516111,-0.02995455623335501,-0.999546807969126,1.7249815966689774,-14.111,23.746,-11.059,0.931440033518657,0.8665079368280888,96.19636947199062,36.9
95037.377749407,-0.6678,0.0002,-0.0111,-0.7442,0.015122839999999999,-0.01625412,-0.9997535,0.0,0.0,0.0,0.14709974999999997,0.16671305,9.80665,0.003987486167705799,-0.02985957815425865,-0.9995461270863691,1.726276428347536,-14.111,23.746,-11.059,0.931440033518657,0.8665079368280888,96.19636947199062,36.9
95037.4177159,-0.6678,0.0002,-0.0111,-0.7442,0.015122839999999999,-0.01625412,-0.9997535,0.0,0.0,0.0,0.14709974999999997,0.16671305,9.79684335,0.004006013870389688,-0.029872651404277174,-0.9995456623269326,1.7271600584178297,-14.111,23.746,-11.059,0.931440033518657,0.8665079368280888,96.19636947199062,36.9
95037.467632214,-0.6678,0.0002,-0.0111,-0.7442,0.015122839999999999,-0.01625412,-0.9997535,0.0,0.0,0.0,0.14709974999999997,0.1569064,9.81645665,0.002976334038516111,-0.02995455623335501,-0.999546807969126,1.7249815966689774,-14.111,23.746,-11.059,0.931440033518657,0.8665079368280888,96.19636947199062,36.9
95037.507681002,-0.6678,0.0002,-0.0111,-0.7442,0.015122839999999999,-0.01625412,-0.9997535,0.0,0.0,0.0,0.1569064,0.1569064,9.836069949999999,0.0030489591426177635,-0.03091858636108028,-0.9995172306611143,1.780383643839441,-14.111,23.746,-11.059,0.931440033518657,0.8665079368280888,96.19636947199062,36.9
95037.557671761,-0.6678,0.0002,-0.0111,-0.7442,0.015122839999999999,-0.01625412,-0.9997535,0.0,0.0,0.0,0.1569064,0.14709974999999997,9.826263299999999,0.002074806092570127,-0.031040580971171183,-0.9995159464161097,1.7827505368902419,-14.111,23.746,-11.059,0.931440033518657,0.8665079368280888,96.19636947199062,36.9
95037.597647651,-0.6678,0.0002,-0.0111,-0.7442,0.015122839999999999,-0.01625412,-0.9997535,0.0,0.0,0.0,0.1569064,0.1569064,9.80665,0.003101672633415443,-0.03096094253298009,-0.9995157571899098,1.7830986181654471,-14.111,23.746,-11.059,0.931440033518657,0.8665079368280888,96.19636947199062,36.9
95037.637597887,-0.6678,0.0002,-0.0111,-0.7442,0.015122839999999999,-0.01625412,-0.9997535,0.0,0.0,0.0,0.1372931,0.16671305,9.7870367,0.003916533600300929,-0.02889048712553682,-0.9995748899442046,1.6706809314181525,-14.111,23.746,-11.059,0.931440033518657,0.8665079368280888,96.19636947199062,36.9
95037.687631389,-0.6678,0.0002,-0.0111,-0.7442,0.015122839999999999,-0.01625412,-0.9997535,0.0,0.0,0.0,0.14709974999999997,0.16671305,9.80665,0.003987486167705799,-0.02985957815425865,-0.9995461270863691,1.726276428347536,-14.111,23.746,-11.059,0.931440033518657,0.8665079368280888,96.19636947199062,36.9
95037.727665529,-0.6678,0.0002,-0.0111,-0.7442,0.015122839999999999,-0.01625412,-0.9997535,0.0,0.0,0.0,0.1569064,0.1569064,9.80665,0.003101672633415443,-0.03096094253298009,-0.9995157571899098,1.7830986181654471,-14.111,23.746,-11.059,0.931440033518657,0.8665079368280888,96.19636947199062,36.9
95037.767777322,-0.6678,0.0002,-0.0111,-0.7442,0.015122839999999999,-0.01625412,-0.9997535,0.0,0.0,0.0,0.14709974999999997,0.1569064,9.80665,0.0029938329297415998,-0.02996771207170836,-0.9995463613201582,1.7258314425476957,-14.111,23.746,-11.059,0.931440033518657,0.8665079368280888,96.19636947199062,36.9
95037.817842982,-0.6678,0.0002,-0.0111,-0.7442,0.015122839999999999,-0.01625412,-0.9997535,0.0,0.0,0.0,0.1569064,0.14709974999999997,9.80665,0.002108001686543395,-0.0310690636684929,-0.9995149919035958,1.784507437787591,-14.111,23.746,-11.059,0.931440033518657,0.8665079368280888,96.19636947199062,36.9
95037.857594862,-0.6678,0.0002,-0.0111,-0.7442,0.015122839999999999,-0.01625412,-0.9997535,0.0,0.0,0.0,0.14709974999999997,0.16671305,9.80665,0.003987486167705799,-0.02985957815425865,-0.9995461270863691,1.726276428347536,-14.111,23.746,-11.059,0.931440033518657,0.8665079368280888,96.19636947199062,36.9
95037.907656188,-0.6678,0.0002,-0.0111,-0.7442,0.015122839999999999,-0.01625412,-0.9997535,0.0,0.0,0.0,0.14709974999999997,0.1569064,9.80665,0.0029938329297415998,-0.02996771207170836,-0.9995463613201582,1.7258314425476957,-14.111,23.746,-11.059,0.931440033518657,0.8665079368280888,96.19636947199062,36.9
95037.947591471,-0.6678,0.0002,-0.0111,-0.7442,0.015122839999999999,-0.01625412,-0.9997535,0.0,0.0,0.0,0.16671305,0.14709974999999997,9.81645665,0.002199131149146813,-0.03204699852560098,-0.9994839152494809,1.8407926201395846,-14.111,23.746,-11.059,0.931440033518657,0.8665079368280888,96.19636947199062,36.9
95037.987612368,-0.6678,0.0002,-0.0111,-0.7442,0.015122839999999999,-0.01625412,-0.9997535,0.0,0.0,0.0,0.1569064,0.1569064,9.79684335,0.00311931411285085,-0.03097511772780446,-0.9995152630458121,1.7840081884044041,-14.111,23.746,-11.059,0.931440033518657,0.8665079368280888,96.19636947199062,36.9
95038.027631821,-0.6678,0.0002,-0.0111,-0.7442,0.015122839999999999,-0.01625412,-0.9997535,0.0,0.0,0.0,0.1569064,0.1569064,9.79684335,0.00311931411285085,-0.03097511772780446,-0.9995152630458121,1.7840081884044041,-14.111,23.746,-11.059,0.931440033518657,0.8665079368280888,96.19636947199062,36.9
95038.077650623,-0.6678,0.0002,-0.0111,-0.7442,0.015122839999999999,-0.01625412,-0.9997535,0.0,0.0,0.0,0.14709974999999997,0.1569064,9.80665,0.0029938329297415998,-0.02996771207170836,-0.9995463613201582,1.7258314425476957,-14.111,23.746,-11.059,0.931440033518657,0.8665079368280888,96.19636947199062,36.9
95038.117608009,-0.6678,0.0002,-0.0111,-0.7442,0.015122839999999999,-0.01625412,-0.9997535,0.0,0.0,0.0,0.14709974999999997,0.1569064,9.80665,0.0029938329297415998,-0.02996771207170836,-0.9995463613201582,1.7258314425476957,-14.111,23.746,-11.059,0.931440033518657,0.8665079368280888,96.19636947199062,36.9
95038.15764056,-0.6678,0.0002,-0.0111,-0.7442,0.015122839999999999,-0.01625412,-0.9997535,0.0,0.0,0.0,0.1372931,0.1569064,9.80665,0.002885987000623544,-0.028974421880436627,-0.9995759675127456,1.6685626899172539,-14.111,23.746,-11.059,0.931440033518657,0.8665079368280888,96.19636947199062,36.9
95038.207592524,-0.6678,0.0002,-0.0111,-0.7442,0.015122839999999999,-0.01625412,-0.9997535,0.0,0.0,0.0,0.14709974999999997,0.1569064,9.80665,0.0029938329297415998,-0.02996771207170836,-0.9995463613201582,1.7258314425476957,-14.111,23.746,-11.059,0.931440033518657,0.8665079368280888,96.19636947199062,36.9
95038.247685843,-0.6678,0.0002,-0.0111,-0.7442,0.015122839999999999,-0.01625412,-0.9997535,0.0,0.0,0.0,0.1569064,0.16671305,9.80665,0.004095308700388857,-0.03085279391885146,-0.9995155237198146,1.7835279147255136,-14.111,23.746,-11.059,0.931440033518657,0.8665079368280888,96.19636947199062,36.9
95038.297574086,-0.6678,0.0002,-0.0111,-0.7442,0.015122839999999999,-0.01625412,-0.9997535,0.0,0.0,0.0,0.1569064,0.1569064,9.80665,0.003101672633415443,-0.03096094253298009,-0.9995157571899098,1.7830986181654471,-14.111,23.746,-11.059,0.931440033518657,0.8665079368280888,96.19636947199062,36.9
95038.337729971,-0.6678,0.0002,-0.0111,-0.7442,0.015122839999999999,-0.01625412,-0.9997535,0.0,0.0,0.0,0.14709974999999997,0.1569064,9.79684335,0.0030113668354827157,-0.029980894220986223,-0.9995459132966278,1.7266834836629876,-14.111,23.746,-11.059,0.931440033518657,0.8665079368280888,96.19636947199062,36.9
95038.387673232,-0.6678,0.0002,-0.0111,-0.7442,0.015122839999999999,-0.01625412,-0.9997535,0.0,0.0,0.0,0.1372931,0.1569064,9.80665,0.002885987000623544,-0.028974421880436627,-0.9995759675127456,1.6685626899172539,-14.111,23.746,-11.059,0.931440033518657,0.8665079368280888,96.19636947199062,36.9
95038.427675941,-0.6678,0.0002,-0.0111,-0.7442,0.015122839999999999,-0.01625412,-0.9997535,0.0,0.0,0.0,0.1569064,0.1569064,9.80665,0.003101672633415443,-0.03096094253298009,-0.9995157571899098,1.7830986181654471,-14.111,23.746,-11.059,0.931440033518657,0.8665079368280888,96.19636947199062,36.9
95038.477597638,-0.6678,0.0002,-0.0111,-0.7442,0.015122839999999999,-0.01625412,-0.9997535,0.0,0.0,0.0,0.1569064,0.16671305,9.79684335,0.004113943925194043,-0.030866860170294726,-0.9995150128428737,1.784468047763742,-14.111,23.746,-11.059,0.931440033518657,0.8665079368280888,96.19636947199062,36.9
95038.51762567,-0.6678,0.0002,-0.0111,-0.7442,0.015122839999999999,-0.01625412,-0.9997535,0.0,0.0,0.0,0.14709974999999997,0.1569064,9.81645665,0.002976334038516111,-0.02995455623335501,-0.999546807969126,1.7249815966689774,-14.111,23.746,-11.059,0.931440033518657,0.8665079368280888,96.19636947199062,36.9
95038.557789882,-0.6678,0.0002,-0.0111,-0.7442,0.015122839999999999,-0.01625412,-0.9997535,0.0,0.0,0.0,0.14709974999999997,0.1569064,9.79684335,0.0030113668354827157,-0.029980894220986223,-0.9995459132966278,1.7266834836629876,-14.111,23.746,-11.059,0.931440033518657,0.8665079368280888,96.19636947199062,36.9
95038.607590716,-0.6678,0.0002,-0.0111,-0.7442,0.015122839999999999,-0.01625412,-0.9997535,0.0,0.0,0.0,0.14709974999999997,0.16671305,9.79684335,0.004006013870389688,-0.029872651404277174,-0.9995456623269326,1.7271600584178297,-14.111,23.746,-11.059,0.931440033518657,0.8665079368280888,96.19636947199062,36.9
95038.647625143,-0.6678,0.0002,-0.0111,-0.7442,0.015122839999999999,-0.01625412,-0.9997535,0.0,0.0,0.0,0.1569064,0.16671305,9.81645665,0.004076710686311959,-0.030838755739733704,-0.9995160330329779,1.7825901659333556,-14.111,23.746,-11.059,0.931440033518657,0.8665079368280888,96.19636947199062,36.9
95038.68765643,-0.6678,0.0002,-0.0111,-0.7442,0.015122839999999999,-0.01625412,-0.9997535,0.0,0.0,0.0,0.14709974999999997,0.1569064,9.79684335,0.0030113668354827157,-0.029980894220986223,-0.9995459132966278,1.7266834836629876,-14.111,23.746,-11.059,0.931440033518657,0.8665079368280888,96.19636947199062,36.9
95038.737677919,-0.6678,0.0002,-0.0111,-0.7442,0.015122839999999999,-0.01625412,-0.9997535,0.0,0.0,0.0,0.1569064,0.16671305,9.80665,0.004095308700388857,-0.03085279391885146,-0.9995155237198146,1.7835279147255136,-14.111,23.746,-11.059,0.931440033518657,0.8665079368280888,96.19636947199062,36.9
95038.77766072,-0.6678,0.0002,-0.0111,-0.7442,0.015122839999999999,-0.01625412,-0.9997535,0.0,0.0,0.0,0.1569064,0.1569064,9.81645665,0.003084066382086746,-0.03094679562992429,-0.999516249836493,1.7821913423642821,-14.111,23.746,-11.059,0.931440033518657,0.8665079368280888,96.19636947199062,36.9
95038.817639094,-0.6678,0.0002,-0.0111,-0.7442,0.015122839999999999,-0.01625412,-0.9997535,0.0,0.0,0.0,0.1569064,0.1569064,9.80665,0.003101672633415443,-0.03096094253298009,-0.9995157571899098,1.7830986181654471,-14.111,23.746,-11.059,0.931440033518657,0.8665079368280888,96.19636947199062,36.9
95038.867648018,-0.6678,0.0002,-0.0111,-0.7442,0.015122839999999999,-0.01625412,-0.9997535,0.0,0.0,0.0,0.12748644999999997,0.1569064,9.80665,0.002778135168988347,-0.02798107493320269,-0.999604575592089,1.6112924895660439,-14.111,23.746,-11.059,0.931440033518657,0.8665079368280888,96.19636947199062,36.9
95038.907601857,-0.6678,0.0002,-0.0111,-0.7442,0.015122839999999999,-0.01625412,-0.9997535,0.0,0.0,0.0,0.14709974999999997,0.1569064,9.80665,0.0029938329297415998,-0.02996771207170836,-0.9995463613201582,1.7258314425476957,-14.111,23.746,-11.059,0.931440033518657,0.8665079368280888,96.19636947199062,36.9
95038.947610528,-0.6678,0.0002,-0.0111,-0.7442,0.015122839999999999,-0.01625412,-0.9997535,0.0,0.0,0.0,0.1569064,0.16671305,9.80665,0.004095308700388857,-0.03085279391885146,-0.9995155237198146,1.7835279147255136,-14.111,23.746,-11.059,0.931440033518657,0.8665079368280888,96.19636947199062,36.9
95038.987639927,-0.6678,0.0002,-0.0111,-0.7442,0.015122839999999999,-0.01625412,-0.9997535,0.0,0.0,0.0,0.14709974999999997,0.1569064,9.81645665,0.002976334038516111,-0.02995455623335501,-0.999546807969126,1.7249815966689774,-14.111,23.746,-11.059,0.931440033518657,0.8665079368280888,96.19636947199062,36.9
95039.037676436,-0.6678,0.0002,-0.0111,-0.7442,0.015122839999999999,-0.01625412,-0.9997535,0.0,0.0,0.0,0.1569064,0.16671305,9.79684335,0.004113943925194043,-0.030866860170294726,-0.9995150128428737,1.784468047763742,-14.111,23.746,-11.059,0.931440033518657,0.8665079368280888,96.19636947199062,36.9
95039.077734941,-0.6678,0.0002,-0.0111,-0.7442,0.015122839999999999,-0.01625412,-0.9997535,0.0,0.0,0.0,0.14709974999999997,0.14709974999999997,9.79684335,0.0020166849077844634,-0.030089110487549066,-0.9995451634502116,1.7281089516300367,-14.111,23.746,-11.059,0.931440033518657,0.8665079368280888,96.19636947199062,36.9
95039.127700375,-0.6678,0.0002,-0.0111,-0.7442,0.015122839999999999,-0.01625412,-0.9997535,0.0,0.0,0.0,0.1372931,0.16671305,9.79684335,0.00389807656169793,-0.028878382856456178,-0.9995753119109453,1.6698515528505173,-14.111,23.746,-11.059,0.931440033518657,0.8665079368280888,96.19636947199062,36.9
95039.167760208,-0.6678,0.0002,-0.0111,-0.7442,0.015122839999999999,-0.01625412,-0.9997535,0.0,0.0,0.0,0.14709974999999997,0.1569064,9.79684335,0.0030113668354827157,-0.029980894220986223,-0.9995459132966278,1.7266834836629876,-14.111,23.746,-11.059,0.931440033518657,0.8665079368280888,96.19636947199062,36.9
95039.217663022,-0.6678,0.0002,-0.0111,-0.7442,0.015122839999999999,-0.01625412,-0.9997535,0.0,0.0,0.0,0.14709974999999997,0.16671305,9.7870367,0.004024578681538788,-0.029885750824278072,-0.9995451961207822,1.7280459851768848,-14.111,23.746,-11.059,0.931440033518657,0.8665079368280888,96.19636947199062,36.9
95039.257657807,-0.6678,0.0002,-0.0111,-0.7442,0.015122839999999999,-0.01625412,-0.9997535,0.0,0.0,0.0,0.14709974999999997,0.16671305,9.79684335,0.004006013870389688,-0.029872651404277174,-0.9995456623269326,1.7271600584178297,-14.111,23.746,-11.059,0.931440033518657,0.8665079368280888,96.19636947199062,36.9
95039.297783515,-0.6678,0.0002,-0.0111,-0.7442,0.015122839999999999,-0.01625412,-0.9997535,0.0,0.0,0.0,0.1372931,0.14709974999999997,9.80665,0.0018922829163610464,-0.029082515494679544,-0.9995752036006951,1.6700653998536472,-14.111,23.746,-11.059,0.931440033518657,0.8665079368280888,96.19636947199062,36.9
95039.347755226,-0.6678,0.0002,-0.0111,-0.7442,0.015122839999999999,-0.01625412,-0.9997535,0.0,0.0,0.0,0.14709974999999997,0.1569064,9.80665,0.0029938329297415998,-0.02996771207170836,-0.9995463613201582,1.7258314425476957,-14.111,23.746,-11.059,0.931440033518657,0.8665079368280888,96.19636947199062,36.9
95039.38779028,-0.6678,0.0002,-0.0111,-0.7442,0.015122839999999999,-0.01625412,-0.9997535,0.0,0.0,0.0,0.1569064,0.1569064,9.81645665,0.003084066382086746,-0.03094679562992429,-0.999516249836493,1.7821913423642821,-14.111,23.746,-11.059,0.931440033518657,0.8665079368280888,96.19636947199062,36.9
95039.427658553,-0.6678,0.0002,-0.0111,-0.7442,0.015122839999999999,-0.01625412,-0.9997535,0.0,0.0,0.0,0.14709974999999997,0.16671305,9.80665,0.003987486167705799,-0.02985957815425865,-0.9995461270863691,1.726276428347536,-14.111,23.746,-11.059,0.931440033518657,0.8665079368280888,96.19636947199062,36.9
95039.467695763,-0.6678,0.0002,-0.0111,-0.7442,0.015122839999999999,-0.01625412,-0.9997535,0.0,0.0,0.0,0.14709974999999997,0.1569064,9.80665,0.0029938329297415998,-0.02996771207170836,-0.9995463613201582,1.7258314425476957,-14.111,23.746,-11.059,0.931440033518657,0.8665079368280888,96.19636947199062,36.9
95039.517661891,-0.6678,0.0002,-0.0111,-0.7442,0.015122839999999999,-0.01625412,-0.9997535,0.0,0.0,0.0,0.1569064,0.1569064,9.80665,0.003101672633415443,-0.03096094253298009,-0.9995157571899098,1.7830986181654471,-14.111,23.746,-11.059,0.931440033518657,0.8665079368280888,96.19636947199062,36.9
95039.55785212,-0.6678,0.0002,-0.0111,-0.7442,0.015122839999999999,-0.01625412,-0.9997535,0.0,0.0,0.0,0.14709974999999997,0.16671305,9.80665,0.003987486167705799,-0.02985957815425865,-0.9995461270863691,1.726276428347536,-14.111,23.746,-11.059,0.931440033518657,0.8665079368280888,96.19636947199062,36.9
95039.597600424,-0.6678,0.0002,-0.0111,-0.7442,0.015122839999999999,-0.01625412,-0.9997535,0.0,0.0,0.0,0.14709974999999997,0.16671305,9.79684335,0.004006013870389688,-0.029872651404277174,-0.9995456623269326,1.7271600584178297,-14.111,23.746,-11.059,0.931440033518657,0.8665079368280888,96.19636947199062,36.9
95039.637652422,-0.6678,0.0002,-0.0111,-0.7442,0.015122839999999999,-0.01625412,-0.9997535,0.0,0.0,0.0,0.14709974999999997,0.1569064,9.80665,0.0029938329297415998,-0.02996771207170836,-0.9995463613201582,1.7258314425476957,-14.111,23.746,-11.059,0.931440033518657,0.8665079368280888,96.19636947199062,36.9
95039.677615738,-0.6678,0.0002,-0.0111,-0.7442,0.015122839999999999,-0.01625412,-0.9997535,0.0,0.0,0.0,0.16671305,0.16671305,9.80665,0.004203123692726641,-0.03184594709080923,-0.9994839226332491,1.840778614188767,-14.111,23.746,-11.059,0.931440033518657,0.8665079368280888,96.19636947199062,36.9
95039.717605789,-0.6678,0.0002,-0.0111,-0.7442,0.015122839999999999,-0.01625412,-0.9997535,0.0,0.0,0.0,0.1569064,0.1569064,9.80665,0.003101672633415443,-0.03096094253298009,-0.9995157571899098,1.7830986181654471,-14.111,23.746,-11.059,0.931440033518657,0.8665079368280888,96.19636947199062,36.9
95039.767676004,-0.6678,0.0002,-0.0112,-0.7442,0.015256399999999998,-0.01640296,-0.99974904,0.0,0.0,0.0,0.14709974999999997,0.1569064,9.79684335,0.002877906600693354,-0.03012969776577072,-0.9995418326982773,1.734426571120824,-14.111,23.746,-11.059,0.9399719577329282,0.8741612440994418,96.19662381891783,36.9
95039.80767715,-0.6678,0.0002,-0.0112,-0.7442,0.015256399999999998,-0.01640296,-0.99974904,0.0,0.0,0.0,0.1372931,0.14709974999999997,9.79684335,0.0017752465024909805,-0.02924362128676832,-0.9995707184294439,1.678860801029674,-14.111,23.746,-11.059,0.9399719577329282,0.8741612440994418,96.19662381891783,36.9
95039.847823515,-0.6678,0.0002,-0.0112,-0.7442,0.015256399999999998,-0.01640296,-0.99974904,0.0,0.0,0.0,0.14709974999999997,0.1569064,9.80665,0.002860372563101019,-0.03011651568874085,-0.9995422803415155,1.733579051714979,-14.111,23.746,-11.059,0.9399719577329282,0.8741612440994418,96.19662381891783,36.9
95039.897630219,-0.6678,0.0002,-0.0111,-0.7442,0.015122839999999999,-0.01625412,-0.9997535,0.0,0.0,0.0,0.1569064,0.1569064,9.80665,0.003101672633415443,-0.03096094253298009,-0.9995157571899098,1.7830986181654471,-14.111,23.746,-11.059,0.931440033518657,0.8665079368280888,96.19636947199062,36.9
95039.937581466,-0.6678,0.0002,-0.0111,-0.7442,0.015122839999999999,-0.01625412,-0.9997535,0.0,0.0,0.0,0.1372931,0.16671305,9.80665,0.0038796564173651585,-0.028866302770131993,-0.9995757325483822,1.6690243768817101,-14.111,23.746,-11.059,0.931440033518657,0.8665079368280888,96.19636947199062,36.9
95039.977812544,-0.6678,0.0002,-0.0111,-0.7442,0.015122839999999999,-0.01625412,-0.9997535,0.0,0.0,0.0,0.1569064,0.16671305,9.81645665,0.004076710686311959,-0.030838755739733704,-0.9995160330329779,1.7825901659333556,-14.111,23.746,-11.059,0.931440033518657,0.8665079368280888,96.19636947199062,36.9
95040.027674966,-0.6678,0.0002,-0.0111,-0.7442,0.015122839999999999,-0.01625412,-0.9997535,0.0,0.0,0.0,0.1569064,0.1569064,9.80665,0.003101672633415443,-0.03096094253298009,-0.9995157571899098,1.7830986181654471,-14.111,23.746,-11.059,0.931440033518657,0.8665079368280888,96.19636947199062,36.9
95040.067745768,-0.6678,0.0002,-0.0111,-0.7442,0.015122839999999999,-0.01625412,-0.9997535,0.0,0.0,0.0,0.1372931,0.1569064,9.79684335,0.0029034132994189363,-0.028986610821561516,-0.9995755636141289,1.6693571800053022,-14.111,23.746,-11.059,0.931440033518657,0.8665079368280888,96.19636947199062,36.9
95040.117638717,-0.6678,0.0002,-0.0111,-0.7442,0.015122839999999999,-0.01625412,-0.9997535,0.0,0.0,0.0,0.1372931,0.16671305,9.81645665,0.003861273056816385,-0.02885424679418315,-0.9995761518619501,1.6681993960917538,-14.111,23.746,-11.059,0.931440033518657,0.8665079368280888,96.19636947199062,36.9
95040.157702777,-0.6678,0.0002,-0.0111,-0.7442,0.015122839999999999,-0.01625412,-0.9997535,0.0,0.0,0.0,0.1569064,0.16671305,9.81645665,0.004076710686311959,-0.030838755739733704,-0.9995160330329779,1.7825901659333556,-14.111,23.746,-11.059,0.931440033518657,0.8665079368280888,96.19636947199062,36.9
95040.197737362,-0.6678,0.0002,-0.0111,-0.7442,0.015122839999999999,-0.01625412,-0.9997535,0.0,0.0,0.0,0.14709974999999997,0.16671305,9.80665,0.003987486167705799,-0.02985957815425865,-0.9995461270863691,1.726276428347536,-14.111,23.746,-11.059,0.931440033518657,0.8665079368280888,96.19636947199062,36.9
95040.247577267,-0.6678,0.0002,-0.0111,-0.7442,0.015122839999999999,-0.01625412,-0.9997535,0.0,0.0,0.0,0.1372931,0.14709974999999997,9.80665,0.0018922829163610464,-0.029082515494679544,-0.9995752036006951,1.6700653998536472,-14.111,23.746,-11.059,0.931440033518657,0.8665079368280888,96.19636947199062,36.9
95040.287618349,-0.6678,0.0002,-0.0111,-0.7442,0.015122839999999999,-0.01625412,-0.9997535,0.0,0.0,0.0,0.14709974999999997,0.1569064,9.80665,0.0029938329297415998,-0.02996771207170836,-0.9995463613201582,1.7258314425476957,-14.111,23.746,-11.059,0.931440033518657,0.8665079368280888,96.19636947199062,36.9
95040.337690836,-0.6678,0.0002,-0.0111,-0.7442,0.015122839999999999,-0.01625412,-0.9997535,0.0,0.0,0.0,0.14709974999999997,0.1569064,9.79684335,0.0030113668354827157,-0.029980894220986223,-0.9995459132966278,1.7266834836629876,-14.111,23.746,-11.059,0.931440033518657,0.8665079368280888,96.19636947199062,36.9
95040.377819668,-0.6678,0.0002,-0.0111,-0.7442,0.015122839999999999,-0.01625412,-0.9997535,0.0,0.0,0.0,0.1372931,0.1569064,9.80665,0.002885987000623544,-0.028974421880436627,-0.9995759675127456,1.6685626899172539,-14.111,23.746,-11.059,0.931440033518657,0.8665079368280888,96.19636947199062,36.9
95040.417697409,-0.6678,0.0002,-0.0111,-0.7442,0.015122839999999999,-0.01625412,-0.9997535,0.0,0.0,0.0,0.1569064,0.1569064,9.81645665,0.003084066382086746,-0.03094679562992429,-0.999516249836493,1.7821913423642821,-14.111,23.746,-11.059,0.931440033518657,0.8665079368280888,96.19636947199062,36.9
95040.467680627,-0.6678,0.0002,-0.0111,-0.7442,0.015122839999999999,-0.01625412,-0.9997535,0.0,0.0,0.0,0.1569064,0.1569064,9.80665,0.003101672633415443,-0.03096094253298009,-0.9995157571899098,1.7830986181654471,-14.111,23.746,-11.059,0.931440033518657,0.8665079368280888,96.19636947199062,36.9
95040.507645875,-0.6678,0.0002,-0.0111,-0.7442,0.015122839999999999,-0.01625412,-0.9997535,0.0,0.0,0.0,0.14709974999999997,0.17651969999999997,9.80665,0.004981101655207773,-0.029751418076318863,-0.9995448941342053,1.7286189241259995,-14.111,23.746,-11.059,0.931440033518657,0.8665079368280888,96.19636947199062,36.9
95040.547662296,-0.6678,0.0002,-0.0111,-0.7442,0.015122839999999999,-0.01625412,-0.9997535,0.0,0.0,0.0,0.1569064,0.1569064,9.79684335,0.00311931411285085,-0.03097511772780446,-0.9995152630458121,1.7840081884044041,-14.111,23.746,-11.059,0.931440033518657,0.8665079368280888,96.19636947199062,36.9
95040.597798023,-0.6678,0.0002,-0.0111,-0.7442,0.015122839999999999,-0.01625412,-0.9997535,0.0,0.0,0.0,0.1569064,0.14709974999999997,9.79684335,0.002124649301269644,-0.031083347741000425,-0.9995145124943673,1.7853891989191173,-14.111,23.746,-11.059,0.931440033518657,0.8665079368280888,96.19636947199062,36.9
95040.637697012,-0.6678,0.0002,-0.0111,-0.7442,0.015122839999999999,-0.01625412,-0.9997535,0.0,0.0,0.0,0.1372931,0.1569064,9.81645665,0.0028685955025911404,-0.028962257268777058,-0.9995763701537864,1.6677702968640187,-14.111,23.746,-11.059,0.931440033518657,0.8665079368280888,96.19636947199062,36.9
95040.677677965,-0.6678,0.0002,-0.0111,-0.7442,0.015122839999999999,-0.01625412,-0.9997535,0.0,0.0,0.0,0.1569064,0.14709974999999997,9.81645665,0.0020913873167973072,-0.031054808106968566,-0.9995154698755984,1.7836278862082606,-14.111,23.746,-11.059,0.931440033518657,0.8665079368280888,96.19636947199062,36.9
95040.717656919,-0.6678,0.0002,-0.0111,-0.7442,0.015122839999999999,-0.01625412,-0.9997535,0.0,0.0,0.0,0.14709974999999997,0.1569064,9.79684335,0.0030113668354827157,-0.029980894220986223,-0.9995459132966278,1.7266834836629876,-14.111,23.746,-11.059,0.931440033518657,0.8665079368280888,96.19636947199062,36.9
95040.757777783,-0.6678,0.0002,-0.0111,-0.7442,0.015122839999999999,-0.01625412,-0.9997535,0.0,0.0,0.0,0.14709974999999997,0.1569064,9.79684335,0.0030113668354827157,-0.029980894220986223,-0.9995459132966278,1.7266834836629876,-14.111,23.746,-11.059,0.931440033518657,0.8665079368280888,96.19636947199062,36.9
95040.807659314,-0.6678,0.0002,-0.0111,-0.7442,0.015122839999999999,-0.01625412,-0.9997535,0.0,0.0,0.0,0.1569064,0.14709974999999997,9.80665,0.002108001686543395,-0.0310690636684929,-0.9995149919035958,1.784507437787591,-14.111,23.746,-11.059,0.931440033518657,0.8665079368280888,96.19636947199062,36.9
95040.847694175,-0.6678,0.0002,-0.0111,-0.7442,0.015122839999999999,-0.01625412,-0.9997535,0.0,0.0,0.0,0.14709974999999997,0.16671305,9.80665,0.003987486167705799,-0.02985957815425865,-0.9995461270863691,1.726276428347536,-14.111,23.746,-11.059,0.931440033518657,0.8665079368280888,96.19636947199062,36.9
95040.887728805,-0.6678,0.0002,-0.0111,-0.7442,0.015122839999999999,-0.01625412,-0.9997535,0.0,0.0,0.0,0.1569064,0.1569064,9.81645665,0.003084066382086746,-0.03094679562992429,-0.999516249836493,1.7821913423642821,-14.111,23.746,-11.059,0.931440033518657,0.8665079368280888,96.19636947199062,36.9
95040.927847652,-0.6678,0.0002,-0.0111,-0.7442,0.015122839999999999,-0.01625412,-0.9997535,0.0,0.0,0.0,0.1569064,0.16671305,9.79684335,0.004113943925194043,-0.030866860170294726,-0.9995150128428737,1.784468047763742,-14.111,23.746,-11.059,0.931440033518657,0.8665079368280888,96.19636947199062,36.9
95040.977627851,-0.6678,0.0002,-0.0111,-0.7442,0.015122839999999999,-0.01625412,-0.9997535,0.0,0.0,0.0,0.1569064,0.16671305,9.81645665,0.004076710686311959,-0.030838755739733704,-0.9995160330329779,1.7825901659333556,-14.111,23.746,-11.059,0.931440033518657,0.8665079368280888,96.19636947199062,36.9
95041.017611544,-0.6678,0.0002,-0.0111,-0.7442,0.015122839999999999,-0.01625412,-0.9997535,0.0,0.0,0.0,0.14709974999999997,0.1569064,9.81645665,0.002976334038516111,-0.02995455623335501,-0.999546807969126,1.7249815966689774,-14.111,23.746,-11.059,0.931440033518657,0.8665079368280888,96.19636947199062,36.9
95041.057661599,-0.6678,0.0002,-0.0111,-0.7442,0.015122839999999999,-0.01625412,-0.9997535,0.0,0.0,0.0,0.1569064,0.16671305,9.80665,0.004095308700388857,-0.03085279391885146,-0.9995155237198146,1.7835279147255136,-14.111,23.746,-11.059,0.931440033518657,0.8665079368280888,96.19636947199062,36.9
95041.107838804,-0.6678,0.0002,-0.0111,-0.7442,0.015122839999999999,-0.01625412,-0.9997535,0.0,0.0,0.0,0.14709974999999997,0.1569064,9.80665,0.0029938329297415998,-0.02996771207170836,-0.9995463613201582,1.7258314425476957,-14.111,23.746,-11.059,0.931440033518657,0.8665079368280888,96.19636947199062,36.9
95041.148038293,-0.6678,0.0002,-0.0111,-0.7442,0.015122839999999999,-0.01625412,-0.9997535,0.0,0.0,0.0,0.14709974999999997,0.1569064,9.80665,0.0029938329297415998,-0.02996771207170836,-0.9995463613201582,1.7258314425476957,-14.111,23.746,-11.059,0.931440033518657,0.8665079368280888,96.19636947199062,36.9
95041.187678384,-0.6678,0.0002,-0.0111,-0.7442,0.015122839999999999,-0.01625412,-0.9997535,0.0,0.0,0.0,0.14709974999999997,0.1569064,9.81645665,0.002976334038516111,-0.02995455623335501,-0.999546807969126,1.7249815966689774,-14.111,23.746,-11.059,0.931440033518657,0.8665079368280888,96.19636947199062,36.9
95041.237749956,-0.6678,0.0002,-0.0111,-0.7442,0.015122839999999999,-0.01625412,-0.9997535,0.0,0.0,0.0,0.1569064,0.16671305,9.80665,0.004095308700388857,-0.03085279391885146,-0.9995155237198146,1.7835279147255136,-14.111,23.746,-11.059,0.931440033518657,0.8665079368280888,96.19636947199062,36.9
95041.287650114,-0.6678,0.0002,-0.0111,-0.7442,0.015122839999999999,-0.01625412,-0.9997535,0.0,0.0,0.0,0.14709974999999997,0.1569064,9.80665,0.0029938329297415998,-0.02996771207170836,-0.9995463613201582,1.7258314425476957,-14.111,23.746,-11.059,0.931440033518657,0.8665079368280888,96.19636947199062,36.9
95041.337761518,-0.6678,0.0002,-0.0111,-0.7442,0.015122839999999999,-0.01625412,-0.9997535,0.0,0.0,0.0,0.1569064,0.1569064,9.80665,0.003101672633415443,-0.03096094253298009,-0.9995157571899098,1.7830986181654471,-14.111,23.746,-11.059,0.931440033518657,0.8665079368280888,96.19636947199062,36.9
95041.377705275,-0.6678,0.0002,-0.0111,-0.7442,0.015122839999999999,-0.01625412,-0.9997535,0.0,0.0,0.0,0.14709974999999997,0.16671305,9.81645665,0.003968995462364774,-0.029846530995897423,-0.999546590404965,1.7253950873179336,-14.111,23.746,-11.059,0.931440033518657,0.8665079368280888,96.19636947199062,36.9
95041.417662856,-0.6678,0.0002,-0.0112,-0.7442,0.015256399999999998,-0.01640296,-0.99974904,0.0,0.0,0.0,0.1569064,0.1569064,9.826263299999999,0.0029330411334337753,-0.03108147835890864,-0.9995125260581674,1.789039860875562,-14.111,23.746,-11.059,0.9399719577329282,0.8741612440994418,96.19662381891783,36.9
95041.467680144,-0.6678,0.0002,-0.0112,-0.7442,0.015256399999999998,-0.01640296,-0.99974904,0.0,0.0,0.0,0.14709974999999997,0.14709974999999997,9.80665,0.001866682443689937,-0.0302246254241683,-0.9995413668876499,1.7353083802865321,-14.111,23.746,-11.059,0.9399719577329282,0.8741612440994418,96.19662381891783,36.9
95041.517650101,-0.6678,0.0002,-0.0111,-0.7442,0.015122839999999999,-0.01625412,-0.9997535,0.0,0.0,0.0,0.14709974999999997,0.1569064,9.81645665,0.002976334038516111,-0.02995455623335501,-0.999546807969126,1.7249815966689774,-14.111,23.746,-11.059,0.931440033518657,0.8665079368280888,96.19636947199062,36.9
95041.557750412,-0.6678,0.0002,-0.0111,-0.7442,0.015122839999999999,-0.01625412,-0.9997535,0.0,0.0,0.0,0.14709974999999997,0.16671305,9.80665,0.003987486167705799,-0.02985957815425865,-0.9995461270863691,1.726276428347536,-14.111,23.746,-11.059,0.931440033518657,0.8665079368280888,96.19636947199062,36.9
95041.597680534,-0.6678,0.0002,-0.0111,-0.7442,0.015122839999999999,-0.01625412,-0.9997535,0.0,0.0,0.0,0.1372931,0.1569064,9.81645665,0.0028685955025911404,-0.028962257268777058,-0.9995763701537864,1.6677702968640187,-14.111,23.746,-11.059,0.931440033518657,0.8665079368280888,96.19636947199062,36.9
95041.647721252,-0.6678,0.0002,-0.0111,-0.7442,0.015122839999999999,-0.01625412,-0.9997535,0.0,0.0,0.0,0.1372931,0.1569064,9.80665,0.002885987000623544,-0.028974421880436627,-0.9995759675127456,1.6685626899172539,-14.111,23.746,-11.059,0.931440033518657,0.8665079368280888,96.19636947199062,36.9
95041.687667147,-0.6678,0.0002,-0.0111,-0.7442,0.015122839999999999,-0.01625412,-0.9997535,0.0,0.0,0.0,0.1569064,0.14709974999999997,9.79684335,0.002124649301269644,-0.031083347741000425,-0.9995145124943673,1.7853891989191173,-14.111,23.746,-11.059,0.931440033518657,0.8665079368280888,96.19636947199062,36.9
95041.72767055,-0.6678,0.0002,-0.0111,-0.7442,0.015122839999999999,-0.01625412,-0.9997535,0.0,0.0,0.0,0.14709974999999997,0.1569064,9.81645665,0.002976334038516111,-0.02995455623335501,-0.999546807969126,1.7249815966689774,-14.111,23.746,-11.059,0.931440033518657,0.8665079368280888,96.19636947199062,36.9
95041.777605504,-0.6678,0.0002,-0.0111,-0.7442,0.015122839999999999,-0.01625412,-0.9997535,0.0,0.0,0.0,0.14709974999999997,0.16671305,9.81645665,0.003968995462364774,-0.029846530995897423,-0.999546590404965,1.7253950873179336,-14.111,23.746,-11.059,0.931440033518657,0.8665079368280888,96.19636947199062,36.9
95041.817784998,-0.6678,0.0002,-0.0111,-0.7442,0.015122839999999999,-0.01625412,-0.9997535,0.0,0.0,0.0,0.1569064,0.1569064,9.80665,0.003101672633415443,-0.03096094253298009,-0.9995157571899098,1.7830986181654471,-14.111,23.746,-11.059,0.931440033518657,0.8665079368280888,96.19636947199062,36.9
95041.857647435,-0.6678,0.0002,-0.0111,-0.7442,0.015122839999999999,-0.01625412,-0.9997535,0.0,0.0,0.0,0.14709974999999997,0.1569064,9.80665,0.0029938329297415998,-0.02996771207170836,-0.9995463613201582,1.7258314425476957,-14.111,23.746,-11.059,0.931440033518657,0.8665079368280888,96.19636947199062,36.9
95041.907657978,-0.6678,0.0002,-0.0111,-0.7442,0.015122839999999999,-0.01625412,-0.9997535,0.0,0.0,0.0,0.14709974999999997,0.1569064,9.80665,0.0029938329297415998,-0.02996771207170836,-0.9995463613201582,1.7258314425476957,-14.111,23.746,-11.059,0.931440033518657,0.8665079368280888,96.19636947199062,36.9
95041.947663818,-0.6678,0.0002,-0.0111,-0.7442,0.015122839999999999,-0.01625412,-0.9997535,0.0,0.0,0.0,0.1569064,0.14709974999999997,9.80665,0.002108001686543395,-0.0310690636684929,-0.9995149919035958,1.784507437787591,-14.111,23.746,-11.059,0.931440033518657,0.8665079368280888,96.19636947199062,36.9
95041.987702439,-0.6678,0.0002,-0.0111,-0.7442,0.015122839999999999,-0.01625412,-0.9997535,0.0,0.0,0.0,0.12748644999999997,0.1569064,9.80665,0.002778135168988347,-0.02798107493320269,-0.999604575592089,1.6112924895660439,-14.111,23.746,-11.059,0.931440033518657,0.8665079368280888,96.19636947199062,36.9
95042.037608597,-0.6678,0.0002,-0.0111,-0.7442,0.015122839999999999,-0.01625412,-0.9997535,0.0,0.0,0.0,0.14709974999999997,0.1569064,9.80665,0.0029938329297415998,-0.02996771207170836,-0.9995463613201582,1.7258314425476957,-14.111,23.746,-11.059,0.931440033518657,0.8665079368280888,96.19636947199062,36.9
95042.077684248,-0.6678,0.0002,-0.0111,-0.7442,0.015122839999999999,-0.01625412,-0.9997535,0.0,0.0,0.0,0.1372931,0.14709974999999997,9.79684335,0.0019087152509098398,-0.029094813230857552,-0.9995748144424741,1.6708302162271136,-14.111,23.746,-11.059,0.931440033518657,0.8665079368280888,96.19636947199062,36.9
95042.117635064,-0.6678,0.0002,-0.0111,-0.7442,0.015122839999999999,-0.01625412,-0.9997535,0.0,0.0,0.0,0.14709974999999997,0.1569064,9.7870367,0.003028935860913075,-0.02999410276017899,-0.9995454638929596,1.7275377273624624,-14.111,23.746,-11.059,0.931440033518657,0.8665079368280888,96.19636947199062,36.9
95042.167658799,-0.6678,0.0002,-0.0111,-0.7442,0.015122839999999999,-0.01625412,-0.9997535,0.0,0.0,0.0,0.14709974999999997,0.1569064,9.80665,0.0029938329297415998,-0.02996771207170836,-0.9995463613201582,1.7258314425476957,-14.111,23.746,-11.059,0.931440033518657,0.8665079368280888,96.19636947199062,36.9
95042.20766668,-0.6678,0.0002,-0.0111,-0.7442,0.015122839999999999,-0.01625412,-0.9997535,0.0,0.0,0.0,0.1569064,0.1569064,9.81645665,0.003084066382086746,-0.03094679562992429,-0.999516249836493,1.7821913423642821,-14.111,23.746,-11.059,0.931440033518657,0.8665079368280888,96.19636947199062,36.9
95042.247843087,-0.6678,0.0002,-0.0111,-0.7442,0.015122839999999999,-0.01625412,-0.9997535,0.0,0.0,0.0,0.1569064,0.1569064,9.79684335,0.00311931411285085,-0.03097511772780446,-0.9995152630458121,1.7840081884044041,-14.111,23.746,-11.059,0.931440033518657,0.8665079368280888,96.19636947199062,36.9
95042.2977193,-0.6678,0.0002,-0.0111,-0.7442,0.015122839999999999,-0.01625412,-0.9997535,0.0,0.0,0.0,0.14709974999999997,0.16671305,9.80665,0.003987486167705799,-0.02985957815425865,-0.9995461270863691,1.726276428347536,-14.111,23.746,-11.059,0.931440033518657,0.8665079368280888,96.19636947199062,36.9
95042.337655235,-0.6678,0.0002,-0.0111,-0.7442,0.015122839999999999,-0.01625412,-0.9997535,0.0,0.0,0.0,0.16671305,0.14709974999999997,9.81645665,0.002199131149146813,-0.03204699852560098,-0.9994839152494809,1.8407926201395846,-14.111,23.746,-11.059,0.931440033518657,0.8665079368280888,96.19636947199062,36.9
95042.387740815,-0.6678,0.0002,-0.0111,-0.7442,0.015122839999999999,-0.01625412,-0.9997535,0.0,0.0,0.0,0.1569064,0.1569064,9.81645665,0.003084066382086746,-0.03094679562992429,-0.999516249836493,1.7821913423642821,-14.111,23.746,-11.059,0.931440033518657,0.8665079368280888,96.19636947199062,36.9
95042.427709786,-0.6678,0.0002,-0.0111,-0.7442,0.015122839999999999,-0.01625412,-0.9997535,0.0,0.0,0.0,0.14709974999999997,0.1569064,9.79684335,0.0030113668354827157,-0.029980894220986223,-0.9995459132966278,1.7266834836629876,-14.111,23.746,-11.059,0.931440033518657,0.8665079368280888,96.19636947199062,36.9
95042.467630861,-0.6678,0.0002,-0.0111,-0.7442,0.015122839999999999,-0.01625412,-0.9997535,0.0,0.0,0.0,0.1569064,0.1569064,9.81645665,0.003084066382086746,-0.03094679562992429,-0.999516249836493,1.7821913423642821,-14.111,23.746,-11.059,0.931440033518657,0.8665079368280888,96.19636947199062,36.9
95042.517701219,-0.6678,0.0002,-0.0111,-0.7442,0.015122839999999999,-0.01625412,-0.9997535,0.0,0.0,0.0,0.1569064,0.1569064,9.81645665,0.003084066382086746,-0.03094679562992429,-0.999516249836493,1.7821913423642821,-14.111,23.746,-11.059,0.931440033518657,0.8665079368280888,96.19636947199062,36.9
95042.557676204,-0.6678,0.0002,-0.0111,-0.7442,0.015122839999999999,-0.01625412,-0.9997535,0.0,0.0,0.0,0.14709974999999997,0.1569064,9.80665,0.0029938329297415998,-0.02996771207170836,-0.9995463613201582,1.7258314425476957,-14.111,23.746,-11.059,0.931440033518657,0.8665079368280888,96.19636947199062,36.9
95042.597662228,-0.6678,0.0002,-0.0111,-0.7442,0.015122839999999999,-0.01625412,-0.9997535,0.0,0.0,0.0,0.1569064,0.1569064,9.80665,0.003101672633415443,-0.03096094253298009,-0.9995157571899098,1.7830986181654471,-14.111,23.746,-11.059,0.931440033518657,0.8665079368280888,96.19636947199062,36.9
95042.637747907,-0.6678,0.0002,-0.0111,-0.7442,0.015122839999999999,-0.01625412,-0.9997535,0.0,0.0,0.0,0.1569064,0.1569064,9.826263299999999,0.003066495253476865,-0.030932676934043325,-0.9995167409915687,1.781286353434015,-14.111,23.746,-11.059,0.931440033518657,0.8665079368280888,96.19636947199062,36.9
95042.677682724,-0.6678,0.0002,-0.0111,-0.7442,0.015122839999999999,-0.01625412,-0.9997535,0.0,0.0,0.0,0.14709974999999997,0.16671305,9.80665,0.003987486167705799,-0.02985957815425865,-0.9995461270863691,1.726276428347536,-14.111,23.746,-11.059,0.931440033518657,0.8665079368280888,96.19636947199062,36.9
95042.727631515,-0.6678,0.0002,-0.0111,-0.7442,0.015122839999999999,-0.01625412,-0.9997535,0.0,0.0,0.0,0.14709974999999997,0.14709974999999997,9.80665,0.0020001449180107253,-0.030075819501735046,-0.9995455967360412,1.7272856219535542,-14.111,23.746,-11.059,0.931440033518657,0.8665079368280888,96.19636947199062,36.9
95042.777710263,-0.6678,0.0002,-0.0111,-0.7442,0.015122839999999999,-0.01625412,-0.9997535,0.0,0.0,0.0,0.1569064,0.1569064,9.81645665,0.003084066382086746,-0.03094679562992429,-0.999516249836493,1.7821913423642821,-14.111,23.746,-11.059,0.931440033518657,0.8665079368280888,96.19636947199062,36.9
95042.81730831,-0.6678,0.0002,-0.0111,-0.7442,0.015122839999999999,-0.01625412,-0.9997535,0.0,0.0,0.0,0.14709974999999997,0.16671305,9.80665,0.003987486167705799,-0.02985957815425865,-0.9995461270863691,1.726276428347536,-14.111,23.746,-11.059,0.931440033518657,0.8665079368280888,96.19636947199062,36.9
95042.857435979,-0.6678,0.0002,-0.0111,-0.7442,0.015122839999999999,-0.01625412,-0.9997535,0.0,0.0,0.0,0.1569064,0.1569064,9.80665,0.003101672633415443,-0.03096094253298009,-0.9995157571899098,1.7830986181654471,-14.111,23.746,-11.059,0.931440033518657,0.8665079368280888,96.19636947199062,36.9
95042.907404495,-0.6678,0.0002,-0.0111,-0.7442,0.015122839999999999,-0.01625412,-0.9997535,0.0,0.0,0.0,0.1569064,0.1569064,9.80665,0.003101672633415443,-0.03096094253298009,-0.9995157571899098,1.7830986181654471,-14.111,23.746,-11.059,0.931440033518657,0.8665079368280888,96.19636947199062,36.9
95042.947467289,-0.6678,0.0002,-0.0111,-0.7442,0.015122839999999999,-0.01625412,-0.9997535,0.0,0.0,0.0,0.1372931,0.1569064,9.81645665,0.0028685955025911404,-0.028962257268777058,-0.9995763701537864,1.6677702968640187,-14.111,23.746,-11.059,0.931440033518657,0.8665079368280888,96.19636947199062,36.9
95042.9875728,-0.6678,0.0002,-0.0111,-0.7442,0.015122839999999999,-0.01625412,-0.9997535,0.0,0.0,0.0,0.1569064,0.1569064,9.79684335,0.00311931411285085,-0.03097511772780446,-0.9995152630458121,1.7840081884044041,-14.111,23.746,-11.059,0.931440033518657,0.8665079368280888,96.19636947199062,36.9
95043.037565524,-0.6678,0.0002,-0.0111,-0.7442,0.015122839999999999,-0.01625412,-0.9997535,0.0,0.0,0.0,0.1569064,0.1569064,9.81645665,0.003084066382086746,-0.03094679562992429,-0.999516249836493,1.7821913423642821,-14.111,23.746,-11.059,0.931440033518657,0.8665079368280888,96.19636947199062,36.9
95043.077612865,-0.6678,0.0002,-0.0111,-0.7442,0.015122839999999999,-0.01625412,-0.9997535,0.0,0.0,0.0,0.1569064,0.1569064,9.80665,0.003101672633415443,-0.03096094253298009,-0.9995157571899098,1.7830986181654471,-14.111,23.746,-11.059,0.931440033518657,0.8665079368280888,96.19636947199062,36.9
95043.12762892,-0.6678,0.0002,-0.0111,-0.7442,0.015122839999999999,-0.01625412,-0.9997535,0.0,0.0,0.0,0.14709974999999997,0.1569064,9.80665,0.0029938329297415998,-0.02996771207170836,-0.9995463613201582,1.7258314425476957,-14.111,23.746,-11.059,0.931440033518657,0.8665079368280888,96.19636947199062,36.9
95043.167437445,-0.6678,0.0002,-0.0111,-0.7442,0.015122839999999999,-0.01625412,-0.9997535,0.0,0.0,0.0,0.14709974999999997,0.1569064,9.81645665,0.002976334038516111,-0.02995455623335501,-0.999546807969126,1.7249815966689774,-14.111,23.746,-11.059,0.931440033518657,0.8665079368280888,96.19636947199062,36.9
95043.217696865,-0.6678,0.0002,-0.0111,-0.7442,0.015122839999999999,-0.01625412,-0.9997535,0.0,0.0,0.0,0.14709974999999997,0.16671305,9.79684335,0.004006013870389688,-0.029872651404277174,-0.9995456623269326,1.7271600584178297,-14.111,23.746,-11.059,0.931440033518657,0.8665079368280888,96.19636947199062,36.9
95043.257518686,-0.6678,0.0002,-0.0111,-0.7442,0.015122839999999999,-0.01625412,-0.9997535,0.0,0.0,0.0,0.14709974999999997,0.1569064,9.80665,0.0029938329297415998,-0.02996771207170836,-0.9995463613201582,1.7258314425476957,-14.111,23.746,-11.059,0.931440033518657,0.8665079368280888,96.19636947199062,36.9
95043.297492768,-0.6678,0.0002,-0.0111,-0.7442,0.015122839999999999,-0.01625412,-0.9997535,0.0,0.0,0.0,0.14709974999999997,0.1569064,9.80665,0.0029938329297415998,-0.02996771207170836,-0.9995463613201582,1.7258314425476957,-14.111,23.746,-11.059,0.931440033518657,0.8665079368280888,96.19636947199062,36.9
95043.347460547,-0.6678,0.0002,-0.0111,-0.7442,0.015122839999999999,-0.01625412,-0.9997535,0.0,0.0,0.0,0.14709974999999997,0.14709974999999997,9.80665,0.0020001449180107253,-0.030075819501735046,-0.9995455967360412,1.7272856219535542,-14.111,23.746,-11.059,0.931440033518657,0.8665079368280888,96.19636947199062,36.9
95043.387522495,-0.6678,0.0002,-0.0111,-0.7442,0.015122839999999999,-0.01625412,-0.9997535,0.0,0.0,0.0,0.14709974999999997,0.17651969999999997,9.79684335,0.005000623026874396,-0.029764382365343033,-0.9995444106411052,1.7295369142895862,-14.111,23.746,-11.059,0.931440033518657,0.8665079368280888,96.19636947199062,36.9
95043.437561126,-0.6678,0.0002,-0.0111,-0.7442,0.015122839999999999,-0.01625412,-0.9997535,0.0,0.0,0.0,0.14709974999999997,0.1569064,9.80665,0.0029938329297415998,-0.02996771207170836,-0.9995463613201582,1.7258314425476957,-14.111,23.746,-11.059,0.931440033518657,0.8665079368280888,96.19636947199062,36.9
95043.477606715,-0.6678,0.0002,-0.0111,-0.7442,0.015122839999999999,-0.01625412,-0.9997535,0.0,0.0,0.0,0.1569064,0.14709974999999997,9.80665,0.002108001686543395,-0.0310690636684929,-0.9995149919035958,1.784507437787591,-14.111,23.746,-11.059,0.931440033518657,0.8665079368280888,96.19636947199062,36.9
95043.517482036,-0.6678,0.0002,-0.0111,-0.7442,0.015122839999999999,-0.01625412,-0.9997535,0.0,0.0,0.0,0.1569064,0.1569064,9.80665,0.003101672633415443,-0.03096094253298009,-0.9995157571899098,1.7830986181654471,-14.111,23.746,-11.059,0.931440033518657,0.8665079368280888,96.19636947199062,36.9
95043.567728161,-0.6678,0.0002,-0.0111,-0.7442,0.015122839999999999,-0.01625412,-0.9997535,0.0,0.0,0.0,0.1569064,0.16671305,9.826263299999999,0.004058149771651424,-0.030824745549011223,-0.9995165407886671,1.781654793536318,-14.111,23.746,-11.059,0.931440033518657,0.8665079368280888,96.19636947199062,36.9
95043.60762616,-0.6678,0.0002,-0.0111,-0.7442,0.015122839999999999,-0.01625412,-0.9997535,0.0,0.0,0.0,0.14709974999999997,0.1569064,9.80665,0.0029938329297415998,-0.02996771207170836,-0.9995463613201582,1.7258314425476957,-14.111,23.746,-11.059,0.931440033518657,0.8665079368280888,96.19636947199062,36.9
95043.647482655,-0.6678,0.0002,-0.0111,-0.7442,0.015122839999999999,-0.01625412,-0.9997535,0.0,0.0,0.0,0.14709974999999997,0.16671305,9.80665,0.003987486167705799,-0.02985957815425865,-0.9995461270863691,1.726276428347536,-14.111,23.746,-11.059,0.931440033518657,0.8665079368280888,96.19636947199062,36.9
95043.697542459,-0.6678,0.0002,-0.0111,-0.7442,0.015122839999999999,-0.01625412,-0.9997535,0.0,0.0,0.0,0.1372931,0.14709974999999997,9.80665,0.0018922829163610464,-0.029082515494679544,-0.9995752036006951,1.6700653998536472,-14.111,23.746,-11.059,0.931440033518657,0.8665079368280888,96.19636947199062,36.9
