{
  "tag": "v3_clipped",
  "joint_torque": {
    "L_ankle_pitch_joint": {
      "peak": 60.0,
      "rms": 14.42933177947998,
      "motor_peak": 60.0,
      "util_pct": 100.0
    },
    "L_ankle_roll_joint": {
      "peak": 14.0,
      "rms": 8.413938522338867,
      "motor_peak": 14.0,
      "util_pct": 100.0
    },
    "L_hip_pitch_joint": {
      "peak": 83.67315673828125,
      "rms": 22.291553497314453,
      "motor_peak": 120.0,
      "util_pct": 69.72763061523438
    },
    "L_hip_roll_joint": {
      "peak": 86.0897445678711,
      "rms": 25.530729293823242,
      "motor_peak": 120.0,
      "util_pct": 71.74145380655924
    },
    "L_hip_yaw_joint": {
      "peak": 39.58275604248047,
      "rms": 6.654613018035889,
      "motor_peak": 60.0,
      "util_pct": 65.97126007080078
    },
    "L_knee_joint": {
      "peak": 111.50738525390625,
      "rms": 21.90031623840332,
      "motor_peak": 360.0,
      "util_pct": 30.974273681640625
    },
    "L_toe_joint": {
      "peak": 6.721837043762207,
      "rms": 1.164319634437561,
      "motor_peak": 0.0,
      "util_pct": NaN
    },
    "R_ankle_pitch_joint": {
      "peak": 60.0,
      "rms": 14.948756217956543,
      "motor_peak": 60.0,
      "util_pct": 100.0
    },
    "R_ankle_roll_joint": {
      "peak": 14.0,
      "rms": 11.072517395019531,
      "motor_peak": 14.0,
      "util_pct": 100.0
    },
    "R_hip_pitch_joint": {
      "peak": 94.3114013671875,
      "rms": 21.95874786376953,
      "motor_peak": 120.0,
      "util_pct": 78.59283447265625
    },
    "R_hip_roll_joint": {
      "peak": 74.46895599365234,
      "rms": 29.196889877319336,
      "motor_peak": 120.0,
      "util_pct": 62.05746332804362
    },
    "R_hip_yaw_joint": {
      "peak": 60.0,
      "rms": 7.795398712158203,
      "motor_peak": 60.0,
      "util_pct": 100.0
    },
    "R_knee_joint": {
      "peak": 148.9559783935547,
      "rms": 28.29447364807129,
      "motor_peak": 360.0,
      "util_pct": 41.376660664876304
    },
    "R_toe_joint": {
      "peak": 7.3127851486206055,
      "rms": 0.7504575848579407,
      "motor_peak": 0.0,
      "util_pct": NaN
    }
  },
  "link_force": {
    "L_ankle_pitch_link": {
      "peak": 4023.935546875,
      "rms": 423.2559509277344
    },
    "L_foot_link": {
      "peak": 4038.921142578125,
      "rms": 425.0777893066406
    },
    "L_hip_pitch_link": {
      "peak": 2888.0419921875,
      "rms": 322.6365966796875
    },
    "L_hip_roll_link": {
      "peak": 2968.488525390625,
      "rms": 329.4582214355469
    },
    "L_shin_link": {
      "peak": 3655.529052734375,
      "rms": 386.2354736328125
    },
    "L_thigh_link": {
      "peak": 3103.62646484375,
      "rms": 341.12738037109375
    },
    "L_toe_link": {
      "peak": 313.5227966308594,
      "rms": 61.39739227294922
    },
    "R_ankle_pitch_link": {
      "peak": 4016.350341796875,
      "rms": 425.7369079589844
    },
    "R_foot_link": {
      "peak": 4031.022216796875,
      "rms": 427.4740905761719
    },
    "R_hip_pitch_link": {
      "peak": 2953.75146484375,
      "rms": 330.6425476074219
    },
    "R_hip_roll_link": {
      "peak": 3040.7216796875,
      "rms": 337.834716796875
    },
    "R_shin_link": {
      "peak": 3690.773681640625,
      "rms": 392.824462890625
    },
    "R_thigh_link": {
      "peak": 3183.57373046875,
      "rms": 350.3500061035156
    },
    "R_toe_link": {
      "peak": 531.7149047851562,
      "rms": 60.465797424316406
    },
    "base_link": {
      "peak": 0.0,
      "rms": 0.0
    }
  }
}