{
  "tag": "v3_unclipped",
  "joint_torque": {
    "L_ankle_pitch_joint": {
      "peak": 57.83544921875,
      "rms": 11.583149909973145,
      "motor_peak": 60.0,
      "util_pct": 96.39241536458333
    },
    "L_ankle_roll_joint": {
      "peak": 14.0,
      "rms": 7.97602653503418,
      "motor_peak": 14.0,
      "util_pct": 100.0
    },
    "L_hip_pitch_joint": {
      "peak": 78.04136657714844,
      "rms": 20.882234573364258,
      "motor_peak": 120.0,
      "util_pct": 65.0344721476237
    },
    "L_hip_roll_joint": {
      "peak": 78.07310485839844,
      "rms": 26.237510681152344,
      "motor_peak": 120.0,
      "util_pct": 65.06092071533203
    },
    "L_hip_yaw_joint": {
      "peak": 32.464962005615234,
      "rms": 5.853131294250488,
      "motor_peak": 60.0,
      "util_pct": 54.108270009358726
    },
    "L_knee_joint": {
      "peak": 103.27493286132812,
      "rms": 19.595382690429688,
      "motor_peak": 360.0,
      "util_pct": 28.687481350368927
    },
    "L_toe_joint": {
      "peak": 4.810606956481934,
      "rms": 0.7180325388908386,
      "motor_peak": 0.0,
      "util_pct": NaN
    },
    "R_ankle_pitch_joint": {
      "peak": 60.0,
      "rms": 14.42083740234375,
      "motor_peak": 60.0,
      "util_pct": 100.0
    },
    "R_ankle_roll_joint": {
      "peak": 14.0,
      "rms": 10.800825119018555,
      "motor_peak": 14.0,
      "util_pct": 100.0
    },
    "R_hip_pitch_joint": {
      "peak": 92.75274658203125,
      "rms": 21.837200164794922,
      "motor_peak": 120.0,
      "util_pct": 77.29395548502605
    },
    "R_hip_roll_joint": {
      "peak": 85.41084289550781,
      "rms": 32.930397033691406,
      "motor_peak": 120.0,
      "util_pct": 71.17570241292319
    },
    "R_hip_yaw_joint": {
      "peak": 50.84433364868164,
      "rms": 7.2538981437683105,
      "motor_peak": 60.0,
      "util_pct": 84.74055608113606
    },
    "R_knee_joint": {
      "peak": 185.8153076171875,
      "rms": 27.12035369873047,
      "motor_peak": 360.0,
      "util_pct": 51.61536322699652
    },
    "R_toe_joint": {
      "peak": 5.700959205627441,
      "rms": 0.6637570261955261,
      "motor_peak": 0.0,
      "util_pct": NaN
    }
  },
  "link_force": {
    "L_ankle_pitch_link": {
      "peak": 4409.97119140625,
      "rms": 387.6311340332031
    },
    "L_foot_link": {
      "peak": 4424.013671875,
      "rms": 389.3455505371094
    },
    "L_hip_pitch_link": {
      "peak": 3381.767333984375,
      "rms": 308.08123779296875
    },
    "L_hip_roll_link": {
      "peak": 3470.05810546875,
      "rms": 313.0465393066406
    },
    "L_shin_link": {
      "peak": 4095.691650390625,
      "rms": 356.0757751464844
    },
    "L_thigh_link": {
      "peak": 3621.927734375,
      "rms": 321.76837158203125
    },
    "L_toe_link": {
      "peak": 335.8728332519531,
      "rms": 59.98279571533203
    },
    "R_ankle_pitch_link": {
      "peak": 3238.334716796875,
      "rms": 449.35687255859375
    },
    "R_foot_link": {
      "peak": 3270.9052734375,
      "rms": 450.892333984375
    },
    "R_hip_pitch_link": {
      "peak": 2140.107421875,
      "rms": 352.4986267089844
    },
    "R_hip_roll_link": {
      "peak": 2200.853759765625,
      "rms": 360.02276611328125
    },
    "R_shin_link": {
      "peak": 2649.51806640625,
      "rms": 417.3815612792969
    },
    "R_thigh_link": {
      "peak": 2302.884521484375,
      "rms": 373.1428527832031
    },
    "R_toe_link": {
      "peak": 394.8901672363281,
      "rms": 68.83759307861328
    },
    "base_link": {
      "peak": 0.0,
      "rms": 0.0
    }
  }
}